# Blender 4.4.1
# www.blender.org
o dead-tree-2
v 31.536861 5.246954 42.295391
v 32.291088 5.488589 39.482109
v 32.629120 5.396724 39.443653
v 32.346054 5.660614 39.729088
v 32.436489 5.629769 39.533890
v 33.590477 5.627542 42.315769
v 33.239902 5.731297 41.605835
v 32.214725 5.518342 39.735783
v 30.612907 5.190693 42.590115
v 30.689724 5.277523 42.541977
v 33.905392 3.706783 41.307880
v 33.508045 4.667196 41.296352
v 34.277283 3.192988 40.911419
v 33.933804 2.597951 40.390987
v 32.708515 2.934335 40.719090
v 32.969494 6.731237 43.195534
v 33.574390 3.380204 40.584286
v 32.180569 2.867123 41.067608
v 32.688583 2.825906 41.261108
v 32.805077 2.669350 41.013283
v 34.773014 1.243142 40.979340
v 29.273048 5.807036 42.129562
v 33.539825 4.979020 41.866081
v 32.764393 3.982964 41.508446
v 32.865166 4.651313 42.293152
v 33.849865 2.364668 41.570866
v 32.671665 5.012369 41.880844
v 33.135254 4.213708 41.085831
v 32.584610 5.484798 39.496910
v 33.900242 6.151390 41.828171
v 32.559242 5.207624 39.575230
v 32.793495 3.265427 41.058998
v 32.307186 5.565022 39.970116
v 31.504248 5.036199 42.627995
v 32.280739 5.393229 40.069431
v 33.954800 7.049602 41.576630
v 31.881102 5.089451 42.631580
v 32.787529 6.646625 43.125385
v 32.200073 5.479105 39.552567
v 30.558025 5.265046 42.442558
v 30.343048 5.318203 42.589172
v 31.793301 6.093171 39.040684
v 33.951458 7.948279 41.159534
v 33.851070 6.819342 41.508083
v 33.232327 5.935729 42.433392
v 33.123943 6.016063 42.252731
v 33.277641 6.220402 42.186745
v 33.491768 6.132260 42.340115
v 32.973186 6.649707 42.909698
v 33.010269 6.544475 43.014751
v 32.033600 5.770642 43.164944
v 31.498779 5.324078 42.411655
v 30.928484 6.296335 41.395241
v 32.384071 4.548497 42.216965
v 31.831303 4.879641 42.357758
v 31.928034 5.079059 42.289291
v 32.913551 4.576198 40.856552
v 33.125546 4.900730 41.045319
v 32.747021 5.050548 41.255157
v 32.559158 4.715341 41.097614
v 32.441147 5.015460 40.127064
v 33.324226 5.210296 42.120632
v 33.083824 5.379474 41.812267
v 33.356007 5.184637 41.507519
v 33.374153 3.488751 41.787369
v 32.905434 3.540421 41.306931
v 33.620384 4.142408 41.499546
v 34.229671 2.536118 41.555904
v 33.810753 2.053967 41.040157
v 33.813881 6.090822 42.327572
v 33.529453 6.322524 42.105732
v 33.821400 6.274746 42.080322
v 34.076984 7.268786 43.102272
v 34.138813 7.323137 42.912819
v 33.946823 7.697742 43.106026
v 34.216507 7.750522 43.001606
v 34.376156 8.554559 42.880196
v 34.334225 8.562033 42.829086
v 34.375877 7.636650 43.308529
v 34.242161 7.762726 43.156158
v 35.395245 8.510736 43.683620
v 32.831562 6.716508 43.249504
v 32.885265 6.791407 43.182858
v 33.767612 6.402626 41.867409
v 33.800636 6.305918 41.550484
v 34.018028 6.579406 41.642014
v 34.172497 6.822361 41.408314
v 30.297878 5.259944 42.434151
v 30.311646 5.205492 42.549843
v 29.271620 5.826602 42.169498
v 31.708254 6.292711 38.837929
v 31.753546 6.336461 38.953407
v 31.626856 6.188148 38.882801
v 31.691914 6.295164 38.903053
v 34.524612 1.672764 40.201366
v 35.229805 2.083209 40.845364
v 34.682682 1.784748 41.713100
v 34.101501 1.215065 41.073421
v 34.374573 8.583834 42.942547
v 34.262119 8.597675 42.882980
v 33.690044 8.011623 43.375076
v 33.451565 7.285152 43.434471
v 31.678381 5.231539 42.734432
v 31.741610 5.294604 42.598106
v 31.927752 5.784761 43.176666
v 31.926619 5.838813 43.077442
v 32.031643 5.821649 43.063709
v 29.553724 5.139616 43.384884
v 29.531975 5.213953 43.348675
v 32.631859 5.293826 39.454765
v 33.886292 6.110289 42.133186
v 32.574097 4.899107 41.293720
v 32.319675 4.540745 42.005924
v 32.967411 3.244740 41.626942
v 34.365356 7.656378 43.138924
v 33.975056 6.946990 41.408157
v 34.658432 1.318249 40.342323
v 35.276646 1.577507 40.885574
v 34.798962 1.413096 41.604767
v 32.955269 3.240801 40.733669
v 31.500088 5.148283 42.453705
v 32.443054 5.471426 39.459450
v 34.088409 6.947501 41.477428
v 32.621407 4.968625 42.166691
v 33.005047 5.083792 41.235466
v 33.409718 4.924188 42.114960
v 33.149223 5.286831 41.517349
v 35.007774 2.017266 40.334625
v 34.001560 2.100753 41.478424
v 33.937904 7.511489 43.147434
v 34.065418 7.772497 43.172607
v 34.093044 7.816381 42.996887
v 35.138424 1.993133 41.444397
v 34.249870 1.402968 41.552612
v 31.760601 5.047388 42.692322
v 30.378572 5.268194 42.674232
v 33.847652 2.143493 40.529510
v 32.119080 6.823050 43.694019
v 32.144638 6.841815 43.636669
v 30.956099 6.310839 41.373245
v 30.933893 6.321518 41.410984
v 33.682522 8.559536 41.541313
v 32.525211 5.403542 38.764416
v 32.434887 5.396653 38.768108
v 31.929325 5.500146 39.858669
v 31.948257 5.612745 39.904728
v 31.988634 5.581103 40.037971
v 32.187969 2.824267 40.942158
v 32.148754 2.938664 40.900730
v 32.173550 2.991536 41.009174
v 32.684814 7.357091 43.938080
v 32.674282 7.388118 43.895443
v 35.112865 7.384164 40.935066
v 35.104782 7.418717 40.994408
v 35.081425 7.417954 40.921101
v 28.871653 5.469025 44.244385
v 31.235590 7.354616 38.244385
v 31.303110 6.279313 38.570164
v 31.268080 6.287683 38.637711
v 34.129688 1.331423 40.530487
v 35.028690 1.588163 40.457638
v 35.129784 1.653198 41.355145
v 34.627876 9.150569 42.571838
v 33.482464 8.172374 43.460732
v 35.590469 8.960854 43.754055
v 33.455959 7.586705 43.454098
v 32.767643 2.751427 40.779213
v 32.729893 3.158390 41.238327
v 31.495003 5.019749 42.511272
v 31.508585 5.172757 42.625107
v 32.199509 5.307610 39.996357
v 31.935053 5.456186 40.006966
v 32.174297 5.323799 39.798355
v 32.443268 5.225579 39.473797
v 32.372898 5.395705 39.467098
v 32.523594 5.592475 39.754440
v 32.244568 5.596293 39.750420
v 33.980114 7.947936 41.230610
v 33.916309 7.932865 41.265652
v 33.888081 7.931299 41.194263
v 33.427643 6.013008 42.455391
v 33.150421 6.136048 42.177353
v 33.438923 6.215468 42.231121
v 32.775589 6.747937 43.122707
v 31.981150 5.765069 43.196205
v 31.901007 5.816233 43.130482
v 31.978794 5.843888 43.045918
v 31.608601 5.323861 42.255978
v 31.603712 5.396400 42.350849
v 32.624096 4.551480 42.305092
v 32.315838 4.845282 41.885395
v 32.662540 4.507201 41.028366
v 33.040207 4.796809 40.771427
v 32.462631 5.305219 40.339333
v 33.547424 5.064017 41.633984
v 33.086460 5.340484 42.037636
v 33.646866 3.740195 41.749161
v 32.979809 3.708602 41.779572
v 32.884102 4.041773 41.167725
v 33.507782 4.207751 41.198597
v 34.112995 3.131476 40.475929
v 34.484791 2.874647 41.348022
v 33.684162 6.109174 42.428013
v 33.665695 6.322377 42.005707
v 34.007465 7.467208 42.916565
v 34.006203 7.698802 43.312546
v 33.748676 8.057404 43.418892
v 35.503304 8.438979 43.674541
v 34.243034 7.716165 43.309082
v 32.868866 6.802571 43.298225
v 32.899616 6.814847 43.086479
v 33.463036 7.292045 43.373074
v 32.832027 6.838996 43.186901
v 33.551098 6.287476 41.708736
v 34.239964 6.879015 41.494389
v 34.152668 6.951004 41.518326
v 34.145233 6.947258 41.377747
v 29.273600 5.793128 42.165340
v 30.240751 5.406165 42.400093
v 29.522221 5.149877 43.351418
v 29.571924 5.217710 43.388840
v 31.854221 6.170823 38.919121
v 31.809269 6.333299 38.917145
v 31.731743 6.267747 38.981506
v 31.691818 6.223728 38.805092
v 34.299950 8.604288 42.956295
v 33.704727 8.056401 43.298607
v 33.761070 8.104864 43.344242
v 35.471249 8.440181 43.753700
v 35.401505 8.481590 43.751087
v 35.435917 8.498211 43.627964
v 33.386856 7.297400 43.431946
v 33.403862 7.330130 43.355576
v 31.874752 5.214518 42.612221
v 32.059124 5.792771 43.111423
v 30.370987 5.186272 42.637253
v 29.580788 5.168650 43.409950
v 32.977646 6.762807 43.076115
vn -0.1565 -0.3309 -0.9306
vn -0.5524 0.6679 0.4988
vn -0.7687 0.1790 0.6141
vn -0.3179 -0.9350 0.1570
vn 0.6171 -0.5117 -0.5978
vn -0.1823 -0.6926 -0.6979
vn 0.6737 0.7249 -0.1435
vn -0.0532 0.3341 0.9410
vn -0.4785 0.8399 0.2559
vn -0.2067 0.7352 0.6456
vn -0.9236 0.2295 -0.3071
vn -0.9968 0.0758 0.0248
vn -0.2246 0.1261 -0.9663
vn 0.4747 -0.1550 -0.8664
vn 0.2068 0.4656 0.8605
vn 0.1733 0.9505 -0.2577
vn -0.3750 -0.2123 -0.9024
vn -0.4901 -0.8716 -0.0089
vn -0.1546 -0.9009 -0.4056
vn 0.2372 0.7706 -0.5916
vn 0.9392 0.0710 -0.3360
vn -0.3089 -0.2233 -0.9245
vn 0.5267 0.1199 0.8416
vn 0.0908 -0.1148 0.9892
vn 0.1166 0.5980 -0.7930
vn 0.3898 -0.5758 0.7187
vn -0.4877 0.5274 -0.6957
vn -0.0673 -0.8847 -0.4613
vn -0.0397 -0.4071 -0.9125
vn 0.1641 0.8788 0.4481
vn -0.3463 0.1069 0.9320
vn -0.2879 -0.3818 -0.8783
vn -0.2943 0.2804 -0.9136
vn -0.9983 -0.0582 -0.0072
vn -0.8447 0.4212 -0.3304
vn 0.0938 0.8640 0.4947
vn -0.9782 0.0406 0.2039
vn -0.9501 -0.3079 0.0491
vn -0.5742 0.8110 0.1123
vn 0.8909 -0.3431 0.2975
vn -0.9879 0.1342 0.0780
vn -0.8917 0.2978 0.3409
vn 0.6312 0.7579 -0.1646
vn 0.5809 0.8140 0.0038
vn -0.8572 -0.4284 -0.2859
vn -0.5094 -0.8406 -0.1842
vn -0.4694 -0.7465 0.4716
vn 0.3933 -0.1986 0.8977
vn -0.6627 0.7481 -0.0342
vn -0.0861 -0.3232 -0.9424
vn -0.3090 -0.6362 -0.7070
vn 0.9511 -0.3089 0.0019
vn -0.6309 0.7439 0.2203
vn -0.9480 0.1202 0.2947
vn -0.7802 -0.6237 0.0484
vn -0.5329 0.8248 -0.1891
vn -0.5250 -0.5334 -0.6632
vn -0.0655 -0.4470 0.8921
vn -0.5348 -0.4406 0.7210
vn 0.7953 -0.5999 0.0874
vn 0.8020 -0.5856 -0.1179
vn -0.5862 -0.1268 0.8002
vn -0.6674 0.4471 0.5956
vn 0.7508 -0.6389 -0.1679
vn -0.9583 -0.0176 -0.2853
vn -0.7155 -0.5542 -0.4252
vn -0.5231 -0.2485 -0.8153
vn 0.1557 0.9252 0.3462
vn 0.3900 0.6951 -0.6039
vn -0.7192 0.3183 -0.6176
vn -0.5496 0.0351 0.8347
vn 0.3815 0.1666 0.9092
vn -0.6870 0.0041 0.7267
vn -0.6863 0.4858 -0.5413
vn 0.0135 0.0156 0.9998
vn -0.0022 1.0000 -0.0037
vn -0.0213 -0.9794 -0.2009
vn 0.7961 0.2134 -0.5663
vn -0.3522 -0.7566 0.5509
vn -0.1833 -0.6991 -0.6911
vn -0.0581 0.6905 0.7210
vn -0.8990 -0.0765 0.4312
vn -0.8763 -0.4807 0.0319
vn -0.6807 -0.2770 -0.6781
vn -0.3170 0.6565 -0.6844
vn 0.4874 0.6196 0.6152
vn -0.1260 -0.7623 0.6348
vn 0.0810 0.9238 -0.3742
vn 0.8039 0.5920 -0.0577
vn 0.8045 0.5911 -0.0584
vn 0.8047 0.5907 -0.0587
vn -0.5605 0.7364 0.3788
vn 0.6767 -0.5689 -0.4674
vn 0.8036 0.5924 -0.0573
vn -0.9931 -0.0121 0.1170
vn 0.3492 -0.2411 0.9055
vn -0.2867 -0.4850 0.8262
vn -0.8699 -0.4052 0.2811
vn -0.9270 -0.1364 -0.3493
vn 0.2424 0.5908 -0.7696
vn 0.8231 0.3376 0.4567
vn 0.0859 0.2524 -0.9638
vn 0.7575 0.6436 0.1093
vn 0.6907 0.6154 -0.3797
vn 0.8767 -0.3852 0.2880
vn 0.4940 0.4440 -0.7475
vn -0.3761 -0.5318 0.7588
vn -0.8485 -0.3692 -0.3791
vn 0.7326 -0.2416 -0.6364
vn -0.8466 0.3443 0.4058
vn -0.9751 0.1958 -0.1044
vn -0.0682 -0.1980 -0.9778
vn -0.5950 0.0116 -0.8037
vn 0.6024 -0.7877 -0.1290
vn -0.6025 0.7626 0.2356
vn -0.1897 -0.2597 0.9469
vn -0.0976 -0.3214 0.9419
vn -0.7284 0.6827 0.0576
vn 0.7393 -0.6705 0.0628
vn 0.3765 0.1661 -0.9114
vn -0.9711 -0.2264 0.0752
vn 0.7496 -0.4264 -0.5062
vn 0.6970 0.2638 0.6668
vn -0.6710 0.4567 0.5842
vn -0.8843 0.4426 -0.1487
vn 0.3375 0.9100 0.2408
vn -0.3654 -0.8695 -0.3324
vn -0.2583 -0.9660 -0.0142
vn 0.7747 0.5972 0.2080
vn -0.0846 -0.3031 0.9492
vn 0.4414 -0.7857 0.4335
vn 0.5915 0.4065 0.6964
vn 0.6563 -0.3601 0.6630
vn -0.0782 0.9913 -0.1061
vn -0.0670 0.9922 -0.1048
vn -0.0660 0.9923 -0.1047
vn 0.9544 -0.0069 -0.2986
vn -0.8801 -0.4449 0.1657
vn 0.8075 0.2780 -0.5202
vn -0.9476 0.0202 0.3189
vn -0.7353 0.6747 -0.0643
vn 0.0636 -0.9697 -0.2359
vn 0.0573 -0.9699 -0.2367
vn 0.0643 -0.9697 -0.2358
vn 0.8529 0.5068 -0.1254
vn 0.9885 0.0100 -0.1511
vn 0.5785 -0.7870 -0.2144
vn -0.2882 -0.3574 0.8884
vn -0.1542 -0.2638 0.9522
vn -0.0780 -0.2085 0.9749
vn -0.5474 -0.3600 -0.7555
vn -0.1437 0.0333 -0.9891
vn -0.9764 0.2133 0.0324
vn 0.1941 0.4239 -0.8847
vn -0.9198 -0.3837 -0.0821
vn 0.2808 0.0649 0.9576
vn 0.2801 0.8760 0.3926
vn 0.1979 -0.2588 0.9454
vn 0.0248 -0.3312 0.9432
vn -0.7326 0.4961 -0.4660
vn -0.5074 0.4228 -0.7508
vn -0.4886 -0.3969 0.7770
vn -0.0437 -0.4002 0.9154
vn -0.6046 -0.7698 -0.2048
vn -0.1163 -0.8427 0.5256
vn -0.1731 -0.9705 0.1676
vn -0.1750 -0.9729 0.1510
vn 0.0925 0.9747 0.2034
vn -0.9082 0.2913 0.3003
vn -0.3834 0.4042 -0.8305
vn 0.4063 0.8645 -0.2959
vn 0.9153 0.3916 0.0946
vn -0.0238 0.5007 0.8653
vn -0.8584 0.1405 0.4934
vn 0.0348 -0.1442 -0.9889
vn -0.4584 -0.7395 0.4930
vn -0.4339 -0.7692 0.4691
vn -0.5519 -0.5964 0.5829
vn 0.6668 0.4411 -0.6007
vn 0.6685 0.4409 -0.5990
vn 0.6713 0.4405 -0.5960
vn 0.7447 0.5376 0.3956
vn 0.7620 0.6058 -0.2288
vn 0.6881 0.6657 -0.2886
vn 0.7879 0.5807 -0.2049
vn 0.6600 0.6108 -0.4374
vn 0.7560 0.1358 -0.6403
vn 0.9979 0.0143 -0.0635
vn 0.9870 0.1112 -0.1159
vn 0.9953 -0.0965 -0.0027
vn 0.8197 0.5721 0.0275
vn -0.2375 0.1501 -0.9597
vn -0.2187 0.1785 -0.9593
vn -0.2580 0.1184 -0.9589
vn 0.9961 0.0834 0.0287
vn 0.8828 0.0321 0.4686
vn 0.1230 0.9551 -0.2695
vn 0.1388 0.9778 -0.1571
vn 0.1213 0.9522 -0.2802
vn -0.1078 0.1915 -0.9755
vn -0.4152 -0.4024 -0.8159
vn 0.4267 0.7426 -0.5161
vn -0.5187 0.6835 -0.5135
vn -0.0386 0.0223 0.9990
vn -0.3655 0.8750 -0.3175
vn -0.3832 0.8847 -0.2655
vn -0.3854 0.8857 -0.2587
vn -0.4456 0.3599 0.8197
vn -0.2942 -0.4130 -0.8619
vn 0.6075 0.2188 -0.7636
vn -0.2166 -0.9134 0.3447
vn -0.2570 -0.8762 0.4078
vn -0.1926 -0.9320 0.3070
vn -0.4010 0.8422 0.3604
vn -0.0245 -0.9870 -0.1590
vn -0.0258 -0.9872 -0.1572
vn 0.0116 -0.9779 -0.2090
vn -0.2004 -0.9341 -0.2955
vn 0.5573 -0.7916 -0.2504
vn 0.5520 -0.7940 -0.2546
vn 0.6171 -0.7608 -0.2007
vn 0.6169 -0.7514 0.2341
vn 0.6134 -0.7527 0.2390
vn 0.5657 -0.7678 0.3007
vn 0.0414 -0.9520 0.3032
vn 0.0389 -0.9528 0.3012
vn -0.0071 -0.9649 0.2625
vn -0.9038 -0.3078 -0.2975
vn -0.9461 -0.1619 -0.2806
vn -0.9539 -0.1208 -0.2747
vn 0.7582 0.6030 -0.2478
vn 0.7668 -0.3829 0.5153
vn 0.6220 -0.3182 0.7154
vn 0.5600 -0.2898 0.7762
vn -0.0657 0.9545 0.2910
vn 0.2126 -0.4367 -0.8741
vn 0.2446 -0.4290 -0.8696
vn 0.1825 -0.4434 -0.8775
vn 0.9583 -0.2770 -0.0700
vn 0.6531 0.7077 0.2694
vn 0.2679 0.8284 -0.4918
vn -0.9574 -0.0856 -0.2758
vn -0.7944 -0.4869 -0.3631
vn -0.7841 -0.6206 -0.0051
vn -0.4235 -0.8424 0.3331
vn -0.5159 -0.8308 -0.2088
vn 0.2270 -0.4445 0.8666
vn -0.9609 -0.0711 -0.2675
vn -0.9988 0.0043 0.0489
vn -0.2091 -0.2695 0.9400
vn -0.3913 -0.4437 0.8062
vn 0.2218 -0.0931 0.9706
vn -0.1242 0.9912 0.0455
vn -0.4239 0.8998 -0.1031
vn -0.3559 0.9320 0.0687
vn -0.2962 0.9236 0.2436
vn -0.1364 0.7999 0.5845
vn -0.3244 -0.7173 -0.6166
vn -0.3671 -0.7264 -0.5810
vn -0.3712 -0.7272 -0.5774
vn 0.8771 0.4771 -0.0560
vn 0.8782 -0.2080 -0.4308
vn 0.1192 -0.9453 -0.3037
vn 0.3153 -0.8514 -0.4192
vn -0.6798 0.6241 -0.3853
vn 0.3363 0.8310 0.4432
vn -0.5840 -0.7722 -0.2503
vn 0.5249 0.1861 0.8306
vn 0.4419 0.1816 0.8785
vn 0.5803 0.1882 0.7923
vn -0.0660 0.9936 -0.0913
vn -0.1289 -0.2655 -0.9554
vn 0.3093 0.0594 0.9491
vn -0.1329 -0.2118 -0.9682
vn -0.1348 -0.2148 -0.9673
vn -0.1160 -0.1851 -0.9758
vn 0.6394 0.7254 -0.2550
vn 0.6908 0.6501 -0.3165
vn 0.7404 0.5518 -0.3838
vn 0.6867 0.0261 -0.7265
vn 0.1615 0.1725 -0.9717
vn 0.9896 0.1420 0.0208
vn 0.9831 0.1676 -0.0735
vn 0.9700 0.1882 -0.1539
vn -0.8356 -0.2830 0.4709
vn 0.7947 -0.5991 -0.0975
vn 0.5088 0.8581 0.0695
vn -0.1590 0.9221 0.3528
vn -0.2801 0.8226 0.4949
vn 0.1384 0.1897 -0.9720
vn -0.2187 -0.3093 0.9255
vn 0.1810 -0.4185 0.8900
vn 0.0779 -0.8574 -0.5087
vn 0.2845 -0.6340 0.7191
vn -0.2602 0.6338 0.7285
vn -0.4585 0.4670 0.7561
vn -0.2524 0.6392 0.7265
vn 0.8187 0.5241 -0.2347
vn 0.3366 0.8223 0.4588
vn 0.2427 0.8198 0.5187
vn 0.2403 0.8196 0.5202
vn -0.9144 0.1008 0.3921
vn -0.8022 0.1854 0.5675
vn -0.9270 0.0880 0.3646
vn -0.8796 -0.1581 0.4486
vn 0.7819 0.5393 -0.3127
vn 0.5060 -0.1821 0.8431
vn -0.8245 -0.4554 0.3360
vn -0.5178 0.2776 -0.8092
vn 0.5120 -0.1956 -0.8364
vn 0.9274 0.0081 -0.3739
vn 0.6910 0.2428 0.6808
vn 0.3968 0.3202 0.8602
vn -0.4574 -0.2272 -0.8597
vn -0.4228 -0.2280 -0.8771
vn -0.4202 -0.2280 -0.8783
vn 0.4201 -0.5419 0.7279
vn 0.1886 -0.6414 0.7437
vn 0.1722 -0.6468 0.7430
vn -0.7531 -0.6358 0.1691
vn -0.9468 -0.1134 -0.3013
vn -0.9371 -0.0191 -0.3484
vn -0.9363 -0.0138 -0.3509
vn -0.2749 0.7546 -0.5958
vn -0.4039 0.7001 -0.5888
vn -0.2656 0.7579 -0.5959
vn 0.1524 0.8766 -0.4564
vn 0.8043 0.5448 0.2373
vn 0.7680 0.6272 0.1295
vn 0.7626 0.6364 0.1161
vn 0.8338 0.0798 0.5463
vn 0.9135 -0.2396 0.3290
vn 0.9110 -0.2417 0.3343
vn 0.9109 -0.2417 0.3345
vn 0.4969 -0.4217 0.7585
vn -0.8925 0.3515 -0.2827
vn -0.8929 0.3512 -0.2817
vn -0.8829 -0.0687 0.4645
vn -0.4308 -0.3376 0.8369
vn -0.4819 0.5043 -0.7165
vn 0.1910 -0.3029 0.9337
vn 0.4166 0.0239 0.9088
vn 0.4343 0.0542 0.8991
vn 0.8925 0.1417 -0.4283
vn 0.4396 0.4023 -0.8030
vn 0.1895 -0.5820 -0.7908
vn 0.8948 0.3758 -0.2412
vn 0.6831 0.7014 0.2035
vn -0.2002 -0.7953 0.5722
vn 0.1857 0.9659 0.1805
vn -0.4821 -0.8647 0.1411
vn -0.5345 -0.8340 -0.1370
vn -0.4725 -0.8636 0.1759
vn -0.2817 0.8778 0.3874
vn -0.1356 0.9396 0.3143
vn -0.2987 0.8686 0.3954
vn -0.6920 0.0897 -0.7163
vn 0.5434 0.1553 0.8250
vn -0.2438 -0.8925 -0.3795
vn -0.1087 -0.8811 -0.4602
vn -0.0834 -0.8766 -0.4739
vn -0.9942 -0.0296 0.1035
vn -0.6339 0.7162 -0.2920
vn -0.6305 0.7230 -0.2824
vn -0.6114 0.7565 -0.2321
vn 0.9484 0.0473 -0.3135
vn -0.8987 -0.4377 -0.0261
vn 0.8644 -0.3304 0.3791
vn -0.4267 -0.1452 0.8927
vn -0.0853 0.4202 0.9034
vn -0.9273 0.2455 -0.2827
vn -0.6409 0.7606 0.1038
vn -0.6287 0.7767 0.0377
vn -0.6227 0.7824 0.0102
vn -0.3370 0.3749 -0.8636
vn -0.4292 0.3766 -0.8210
vn -0.2962 0.3731 -0.8793
vn 0.0453 0.1861 -0.9815
vn 0.3096 0.6894 -0.6549
vn -0.1871 -0.3025 0.9346
vn -0.9967 -0.0580 -0.0563
vn -0.9859 -0.0280 0.1651
vn -0.3801 -0.3721 0.8468
vn -0.4186 -0.3472 0.8392
vn -0.4240 -0.3436 0.8379
vn 0.7897 0.5903 -0.1673
vn 0.0281 0.1479 -0.9886
vn -0.5176 -0.1582 -0.8409
vn 0.7071 0.6126 -0.3533
vn 0.1501 -0.2489 0.9568
vn -0.7378 -0.5574 0.3807
vn 0.4574 -0.5577 0.6926
vn 0.8368 0.1620 -0.5231
vn 0.9224 -0.3255 0.2076
vn -0.8921 0.0245 0.4512
vn -0.7792 0.5338 -0.3285
vn -0.8429 0.4965 -0.2075
vn -0.7745 0.5359 -0.3361
vn -0.4576 0.6332 -0.6242
vn 0.1590 0.5622 -0.8116
vn 0.1345 0.5397 -0.8311
vn 0.1305 0.5359 -0.8341
vn 0.4778 0.4552 -0.7514
vn -0.7760 -0.1012 -0.6225
vn -0.2799 -0.4521 0.8469
vn 0.7830 0.4383 0.4413
vn 0.7502 0.4125 0.5168
vn 0.7439 0.4077 0.5295
vn 0.9690 -0.2095 -0.1307
vn 0.9874 -0.1441 0.0658
vn 0.9867 -0.1360 0.0889
vn 0.2166 0.2115 0.9531
vn 0.1095 0.2225 0.9687
vn 0.2324 0.2096 0.9498
vn 0.9466 0.3203 -0.0354
vn 0.6159 0.6998 -0.3620
vn 0.9543 0.2983 -0.0187
vn 0.5166 -0.8270 0.2217
vn -0.1698 -0.2903 0.9418
vn -0.3406 0.8328 -0.4364
vn 0.1600 0.3358 -0.9283
vn 0.4899 -0.1215 -0.8633
vn -0.6061 0.7082 0.3622
vn 0.7635 -0.6353 -0.1158
vn -0.2770 -0.1892 0.9421
vn 0.1204 0.3644 -0.9234
vn -0.7344 0.6676 0.1226
vn -0.4521 -0.6991 0.5540
vn 0.4959 -0.5805 0.6458
vn -0.9925 -0.1178 -0.0325
vn -0.3973 0.6804 -0.6158
vn 0.9754 0.1843 0.1208
vn -0.6112 -0.0053 -0.7915
vn -0.5446 -0.0158 -0.8385
vn -0.5346 -0.0173 -0.8449
vn -0.5250 0.8448 0.1033
vn 0.5827 0.1840 0.7916
vn -0.1713 -0.4878 -0.8560
vn -0.2860 -0.2915 -0.9128
vn -0.1621 -0.5019 -0.8496
vn 0.5508 -0.8270 0.1126
vn 0.4010 0.1881 0.8966
vn -0.3819 0.9161 0.1223
vn -0.2577 0.9139 0.3138
vn -0.3869 0.9151 0.1138
vn 0.6452 -0.6187 0.4482
vn -0.5438 0.7791 -0.3119
vn 0.0337 0.9945 -0.0990
vn 0.0077 0.9991 -0.0420
vn 0.0361 0.9939 -0.1044
vn -0.3533 -0.8620 -0.3637
vn 0.0376 -0.4314 -0.9014
vn 0.4200 0.8882 -0.1861
vn -0.4338 -0.1867 0.8814
vn -0.4110 -0.1363 0.9014
vn 0.4428 0.8113 -0.3817
vn -0.3688 -0.9274 0.0628
vn 0.3194 -0.7721 0.5494
vn -0.7884 0.0940 -0.6080
vn 0.1076 0.9743 -0.1981
vn 0.7702 0.3644 0.5234
vn 0.1266 -0.4404 -0.8888
vn 0.8881 0.2409 -0.3915
vn -0.2951 0.4404 0.8479
vn 0.4388 0.6531 0.6172
vn -0.8509 -0.4878 -0.1951
vn -0.9017 -0.1326 0.4115
vn 0.0827 -0.9305 -0.3569
vn 0.5264 0.2599 -0.8095
vn -0.2933 0.8463 0.4447
vn 0.4129 -0.2185 -0.8842
vn 0.4144 -0.2119 -0.8851
vn 0.4094 -0.2329 -0.8821
vn -0.5896 -0.1951 0.7838
vn -0.5298 -0.1850 -0.8277
vn 0.9792 0.0121 0.2024
vn 0.9731 0.0421 0.2264
vn 0.9880 -0.0622 0.1414
vn -0.3094 -0.4499 -0.8378
vn 0.8963 -0.0171 -0.4431
vn 0.8927 -0.0099 -0.4505
vn 0.8650 0.0403 -0.5002
vn 0.3117 0.3394 0.8875
vn 0.3245 0.3637 0.8732
vn 0.3028 0.3225 0.8968
vn -0.3279 -0.0052 0.9447
vn -0.3304 -0.0113 0.9438
vn -0.3249 0.0019 0.9457
vn 0.5902 -0.1515 0.7929
vn 0.6013 -0.1099 0.7914
vn 0.6182 -0.0355 0.7852
vn -0.8745 -0.2757 0.3991
vn -0.8756 -0.2820 0.3921
vn -0.8728 -0.2672 0.4085
vn -0.9368 -0.3281 -0.1211
vn -0.9370 -0.3270 -0.1228
vn -0.9372 -0.3256 -0.1248
vn 0.8839 -0.4316 0.1802
vn 0.9639 -0.0110 -0.2659
vn 0.8592 -0.4626 0.2185
vn 0.9363 -0.3082 0.1685
vn 0.6030 -0.5524 -0.5755
vn 0.2773 0.4361 0.8561
vn -0.7055 0.6391 0.3064
vn -0.6110 -0.0407 -0.7906
vn -0.1311 -0.5927 0.7947
vn -0.6532 -0.5920 -0.4721
vn -0.0985 0.7405 -0.6648
vn 0.4041 0.7401 0.5376
vn 0.9056 -0.2076 0.3699
vn -0.0333 0.0069 0.9994
vn -0.6967 0.3958 -0.5982
vn -0.9042 0.3551 0.2373
vn 0.5838 0.0261 -0.8115
vn 0.9832 -0.0261 0.1808
vn -0.0510 -0.0641 0.9966
vn -0.9645 0.2390 -0.1124
vn 0.4191 0.2501 -0.8728
vn 0.4591 -0.6087 0.6471
vn 0.5153 -0.5932 0.6185
vn 0.4524 -0.6104 0.6502
vn -0.4512 -0.4237 0.7854
vn -0.4870 -0.3970 0.7780
vn -0.4884 -0.3959 0.7776
vn -0.8577 0.4693 -0.2102
vn -0.8665 0.4616 -0.1901
vn -0.8563 0.4704 -0.2132
vn -0.8674 -0.0068 0.4976
vn 0.4415 0.4585 -0.7713
vn 0.3789 0.4818 -0.7901
vn 0.3746 0.4833 -0.7912
vn -0.4286 0.6748 -0.6008
vn -0.7116 0.0990 -0.6956
vn -0.6556 0.3942 -0.6441
vn -0.7130 0.0787 -0.6967
vn 0.8878 0.1040 -0.4484
vn -0.1170 -0.9750 -0.1888
vn -0.0890 -0.9838 -0.1559
vn 0.2572 0.8825 0.3938
vn -0.0575 0.9983 0.0081
vn -0.0771 0.9969 -0.0166
vn -0.0799 0.9911 -0.1063
vn 0.0569 -0.9699 -0.2367
vn -0.3466 -0.3966 0.8500
vn -0.1132 -0.8336 0.5407
vn -0.0012 -0.9993 0.0371
vn 0.6649 0.4413 -0.6026
vn 0.6217 0.7082 -0.3346
vn 0.9780 0.1553 -0.1396
vn -0.1998 0.2064 -0.9578
vn 0.1402 0.9792 -0.1468
vn -0.3565 0.8693 -0.3423
vn -0.2662 -0.8665 0.4223
vn -0.0624 -0.9924 -0.1058
vn 0.4874 -0.8190 -0.3028
vn 0.6601 -0.7314 0.1714
vn 0.0868 -0.9363 0.3403
vn -0.8903 -0.3422 -0.3005
vn 0.7872 -0.3917 0.4763
vn 0.2559 -0.4262 -0.8677
vn -0.4019 0.9099 -0.1022
vn -0.3215 -0.7166 -0.6189
vn 0.3688 0.1765 0.9126
vn -0.1690 -0.2690 -0.9482
vn 0.6077 0.7631 -0.2198
vn 0.9878 0.1198 0.0991
vn -0.4679 0.4576 0.7561
vn 0.3426 0.8221 0.4547
vn -0.7972 0.1884 0.5735
vn -0.4585 -0.2272 -0.8592
vn 0.4400 -0.5310 0.7241
vn -0.9470 -0.1195 -0.2981
vn -0.4166 0.6938 -0.5874
vn 0.8076 0.5342 0.2500
vn 0.9135 -0.2395 0.3288
vn 0.1782 -0.3189 0.9309
vn -0.5383 -0.8247 -0.1737
vn -0.0999 0.9502 0.2952
vn -0.2630 -0.8923 -0.3670
vn -0.6541 0.6680 -0.3549
vn -0.6459 0.7509 0.1375
vn -0.5092 0.3747 -0.7749
vn -0.3773 -0.3739 0.8473
vn -0.8491 0.4916 -0.1934
vn 0.1650 0.5676 -0.8066
vn 0.7928 0.4462 0.4153
vn 0.9663 -0.2135 -0.1435
vn 0.1026 0.2232 0.9694
vn 0.6036 0.7067 -0.3691
vn -0.6257 -0.0030 -0.7801
vn -0.2885 -0.2866 -0.9136
vn -0.2533 0.9130 0.3198
vn 0.0051 0.9993 -0.0364
vn 0.4183 -0.1948 -0.8872
vn 0.9535 0.1106 0.2804
vn 0.9182 -0.0672 -0.3905
vn 0.3338 0.3816 0.8620
vn -0.3333 -0.0184 0.9426
vn 0.5686 -0.2224 0.7920
vn -0.8768 -0.2886 0.3846
vn -0.9367 -0.3294 -0.1192
vn 0.9597 0.0052 -0.2810
vn 0.5179 -0.5924 0.6171
vn -0.4456 -0.4278 0.7864
vn -0.8670 0.4611 -0.1888
vn 0.4501 0.4550 -0.7683
vn -0.6521 0.4052 -0.6407
vn 0.2656 0.8755 0.4038
vt 0.246695 0.731158
vt 0.238032 0.727009
vt 0.249275 0.694244
vt 0.466877 0.802643
vt 0.474256 0.786371
vt 0.483881 0.815415
vt 0.063524 0.877098
vt 0.069983 0.876536
vt 0.072362 0.948186
vt 0.686552 0.572630
vt 0.692305 0.610482
vt 0.683811 0.606933
vt 0.488274 0.896855
vt 0.488274 0.922044
vt 0.481996 0.907301
vt 0.302291 0.722294
vt 0.304334 0.646276
vt 0.312820 0.730765
vt 0.500664 0.461468
vt 0.485240 0.448987
vt 0.508331 0.445133
vt 0.254817 0.359193
vt 0.194262 0.382915
vt 0.191640 0.349078
vt 0.080454 0.877368
vt 0.071400 0.857500
vt 0.813934 0.415430
vt 0.824099 0.404147
vt 0.824099 0.426839
vt 0.329176 0.852199
vt 0.353132 0.818872
vt 0.379589 0.844458
vt 0.378250 0.863186
vt 0.155293 0.854633
vt 0.116649 0.820992
vt 0.126322 0.750413
vt 0.172401 0.854916
vt 0.566449 0.903883
vt 0.584000 0.881191
vt 0.579531 0.911092
vt 0.813934 0.424789
vt 0.795099 0.414450
vt 0.813934 0.404147
vt 0.412160 0.915663
vt 0.394464 0.917112
vt 0.402203 0.890625
vt 0.878395 0.770168
vt 0.906297 0.764257
vt 0.902559 0.780253
vt 0.633983 0.703106
vt 0.644087 0.704985
vt 0.410839 0.336984
vt 0.390313 0.350832
vt 0.366386 0.335299
vt 0.401937 0.247001
vt 0.422499 0.264813
vt 0.399709 0.296002
vt 0.832792 0.642670
vt 0.801608 0.669984
vt 0.760461 0.552003
vt 0.162941 0.114870
vt 0.200081 0.120760
vt 0.192962 0.233878
vt 0.127905 0.124721
vt 0.845347 0.563712
vt 0.874885 0.489083
vt 0.871480 0.610490
vt 0.304631 0.507819
vt 0.307439 0.482355
vt 0.311865 0.512377
vt 0.979843 0.920045
vt 0.969003 0.899187
vt 0.981478 0.901360
vt 0.301038 0.628696
vt 0.294095 0.651350
vt 0.292831 0.629974
vt 0.256410 0.734291
vt 0.267489 0.731819
vt 0.274323 0.813510
vt 0.847534 0.392669
vt 0.852519 0.386225
vt 0.864137 0.405007
vt 0.638395 0.923710
vt 0.608707 0.926045
vt 0.638395 0.881637
vt 0.754370 0.567551
vt 0.719323 0.521174
vt 0.793143 0.541156
vt 0.312110 0.736692
vt 0.310321 0.734057
vt 0.312110 0.733684
vt 0.459084 0.863382
vt 0.447301 0.816116
vt 0.461013 0.805829
vt 0.329111 0.756936
vt 0.327372 0.768087
vt 0.314088 0.772776
vt 0.013127 0.972939
vt 0.022184 0.969714
vt 0.027449 0.977426
vt 0.962277 0.433728
vt 0.952835 0.431180
vt 0.967401 0.427877
vt 0.566129 0.837737
vt 0.554867 0.847545
vt 0.556037 0.828824
vt 0.707563 0.322946
vt 0.723630 0.322339
vt 0.724625 0.424804
vt 0.439662 0.910422
vt 0.440285 0.918478
vt 0.427558 0.918478
vt 0.428332 0.907595
vt 0.373814 0.920946
vt 0.361758 0.925395
vt 0.357353 0.912326
vt 0.948429 0.415446
vt 0.953841 0.407915
vt 0.955513 0.420246
vt 0.684027 0.515978
vt 0.624312 0.454962
vt 0.674160 0.453857
vt 0.951879 0.489704
vt 0.979079 0.594904
vt 0.936897 0.590395
vt 0.898527 0.582476
vt 0.244026 0.334506
vt 0.428046 0.809262
vt 0.426149 0.859139
vt 0.850824 0.472078
vt 0.823437 0.471164
vt 0.833809 0.427877
vt 0.922930 0.888430
vt 0.946859 0.881395
vt 0.964314 0.912802
vt 0.704295 0.425064
vt 0.682947 0.327953
vt 0.038840 0.914358
vt 0.020782 0.917410
vt 0.000000 0.884586
vt 0.033802 0.886039
vt 0.923290 0.803338
vt 0.715618 0.819133
vt 0.728915 0.819960
vt 0.745527 0.858053
vt 0.269037 0.697115
vt 0.836674 0.115460
vt 0.839906 0.157459
vt 0.809167 0.146505
vt 0.814766 0.128620
vt 0.744603 0.207118
vt 0.727953 0.205696
vt 0.733019 0.165612
vt 0.746445 0.161736
vt 0.589780 0.912126
vt 0.595320 0.943577
vt 0.458247 0.705967
vt 0.446795 0.729916
vt 0.448667 0.693486
vt 0.628146 0.280457
vt 0.632372 0.270926
vt 0.654726 0.298059
vt 0.929905 0.161348
vt 0.918287 0.159350
vt 0.915089 0.142939
vt 0.939466 0.749763
vt 0.912938 0.743226
vt 0.427558 0.920185
vt 0.421232 0.902909
vt 0.427558 0.887703
vt 0.834347 0.405007
vt 0.317413 0.819483
vt 0.325229 0.827222
vt 0.323315 0.852942
vt 0.926233 0.129030
vt 0.130687 0.466724
vt 0.122530 0.457576
vt 0.144882 0.462801
vt 0.082887 0.519034
vt 0.061273 0.537939
vt 0.072628 0.518090
vt 0.373814 0.921617
vt 0.383902 0.916738
vt 0.386591 0.931003
vt 0.312522 0.733684
vt 0.310321 0.731587
vt 0.312522 0.730765
vt 0.826348 0.158009
vt 0.869349 0.414717
vt 0.874996 0.409037
vt 0.878324 0.419876
vt 0.657164 0.682317
vt 0.652838 0.702938
vt 0.528981 0.543642
vt 0.523682 0.557660
vt 0.105834 0.920260
vt 0.087945 0.992578
vt 0.099071 0.913924
vt 0.653500 0.884720
vt 0.662874 0.999621
vt 0.660061 1.000000
vt 0.495741 0.813592
vt 0.554867 0.895148
vt 0.553765 0.896855
vt 0.662874 0.881191
vt 0.256651 0.647184
vt 0.282399 0.639718
vt 0.232110 0.623791
vt 0.150500 0.440000
vt 0.154202 0.368050
vt 0.139881 0.444806
vt 0.912215 0.205573
vt 0.883042 0.207130
vt 0.927957 0.170675
vt 0.105834 0.870380
vt 0.125637 0.857500
vt 0.125637 0.972387
vt 0.466877 0.721289
vt 0.160314 0.232490
vt 0.146921 0.269863
vt 0.706981 0.441163
vt 0.673587 0.427877
vt 0.299515 0.926914
vt 0.282399 0.923851
vt 0.299515 0.882631
vt 0.396539 0.209641
vt 0.431054 0.207234
vt 0.878395 0.739685
vt 0.828934 0.743603
vt 0.455952 0.118967
vt 0.520551 0.040597
vt 0.478288 0.163229
vt 0.561371 0.059213
vt 0.977047 0.811542
vt 0.964314 0.808907
vt 0.990423 0.705359
vt 0.770520 0.157609
vt 0.441857 0.944846
vt 0.440285 0.909483
vt 0.446108 0.912956
vt 1.000000 0.836618
vt 0.996687 0.905382
vt 0.991959 0.905412
vt 0.566129 0.907831
vt 0.559279 0.907699
vt 0.930223 0.058363
vt 0.937892 0.131765
vt 0.922307 0.057050
vt 0.739709 0.042285
vt 0.316006 0.755861
vt 0.318856 0.628516
vt 0.880485 0.268146
vt 0.873425 0.268404
vt 0.933424 0.421169
vt 0.927957 0.356355
vt 0.933263 0.358413
vt 0.963648 0.418612
vt 0.955513 0.418636
vt 0.962475 0.351964
vt 0.339331 0.955642
vt 0.334313 0.888166
vt 0.339331 0.887703
vt 0.638395 0.941627
vt 0.645208 0.881191
vt 0.644110 0.942266
vt 0.095011 0.857500
vt 0.098550 0.859666
vt 0.658023 0.329844
vt 0.955185 0.182548
vt 0.952405 0.170675
vt 0.980124 0.175813
vt 0.768242 0.847491
vt 0.812925 0.886111
vt 0.792546 0.886092
vt 0.325429 0.933510
vt 0.312203 0.836721
vt 0.569389 0.784377
vt 0.566449 0.783450
vt 0.285282 0.591981
vt 0.291457 0.590632
vt 0.478256 0.022250
vt 0.149059 0.039665
vt 0.099080 0.035385
vt 0.135772 0.005809
vt 0.462035 0.957584
vt 0.458028 0.888183
vt 0.462035 0.887703
vt 0.002317 0.590632
vt 0.000000 0.587054
vt 0.056198 0.532161
vt 0.681211 0.939619
vt 0.671917 0.887464
vt 0.681211 0.881191
vt 0.515314 0.438065
vt 0.435029 0.340411
vt 0.517922 0.430083
vt 0.282399 0.730765
vt 0.292756 0.720881
vt 0.511600 0.451496
vt 0.330709 0.877967
vt 0.675054 0.941463
vt 0.662874 0.887924
vt 0.964314 0.694979
vt 0.957142 0.692754
vt 0.566449 0.461179
vt 0.394464 0.956553
vt 0.386591 0.899168
vt 0.394464 0.887703
vt 0.595320 0.885768
vt 0.420635 0.914128
vt 0.412160 0.903555
vt 0.472909 0.908080
vt 0.481996 0.896855
vt 0.481996 0.921254
vt 0.833005 0.404147
vt 0.833005 0.423122
vt 0.824099 0.416020
vt 0.930872 0.743612
vt 0.916534 0.427877
vt 0.914370 0.408879
vt 0.926517 0.418652
vt 0.295692 0.375854
vt 0.329176 0.405495
vt 0.306577 0.413760
vt 0.289299 0.419139
vt 0.078093 0.800032
vt 0.106959 0.765398
vt 0.246902 0.380404
vt 0.881643 0.757903
vt 0.432234 0.887703
vt 0.412160 0.887703
vt 0.970680 0.834833
vt 0.990423 0.820993
vt 0.005215 0.934521
vt 0.282399 0.834087
vt 0.715617 0.502354
vt 0.360879 0.314492
vt 0.513273 0.177590
vt 0.346173 0.302451
vt 0.329176 0.297686
vt 0.329111 0.776089
vt 0.159305 0.932472
vt 0.161266 0.954294
vt 0.155932 0.949061
vt 0.976904 0.894456
vt 0.063524 0.915697
vt 0.627785 0.881191
vt 0.715618 0.530947
vt 0.451963 0.903468
vt 0.446108 0.904192
vt 0.452707 0.887703
vt 0.934663 0.474220
vt 0.966253 0.638784
vt 0.926340 0.692754
vt 0.921056 0.635449
vt 0.972018 0.486130
vt 0.747308 0.397227
vt 0.795099 0.366479
vt 0.780843 0.417871
vt 0.757566 0.323478
vt 0.746445 0.358639
vt 0.884634 0.640211
vt 0.878395 0.686486
vt 0.258741 0.607008
vt 0.750673 0.423542
vt 0.746445 0.423542
vt 0.749244 0.417871
vt 0.738802 0.365241
vt 0.731920 0.324498
vt 0.878395 0.429085
vt 0.857119 0.437875
vt 0.942294 0.419677
vt 0.944166 0.411129
vt 0.837564 0.406574
vt 0.837564 0.423122
vt 0.833005 0.421375
vt 0.651824 0.433845
vt 0.169910 0.355988
vt 0.241579 0.739103
vt 0.471965 0.815124
vt 0.119987 0.236256
vt 0.078837 0.217671
vt 0.409123 0.807340
vt 0.750544 0.827780
vt 0.740024 0.815581
vt 0.945935 0.761183
vt 0.164098 0.866154
vt 0.172053 0.857500
vt 0.172053 0.979139
vt 0.926517 0.370025
vt 0.961662 0.210111
vt 0.927957 0.235008
vt 0.758569 0.835017
vt 0.957222 0.243113
vt 0.946981 0.241844
vt 0.107488 0.693541
vt 0.127679 0.692863
vt 0.903984 0.238255
vt 0.894174 0.240546
vt 0.373814 0.887703
vt 0.944393 0.170675
vt 0.146485 0.931525
vt 0.880485 0.219208
vt 0.486577 0.791793
vt 0.314804 0.500239
vt 0.078802 0.956515
vt 0.087945 0.961212
vt 0.087945 0.871217
vt 0.852290 0.939154
vt 0.855098 0.933438
vt 0.970865 0.000000
vt 0.950574 0.063763
vt 0.944393 0.063021
vt 0.990323 0.000000
vt 0.976914 0.062275
vt 0.970865 0.062283
vt 0.472909 0.896855
vt 0.472909 0.936574
vt 0.466877 0.935540
vt 0.000000 0.590632
vt 0.058116 0.619261
vt 0.053951 0.623929
vt 0.113951 0.688380
vt 0.970865 0.147561
vt 0.990323 0.138050
vt 0.979405 0.150235
vt 0.105834 0.998701
vt 0.964314 0.907099
vt 0.973623 0.978501
vt 0.964384 0.984577
vt 0.154860 0.857500
vt 0.164098 0.858187
vt 0.142345 0.857837
vt 0.318117 0.416669
vt 0.992195 0.590316
vt 0.979079 0.499098
vt 0.984201 0.499476
vt 0.261963 0.562042
vt 0.193850 0.489377
vt 0.197758 0.486334
vt 0.554867 0.678742
vt 0.503384 0.740126
vt 0.550189 0.676296
vt 0.500992 0.736196
vt 0.191527 0.493467
vt 0.557435 0.676296
vt 0.562133 0.769692
vt 0.557098 0.770342
vt 0.991807 0.326263
vt 0.980124 0.230881
vt 0.985406 0.230992
vt 0.566396 0.771316
vt 0.172401 0.792370
vt 0.927957 0.365695
vt 0.924693 0.366229
vt 0.701414 0.518236
vt 0.705119 0.592647
vt 0.466877 0.887703
vt 0.427763 0.882622
vt 0.435695 0.676296
vt 0.157351 0.448714
vt 0.384409 0.824078
vt 0.908673 0.886232
vt 0.746445 0.427877
vt 0.135439 0.857500
vt 0.362201 0.351839
vt 0.063524 0.869331
vt 0.007859 0.857500
vt 0.854126 0.000000
vt 0.868359 0.006568
vt 0.123099 0.096541
vt 0.901575 0.602506
vt 0.880485 0.010528
vt 0.855098 0.774294
vt 0.740283 0.804614
vt 0.854712 0.791019
vt 0.608707 0.991776
vt 0.595320 0.883642
vt 0.608707 0.881191
vt 0.697316 0.923717
vt 0.693335 0.881191
vt 0.704447 0.882651
vt 0.978840 0.692754
vt 0.880485 0.122094
vt 0.772269 0.163782
vt 0.357353 0.929596
vt 0.347023 0.887703
vt 0.357353 0.888119
vt 0.987285 0.834833
vt 0.986664 0.905952
vt 0.125637 0.934140
vt 0.142345 0.861532
vt 0.132558 0.934418
vt 0.955513 0.333099
vt 0.951095 0.333322
vt 0.745999 0.041534
vt 0.322852 0.627628
vt 0.295805 0.731038
vt 0.310321 0.730765
vt 0.289375 0.844215
vt 0.282399 0.843737
vt 0.312820 0.628083
vt 0.329176 0.955956
vt 0.942294 0.420479
vt 0.653500 0.882000
vt 0.955540 0.353090
vt 0.329176 0.570563
vt 0.458028 0.946591
vt 0.452707 0.889103
vt 0.458028 0.887703
vt 0.986664 0.834833
vt 0.103674 0.709854
vt 0.172401 0.601151
vt 0.119831 0.684813
vt 0.168725 0.600129
vt 0.566449 0.209914
vt 0.980124 0.333099
vt 0.878324 0.314119
vt 0.864137 0.411635
vt 0.872018 0.314388
vt 0.570000 0.206271
vt 0.795099 0.336525
vt 0.830164 0.325573
vt 0.795240 0.341594
vt 0.265947 0.927498
vt 0.329111 0.933116
vt 0.691339 0.982400
vt 0.681211 0.979066
vt 0.688831 0.881191
vt 0.691339 0.882923
vt 0.715618 0.881191
vt 0.678308 0.793631
vt 0.682007 0.792102
vt 0.462035 0.888328
vt 0.465447 0.887703
vt 0.465447 0.968018
vt 0.877914 0.774294
vt 0.860901 0.852367
vt 0.855098 0.852311
vt 0.347023 0.968602
vt 0.343623 0.889950
vt 0.339331 0.888508
vt 0.305842 0.882631
vt 0.305842 0.993681
vt 0.299515 0.979865
vt 0.540292 0.676296
vt 0.713329 0.881191
vt 0.713329 0.979105
vt 0.709175 0.974324
vt 0.704447 0.976772
vt 0.310614 0.975397
vt 0.305842 0.885333
vt 0.310614 0.882631
vt 0.830923 0.320636
vt 0.834347 0.314119
vt 0.834347 0.404147
vt 0.452707 0.935498
vt 0.856163 0.770641
vt 0.386591 0.887703
vt 0.779519 0.744233
vt 0.496398 0.000000
vt 0.818135 0.774294
vt 0.566449 0.023471
vt 0.534461 0.000246
vt 0.192206 0.024319
vt 0.172412 0.000000
vt 0.878395 0.381207
vt 0.914370 0.427877
vt 0.882972 0.420898
vt 0.992195 0.434623
vt 1.000000 0.967605
vt 0.142345 0.988275
vt 0.555536 0.971221
vt 0.944393 0.000000
vt 0.746445 0.161466
vt 0.446108 0.887703
vt 0.691339 0.924092
vt 0.704447 0.947778
vt 0.351214 0.928029
vt 0.356753 0.947823
vt 0.729174 0.000000
vt 0.866495 0.314119
vt 0.310321 0.882631
vt 0.293704 0.842130
vt 0.329111 0.590632
vt 0.488274 0.898413
vt 0.492707 0.896855
vt 0.492707 0.922437
vt 0.942294 0.333099
vt 0.963648 0.333099
vt 0.653500 0.964182
vt 0.508113 0.742218
vt 0.566396 0.828824
vt 0.554867 0.822440
vt 0.867436 0.935357
vt 0.991807 0.170675
vt 0.836558 0.314964
vt 0.841139 0.314119
vt 0.315374 0.772777
vt 0.979079 0.685557
vt 0.795099 0.314119
vt 0.273049 0.590632
vt 0.148035 0.954294
vt 0.084358 0.959361
vt 0.986664 0.978824
vt 0.986943 0.590303
vt 0.127306 0.857500
vt 0.914370 0.385365
vt 0.985757 0.427877
vt 0.877914 0.935743
s 1
f 1/1/1 188/2/1 56/3/1
f 170/4/2 103/5/2 52/6/2
f 8/7/3 177/8/3 42/9/3
f 55/10/4 34/11/4 169/12/4
f 182/13/5 45/14/5 46/15/5
f 2/16/6 222/17/6 122/18/6
f 5/19/7 176/20/7 29/21/7
f 62/22/8 124/23/8 25/24/8
f 4/25/9 177/8/9 33/26/9
f 48/27/10 181/28/10 203/29/10
f 182/30/11 7/31/11 63/32/11
f 63/32/12 196/33/12 182/30/12
f 64/34/13 7/35/13 85/36/13
f 85/36/14 195/37/14 64/34/14
f 33/38/15 147/39/15 35/40/15
f 8/41/16 146/42/16 33/43/16
f 8/44/17 173/45/17 145/46/17
f 172/47/18 173/48/18 171/49/18
f 88/50/19 169/12/19 89/51/19
f 58/52/20 125/53/20 64/54/20
f 67/55/21 200/56/21 12/57/21
f 14/58/22 137/59/22 15/60/22
f 68/61/23 202/62/23 197/63/23
f 197/63/24 26/64/24 68/61/24
f 17/65/25 200/66/25 201/67/25
f 82/68/26 50/69/26 210/70/26
f 49/71/27 184/72/27 211/73/27
f 225/74/28 42/75/28 93/76/28
f 121/77/29 169/78/29 40/79/29
f 41/80/30 136/81/30 10/82/30
f 19/83/31 168/84/31 18/85/31
f 15/60/32 167/86/32 149/87/32
f 15/60/33 149/87/33 120/88/33
f 22/89/34 218/90/34 90/91/34
f 191/92/35 112/93/35 60/94/35
f 80/95/36 131/96/36 206/97/36
f 18/98/37 150/99/37 149/100/37
f 148/101/38 18/102/38 149/103/38
f 131/104/39 132/105/39 75/106/39
f 111/107/40 70/108/40 23/109/40
f 146/110/41 145/111/41 172/112/41
f 146/110/42 172/112/42 147/113/42
f 76/114/43 80/115/43 115/116/43
f 83/117/44 210/118/44 16/119/44
f 113/120/45 192/121/45 24/122/45
f 20/123/46 137/124/46 69/125/46
f 69/125/47 26/126/47 20/123/47
f 25/24/48 197/63/48 126/127/48
f 59/128/49 112/93/49 27/129/49
f 28/130/50 199/131/50 192/132/50
f 192/133/51 57/134/51 28/135/51
f 111/107/52 195/136/52 30/137/52
f 32/138/53 168/139/53 114/140/53
f 114/140/54 66/141/54 32/138/54
f 61/142/55 171/49/55 173/48/55
f 182/143/56 47/144/56 214/145/56
f 55/146/57 169/78/57 1/1/57
f 73/147/58 79/148/58 206/149/58
f 206/149/59 130/150/59 73/147/59
f 73/151/60 74/152/60 115/153/60
f 115/153/61 79/154/61 73/151/61
f 35/40/62 171/155/62 61/156/62
f 35/157/63 194/158/63 33/159/63
f 87/160/64 215/161/64 86/162/64
f 205/163/65 130/164/65 75/165/65
f 174/166/66 173/48/66 39/167/66
f 39/168/67 175/169/67 174/170/67
f 41/80/68 10/82/68 219/171/68
f 10/172/69 40/173/69 219/174/69
f 75/165/70 132/175/70 205/163/70
f 170/176/71 34/177/71 103/178/71
f 10/179/72 136/180/72 9/181/72
f 224/182/73 93/183/73 42/184/73
f 140/185/74 53/186/74 141/187/74
f 209/188/75 206/149/75 79/148/75
f 123/189/76 217/190/76 116/191/76
f 89/51/77 9/192/77 236/193/77
f 5/19/78 222/194/78 223/195/78
f 38/196/79 45/197/79 82/198/79
f 1/199/80 53/200/80 140/201/80
f 189/202/81 141/203/81 52/6/81
f 52/6/82 141/203/82 53/204/82
f 52/205/83 53/200/83 1/199/83
f 191/206/84 113/207/84 55/146/84
f 191/206/85 56/3/85 27/208/85
f 25/24/86 124/23/86 37/209/86
f 54/210/87 135/211/87 34/177/87
f 56/212/88 234/213/88 124/214/88
f 58/52/89 176/20/90 125/53/91
f 194/158/92 112/93/92 59/128/92
f 193/215/93 57/216/93 31/217/93
f 176/20/90 58/52/89 29/21/94
f 60/94/95 194/158/95 61/218/95
f 197/63/96 25/24/96 65/219/96
f 25/24/97 198/220/97 65/219/97
f 198/221/98 24/122/98 66/222/98
f 24/223/99 199/224/99 66/225/99
f 200/66/100 17/65/100 28/130/100
f 197/226/101 11/227/101 67/55/101
f 128/228/102 95/229/102 14/58/102
f 202/230/103 96/231/103 13/232/103
f 96/231/104 128/233/104 13/232/104
f 70/108/105 111/107/105 73/151/105
f 72/234/106 204/235/106 74/236/106
f 206/149/107 101/237/107 130/150/107
f 75/238/108 101/239/108 227/240/108
f 76/241/109 78/242/109 77/243/109
f 131/104/110 226/244/110 100/245/110
f 131/104/111 100/245/111 132/105/111
f 132/175/112 78/246/112 76/247/112
f 132/175/113 100/248/113 78/246/113
f 115/153/114 208/249/114 79/154/114
f 80/95/115 209/250/115 81/251/115
f 209/188/116 229/252/116 230/253/116
f 16/254/117 102/255/117 232/256/117
f 211/257/118 83/258/118 233/259/118
f 16/260/119 212/261/119 102/262/119
f 212/263/120 238/264/120 233/265/120
f 38/196/121 151/266/121 152/267/121
f 30/137/122 85/268/122 86/162/122
f 84/269/123 204/270/123 30/271/123
f 214/145/124 84/272/124 36/273/124
f 36/273/125 44/274/125 214/145/125
f 219/174/126 90/275/126 41/276/126
f 88/50/127 218/277/127 22/278/127
f 93/76/128 159/279/128 158/280/128
f 96/231/129 202/230/129 133/281/129
f 97/282/130 134/283/130 119/284/130
f 236/285/131 237/286/131 108/287/131
f 136/180/132 221/288/132 237/289/132
f 136/180/133 237/289/133 236/290/133
f 143/291/134 122/292/135 29/293/136
f 3/294/137 193/295/137 110/296/137
f 8/297/138 42/75/138 39/298/138
f 5/19/139 122/299/139 222/194/139
f 182/30/140 196/33/140 45/300/140
f 144/301/141 175/302/141 122/292/141
f 143/303/142 174/166/143 144/304/144
f 143/305/145 29/21/145 3/294/145
f 3/294/146 110/296/146 143/305/146
f 143/306/147 110/307/147 31/308/147
f 171/155/148 147/39/149 172/309/150
f 175/169/151 39/168/151 2/310/151
f 2/310/152 122/311/152 175/169/152
f 8/312/153 39/313/153 173/314/153
f 5/315/154 29/316/154 122/317/154
f 175/318/155 144/304/155 174/166/155
f 25/24/156 126/127/156 62/22/156
f 4/319/157 33/320/157 176/321/157
f 6/322/158 203/323/158 181/324/158
f 45/325/159 6/322/159 181/324/159
f 7/35/160 182/326/160 214/327/160
f 85/36/161 7/35/161 214/327/161
f 62/22/162 45/325/162 196/328/162
f 62/22/163 6/322/163 45/325/163
f 145/329/164 173/48/164 172/47/164
f 9/192/165 169/12/166 34/11/167
f 33/330/168 146/110/168 147/113/168
f 33/26/169 177/8/169 8/7/169
f 8/44/170 145/46/170 146/331/170
f 30/332/171 204/235/171 72/234/171
f 30/332/172 72/234/172 111/333/172
f 9/181/173 170/176/173 10/179/173
f 19/334/174 114/140/174 168/139/174
f 40/79/175 169/78/175 88/335/175
f 190/336/176 113/120/177 198/221/178
f 12/57/179 64/54/180 195/337/181
f 197/226/182 202/230/182 11/227/182
f 11/227/183 201/338/184 200/56/185
f 12/57/186 193/295/186 58/52/186
f 200/56/187 193/295/187 12/57/187
f 23/339/188 12/57/189 195/337/190
f 13/232/191 11/227/191 202/230/191
f 14/58/192 120/88/193 17/65/194
f 23/339/195 197/226/195 67/55/195
f 126/340/196 197/226/196 23/339/196
f 10/172/197 121/341/198 40/173/199
f 14/58/200 17/65/200 201/67/200
f 15/60/201 137/59/201 167/86/201
f 49/342/202 211/343/202 238/344/202
f 213/345/203 211/73/203 184/72/203
f 170/176/204 9/181/204 34/177/204
f 149/100/205 32/138/206 120/346/207
f 18/85/208 168/84/208 150/347/208
f 149/87/209 167/86/209 148/348/209
f 225/349/210 91/350/210 222/351/210
f 148/101/211 19/352/212 18/102/213
f 32/138/214 150/99/214 168/139/214
f 160/353/215 21/354/216 98/355/217
f 20/123/218 148/101/218 167/356/218
f 161/357/219 21/358/220 117/359/221
f 162/360/222 21/358/223 118/361/224
f 134/362/225 21/354/226 119/363/227
f 60/364/228 113/207/229 191/206/230
f 153/365/231 155/366/231 154/367/231
f 6/368/232 70/108/233 203/369/234
f 80/95/235 206/97/235 209/250/235
f 193/370/236 28/130/237 57/371/238
f 23/109/239 195/136/239 111/107/239
f 211/372/240 213/373/240 83/117/240
f 36/374/241 216/375/241 123/376/241
f 121/77/242 1/1/242 169/78/242
f 24/122/243 192/121/243 199/377/243
f 24/122/244 198/221/244 113/120/244
f 20/123/245 26/126/245 19/352/245
f 20/123/246 167/356/246 137/124/246
f 25/24/247 190/378/247 198/220/247
f 52/379/248 1/1/248 121/77/248
f 121/380/249 170/4/249 52/6/249
f 26/64/250 65/219/250 114/381/250
f 114/381/251 19/382/251 26/64/251
f 26/64/252 197/63/252 65/219/252
f 27/129/253 125/383/253 59/128/253
f 27/129/254 112/93/254 191/92/254
f 71/384/255 47/144/256 183/385/257
f 42/75/258 2/16/259 39/298/260
f 29/21/261 193/295/261 3/294/261
f 30/137/262 195/136/262 85/268/262
f 61/142/263 174/166/263 31/386/263
f 31/387/264 110/388/264 193/389/264
f 32/138/265 66/141/265 120/346/265
f 33/320/266 194/390/266 176/321/266
f 173/48/267 174/166/267 61/142/267
f 86/391/268 36/392/269 84/269/270
f 71/384/271 204/393/271 214/145/271
f 55/146/272 1/1/272 56/3/272
f 215/394/273 216/395/273 36/392/273
f 116/396/274 87/397/275 85/36/276
f 234/213/277 188/398/278 189/399/279
f 76/114/280 115/116/280 74/400/280
f 76/247/281 74/401/281 205/163/281
f 238/344/282 50/402/283 49/342/284
f 35/157/285 61/218/285 194/158/285
f 86/162/286 85/268/286 87/160/286
f 234/213/287 189/399/287 104/403/287
f 52/6/288 103/5/288 104/404/288
f 104/404/289 189/202/289 52/6/289
f 205/163/290 132/175/290 76/247/290
f 34/177/291 135/211/291 103/178/291
f 136/180/292 236/290/292 9/181/292
f 222/17/293 42/75/293 225/74/293
f 16/405/294 210/70/294 50/69/294
f 4/25/295 224/406/296 177/8/297
f 223/195/298 176/20/298 5/19/298
f 223/407/299 4/25/300 176/408/301
f 180/409/302 36/273/303 179/410/304
f 42/9/305 177/8/305 224/406/305
f 142/411/306 178/412/306 43/413/306
f 142/414/307 179/415/307 178/416/307
f 142/417/308 180/418/308 179/419/308
f 142/420/309 43/421/309 180/422/309
f 123/423/310 116/396/310 43/421/310
f 123/424/311 43/413/311 178/412/311
f 36/425/312 123/426/312 178/416/312
f 36/425/313 178/416/313 179/415/313
f 116/396/314 180/422/315 43/421/316
f 50/69/317 45/325/318 181/324/319
f 46/427/320 45/197/320 38/196/320
f 38/428/321 182/429/322 46/430/323
f 49/71/324 182/429/325 184/72/326
f 49/342/327 183/431/327 47/432/327
f 49/342/328 48/433/329 183/431/330
f 50/69/331 181/324/331 48/434/331
f 139/435/332 51/436/333 235/437/334
f 138/438/335 185/439/335 51/440/335
f 139/441/336 186/442/337 138/443/336
f 138/443/338 186/442/338 105/444/338
f 105/445/339 185/439/339 138/438/339
f 139/446/340 187/447/340 106/448/340
f 190/378/341 37/209/342 135/211/343
f 139/449/344 235/450/344 107/451/344
f 107/452/345 187/447/345 139/446/345
f 1/1/346 140/453/346 188/2/346
f 188/398/347 140/454/347 189/399/347
f 141/455/348 189/399/348 140/454/348
f 54/456/349 190/336/349 135/457/349
f 27/129/350 56/458/350 124/459/350
f 54/456/351 55/10/352 113/120/353
f 194/158/354 125/383/355 176/460/356
f 56/3/357 191/206/357 55/146/357
f 124/23/358 234/461/358 37/209/358
f 61/142/359 57/134/360 192/133/361
f 60/94/362 112/93/362 194/158/362
f 27/129/363 127/462/364 125/383/365
f 29/21/366 58/52/366 193/295/366
f 61/142/367 192/133/367 60/463/367
f 23/109/368 6/368/368 126/464/368
f 126/127/369 6/322/369 62/22/369
f 196/328/370 124/23/370 62/22/370
f 63/32/371 7/31/371 127/462/371
f 196/33/372 27/129/373 124/459/374
f 120/88/375 28/130/376 17/65/377
f 127/465/378 7/35/378 64/34/378
f 64/54/379 125/53/379 127/466/379
f 198/220/380 114/381/380 65/219/380
f 199/467/381 120/346/381 66/141/381
f 66/141/382 114/140/382 198/468/382
f 73/147/383 48/469/384 203/470/385
f 67/55/386 11/227/386 200/56/386
f 14/58/387 201/67/387 128/228/387
f 14/58/388 95/229/388 137/59/388
f 128/233/389 201/338/389 13/232/389
f 68/61/390 26/64/390 129/471/390
f 129/472/391 26/126/391 69/125/391
f 70/473/392 73/147/392 203/470/392
f 72/234/393 74/236/393 111/333/393
f 73/151/394 111/107/394 74/152/394
f 130/474/395 183/385/395 48/475/395
f 205/476/396 183/385/397 130/474/398
f 205/477/399 204/478/399 71/479/399
f 227/480/400 131/481/401 75/482/402
f 74/236/403 204/235/403 205/483/403
f 75/165/404 130/164/404 101/484/404
f 101/237/405 206/149/405 207/485/405
f 228/486/406 206/487/407 131/488/408
f 80/489/409 77/243/410 99/490/411
f 226/491/412 80/492/413 99/493/414
f 151/494/415 213/373/416 152/495/417
f 79/154/418 208/249/418 229/496/418
f 209/188/419 79/148/419 229/252/419
f 80/95/420 81/251/420 231/497/420
f 115/498/421 80/499/421 231/500/421
f 115/498/422 231/500/422 208/501/422
f 81/251/423 209/250/423 230/502/423
f 16/260/424 238/503/424 212/261/424
f 16/254/425 232/256/425 83/504/425
f 238/264/426 211/505/426 233/265/426
f 233/259/427 83/258/427 232/506/427
f 38/196/428 82/198/428 151/266/428
f 82/68/429 210/70/429 151/507/429
f 152/508/430 184/509/430 38/510/430
f 213/345/431 184/72/431 152/511/431
f 151/494/432 210/118/432 83/117/432
f 44/512/433 85/36/434 214/327/435
f 214/145/436 204/393/436 84/272/436
f 84/269/437 30/271/437 86/391/437
f 153/513/438 217/514/439 155/515/440
f 87/160/441 153/516/441 215/161/441
f 215/394/442 154/517/442 216/395/442
f 155/518/443 216/519/444 154/520/445
f 154/521/446 215/161/446 153/516/446
f 155/518/447 217/190/447 123/189/447
f 159/522/448 91/523/449 158/524/450
f 88/50/451 89/51/451 218/277/451
f 40/79/452 88/335/452 22/525/452
f 40/173/453 22/526/453 219/174/453
f 89/527/454 41/528/454 90/529/454
f 89/527/455 90/529/455 218/530/455
f 90/275/456 219/174/456 22/526/456
f 156/531/457 220/532/457 108/533/457
f 108/534/458 237/535/458 156/536/458
f 156/537/459 109/538/459 220/539/459
f 156/540/460 221/541/460 109/487/460
f 237/542/461 221/541/461 156/540/461
f 157/543/462 222/544/462 91/545/462
f 223/195/463 222/194/463 157/546/463
f 157/547/464 224/548/464 92/549/464
f 92/549/465 223/550/465 157/547/465
f 157/551/466 91/552/466 94/553/466
f 94/554/467 224/555/467 157/556/467
f 158/280/468 225/74/468 93/76/468
f 158/557/469 91/350/469 225/349/469
f 159/522/470 224/555/470 94/554/470
f 161/558/471 95/229/472 128/228/473
f 93/183/474 224/182/474 159/559/474
f 95/229/475 160/560/475 137/59/475
f 162/561/476 96/231/477 133/281/478
f 95/229/479 117/562/479 160/560/479
f 161/563/480 96/231/481 118/564/482
f 68/61/483 133/565/484 202/62/485
f 129/471/486 97/282/487 68/61/488
f 162/566/489 97/282/490 119/284/491
f 69/567/492 134/568/493 129/569/494
f 160/353/495 69/125/496 137/124/497
f 51/436/498 234/570/499 235/437/500
f 163/571/501 99/490/501 77/243/501
f 77/243/502 78/242/502 163/571/502
f 163/572/503 226/491/503 99/493/503
f 100/245/504 226/244/504 163/573/504
f 78/246/505 100/248/505 163/574/505
f 101/237/506 207/485/506 164/575/506
f 227/240/507 101/239/507 164/576/507
f 228/577/508 227/480/508 164/578/508
f 207/579/509 228/486/509 164/580/509
f 165/581/510 229/496/510 208/249/510
f 230/253/511 229/252/511 165/582/511
f 165/583/512 231/500/512 81/584/512
f 81/251/513 230/502/513 165/585/513
f 165/583/514 208/501/514 231/500/514
f 102/586/515 212/587/515 166/588/515
f 232/256/516 102/255/516 166/589/516
f 233/259/517 232/506/517 166/590/517
f 166/591/518 212/263/518 233/265/518
f 185/439/519 37/209/520 51/440/521
f 185/439/522 103/178/523 135/211/524
f 106/592/525 103/5/526 186/442/527
f 103/5/528 105/444/528 186/442/528
f 187/447/529 234/593/530 104/594/531
f 104/594/532 106/448/532 187/447/532
f 109/538/533 89/595/534 220/539/535
f 234/596/536 107/451/536 235/450/536
f 236/193/537 108/533/537 220/532/537
f 89/51/538 236/193/538 220/532/538
f 136/81/539 109/597/540 221/598/541
f 143/291/134 144/301/542 122/292/135
f 143/303/142 31/386/543 174/166/143
f 171/155/148 35/40/544 147/39/149
f 9/192/165 89/51/545 169/12/166
f 190/336/176 54/456/546 113/120/177
f 12/57/179 58/52/547 64/54/180
f 11/227/183 13/232/548 201/338/184
f 23/339/188 67/55/549 12/57/189
f 14/58/192 15/60/550 120/88/193
f 10/172/197 170/599/551 121/341/198
f 149/100/205 150/99/552 32/138/206
f 148/101/211 20/123/553 19/352/212
f 160/353/215 117/600/554 21/354/216
f 161/357/219 118/361/555 21/358/220
f 162/360/222 119/601/556 21/358/223
f 134/362/225 98/355/557 21/354/226
f 60/364/228 192/602/558 113/207/229
f 6/368/232 23/109/559 70/108/233
f 193/370/236 200/66/560 28/130/237
f 71/384/255 214/145/561 47/144/256
f 42/75/258 222/17/562 2/16/259
f 86/391/268 215/394/563 36/392/269
f 116/396/274 217/514/564 87/397/275
f 234/213/277 56/212/565 188/398/278
f 238/344/282 16/603/566 50/402/283
f 4/25/295 92/604/567 224/406/296
f 223/407/299 92/604/568 4/25/300
f 180/409/302 44/274/569 36/273/303
f 116/396/314 44/512/570 180/422/315
f 50/69/317 82/68/571 45/325/318
f 38/428/321 184/72/572 182/429/322
f 49/71/324 47/605/573 182/429/325
f 49/342/328 50/402/574 48/433/329
f 139/435/332 138/606/575 51/436/333
f 139/441/336 106/592/337 186/442/337
f 190/378/341 25/24/576 37/209/342
f 54/456/351 34/11/577 55/10/352
f 194/158/354 59/128/578 125/383/355
f 61/142/359 31/386/579 57/134/360
f 27/129/363 63/32/580 127/462/364
f 196/33/372 63/32/581 27/129/373
f 120/88/375 199/131/582 28/130/376
f 73/147/383 130/150/583 48/469/384
f 205/476/396 71/384/584 183/385/397
f 227/480/400 228/577/585 131/481/401
f 228/486/406 207/579/586 206/487/407
f 80/489/409 76/241/587 77/243/410
f 226/491/412 131/607/588 80/492/413
f 151/494/415 83/117/589 213/373/416
f 44/512/433 116/396/590 85/36/434
f 153/513/438 87/397/591 217/514/439
f 155/518/443 123/189/592 216/519/444
f 159/522/448 94/554/593 91/523/449
f 161/558/471 117/562/594 95/229/472
f 162/561/476 118/564/595 96/231/477
f 161/563/480 128/233/596 96/231/481
f 68/61/483 97/282/597 133/565/484
f 129/471/486 134/283/598 97/282/487
f 162/566/489 133/565/599 97/282/490
f 69/567/492 98/608/600 134/568/493
f 160/353/495 98/355/601 69/125/496
f 51/436/498 37/609/602 234/570/499
f 185/439/519 135/211/603 37/209/520
f 185/439/522 105/445/604 103/178/523
f 106/592/525 104/404/605 103/5/526
f 187/447/529 107/452/606 234/593/530
f 109/538/533 41/610/607 89/595/534
f 136/81/539 41/80/608 109/597/540
o dead-tree-2.001
v -48.332169 5.709599 22.768547
v -47.540569 3.702827 20.796738
v -47.252773 3.534425 20.910753
v -47.431194 3.979084 20.869761
v -47.356300 3.799104 20.773689
v -46.269604 5.491611 23.015354
v -46.565239 5.141711 22.361256
v -47.602570 3.920098 20.938215
v -49.221668 6.099168 22.795780
v -49.120224 6.104808 22.722063
v -46.615688 3.424542 23.657053
v -46.668690 4.150375 22.914917
v -46.437195 2.713833 23.807077
v -46.960014 2.030628 23.754282
v -48.002064 2.776743 23.472176
v -46.485394 6.996080 22.755058
v -47.036900 2.773606 23.284672
v -48.522060 3.103338 23.638460
v -48.057133 3.092476 23.922976
v -47.999756 2.785348 23.879620
v -46.622627 1.345306 25.271662
v -50.277988 6.501279 21.742352
v -46.534382 4.753490 23.117519
v -47.598457 4.020412 23.344828
v -47.279812 4.996775 23.478205
v -47.117188 2.729350 24.724163
v -47.341316 4.991602 22.900282
v -47.171753 3.787562 22.980005
v -47.265240 3.641305 20.879192
v -45.802383 5.422576 22.394821
v -47.381908 3.517999 21.113258
v -47.811172 3.217601 23.512022
v -47.499817 4.095020 21.094690
v -48.433437 5.812069 23.136448
v -47.582233 4.057035 21.273130
v -45.450359 5.830304 21.631361
v -48.060493 5.760906 23.192682
v -46.685184 6.933160 22.718773
v -47.629509 3.767867 20.831339
v -49.248501 6.057361 22.628910
v -49.433292 6.247328 22.646286
v -47.807308 3.911345 19.963947
v -45.152740 6.134979 20.736824
v -45.625168 5.652951 21.711773
v -46.503956 5.864894 22.808414
v -46.579205 5.816325 22.601488
v -46.365982 5.869449 22.455046
v -46.193703 5.868495 22.672901
v -46.509201 6.738764 22.608141
v -46.509476 6.734152 22.761320
v -47.688808 6.555859 23.152018
v -48.342243 5.852211 22.790356
v -48.554256 5.916305 21.288837
v -47.767574 4.988245 23.378988
v -48.177639 5.439267 23.127081
v -48.019745 5.500839 22.968679
v -47.259354 3.919444 22.523878
v -46.950970 4.218997 22.491278
v -47.257526 4.556782 22.450249
v -47.546745 4.266484 22.517752
v -47.557507 3.808107 21.603559
v -46.660145 5.138614 23.092386
v -46.830063 5.090188 22.704720
v -46.638786 4.680459 22.683466
v -47.189259 3.744028 24.015663
v -47.613659 3.549662 23.530590
v -46.738461 3.917787 23.434864
v -46.701904 2.743130 24.689222
v -47.258030 2.156309 24.546667
v -45.904037 5.755786 22.767872
v -46.094513 5.820620 22.389305
v -45.835392 5.701726 22.472265
v -45.261864 7.026228 22.593019
v -45.185410 6.913847 22.437471
v -45.240959 7.345512 22.279043
v -44.969162 7.243024 22.233862
v -44.549625 7.655147 21.650040
v -44.586639 7.633908 21.598995
v -44.857094 7.346458 22.564478
v -44.940903 7.354369 22.341084
v -43.603970 7.952882 22.488518
v -46.620300 7.057072 22.770395
v -46.544628 7.047142 22.686069
v -45.843281 5.649115 22.223774
v -45.844528 5.352761 22.071928
v -45.548141 5.548267 22.005861
v -45.321270 5.508350 21.715281
v -49.495354 6.109581 22.564800
v -49.500607 6.151847 22.686150
v -50.272785 6.542893 21.757215
v -47.820667 3.921062 19.667492
v -47.763344 4.021152 19.730717
v -47.932365 3.902381 19.749632
v -47.835243 3.972613 19.708042
v -46.712917 1.140249 24.376497
v -45.911022 1.702229 24.725266
v -46.526485 2.246419 25.408245
v -47.264809 1.552038 25.197983
v -44.541321 7.719117 21.674246
v -44.642658 7.712831 21.596291
v -45.377880 7.805676 22.199375
v -45.845741 7.420042 22.669006
v -48.203968 5.976285 23.122759
v -48.123280 5.906946 22.999302
v -47.783829 6.598604 23.125851
v -47.766808 6.564728 23.019403
v -47.673580 6.518725 23.045986
v -50.236866 6.877778 23.141142
v -50.232483 6.906856 23.060858
v -47.284630 3.473070 20.987823
v -45.829285 5.614168 22.634584
v -47.471165 4.524065 22.537504
v -47.830849 4.849090 23.219685
v -47.654209 3.564255 23.968561
v -44.860405 7.242164 22.428915
v -45.465614 5.638006 21.585400
v -46.705460 0.972028 24.744061
v -46.036129 1.382613 25.101748
v -46.541294 1.894653 25.606800
v -47.666969 2.932863 23.336672
v -48.399845 5.764499 22.937536
v -47.403107 3.639406 20.828115
v -45.358624 5.660504 21.660866
v -47.403316 5.176474 23.119661
v -47.003258 4.503949 22.475237
v -46.675339 4.923729 23.299250
v -46.799438 4.804441 22.573387
v -46.142319 1.349689 24.355515
v -47.062565 2.452228 24.870550
v -45.311695 7.252795 22.430319
v -45.104183 7.414338 22.304379
v -45.063465 7.312789 22.157421
v -46.027279 2.087415 25.187241
v -47.062111 1.980970 25.446726
v -48.188122 5.804344 23.235144
v -49.416553 6.265746 22.748163
v -47.193295 1.846149 24.134666
v -47.256039 7.610993 22.845112
v -47.225674 7.576896 22.798103
v -48.523380 5.903882 21.270155
v -48.540733 5.942938 21.284470
v -45.201591 6.875880 20.535839
v -47.348408 3.083265 20.401327
v -47.435829 3.102661 20.387152
v -47.877602 4.062409 20.969692
v -47.822075 4.165524 20.931713
v -47.794617 4.229102 21.056570
v -48.529427 2.984322 23.580061
v -48.528095 3.040536 23.465260
v -48.487038 3.146581 23.512581
v -46.544197 8.005535 22.795723
v -46.543739 7.998553 22.742407
v -44.247105 5.325517 21.228836
v -44.243160 5.392415 21.245861
v -44.265423 5.345598 21.189007
v -50.769360 7.866447 23.367990
v -47.910679 4.320799 18.428358
v -48.206932 3.818676 19.391205
v -48.237141 3.880304 19.425098
v -47.199303 1.238988 24.743206
v -46.266220 1.145797 24.733372
v -46.149193 1.799841 25.348595
v -44.112949 7.774673 21.094429
v -45.519691 8.022480 22.103706
v -43.269360 8.256412 22.284595
v -45.740677 7.633813 22.482990
v -48.007561 2.683387 23.650560
v -47.906929 3.288134 23.695097
v -48.447655 5.720763 23.062687
v -48.383644 5.899996 23.044439
v -47.687431 3.967536 21.259287
v -47.886913 4.136622 21.105202
v -47.705776 3.844282 21.102524
v -47.485184 3.485683 21.002125
v -47.494560 3.610960 20.867374
v -47.286701 3.909593 20.975105
v -47.548355 3.975326 20.903687
v -45.125851 6.178226 20.794092
v -45.191021 6.208062 20.813814
v -45.218147 6.163218 20.757696
v -46.294041 5.885720 22.818699
v -46.514095 5.836709 22.474506
v -46.215656 5.859374 22.527880
v -46.662529 7.001599 22.646545
v -47.740101 6.586665 23.165426
v -47.798496 6.593247 23.065893
v -47.715939 6.533472 23.006081
v -48.238827 5.715996 22.706409
v -48.219154 5.832573 22.724003
v -47.540390 4.995744 23.496117
v -47.732544 4.967693 22.930628
v -47.518982 4.054360 22.631939
v -47.066170 3.976277 22.346657
v -47.440285 4.146193 21.565666
v -46.498772 4.644209 22.898563
v -46.840626 5.222942 22.890682
v -46.848122 3.820019 23.885641
v -47.487282 3.978330 23.770334
v -47.465965 3.790342 23.093044
v -46.822704 3.775173 23.151873
v -46.612595 2.403788 23.501247
v -46.348198 2.761333 24.377031
v -46.020130 5.869733 22.795967
v -45.966179 5.717554 22.350918
v -45.260967 7.043579 22.313038
v -45.184650 7.478199 22.438423
v -45.307304 7.853286 22.213728
v -43.526157 7.873076 22.555485
v -44.955662 7.431271 22.480450
v -46.556343 7.140041 22.756329
v -46.523262 6.991216 22.605698
v -45.832626 7.378506 22.623714
v -46.578869 7.094312 22.644623
v -46.085850 5.511427 22.137064
v -45.238731 5.590998 21.754358
v -45.296902 5.676551 21.702660
v -45.305161 5.576409 21.603989
v -50.282120 6.517180 21.777048
v -49.500252 6.196450 22.429768
v -50.263119 6.868406 23.103184
v -50.193581 6.928307 23.096210
v -47.723911 3.862713 19.840666
v -47.711895 3.980215 19.720367
v -47.806889 4.000395 19.791212
v -47.859241 3.855766 19.686350
v -44.604794 7.760128 21.652679
v -45.349056 7.777965 22.118942
v -45.279747 7.829193 22.132252
v -43.555965 7.937435 22.603069
v -43.607826 7.979686 22.557127
v -43.569836 7.895556 22.467133
v -45.902618 7.441731 22.643747
v -45.875637 7.405513 22.571960
v -48.024620 5.832054 23.094154
v -47.657349 6.526720 23.105471
v -49.451118 6.186804 22.774805
v -50.201649 6.908446 23.145926
v -46.467148 6.930744 22.651510
vn -0.2583 -0.8415 -0.4746
vn -0.2970 0.9285 -0.2230
vn -0.6644 0.7354 0.1330
vn -0.6125 -0.4368 0.6588
vn 0.4103 -0.9097 0.0643
vn -0.4036 -0.9119 -0.0751
vn 0.8775 0.2222 -0.4251
vn 0.0617 0.9006 0.4302
vn -0.1698 0.8539 -0.4919
vn 0.0513 0.9953 -0.0823
vn -0.7935 0.1543 -0.5887
vn -0.9140 0.3039 -0.2689
vn -0.1694 -0.5461 -0.8204
vn 0.3954 -0.8283 -0.3970
vn 0.3507 0.8698 0.3471
vn 0.4815 0.4101 -0.7746
vn -0.4244 -0.6908 -0.5854
vn -0.7535 -0.4711 0.4586
vn -0.4472 -0.8505 0.2769
vn 0.4814 0.0390 -0.8756
vn 0.9088 -0.4126 -0.0626
vn -0.3658 -0.7294 -0.5781
vn 0.5364 0.5503 0.6399
vn 0.0471 0.6015 0.7975
vn 0.3101 -0.1898 -0.9316
vn 0.1746 0.0323 0.9841
vn -0.2831 -0.0250 -0.9588
vn -0.3595 -0.8998 0.2474
vn -0.1736 -0.9071 -0.3833
vn 0.4488 0.8636 -0.2299
vn -0.2906 0.8122 0.5058
vn -0.3991 -0.8073 -0.4348
vn -0.1835 -0.3895 -0.9025
vn -0.9602 0.1924 -0.2026
vn -0.6550 0.2470 -0.7142
vn 0.3776 0.9033 -0.2037
vn -0.9082 0.4027 -0.1144
vn -0.9984 0.0544 0.0151
vn -0.2697 0.7556 -0.5969
vn 0.7247 -0.2291 0.6498
vn -0.8860 0.3783 -0.2681
vn -0.7406 0.6505 -0.1684
vn 0.8485 0.2392 -0.4720
vn 0.8198 0.4076 -0.4022
vn -0.9511 -0.2848 -0.1196
vn -0.7614 -0.5698 0.3093
vn -0.6922 -0.0528 0.7198
vn 0.3041 0.4094 0.8602
vn -0.3742 0.6311 -0.6795
vn -0.1893 -0.8614 -0.4714
vn -0.5041 -0.8507 -0.1491
vn 0.7928 -0.4296 0.4323
vn -0.3455 0.8008 -0.4892
vn -0.8531 0.5128 -0.0961
vn -0.9439 -0.1967 0.2651
vn -0.2261 0.5419 -0.8094
vn -0.6732 -0.7002 -0.2378
vn -0.2113 0.3485 0.9132
vn -0.6514 0.3428 0.6769
vn 0.5486 -0.5261 0.6498
vn 0.5598 -0.6633 0.4966
vn -0.5948 0.6200 0.5116
vn -0.4793 0.8770 -0.0347
vn 0.4936 -0.7221 0.4846
vn -0.9089 0.0133 -0.4168
vn -0.8598 -0.5007 -0.1007
vn -0.5761 -0.6182 -0.5347
vn 0.4563 0.8244 -0.3348
vn 0.6002 -0.0561 -0.7979
vn -0.5712 -0.0544 -0.8190
vn -0.5061 0.7437 0.4368
vn 0.4152 0.6637 0.6222
vn -0.6460 0.6791 0.3485
vn -0.4841 0.1034 -0.8689
vn 0.0179 0.7141 0.6998
vn 0.3326 0.6642 -0.6695
vn -0.3478 -0.7896 0.5055
vn 0.8216 -0.4466 -0.3542
vn -0.5851 -0.0313 0.8104
vn -0.4067 -0.9112 -0.0662
vn 0.1764 0.9837 0.0360
vn -0.8727 0.4667 0.1432
vn -0.9867 -0.0904 0.1355
vn -0.7342 -0.5030 -0.4561
vn -0.0790 0.0285 -0.9965
vn 0.6667 0.7325 0.1375
vn -0.3739 -0.0293 0.9270
vn 0.3855 0.3318 -0.8610
vn 0.9557 0.1634 -0.2450
vn 0.9559 0.1622 -0.2448
vn 0.9560 0.1616 -0.2447
vn -0.2817 0.8912 -0.3555
vn 0.4473 -0.8697 0.2087
vn 0.9555 0.1640 -0.2451
vn -0.9398 0.3097 -0.1442
vn 0.2483 0.3970 0.8836
vn -0.4325 0.3289 0.8395
vn -0.9554 0.1346 0.2629
vn -0.9192 -0.1185 -0.3755
vn 0.4261 -0.2079 -0.8804
vn 0.8886 0.3531 0.2927
vn 0.1654 -0.5337 -0.8294
vn 0.9292 0.3269 -0.1723
vn 0.8568 -0.0219 -0.5151
vn 0.6972 -0.2605 0.6678
vn 0.6141 -0.3496 -0.7075
vn -0.5324 0.2712 0.8019
vn -0.9231 -0.3133 -0.2229
vn 0.6095 -0.7843 -0.1156
vn -0.6826 0.7167 -0.1428
vn -0.8533 0.2874 -0.4350
vn -0.1305 -0.8072 -0.5757
vn -0.5568 -0.4198 -0.7168
vn 0.3041 -0.7586 0.5762
vn -0.3125 0.8173 -0.4841
vn -0.2656 0.5413 0.7977
vn -0.1995 0.4750 0.8571
vn -0.4579 0.6680 -0.5866
vn 0.4722 -0.5773 0.6661
vn 0.4103 -0.6229 -0.6661
vn -0.9909 0.1321 -0.0258
vn 0.5637 -0.8195 0.1036
vn 0.7451 0.4823 0.4606
vn -0.4794 0.8761 -0.0500
vn -0.6852 0.3990 -0.6094
vn 0.6226 0.6967 -0.3563
vn -0.6353 -0.7279 0.2579
vn -0.5667 -0.5926 0.5725
vn 0.9299 0.3616 -0.0675
vn -0.1811 0.4892 0.8532
vn 0.1530 -0.3215 0.9345
vn 0.6934 0.6233 0.3615
vn 0.4980 0.0736 0.8641
vn 0.2580 0.6040 -0.7540
vn 0.2689 0.6029 -0.7511
vn 0.2699 0.6028 -0.7509
vn 0.8970 -0.4415 0.0193
vn -0.9783 0.0290 0.2053
vn 0.8540 -0.3737 -0.3620
vn -0.8862 0.4632 -0.0122
vn -0.4670 0.5781 -0.6691
vn -0.2646 -0.8280 0.4944
vn -0.2706 -0.8272 0.4925
vn -0.2639 -0.8281 0.4946
vn 0.9733 0.0472 -0.2245
vn 0.9348 -0.3341 0.1204
vn 0.2817 -0.8129 0.5097
vn -0.3912 0.4582 0.7981
vn -0.2336 0.5340 0.8126
vn -0.1433 0.5689 0.8098
vn -0.6363 -0.6446 -0.4239
vn -0.1243 -0.6432 -0.7555
vn -0.8487 0.3961 -0.3503
vn 0.3247 -0.3890 -0.8621
vn -0.9952 -0.0960 -0.0201
vn 0.2863 0.6539 0.7003
vn 0.5572 0.7950 -0.2398
vn 0.0999 0.4492 0.8878
vn -0.0875 0.4404 0.8935
vn -0.5243 0.1744 -0.8335
vn -0.3366 -0.1291 -0.9327
vn -0.5932 0.4006 0.6983
vn -0.1751 0.3910 0.9036
vn -0.8273 -0.5147 0.2250
vn -0.3917 -0.1623 0.9057
vn -0.4879 -0.4872 0.7242
vn -0.4906 -0.5001 0.7136
vn 0.4134 0.7714 -0.4837
vn -0.7584 0.6214 -0.1967
vn -0.2260 -0.2272 -0.9473
vn 0.6722 0.2707 -0.6892
vn 0.9935 0.1112 0.0226
vn 0.1452 0.9511 0.2726
vn -0.7619 0.6456 0.0522
vn -0.0155 -0.8036 -0.5950
vn -0.6794 -0.0357 0.7329
vn -0.6663 -0.0782 0.7416
vn -0.7196 0.1454 0.6790
vn 0.7760 -0.2887 -0.5609
vn 0.7775 -0.2880 -0.5591
vn 0.7801 -0.2868 -0.5561
vn 0.8816 0.4617 0.0977
vn 0.9208 0.0616 -0.3851
vn 0.8712 0.0766 -0.4848
vn 0.9368 0.0556 -0.3453
vn 0.8264 -0.0585 -0.5601
vn 0.7579 -0.5412 -0.3643
vn 0.9451 -0.2715 0.1817
vn 0.9673 -0.2414 0.0775
vn 0.9057 -0.3018 0.2979
vn 0.9639 0.2067 -0.1677
vn -0.1735 -0.5224 -0.8349
vn -0.1463 -0.5076 -0.8491
vn -0.2035 -0.5381 -0.8180
vn 0.9666 -0.1599 0.2004
vn 0.8427 0.1438 0.5189
vn 0.4355 0.4168 -0.7979
vn 0.4581 0.5076 -0.7298
vn 0.4330 0.4076 -0.8039
vn -0.0375 -0.5367 -0.8430
vn -0.5259 -0.7468 -0.4070
vn 0.6506 0.0289 -0.7588
vn -0.2601 0.2151 -0.9413
vn -0.0289 0.7304 0.6824
vn -0.0516 0.4450 -0.8940
vn -0.0650 0.4925 -0.8679
vn -0.0667 0.4985 -0.8643
vn -0.2994 0.9249 0.2344
vn -0.4154 -0.8150 -0.4039
vn 0.6456 -0.5379 -0.5420
vn -0.5098 -0.3136 0.8011
vn -0.5354 -0.2346 0.8114
vn -0.4934 -0.3584 0.7926
vn -0.0961 0.9109 -0.4012
vn -0.3534 -0.7643 0.5394
vn -0.3547 -0.7629 0.5406
vn -0.3163 -0.8021 0.5066
vn -0.5015 -0.7839 0.3660
vn 0.2602 -0.8365 0.4823
vn 0.2544 -0.8398 0.4797
vn 0.3269 -0.7949 0.5111
vn 0.3299 -0.4811 0.8122
vn 0.3261 -0.4777 0.8157
vn 0.2761 -0.4329 0.8581
vn -0.2796 -0.4298 0.8585
vn -0.2822 -0.4311 0.8570
vn -0.3297 -0.4556 0.8269
vn -0.9547 -0.2016 -0.2191
vn -0.9457 -0.0824 -0.3144
vn -0.9393 -0.0490 -0.3395
vn 0.9163 0.0471 -0.3976
vn 0.5944 -0.0722 0.8009
vn 0.4797 0.1467 0.8651
vn 0.4307 0.2232 0.8745
vn 0.2575 0.8573 -0.4458
vn 0.0542 -0.9594 -0.2768
vn 0.0869 -0.9586 -0.2711
vn 0.0236 -0.9592 -0.2819
vn 0.8104 -0.4609 0.3618
vn 0.8523 0.5075 -0.1266
vn 0.5297 0.1408 -0.8364
vn -0.9309 -0.0255 -0.3645
vn -0.9115 -0.3932 -0.1203
vn -0.9466 -0.2316 0.2244
vn -0.6810 -0.2256 0.6967
vn -0.7642 -0.5791 0.2838
vn 0.0651 0.2629 0.9626
vn -0.9293 -0.0092 -0.3692
vn -0.9398 0.2738 -0.2046
vn -0.2872 0.5346 0.7948
vn -0.5172 0.3670 0.7732
vn 0.1779 0.5718 0.8009
vn 0.2147 0.7221 -0.6577
vn -0.0983 0.6270 -0.7728
vn -0.0234 0.7538 -0.6567
vn 0.0300 0.8577 -0.5133
vn 0.1392 0.9785 -0.1520
vn -0.5458 -0.8372 -0.0348
vn -0.5890 -0.8080 -0.0137
vn -0.5932 -0.8050 -0.0116
vn 0.9862 0.0708 -0.1499
vn 0.7579 -0.6510 0.0418
vn -0.2040 -0.8728 0.4434
vn 0.0122 -0.9383 0.3455
vn -0.4317 0.3043 -0.8491
vn 0.5950 0.7875 -0.1608
vn -0.8088 -0.5533 0.1994
vn 0.5569 0.5871 0.5875
vn 0.4772 0.6376 0.6048
vn 0.6098 0.5483 0.5722
vn 0.2704 0.6131 -0.7423
vn -0.2103 -0.8220 -0.5292
vn 0.3113 0.6375 0.7047
vn -0.1961 -0.7943 -0.5750
vn -0.1990 -0.7952 -0.5727
vn -0.1713 -0.7859 -0.5942
vn 0.8453 0.1517 -0.5124
vn 0.8685 0.0459 -0.4935
vn 0.8824 -0.0789 -0.4639
vn 0.6558 -0.6588 -0.3686
vn 0.2099 -0.6104 -0.7638
vn 0.9801 -0.1249 0.1543
vn 0.9825 -0.1730 0.0690
vn 0.9770 -0.2130 -0.0047
vn -0.8821 0.3421 0.3238
vn 0.5484 -0.6562 0.5183
vn 0.7666 0.5005 -0.4022
vn 0.1588 0.9015 -0.4026
vn 0.0113 0.9643 -0.2645
vn 0.1939 -0.5937 -0.7810
vn -0.3096 0.5001 0.8087
vn 0.0305 0.3076 0.9510
vn -0.2136 -0.9495 0.2300
vn 0.0559 0.0187 0.9983
vn -0.0330 0.9990 0.0312
vn -0.2758 0.9543 0.1149
vn -0.0239 0.9993 0.0281
vn 0.9469 -0.0105 -0.3215
vn 0.5924 0.7927 -0.1439
vn 0.5030 0.8556 -0.1220
vn 0.5007 0.8571 -0.1214
vn -0.8279 0.5608 -0.0064
vn -0.6939 0.7147 0.0879
vn -0.8441 0.5358 -0.0202
vn -0.8818 0.4200 0.2144
vn 0.9173 -0.0468 -0.3954
vn 0.4159 0.3551 0.8372
vn -0.9293 0.1293 0.3459
vn -0.3950 -0.2647 -0.8797
vn 0.4170 -0.8429 -0.3399
vn 0.8767 -0.4785 -0.0503
vn 0.7324 0.4797 0.4832
vn 0.4811 0.7277 0.4889
vn -0.5071 -0.6511 -0.5648
vn -0.4747 -0.6720 -0.5684
vn -0.4723 -0.6735 -0.5686
vn 0.2145 0.0542 0.9752
vn -0.0370 0.0538 0.9979
vn -0.0542 0.0537 0.9971
vn -0.9225 -0.1259 0.3650
vn -0.9301 -0.0646 -0.3616
vn -0.8895 -0.0373 -0.4554
vn -0.8869 -0.0358 -0.4605
vn -0.0065 0.1466 -0.9892
vn -0.1463 0.1457 -0.9784
vn 0.0034 0.1465 -0.9892
vn 0.4370 0.2253 -0.8708
vn 0.9402 0.3405 -0.0049
vn 0.9337 0.3277 -0.1446
vn 0.9316 0.3257 -0.1615
vn 0.8124 0.2422 0.5305
vn 0.7806 -0.1432 0.6084
vn 0.7776 -0.1402 0.6130
vn 0.7774 -0.1401 0.6132
vn 0.3271 0.1378 0.9349
vn -0.7234 0.2456 -0.6453
vn -0.7239 0.2461 -0.6445
vn -0.7233 0.2455 -0.6454
vn -0.8550 0.4916 0.1653
vn -0.5190 0.4688 0.7148
vn -0.2854 -0.0566 -0.9567
vn 0.0786 0.4132 0.9072
vn 0.4006 0.5599 0.7253
vn 0.4274 0.5691 0.7025
vn 0.8884 -0.4196 -0.1860
vn 0.5489 -0.4038 -0.7319
vn -0.0163 -0.9918 -0.1265
vn 0.9689 -0.1319 -0.2092
vn 0.8785 0.4496 -0.1618
vn -0.4548 -0.0780 0.8872
vn 0.4983 0.7273 -0.4720
vn -0.7437 -0.3623 0.5619
vn -0.7828 -0.5261 0.3323
vn -0.7343 -0.3392 0.5880
vn 0.0283 0.9255 -0.3776
vn 0.1866 0.8804 -0.4360
vn 0.0092 0.9291 -0.3698
vn -0.6220 -0.2830 -0.7301
vn 0.5640 0.5582 0.6085
vn -0.5284 -0.8054 0.2686
vn -0.3974 -0.8868 0.2360
vn -0.3720 -0.8995 0.2293
vn -0.9468 0.2887 -0.1423
vn -0.3576 0.4208 -0.8337
vn -0.3521 0.4313 -0.8307
vn -0.3230 0.4846 -0.8129
vn 0.9096 -0.4146 -0.0288
vn -0.9934 -0.0974 0.0605
vn 0.7040 -0.1566 0.6928
vn -0.4507 0.6354 0.6270
vn 0.0603 0.9390 0.3386
vn -0.7916 0.1831 -0.5829
vn -0.3494 0.7319 -0.5851
vn -0.3325 0.6930 -0.6397
vn -0.3250 0.6759 -0.6614
vn -0.1921 -0.2811 -0.9403
vn -0.2784 -0.2280 -0.9330
vn -0.1542 -0.3031 -0.9404
vn 0.1050 -0.5807 -0.8073
vn 0.5224 -0.0770 -0.8492
vn -0.2776 0.5036 0.8181
vn -0.9587 0.1574 -0.2370
vn -0.9384 0.3314 -0.0979
vn -0.4827 0.4408 0.7568
vn -0.5106 0.4611 0.7257
vn -0.5146 0.4639 0.7211
vn 0.9417 0.0881 -0.3247
vn 0.0760 -0.6071 -0.7910
vn -0.5407 -0.5775 -0.6117
vn 0.8713 -0.0089 -0.4907
vn 0.0581 0.4752 0.8779
vn -0.8818 0.0724 0.4660
vn 0.2444 0.0099 0.9696
vn 0.8427 -0.4599 -0.2798
vn 0.7603 -0.2884 0.5820
vn -0.8325 0.5465 0.0916
vn -0.5556 0.3078 -0.7724
vn -0.6281 0.3836 -0.6770
vn -0.5505 0.3027 -0.7780
vn -0.2193 0.0889 -0.9716
vn 0.3380 -0.2369 -0.9108
vn 0.3073 -0.2599 -0.9154
vn 0.3023 -0.2636 -0.9160
vn 0.6026 -0.3411 -0.7215
vn -0.7652 -0.3240 -0.5564
vn -0.4150 0.3638 0.8339
vn 0.8846 0.4188 0.2053
vn 0.8450 0.4628 0.2681
vn 0.8375 0.4701 0.2788
vn 0.8430 -0.4614 0.2765
vn 0.8822 -0.2832 0.3763
vn 0.8843 -0.2612 0.3870
vn 0.2749 0.7636 0.5843
vn 0.1777 0.8074 0.5626
vn 0.2892 0.7562 0.5869
vn 0.9993 -0.0356 -0.0144
vn 0.8146 0.0646 -0.5765
vn 0.9991 -0.0403 0.0138
vn 0.2100 -0.5165 0.8301
vn -0.2572 0.5127 0.8192
vn -0.0423 0.3270 -0.9441
vn 0.2631 -0.4705 -0.8423
vn 0.4210 -0.8073 -0.4135
vn -0.3341 0.8714 -0.3592
vn 0.5069 -0.6859 0.5221
vn -0.3243 0.6056 0.7267
vn 0.2354 -0.4386 -0.8673
vn -0.4686 0.7053 -0.5319
vn -0.6600 0.0329 0.7505
vn 0.2730 -0.0476 0.9608
vn -0.9747 0.1334 -0.1793
vn -0.1467 0.1120 -0.9828
vn 0.9809 -0.0226 0.1934
vn -0.5777 -0.4186 -0.7007
vn -0.5185 -0.4745 -0.7113
vn -0.5095 -0.4825 -0.7125
vn -0.2120 0.7602 -0.6141
vn 0.6106 0.5444 0.5751
vn -0.3247 -0.8897 -0.3208
vn -0.3670 -0.7720 -0.5189
vn -0.3207 -0.8968 -0.3047
vn 0.2422 -0.6018 0.7611
vn 0.4408 0.6644 0.6035
vn -0.0533 0.7873 -0.6143
vn 0.0630 0.8918 -0.4480
vn -0.0584 0.7817 -0.6209
vn 0.4009 -0.2481 0.8819
vn -0.2517 0.4273 -0.8684
vn 0.3646 0.5847 -0.7247
vn 0.3416 0.6342 -0.6936
vn 0.3667 0.5799 -0.7275
vn -0.6214 -0.7479 0.2336
vn -0.1090 -0.9337 -0.3410
vn 0.6930 0.3609 -0.6241
vn -0.4713 0.6015 0.6450
vn -0.4329 0.6438 0.6309
vn 0.6888 0.1659 -0.7057
vn -0.6579 -0.4863 0.5751
vn 0.0426 -0.2016 0.9785
vn -0.7115 -0.1807 -0.6791
vn 0.4274 0.4836 -0.7638
vn 0.8478 0.4306 0.3096
vn -0.0281 -0.9519 -0.3050
vn 0.9175 -0.3265 -0.2272
vn -0.1307 0.9628 0.2363
vn 0.6320 0.7678 0.1051
vn -0.9651 -0.2616 -0.0143
vn -0.8941 0.4160 0.1659
vn -0.2335 -0.8919 0.3872
vn 0.5831 -0.5238 -0.6210
vn 0.0068 0.9478 -0.3189
vn 0.3159 -0.8685 -0.3819
vn 0.3196 -0.8651 -0.3866
vn 0.3078 -0.8758 -0.3717
vn -0.6209 0.5638 0.5447
vn -0.5612 -0.5831 -0.5874
vn 0.9268 -0.0806 0.3668
vn 0.9311 -0.0422 0.3624
vn 0.9102 -0.1753 0.3752
vn -0.4421 -0.8190 -0.3658
vn 0.8389 -0.5368 -0.0898
vn 0.8380 -0.5364 -0.1007
vn 0.8286 -0.5315 -0.1759
vn 0.4073 0.7800 0.4751
vn 0.4275 0.7830 0.4519
vn 0.3933 0.7774 0.4909
vn -0.3107 0.7421 0.5939
vn -0.3152 0.7380 0.5967
vn -0.3056 0.7469 0.5905
vn 0.5055 0.3200 0.8013
vn 0.5298 0.3441 0.7752
vn 0.5707 0.3853 0.7252
vn -0.9163 0.3055 0.2590
vn -0.9195 0.2966 0.2579
vn -0.9119 0.3174 0.2603
vn -0.9926 -0.0825 -0.0887
vn -0.9924 -0.0830 -0.0908
vn -0.9922 -0.0835 -0.0931
vn 0.6885 -0.3693 0.6242
vn 0.9047 -0.4235 0.0474
vn 0.6548 -0.3571 0.6661
vn 0.7791 -0.3078 0.5461
vn 0.3834 -0.9177 0.1039
vn 0.4072 0.8303 0.3804
vn -0.4509 0.8094 -0.3762
vn -0.5894 -0.4415 -0.6765
vn -0.3219 0.1980 0.9258
vn -0.8137 -0.5737 -0.0940
vn 0.1550 0.0467 -0.9868
vn 0.6285 0.7776 -0.0174
vn 0.7839 -0.0911 0.6142
vn -0.0290 0.7192 0.6942
vn -0.5241 0.0056 -0.8516
vn -0.7333 0.6184 -0.2828
vn 0.5589 -0.6945 -0.4530
vn 0.9178 -0.1223 0.3779
vn -0.0695 0.6741 0.7354
vn -0.8289 0.3080 -0.4669
vn 0.4786 -0.5497 -0.6846
vn 0.2289 -0.0567 0.9718
vn 0.2870 -0.0798 0.9546
vn 0.2221 -0.0540 0.9735
vn -0.5670 0.3798 0.7309
vn -0.5918 0.4008 0.6994
vn -0.5927 0.4017 0.6981
vn -0.6511 0.3671 -0.6643
vn -0.6620 0.3782 -0.6471
vn -0.6495 0.3654 -0.6669
vn -0.8196 0.5526 0.1512
vn 0.5695 -0.3444 -0.7464
vn 0.5183 -0.3273 -0.7901
vn 0.5148 -0.3261 -0.7929
vn -0.1780 0.1263 -0.9759
vn -0.6374 -0.2575 -0.7262
vn -0.4859 -0.0376 -0.8732
vn -0.6455 -0.2715 -0.7139
vn 0.8714 -0.4578 -0.1763
vn -0.4366 -0.7555 0.4885
vn -0.4131 -0.7447 0.5242
vn 0.5377 0.8056 -0.2487
vn 0.2799 0.6845 -0.6731
vn 0.2610 0.6708 -0.6942
vn 0.2564 0.6042 -0.7545
vn -0.2710 -0.8271 0.4923
vn -0.4594 0.4188 0.7833
vn -0.3857 -0.1464 0.9110
vn -0.3356 -0.6394 0.6918
vn 0.7743 -0.2894 -0.5628
vn 0.8229 0.0882 -0.5613
vn 0.9735 -0.2266 0.0293
vn -0.1192 -0.4924 -0.8621
vn 0.4598 0.5155 -0.7231
vn -0.0450 0.4216 -0.9057
vn -0.5408 -0.2158 0.8130
vn -0.3909 -0.7213 0.5717
vn 0.1852 -0.8752 0.4470
vn 0.3773 -0.5224 0.7647
vn -0.2315 -0.4038 0.8850
vn -0.9535 -0.2298 -0.1951
vn 0.6107 -0.1105 0.7841
vn 0.0985 -0.9581 -0.2691
vn -0.0742 0.6291 -0.7737
vn -0.5428 -0.8391 -0.0362
vn 0.4066 0.6756 0.6150
vn -0.2493 -0.8097 -0.5313
vn 0.8281 0.2092 -0.5201
vn 0.9710 -0.0839 0.2240
vn -0.2877 0.9503 0.1190
vn 0.5980 0.7883 -0.1453
vn -0.6882 0.7197 0.0913
vn -0.5081 -0.6504 -0.5646
vn 0.2369 0.0541 0.9700
vn -0.9324 -0.0663 -0.3553
vn -0.1604 0.1455 -0.9763
vn 0.9398 0.3416 0.0120
vn 0.7807 -0.1433 0.6082
vn 0.0612 0.4036 0.9129
vn -0.7832 -0.5449 0.2993
vn 0.2239 0.8655 -0.4480
vn -0.5464 -0.7918 0.2728
vn -0.3928 0.3490 -0.8509
vn -0.3574 0.7504 -0.5560
vn -0.3544 -0.1778 -0.9180
vn -0.4807 0.4393 0.7589
vn -0.6356 0.3917 -0.6652
vn 0.3455 -0.2312 -0.9095
vn 0.8964 0.4033 0.1839
vn 0.8391 -0.4725 0.2695
vn 0.1713 0.8099 0.5610
vn 0.8053 0.0670 -0.5890
vn -0.5906 -0.4055 -0.6977
vn -0.3678 -0.7687 -0.5233
vn 0.0668 0.8945 -0.4421
vn 0.3393 0.6390 -0.6904
vn 0.3290 -0.8561 -0.3985
vn 0.9355 0.0463 0.3502
vn 0.8427 -0.5382 -0.0141
vn 0.4422 0.7848 0.4342
vn -0.3202 0.7332 0.5999
vn 0.4614 0.2773 0.8428
vn -0.9228 0.2872 0.2568
vn -0.9929 -0.0821 -0.0865
vn 0.9061 -0.4224 0.0249
vn 0.2897 -0.0809 0.9537
vn -0.5631 0.3765 0.7357
vn -0.6627 0.3789 -0.6459
vn 0.5765 -0.3466 -0.7400
vn -0.4789 -0.0287 -0.8774
vn 0.5433 0.8060 -0.2350
vt 0.246695 0.731158
vt 0.238032 0.727009
vt 0.249275 0.694244
vt 0.466877 0.802643
vt 0.474256 0.786371
vt 0.483881 0.815415
vt 0.063524 0.877098
vt 0.069983 0.876536
vt 0.072362 0.948186
vt 0.686552 0.572630
vt 0.692305 0.610482
vt 0.683811 0.606933
vt 0.488274 0.896855
vt 0.488274 0.922044
vt 0.481996 0.907301
vt 0.302291 0.722294
vt 0.304334 0.646276
vt 0.312820 0.730765
vt 0.500664 0.461468
vt 0.485240 0.448987
vt 0.508331 0.445133
vt 0.254817 0.359193
vt 0.194262 0.382915
vt 0.191640 0.349078
vt 0.080454 0.877368
vt 0.071400 0.857500
vt 0.813934 0.415430
vt 0.824099 0.404147
vt 0.824099 0.426839
vt 0.329176 0.852199
vt 0.353132 0.818872
vt 0.379589 0.844458
vt 0.378250 0.863186
vt 0.155293 0.854633
vt 0.116649 0.820992
vt 0.126322 0.750413
vt 0.172401 0.854916
vt 0.566449 0.903883
vt 0.584000 0.881191
vt 0.579531 0.911092
vt 0.813934 0.424789
vt 0.795099 0.414450
vt 0.813934 0.404147
vt 0.412160 0.915663
vt 0.394464 0.917112
vt 0.402203 0.890625
vt 0.878395 0.770168
vt 0.906297 0.764257
vt 0.902559 0.780253
vt 0.633983 0.703106
vt 0.644087 0.704985
vt 0.410839 0.336984
vt 0.390313 0.350832
vt 0.366386 0.335299
vt 0.401937 0.247001
vt 0.422499 0.264813
vt 0.399709 0.296002
vt 0.832792 0.642670
vt 0.801608 0.669984
vt 0.760461 0.552003
vt 0.162941 0.114870
vt 0.200081 0.120760
vt 0.192962 0.233878
vt 0.127905 0.124721
vt 0.845347 0.563712
vt 0.874885 0.489083
vt 0.871480 0.610490
vt 0.304631 0.507819
vt 0.307439 0.482355
vt 0.311865 0.512377
vt 0.979843 0.920045
vt 0.969003 0.899187
vt 0.981478 0.901360
vt 0.301038 0.628696
vt 0.294095 0.651350
vt 0.292831 0.629974
vt 0.256410 0.734291
vt 0.267489 0.731819
vt 0.274323 0.813510
vt 0.847534 0.392669
vt 0.852519 0.386225
vt 0.864137 0.405007
vt 0.638395 0.923710
vt 0.608707 0.926045
vt 0.638395 0.881637
vt 0.754370 0.567551
vt 0.719323 0.521174
vt 0.793143 0.541156
vt 0.312110 0.736692
vt 0.310321 0.734057
vt 0.312110 0.733684
vt 0.459084 0.863382
vt 0.447301 0.816116
vt 0.461013 0.805829
vt 0.329111 0.756936
vt 0.327372 0.768087
vt 0.314088 0.772776
vt 0.013127 0.972939
vt 0.022184 0.969714
vt 0.027449 0.977426
vt 0.962277 0.433728
vt 0.952835 0.431180
vt 0.967401 0.427877
vt 0.566129 0.837737
vt 0.554867 0.847545
vt 0.556037 0.828824
vt 0.707563 0.322946
vt 0.723630 0.322339
vt 0.724625 0.424804
vt 0.439662 0.910422
vt 0.440285 0.918478
vt 0.427558 0.918478
vt 0.428332 0.907595
vt 0.373814 0.920946
vt 0.361758 0.925395
vt 0.357353 0.912326
vt 0.948429 0.415446
vt 0.953841 0.407915
vt 0.955513 0.420246
vt 0.684027 0.515978
vt 0.624312 0.454962
vt 0.674160 0.453857
vt 0.951879 0.489704
vt 0.979079 0.594904
vt 0.936897 0.590395
vt 0.898527 0.582476
vt 0.244026 0.334506
vt 0.428046 0.809262
vt 0.426149 0.859139
vt 0.850824 0.472078
vt 0.823437 0.471164
vt 0.833809 0.427877
vt 0.922930 0.888430
vt 0.946859 0.881395
vt 0.964314 0.912802
vt 0.704295 0.425064
vt 0.682947 0.327953
vt 0.038840 0.914358
vt 0.020782 0.917410
vt 0.000000 0.884586
vt 0.033802 0.886039
vt 0.923290 0.803338
vt 0.715618 0.819133
vt 0.728915 0.819960
vt 0.745527 0.858053
vt 0.269037 0.697115
vt 0.836674 0.115460
vt 0.839906 0.157459
vt 0.809167 0.146505
vt 0.814766 0.128620
vt 0.744603 0.207118
vt 0.727953 0.205696
vt 0.733019 0.165612
vt 0.746445 0.161736
vt 0.589780 0.912126
vt 0.595320 0.943577
vt 0.458247 0.705967
vt 0.446795 0.729916
vt 0.448667 0.693486
vt 0.628146 0.280457
vt 0.632372 0.270926
vt 0.654726 0.298059
vt 0.929905 0.161348
vt 0.918287 0.159350
vt 0.915089 0.142939
vt 0.939466 0.749763
vt 0.912938 0.743226
vt 0.427558 0.920185
vt 0.421232 0.902909
vt 0.427558 0.887703
vt 0.834347 0.405007
vt 0.317413 0.819483
vt 0.325229 0.827222
vt 0.323315 0.852942
vt 0.926233 0.129030
vt 0.130687 0.466724
vt 0.122530 0.457576
vt 0.144882 0.462801
vt 0.082887 0.519034
vt 0.061273 0.537939
vt 0.072628 0.518090
vt 0.373814 0.921617
vt 0.383902 0.916738
vt 0.386591 0.931003
vt 0.312522 0.733684
vt 0.310321 0.731587
vt 0.312522 0.730765
vt 0.826348 0.158009
vt 0.869349 0.414717
vt 0.874996 0.409037
vt 0.878324 0.419876
vt 0.657164 0.682317
vt 0.652838 0.702938
vt 0.528981 0.543642
vt 0.523682 0.557660
vt 0.105834 0.920260
vt 0.087945 0.992578
vt 0.099071 0.913924
vt 0.653500 0.884720
vt 0.662874 0.999621
vt 0.660061 1.000000
vt 0.495741 0.813592
vt 0.554867 0.895148
vt 0.553765 0.896855
vt 0.662874 0.881191
vt 0.256651 0.647184
vt 0.282399 0.639718
vt 0.232110 0.623791
vt 0.150500 0.440000
vt 0.154202 0.368050
vt 0.139881 0.444806
vt 0.912215 0.205573
vt 0.883042 0.207130
vt 0.927957 0.170675
vt 0.105834 0.870380
vt 0.125637 0.857500
vt 0.125637 0.972387
vt 0.466877 0.721289
vt 0.160314 0.232490
vt 0.146921 0.269863
vt 0.706981 0.441163
vt 0.673587 0.427877
vt 0.299515 0.926914
vt 0.282399 0.923851
vt 0.299515 0.882631
vt 0.396539 0.209641
vt 0.431054 0.207234
vt 0.878395 0.739685
vt 0.828934 0.743603
vt 0.455952 0.118967
vt 0.520551 0.040597
vt 0.478288 0.163229
vt 0.561371 0.059213
vt 0.977047 0.811542
vt 0.964314 0.808907
vt 0.990423 0.705359
vt 0.770520 0.157609
vt 0.441857 0.944846
vt 0.440285 0.909483
vt 0.446108 0.912956
vt 1.000000 0.836618
vt 0.996687 0.905382
vt 0.991959 0.905412
vt 0.566129 0.907831
vt 0.559279 0.907699
vt 0.930223 0.058363
vt 0.937892 0.131765
vt 0.922307 0.057050
vt 0.739709 0.042285
vt 0.316006 0.755861
vt 0.318856 0.628516
vt 0.880485 0.268146
vt 0.873425 0.268404
vt 0.933424 0.421169
vt 0.927957 0.356355
vt 0.933263 0.358413
vt 0.963648 0.418612
vt 0.955513 0.418636
vt 0.962475 0.351964
vt 0.339331 0.955642
vt 0.334313 0.888166
vt 0.339331 0.887703
vt 0.638395 0.941627
vt 0.645208 0.881191
vt 0.644110 0.942266
vt 0.095011 0.857500
vt 0.098550 0.859666
vt 0.658023 0.329844
vt 0.955185 0.182548
vt 0.952405 0.170675
vt 0.980124 0.175813
vt 0.768242 0.847491
vt 0.812925 0.886111
vt 0.792546 0.886092
vt 0.325429 0.933510
vt 0.312203 0.836721
vt 0.569389 0.784377
vt 0.566449 0.783450
vt 0.285282 0.591981
vt 0.291457 0.590632
vt 0.478256 0.022250
vt 0.149059 0.039665
vt 0.099080 0.035385
vt 0.135772 0.005809
vt 0.462035 0.957584
vt 0.458028 0.888183
vt 0.462035 0.887703
vt 0.002317 0.590632
vt 0.000000 0.587054
vt 0.056198 0.532161
vt 0.681211 0.939619
vt 0.671917 0.887464
vt 0.681211 0.881191
vt 0.515314 0.438065
vt 0.435029 0.340411
vt 0.517922 0.430083
vt 0.282399 0.730765
vt 0.292756 0.720881
vt 0.511600 0.451496
vt 0.330709 0.877967
vt 0.675054 0.941463
vt 0.662874 0.887924
vt 0.964314 0.694979
vt 0.957142 0.692754
vt 0.566449 0.461179
vt 0.394464 0.956553
vt 0.386591 0.899168
vt 0.394464 0.887703
vt 0.595320 0.885768
vt 0.420635 0.914128
vt 0.412160 0.903555
vt 0.472909 0.908080
vt 0.481996 0.896855
vt 0.481996 0.921254
vt 0.833005 0.404147
vt 0.833005 0.423122
vt 0.824099 0.416020
vt 0.930872 0.743612
vt 0.916534 0.427877
vt 0.914370 0.408879
vt 0.926517 0.418652
vt 0.295692 0.375854
vt 0.329176 0.405495
vt 0.306577 0.413760
vt 0.289299 0.419139
vt 0.078093 0.800032
vt 0.106959 0.765398
vt 0.246902 0.380404
vt 0.881643 0.757903
vt 0.432234 0.887703
vt 0.412160 0.887703
vt 0.970680 0.834833
vt 0.990423 0.820993
vt 0.005215 0.934521
vt 0.282399 0.834087
vt 0.715617 0.502354
vt 0.360879 0.314492
vt 0.513273 0.177590
vt 0.346173 0.302451
vt 0.329176 0.297686
vt 0.329111 0.776089
vt 0.159305 0.932472
vt 0.161266 0.954294
vt 0.155932 0.949061
vt 0.976904 0.894456
vt 0.063524 0.915697
vt 0.627785 0.881191
vt 0.715618 0.530947
vt 0.451963 0.903468
vt 0.446108 0.904192
vt 0.452707 0.887703
vt 0.934663 0.474220
vt 0.966253 0.638784
vt 0.926340 0.692754
vt 0.921056 0.635449
vt 0.972018 0.486130
vt 0.747308 0.397227
vt 0.795099 0.366479
vt 0.780843 0.417871
vt 0.757566 0.323478
vt 0.746445 0.358639
vt 0.884634 0.640211
vt 0.878395 0.686486
vt 0.258741 0.607008
vt 0.750673 0.423542
vt 0.746445 0.423542
vt 0.749244 0.417871
vt 0.738802 0.365241
vt 0.731920 0.324498
vt 0.878395 0.429085
vt 0.857119 0.437875
vt 0.942294 0.419677
vt 0.944166 0.411129
vt 0.837564 0.406574
vt 0.837564 0.423122
vt 0.833005 0.421375
vt 0.651824 0.433845
vt 0.169910 0.355988
vt 0.241579 0.739103
vt 0.471965 0.815124
vt 0.119987 0.236256
vt 0.078837 0.217671
vt 0.409123 0.807340
vt 0.750544 0.827780
vt 0.740024 0.815581
vt 0.945935 0.761183
vt 0.164098 0.866154
vt 0.172053 0.857500
vt 0.172053 0.979139
vt 0.926517 0.370025
vt 0.961662 0.210111
vt 0.927957 0.235008
vt 0.758569 0.835017
vt 0.957222 0.243113
vt 0.946981 0.241844
vt 0.107488 0.693541
vt 0.127679 0.692863
vt 0.903984 0.238255
vt 0.894174 0.240546
vt 0.373814 0.887703
vt 0.944393 0.170675
vt 0.146485 0.931525
vt 0.880485 0.219208
vt 0.486577 0.791793
vt 0.314804 0.500239
vt 0.078802 0.956515
vt 0.087945 0.961212
vt 0.087945 0.871217
vt 0.852290 0.939154
vt 0.855098 0.933438
vt 0.970865 0.000000
vt 0.950574 0.063763
vt 0.944393 0.063021
vt 0.990323 0.000000
vt 0.976914 0.062275
vt 0.970865 0.062283
vt 0.472909 0.896855
vt 0.472909 0.936574
vt 0.466877 0.935540
vt 0.000000 0.590632
vt 0.058116 0.619261
vt 0.053951 0.623929
vt 0.113951 0.688380
vt 0.970865 0.147561
vt 0.990323 0.138050
vt 0.979405 0.150235
vt 0.105834 0.998701
vt 0.964314 0.907099
vt 0.973623 0.978501
vt 0.964384 0.984577
vt 0.154860 0.857500
vt 0.164098 0.858187
vt 0.142345 0.857837
vt 0.318117 0.416669
vt 0.992195 0.590316
vt 0.979079 0.499098
vt 0.984201 0.499476
vt 0.261963 0.562042
vt 0.193850 0.489377
vt 0.197758 0.486334
vt 0.554867 0.678742
vt 0.503384 0.740126
vt 0.550189 0.676296
vt 0.500992 0.736196
vt 0.191527 0.493467
vt 0.557435 0.676296
vt 0.562133 0.769692
vt 0.557098 0.770342
vt 0.991807 0.326263
vt 0.980124 0.230881
vt 0.985406 0.230992
vt 0.566396 0.771316
vt 0.172401 0.792370
vt 0.927957 0.365695
vt 0.924693 0.366229
vt 0.701414 0.518236
vt 0.705119 0.592647
vt 0.466877 0.887703
vt 0.427763 0.882622
vt 0.435695 0.676296
vt 0.157351 0.448714
vt 0.384409 0.824078
vt 0.908673 0.886232
vt 0.746445 0.427877
vt 0.135439 0.857500
vt 0.362201 0.351839
vt 0.063524 0.869331
vt 0.007859 0.857500
vt 0.854126 0.000000
vt 0.868359 0.006568
vt 0.123099 0.096541
vt 0.901575 0.602506
vt 0.880485 0.010528
vt 0.855098 0.774294
vt 0.740283 0.804614
vt 0.854712 0.791019
vt 0.608707 0.991776
vt 0.595320 0.883642
vt 0.608707 0.881191
vt 0.697316 0.923717
vt 0.693335 0.881191
vt 0.704447 0.882651
vt 0.978840 0.692754
vt 0.880485 0.122094
vt 0.772269 0.163782
vt 0.357353 0.929596
vt 0.347023 0.887703
vt 0.357353 0.888119
vt 0.987285 0.834833
vt 0.986664 0.905952
vt 0.125637 0.934140
vt 0.142345 0.861532
vt 0.132558 0.934418
vt 0.955513 0.333099
vt 0.951095 0.333322
vt 0.745999 0.041534
vt 0.322852 0.627628
vt 0.295805 0.731038
vt 0.310321 0.730765
vt 0.289375 0.844215
vt 0.282399 0.843737
vt 0.312820 0.628083
vt 0.329176 0.955956
vt 0.942294 0.420479
vt 0.653500 0.882000
vt 0.955540 0.353090
vt 0.329176 0.570563
vt 0.458028 0.946591
vt 0.452707 0.889103
vt 0.458028 0.887703
vt 0.986664 0.834833
vt 0.103674 0.709854
vt 0.172401 0.601151
vt 0.119831 0.684813
vt 0.168725 0.600129
vt 0.566449 0.209914
vt 0.980124 0.333099
vt 0.878324 0.314119
vt 0.864137 0.411635
vt 0.872018 0.314388
vt 0.570000 0.206271
vt 0.795099 0.336525
vt 0.830164 0.325573
vt 0.795240 0.341594
vt 0.265947 0.927498
vt 0.329111 0.933116
vt 0.691339 0.982400
vt 0.681211 0.979066
vt 0.688831 0.881191
vt 0.691339 0.882923
vt 0.715618 0.881191
vt 0.678308 0.793631
vt 0.682007 0.792102
vt 0.462035 0.888328
vt 0.465447 0.887703
vt 0.465447 0.968018
vt 0.877914 0.774294
vt 0.860901 0.852367
vt 0.855098 0.852311
vt 0.347023 0.968602
vt 0.343623 0.889950
vt 0.339331 0.888508
vt 0.305842 0.882631
vt 0.305842 0.993681
vt 0.299515 0.979865
vt 0.540292 0.676296
vt 0.713329 0.881191
vt 0.713329 0.979105
vt 0.709175 0.974324
vt 0.704447 0.976772
vt 0.310614 0.975397
vt 0.305842 0.885333
vt 0.310614 0.882631
vt 0.830923 0.320636
vt 0.834347 0.314119
vt 0.834347 0.404147
vt 0.452707 0.935498
vt 0.856163 0.770641
vt 0.386591 0.887703
vt 0.779519 0.744233
vt 0.496398 0.000000
vt 0.818135 0.774294
vt 0.566449 0.023471
vt 0.534461 0.000246
vt 0.192206 0.024319
vt 0.172412 0.000000
vt 0.878395 0.381207
vt 0.914370 0.427877
vt 0.882972 0.420898
vt 0.992195 0.434623
vt 1.000000 0.967605
vt 0.142345 0.988275
vt 0.555536 0.971221
vt 0.944393 0.000000
vt 0.746445 0.161466
vt 0.446108 0.887703
vt 0.691339 0.924092
vt 0.704447 0.947778
vt 0.351214 0.928029
vt 0.356753 0.947823
vt 0.729174 0.000000
vt 0.866495 0.314119
vt 0.310321 0.882631
vt 0.293704 0.842130
vt 0.329111 0.590632
vt 0.488274 0.898413
vt 0.492707 0.896855
vt 0.492707 0.922437
vt 0.942294 0.333099
vt 0.963648 0.333099
vt 0.653500 0.964182
vt 0.508113 0.742218
vt 0.566396 0.828824
vt 0.554867 0.822440
vt 0.867436 0.935357
vt 0.991807 0.170675
vt 0.836558 0.314964
vt 0.841139 0.314119
vt 0.315374 0.772777
vt 0.979079 0.685557
vt 0.795099 0.314119
vt 0.273049 0.590632
vt 0.148035 0.954294
vt 0.084358 0.959361
vt 0.986664 0.978824
vt 0.986943 0.590303
vt 0.127306 0.857500
vt 0.914370 0.385365
vt 0.985757 0.427877
vt 0.877914 0.935743
s 1
f 239/611/609 426/612/609 294/613/609
f 408/614/610 341/615/610 290/616/610
f 246/617/611 415/618/611 280/619/611
f 293/620/612 272/621/612 407/622/612
f 420/623/613 283/624/613 284/625/613
f 240/626/614 460/627/614 360/628/614
f 243/629/615 414/630/615 267/631/615
f 300/632/616 362/633/616 263/634/616
f 242/635/617 415/618/617 271/636/617
f 286/637/618 419/638/618 441/639/618
f 420/640/619 245/641/619 301/642/619
f 301/642/620 434/643/620 420/640/620
f 302/644/621 245/645/621 323/646/621
f 323/646/622 433/647/622 302/644/622
f 271/648/623 385/649/623 273/650/623
f 246/651/624 384/652/624 271/653/624
f 246/654/625 411/655/625 383/656/625
f 410/657/626 411/658/626 409/659/626
f 326/660/627 407/622/627 327/661/627
f 296/662/628 363/663/628 302/664/628
f 305/665/629 438/666/629 250/667/629
f 252/668/630 375/669/630 253/670/630
f 306/671/631 440/672/631 435/673/631
f 435/673/632 264/674/632 306/671/632
f 255/675/633 438/676/633 439/677/633
f 320/678/634 288/679/634 448/680/634
f 287/681/635 422/682/635 449/683/635
f 463/684/636 280/685/636 331/686/636
f 359/687/637 407/688/637 278/689/637
f 279/690/638 374/691/638 248/692/638
f 257/693/639 406/694/639 256/695/639
f 253/670/640 405/696/640 387/697/640
f 253/670/641 387/697/641 358/698/641
f 260/699/642 456/700/642 328/701/642
f 429/702/643 350/703/643 298/704/643
f 318/705/644 369/706/644 444/707/644
f 256/708/645 388/709/645 387/710/645
f 386/711/646 256/712/646 387/713/646
f 369/714/647 370/715/647 313/716/647
f 349/717/648 308/718/648 261/719/648
f 384/720/649 383/721/649 410/722/649
f 384/720/650 410/722/650 385/723/650
f 314/724/651 318/725/651 353/726/651
f 321/727/652 448/728/652 254/729/652
f 351/730/653 430/731/653 262/732/653
f 258/733/654 375/734/654 307/735/654
f 307/735/655 264/736/655 258/733/655
f 263/634/656 435/673/656 364/737/656
f 297/738/657 350/703/657 265/739/657
f 266/740/658 437/741/658 430/742/658
f 430/743/659 295/744/659 266/745/659
f 349/717/660 433/746/660 268/747/660
f 270/748/661 406/749/661 352/750/661
f 352/750/662 304/751/662 270/748/662
f 299/752/663 409/659/663 411/658/663
f 420/753/664 285/754/664 452/755/664
f 293/756/665 407/688/665 239/611/665
f 311/757/666 317/758/666 444/759/666
f 444/759/667 368/760/667 311/757/667
f 311/761/668 312/762/668 353/763/668
f 353/763/669 317/764/669 311/761/669
f 273/650/670 409/765/670 299/766/670
f 273/767/671 432/768/671 271/769/671
f 325/770/672 453/771/672 324/772/672
f 443/773/673 368/774/673 313/775/673
f 412/776/674 411/658/674 277/777/674
f 277/778/675 413/779/675 412/780/675
f 279/690/676 248/692/676 457/781/676
f 248/782/677 278/783/677 457/784/677
f 313/775/678 370/785/678 443/773/678
f 408/786/679 272/787/679 341/788/679
f 248/789/680 374/790/680 247/791/680
f 462/792/681 331/793/681 280/794/681
f 378/795/682 291/796/682 379/797/682
f 447/798/683 444/759/683 317/758/683
f 361/799/684 455/800/684 354/801/684
f 327/661/685 247/802/685 474/803/685
f 243/629/686 460/804/686 461/805/686
f 276/806/687 283/807/687 320/808/687
f 239/809/688 291/810/688 378/811/688
f 427/812/689 379/813/689 290/616/689
f 290/616/690 379/813/690 291/814/690
f 290/815/691 291/810/691 239/809/691
f 429/816/692 351/817/692 293/756/692
f 429/816/693 294/613/693 265/818/693
f 263/634/694 362/633/694 275/819/694
f 292/820/695 373/821/695 272/787/695
f 294/822/696 472/823/696 362/824/696
f 296/662/697 414/630/698 363/663/699
f 432/768/700 350/703/700 297/738/700
f 431/825/701 295/826/701 269/827/701
f 414/630/698 296/662/697 267/631/702
f 298/704/703 432/768/703 299/828/703
f 435/673/704 263/634/704 303/829/704
f 263/634/705 436/830/705 303/829/705
f 436/831/706 262/732/706 304/832/706
f 262/833/707 437/834/707 304/835/707
f 438/676/708 255/675/708 266/740/708
f 435/836/709 249/837/709 305/665/709
f 366/838/710 333/839/710 252/668/710
f 440/840/711 334/841/711 251/842/711
f 334/841/712 366/843/712 251/842/712
f 308/718/713 349/717/713 311/761/713
f 310/844/714 442/845/714 312/846/714
f 444/759/715 339/847/715 368/760/715
f 313/848/716 339/849/716 465/850/716
f 314/851/717 316/852/717 315/853/717
f 369/714/718 464/854/718 338/855/718
f 369/714/719 338/855/719 370/715/719
f 370/785/720 316/856/720 314/857/720
f 370/785/721 338/858/721 316/856/721
f 353/763/722 446/859/722 317/764/722
f 318/705/723 447/860/723 319/861/723
f 447/798/724 467/862/724 468/863/724
f 254/864/725 340/865/725 470/866/725
f 449/867/726 321/868/726 471/869/726
f 254/870/727 450/871/727 340/872/727
f 450/873/728 476/874/728 471/875/728
f 276/806/729 389/876/729 390/877/729
f 268/747/730 323/878/730 324/772/730
f 322/879/731 442/880/731 268/881/731
f 452/755/732 322/882/732 274/883/732
f 274/883/733 282/884/733 452/755/733
f 457/784/734 328/885/734 279/886/734
f 326/660/735 456/887/735 260/888/735
f 331/686/736 397/889/736 396/890/736
f 334/841/737 440/840/737 371/891/737
f 335/892/738 372/893/738 357/894/738
f 474/895/739 475/896/739 346/897/739
f 374/790/740 459/898/740 475/899/740
f 374/790/741 475/899/741 474/900/741
f 381/901/742 360/902/743 267/903/744
f 241/904/745 431/905/745 348/906/745
f 246/907/746 280/685/746 277/908/746
f 243/629/747 360/909/747 460/804/747
f 420/640/748 434/643/748 283/910/748
f 382/911/749 413/912/749 360/902/749
f 381/913/750 412/776/751 382/914/752
f 381/915/753 267/631/753 241/904/753
f 241/904/754 348/906/754 381/915/754
f 381/916/755 348/917/755 269/918/755
f 409/765/756 385/649/757 410/919/758
f 413/779/759 277/778/759 240/920/759
f 240/920/760 360/921/760 413/779/760
f 246/922/761 277/923/761 411/924/761
f 243/925/762 267/926/762 360/927/762
f 413/928/763 382/914/763 412/776/763
f 263/634/764 364/737/764 300/632/764
f 242/929/765 271/930/765 414/931/765
f 244/932/766 441/933/766 419/934/766
f 283/935/767 244/932/767 419/934/767
f 245/645/768 420/936/768 452/937/768
f 323/646/769 245/645/769 452/937/769
f 300/632/770 283/935/770 434/938/770
f 300/632/771 244/932/771 283/935/771
f 383/939/772 411/658/772 410/657/772
f 247/802/773 407/622/774 272/621/775
f 271/940/776 384/720/776 385/723/776
f 271/636/777 415/618/777 246/617/777
f 246/654/778 383/656/778 384/941/778
f 268/942/779 442/845/779 310/844/779
f 268/942/780 310/844/780 349/943/780
f 247/791/781 408/786/781 248/789/781
f 257/944/782 352/750/782 406/749/782
f 278/689/783 407/688/783 326/945/783
f 428/946/784 351/730/785 436/831/786
f 250/667/787 302/664/788 433/947/789
f 435/836/790 440/840/790 249/837/790
f 249/837/791 439/948/792 438/666/793
f 250/667/794 431/905/794 296/662/794
f 438/666/795 431/905/795 250/667/795
f 261/949/796 250/667/797 433/947/798
f 251/842/799 249/837/799 440/840/799
f 252/668/800 358/698/801 255/675/802
f 261/949/803 435/836/803 305/665/803
f 364/950/804 435/836/804 261/949/804
f 248/782/805 359/951/806 278/783/807
f 252/668/808 255/675/808 439/677/808
f 253/670/809 375/669/809 405/696/809
f 287/952/810 449/953/810 476/954/810
f 451/955/811 449/683/811 422/682/811
f 408/786/812 247/791/812 272/787/812
f 387/710/813 270/748/814 358/956/815
f 256/695/816 406/694/816 388/957/816
f 387/697/817 405/696/817 386/958/817
f 463/959/818 329/960/818 460/961/818
f 386/711/819 257/962/820 256/712/821
f 270/748/822 388/709/822 406/749/822
f 398/963/823 259/964/824 336/965/825
f 258/733/826 386/711/826 405/966/826
f 399/967/827 259/968/828 355/969/829
f 400/970/830 259/968/831 356/971/832
f 372/972/833 259/964/834 357/973/835
f 298/974/836 351/817/837 429/816/838
f 391/975/839 393/976/839 392/977/839
f 244/978/840 308/718/841 441/979/842
f 318/705/843 444/707/843 447/860/843
f 431/980/844 266/740/845 295/981/846
f 261/719/847 433/746/847 349/717/847
f 449/982/848 451/983/848 321/727/848
f 274/984/849 454/985/849 361/986/849
f 359/687/850 239/611/850 407/688/850
f 262/732/851 430/731/851 437/987/851
f 262/732/852 436/831/852 351/730/852
f 258/733/853 264/736/853 257/962/853
f 258/733/854 405/966/854 375/734/854
f 263/634/855 428/988/855 436/830/855
f 290/989/856 239/611/856 359/687/856
f 359/990/857 408/614/857 290/616/857
f 264/674/858 303/829/858 352/991/858
f 352/991/859 257/992/859 264/674/859
f 264/674/860 435/673/860 303/829/860
f 265/739/861 363/993/861 297/738/861
f 265/739/862 350/703/862 429/702/862
f 309/994/863 285/754/864 421/995/865
f 280/685/866 240/626/867 277/908/868
f 267/631/869 431/905/869 241/904/869
f 268/747/870 433/746/870 323/878/870
f 299/752/871 412/776/871 269/996/871
f 269/997/872 348/998/872 431/999/872
f 270/748/873 304/751/873 358/956/873
f 271/930/874 432/1000/874 414/931/874
f 411/658/875 412/776/875 299/752/875
f 324/1001/876 274/1002/877 322/879/878
f 309/994/879 442/1003/879 452/755/879
f 293/756/880 239/611/880 294/613/880
f 453/1004/881 454/1005/881 274/1002/881
f 354/1006/882 325/1007/883 323/646/884
f 472/823/885 426/1008/886 427/1009/887
f 314/724/888 353/726/888 312/1010/888
f 314/857/889 312/1011/889 443/773/889
f 476/954/890 288/1012/891 287/952/892
f 273/767/893 299/828/893 432/768/893
f 324/772/894 323/878/894 325/770/894
f 472/823/895 427/1009/895 342/1013/895
f 290/616/896 341/615/896 342/1014/896
f 342/1014/897 427/812/897 290/616/897
f 443/773/898 370/785/898 314/857/898
f 272/787/899 373/821/899 341/788/899
f 374/790/900 474/900/900 247/791/900
f 460/627/901 280/685/901 463/684/901
f 254/1015/902 448/680/902 288/679/902
f 242/635/903 462/1016/904 415/618/905
f 461/805/906 414/630/906 243/629/906
f 461/1017/907 242/635/908 414/1018/909
f 418/1019/910 274/883/911 417/1020/912
f 280/619/913 415/618/913 462/1016/913
f 380/1021/914 416/1022/914 281/1023/914
f 380/1024/915 417/1025/915 416/1026/915
f 380/1027/916 418/1028/916 417/1029/916
f 380/1030/917 281/1031/917 418/1032/917
f 361/1033/918 354/1006/918 281/1031/918
f 361/1034/919 281/1023/919 416/1022/919
f 274/1035/920 361/1036/920 416/1026/920
f 274/1035/921 416/1026/921 417/1025/921
f 354/1006/922 418/1032/923 281/1031/924
f 288/679/925 283/935/926 419/934/927
f 284/1037/928 283/807/928 276/806/928
f 276/1038/929 420/1039/930 284/1040/931
f 287/681/932 420/1039/933 422/682/934
f 287/952/935 421/1041/935 285/1042/935
f 287/952/936 286/1043/937 421/1041/938
f 288/679/939 419/934/939 286/1044/939
f 377/1045/940 289/1046/941 473/1047/942
f 376/1048/943 423/1049/943 289/1050/943
f 377/1051/944 424/1052/945 376/1053/946
f 376/1053/947 424/1052/947 343/1054/947
f 343/1055/948 423/1049/948 376/1048/948
f 377/1056/949 425/1057/949 344/1058/949
f 428/988/950 275/819/951 373/821/952
f 377/1059/953 473/1060/953 345/1061/953
f 345/1062/954 425/1057/954 377/1056/954
f 239/611/955 378/1063/955 426/612/955
f 426/1008/956 378/1064/956 427/1009/956
f 379/1065/957 427/1009/957 378/1064/957
f 292/1066/958 428/946/958 373/1067/958
f 265/739/959 294/1068/959 362/1069/959
f 292/1066/960 293/620/961 351/730/962
f 432/768/963 363/993/964 414/1070/965
f 294/613/966 429/816/966 293/756/966
f 362/633/967 472/1071/967 275/819/967
f 299/752/968 295/744/969 430/743/970
f 298/704/971 350/703/971 432/768/971
f 265/739/972 365/1072/973 363/993/974
f 267/631/975 296/662/975 431/905/975
f 299/752/976 430/743/976 298/1073/976
f 261/719/977 244/978/977 364/1074/977
f 364/737/978 244/932/978 300/632/978
f 434/938/979 362/633/979 300/632/979
f 301/642/980 245/641/980 365/1072/980
f 434/643/981 265/739/982 362/1069/983
f 358/698/984 266/740/985 255/675/986
f 365/1075/987 245/645/987 302/644/987
f 302/664/988 363/663/988 365/1076/988
f 436/830/989 352/991/989 303/829/989
f 437/1077/990 358/956/990 304/751/990
f 304/751/991 352/750/991 436/1078/991
f 311/757/992 286/1079/993 441/1080/994
f 305/665/995 249/837/995 438/666/995
f 252/668/996 439/677/996 366/838/996
f 252/668/997 333/839/997 375/669/997
f 366/843/998 439/948/998 251/842/998
f 306/671/999 264/674/999 367/1081/999
f 367/1082/1000 264/736/1000 307/735/1000
f 308/1083/1001 311/757/1001 441/1080/1001
f 310/844/1002 312/846/1002 349/943/1002
f 311/761/1003 349/717/1003 312/762/1003
f 368/1084/1004 421/995/1004 286/1085/1004
f 443/1086/1005 421/995/1006 368/1084/1007
f 443/1087/1008 442/1088/1008 309/1089/1008
f 465/1090/1009 369/1091/1010 313/1092/1011
f 312/846/1012 442/845/1012 443/1093/1012
f 313/775/1013 368/774/1013 339/1094/1013
f 339/847/1014 444/759/1014 445/1095/1014
f 466/1096/1015 444/1097/1016 369/1098/1017
f 318/1099/1018 315/853/1019 337/1100/1020
f 464/1101/1021 318/1102/1022 337/1103/1023
f 389/1104/1024 451/983/1025 390/1105/1026
f 317/764/1027 446/859/1027 467/1106/1027
f 447/798/1028 317/758/1028 467/862/1028
f 318/705/1029 319/861/1029 469/1107/1029
f 353/1108/1030 318/1109/1030 469/1110/1030
f 353/1108/1031 469/1110/1031 446/1111/1031
f 319/861/1032 447/860/1032 468/1112/1032
f 254/870/1033 476/1113/1033 450/871/1033
f 254/864/1034 470/866/1034 321/1114/1034
f 476/874/1035 449/1115/1035 471/875/1035
f 471/869/1036 321/868/1036 470/1116/1036
f 276/806/1037 320/808/1037 389/876/1037
f 320/678/1038 448/680/1038 389/1117/1038
f 390/1118/1039 422/1119/1039 276/1120/1039
f 451/955/1040 422/682/1040 390/1121/1040
f 389/1104/1041 448/728/1041 321/727/1041
f 282/1122/1042 323/646/1043 452/937/1044
f 452/755/1045 442/1003/1045 322/882/1045
f 322/879/1046 268/881/1046 324/1001/1046
f 391/1123/1047 455/1124/1048 393/1125/1049
f 325/770/1050 391/1126/1050 453/771/1050
f 453/1004/1051 392/1127/1051 454/1005/1051
f 393/1128/1052 454/1129/1053 392/1130/1054
f 392/1131/1055 453/771/1055 391/1126/1055
f 393/1128/1056 455/800/1056 361/799/1056
f 397/1132/1057 329/1133/1058 396/1134/1059
f 326/660/1060 327/661/1060 456/887/1060
f 278/689/1061 326/945/1061 260/1135/1061
f 278/783/1062 260/1136/1062 457/784/1062
f 327/1137/1063 279/1138/1063 328/1139/1063
f 327/1137/1064 328/1139/1064 456/1140/1064
f 328/885/1065 457/784/1065 260/1136/1065
f 394/1141/1066 458/1142/1066 346/1143/1066
f 346/1144/1067 475/1145/1067 394/1146/1067
f 394/1147/1068 347/1148/1068 458/1149/1068
f 394/1150/1069 459/1151/1069 347/1097/1069
f 475/1152/1070 459/1151/1070 394/1150/1070
f 395/1153/1071 460/1154/1071 329/1155/1071
f 461/805/1072 460/804/1072 395/1156/1072
f 395/1157/1073 462/1158/1073 330/1159/1073
f 330/1159/1074 461/1160/1074 395/1157/1074
f 395/1161/1075 329/1162/1075 332/1163/1075
f 332/1164/1076 462/1165/1076 395/1166/1076
f 396/890/1077 463/684/1077 331/686/1077
f 396/1167/1078 329/960/1078 463/959/1078
f 397/1132/1079 462/1165/1079 332/1164/1079
f 399/1168/1080 333/839/1081 366/838/1082
f 331/793/1083 462/792/1083 397/1169/1083
f 333/839/1084 398/1170/1084 375/669/1084
f 400/1171/1085 334/841/1086 371/891/1087
f 333/839/1088 355/1172/1088 398/1170/1088
f 399/1173/1089 334/841/1090 356/1174/1091
f 306/671/1092 371/1175/1093 440/672/1094
f 367/1081/1095 335/892/1096 306/671/1097
f 400/1176/1098 335/892/1099 357/894/1100
f 307/1177/1101 372/1178/1102 367/1179/1103
f 398/963/1104 307/735/1105 375/734/1106
f 289/1046/1107 472/1180/1108 473/1047/1109
f 401/1181/1110 337/1100/1110 315/853/1110
f 315/853/1111 316/852/1111 401/1181/1111
f 401/1182/1112 464/1101/1112 337/1103/1112
f 338/855/1113 464/854/1113 401/1183/1113
f 316/856/1114 338/858/1114 401/1184/1114
f 339/847/1115 445/1095/1115 402/1185/1115
f 465/850/1116 339/849/1116 402/1186/1116
f 466/1187/1117 465/1090/1117 402/1188/1117
f 445/1189/1118 466/1096/1118 402/1190/1118
f 403/1191/1119 467/1106/1119 446/859/1119
f 468/863/1120 467/862/1120 403/1192/1120
f 403/1193/1121 469/1110/1121 319/1194/1121
f 319/861/1122 468/1112/1122 403/1195/1122
f 403/1193/1123 446/1111/1123 469/1110/1123
f 340/1196/1124 450/1197/1124 404/1198/1124
f 470/866/1125 340/865/1125 404/1199/1125
f 471/869/1126 470/1116/1126 404/1200/1126
f 404/1201/1127 450/873/1127 471/875/1127
f 423/1049/1128 275/819/1129 289/1050/1130
f 423/1049/1131 341/788/1132 373/821/1133
f 344/1202/1134 341/615/1135 424/1052/1136
f 341/615/1137 343/1054/1137 424/1052/1137
f 425/1057/1138 472/1203/1139 342/1204/1140
f 342/1204/1141 344/1058/1141 425/1057/1141
f 347/1148/1142 327/1205/1143 458/1149/1144
f 472/1206/1145 345/1061/1145 473/1060/1145
f 474/803/1146 346/1143/1146 458/1142/1146
f 327/661/1147 474/803/1147 458/1142/1147
f 374/691/1148 347/1207/1149 459/1208/1150
f 381/901/742 382/911/1151 360/902/743
f 381/913/750 269/996/1152 412/776/751
f 409/765/756 273/650/1153 385/649/757
f 247/802/773 327/661/1154 407/622/774
f 428/946/784 292/1066/1155 351/730/785
f 250/667/787 296/662/1156 302/664/788
f 249/837/791 251/842/1157 439/948/792
f 261/949/796 305/665/1158 250/667/797
f 252/668/800 253/670/1159 358/698/801
f 248/782/805 408/1209/1160 359/951/806
f 387/710/813 388/709/1161 270/748/814
f 386/711/819 258/733/1162 257/962/820
f 398/963/823 355/1210/1163 259/964/824
f 399/967/827 356/971/1164 259/968/828
f 400/970/830 357/1211/1165 259/968/831
f 372/972/833 336/965/1166 259/964/834
f 298/974/836 430/1212/1167 351/817/837
f 244/978/840 261/719/1168 308/718/841
f 431/980/844 438/676/1169 266/740/845
f 309/994/863 452/755/1170 285/754/864
f 280/685/866 460/627/1171 240/626/867
f 324/1001/876 453/1004/1172 274/1002/877
f 354/1006/882 455/1124/1173 325/1007/883
f 472/823/885 294/822/1174 426/1008/886
f 476/954/890 254/1213/1175 288/1012/891
f 242/635/903 330/1214/1176 462/1016/904
f 461/1017/907 330/1214/1177 242/635/908
f 418/1019/910 282/884/1178 274/883/911
f 354/1006/922 282/1122/1179 418/1032/923
f 288/679/925 320/678/1180 283/935/926
f 276/1038/929 422/682/1181 420/1039/930
f 287/681/932 285/1215/1182 420/1039/933
f 287/952/936 288/1012/1183 286/1043/937
f 377/1045/940 376/1216/1184 289/1046/941
f 377/1051/944 344/1202/945 424/1052/945
f 428/988/950 263/634/1185 275/819/951
f 292/1066/960 272/621/1186 293/620/961
f 432/768/963 297/738/1187 363/993/964
f 299/752/968 269/996/1188 295/744/969
f 265/739/972 301/642/1189 365/1072/973
f 434/643/981 301/642/1190 265/739/982
f 358/698/984 437/741/1191 266/740/985
f 311/757/992 368/760/1192 286/1079/993
f 443/1086/1005 309/994/1193 421/995/1006
f 465/1090/1009 466/1187/1194 369/1091/1010
f 466/1096/1015 445/1189/1195 444/1097/1016
f 318/1099/1018 314/851/1196 315/853/1019
f 464/1101/1021 369/1217/1197 318/1102/1022
f 389/1104/1024 321/727/1198 451/983/1025
f 282/1122/1042 354/1006/1199 323/646/1043
f 391/1123/1047 325/1007/1200 455/1124/1048
f 393/1128/1052 361/799/1201 454/1129/1053
f 397/1132/1057 332/1164/1202 329/1133/1058
f 399/1168/1080 355/1172/1203 333/839/1081
f 400/1171/1085 356/1174/1204 334/841/1086
f 399/1173/1089 366/843/1205 334/841/1090
f 306/671/1092 335/892/1206 371/1175/1093
f 367/1081/1095 372/893/1207 335/892/1096
f 400/1176/1098 371/1175/1208 335/892/1099
f 307/1177/1101 336/1218/1209 372/1178/1102
f 398/963/1104 336/965/1210 307/735/1105
f 289/1046/1107 275/1219/1211 472/1180/1108
f 423/1049/1128 373/821/1212 275/819/1129
f 423/1049/1131 343/1055/1213 341/788/1132
f 344/1202/1134 342/1014/1214 341/615/1135
f 425/1057/1138 345/1062/1215 472/1203/1139
f 347/1148/1142 279/1220/1216 327/1205/1143
f 374/691/1148 279/690/1217 347/1207/1149
o dead-tree-2.002
v 45.615761 5.852469 14.596017
v 47.134960 5.518727 12.121659
v 47.324192 5.222015 12.140072
v 47.211807 5.607909 12.404066
v 47.313137 5.523922 12.231119
v 47.298012 4.739888 15.138972
v 47.329319 5.053843 14.405401
v 47.025486 5.592371 12.353302
v 44.843342 6.437549 14.665077
v 44.967758 6.449294 14.653256
v 46.573765 3.114492 13.859176
v 46.920151 4.089858 13.954510
v 46.619564 2.484676 13.458290
v 46.147209 2.280161 12.766951
v 45.407608 3.358165 12.881134
v 47.316200 5.972201 16.065699
v 46.344189 3.098850 13.030408
v 44.890198 3.666705 13.085588
v 45.162872 3.291974 13.372726
v 45.216679 3.097914 13.129941
v 45.684818 0.715306 13.239564
v 44.438168 7.799019 14.057260
v 46.975658 4.297522 14.568211
v 45.892132 4.091093 13.857805
v 46.163288 4.514050 14.763447
v 45.587772 2.165592 13.828783
v 46.383358 4.910644 14.400007
v 46.427097 4.009262 13.581217
v 47.334202 5.316935 12.198936
v 47.999134 4.914932 14.845873
v 47.113705 5.130392 12.212563
v 45.581013 3.543922 13.290777
v 47.051231 5.563996 12.606626
v 45.357880 5.719661 14.864278
v 46.891998 5.455647 12.661233
v 48.693596 5.538190 14.797852
v 45.655888 5.503302 14.960438
v 47.154427 6.033376 15.942093
v 47.044052 5.573463 12.167237
v 44.896660 6.529412 14.527122
v 44.736729 6.714241 14.631030
v 47.307720 6.300632 11.713066
v 49.396740 6.201045 14.579191
v 48.491959 5.439260 14.663562
v 47.211296 5.209249 15.235232
v 47.240730 5.341784 15.055211
v 47.500507 5.387780 15.066675
v 47.548340 5.177815 15.242084
v 47.350647 5.909769 15.777118
v 47.277424 5.807272 15.864402
v 46.046116 5.900631 15.639852
v 45.604534 5.934980 14.714260
v 46.134769 7.036311 13.814519
v 45.781502 4.764654 14.565297
v 45.566151 5.382840 14.645930
v 45.783482 5.463843 14.641635
v 46.574085 4.426030 13.386747
v 46.877182 4.520853 13.678360
v 46.646294 4.887617 13.826463
v 46.343983 4.768587 13.567783
v 46.742920 5.069207 12.675344
v 46.898670 4.613701 14.810845
v 46.930767 4.901049 14.497951
v 47.085949 4.573293 14.227004
v 45.917591 3.314399 14.157721
v 45.764252 3.670170 13.607173
v 46.599003 3.627937 14.067669
v 45.969887 2.034113 13.931602
v 45.516285 1.963725 13.250979
v 47.751373 4.928965 15.291906
v 47.767426 5.292120 15.064622
v 47.948986 5.059062 15.094316
v 48.469482 5.616463 16.325661
v 48.604198 5.614496 16.169079
v 48.654766 6.020025 16.387041
v 48.909214 5.875977 16.356617
v 49.577934 6.358757 16.436855
v 49.568470 6.392681 16.380409
v 48.856464 5.684223 16.661596
v 48.889355 5.867556 16.512268
v 50.027107 5.635609 17.417292
v 47.193832 6.054891 16.084265
v 47.299782 6.073536 16.047337
v 48.057091 5.189531 14.904923
v 48.111511 5.096055 14.589988
v 48.414135 5.149696 14.779650
v 48.749134 5.223555 14.638849
v 44.713200 6.702042 14.461432
v 44.653339 6.652681 14.563999
v 44.438007 7.814371 14.099021
v 47.437275 6.504968 11.540959
v 47.463203 6.506420 11.669905
v 47.299122 6.483295 11.545103
v 47.408104 6.517850 11.600098
v 46.019039 1.199522 12.528681
v 46.589218 1.023109 13.379723
v 45.754818 1.174668 14.029494
v 45.167313 1.149947 13.177601
v 49.577312 6.381351 16.501942
v 49.524967 6.467768 16.423346
v 48.598064 6.424844 16.651146
v 47.942593 6.052526 16.510088
v 45.575111 5.745189 15.043075
v 45.700718 5.748677 14.939292
v 45.977470 5.982772 15.630840
v 46.041065 6.023273 15.546675
v 46.107754 5.939450 15.552976
v 43.831242 7.118123 15.183350
v 43.874836 7.187512 15.158957
v 47.256187 5.144522 12.130619
v 47.872387 4.894180 15.125912
v 46.415394 4.893540 13.795241
v 45.793774 4.802614 14.348148
v 45.521519 3.410802 13.866949
v 48.912086 5.705856 16.501270
v 48.691265 5.449028 14.620740
v 45.841671 0.848200 12.621262
v 46.282711 0.619627 13.326784
v 45.627869 0.822642 13.876706
v 45.774998 3.416139 13.010314
v 45.479156 5.804873 14.719410
v 47.237251 5.403079 12.129654
v 48.750664 5.372551 14.711684
v 46.235085 4.912564 14.653307
v 46.854809 4.737115 13.870503
v 46.775097 4.345429 14.766590
v 47.004036 4.788610 14.211898
v 46.541889 1.125173 12.830322
v 45.550751 1.868747 13.720517
v 48.515629 5.889162 16.387251
v 48.766724 5.994568 16.491465
v 48.866577 6.008097 16.338453
v 46.289318 1.018853 13.913901
v 45.251244 1.187477 13.705321
v 45.526058 5.554080 14.983774
v 44.704094 6.653396 14.709969
v 45.751400 2.004514 12.789253
v 46.630955 6.616265 16.375122
v 46.678036 6.612730 16.329678
v 46.170067 7.028251 13.802434
v 46.150215 7.051156 13.835791
v 49.490692 6.832695 15.008034
v 47.456818 5.297477 11.470055
v 47.387848 5.353652 11.452534
v 46.776932 5.772495 12.404892
v 46.849503 5.842426 12.475615
v 46.817898 5.791793 12.605316
v 44.904800 3.630183 12.958770
v 44.963615 3.740862 12.933635
v 44.983143 3.762915 13.053229
v 47.301701 6.625257 16.838627
v 47.327026 6.655206 16.801840
v 49.913326 4.998954 14.504356
v 49.912453 5.029834 14.566215
v 49.917271 5.045108 14.490959
v 43.311131 7.822703 15.921947
v 47.968872 7.606004 11.084372
v 47.223454 6.769805 11.194319
v 47.184273 6.799707 11.252888
v 45.423248 1.216369 12.688522
v 46.242264 0.795572 12.866206
v 46.089546 0.774837 13.758515
v 50.231953 6.626200 16.316807
v 48.531055 6.683744 16.720049
v 50.434795 5.834114 17.617447
v 48.135147 6.271208 16.590342
v 45.312870 3.183625 12.914706
v 45.413933 3.508365 13.426722
v 45.375301 5.713839 14.747479
v 45.450211 5.817101 14.889887
v 46.801167 5.447784 12.556562
v 46.708569 5.736298 12.538955
v 46.852589 5.476779 12.365204
v 47.073952 5.222219 12.094037
v 47.136696 5.394984 12.106482
v 47.284824 5.437452 12.453249
v 47.092587 5.629436 12.389433
v 49.395592 6.181362 14.653247
v 49.330654 6.213543 14.669802
v 49.330963 6.231531 14.595154
v 47.391953 5.133632 15.314281
v 47.359341 5.412029 15.013073
v 47.597401 5.274808 15.143181
v 47.212440 6.115944 15.957278
v 45.996422 5.932095 15.657176
v 45.992752 6.024040 15.587225
v 46.090321 5.991628 15.528945
v 45.727604 5.860362 14.589430
v 45.743050 5.916997 14.693548
v 45.925854 4.604111 14.702322
v 46.023983 5.029072 14.293341
v 46.302288 4.545496 13.482352
v 46.831081 4.502324 13.377311
v 46.882778 5.267632 12.940948
v 47.104778 4.354847 14.365247
v 46.840626 4.870601 14.705953
v 46.283203 3.314330 14.231087
v 45.785408 3.743366 14.108570
v 46.115170 4.053159 13.570238
v 46.651390 3.752313 13.768828
v 46.593361 2.550847 12.994221
v 46.429798 2.109986 13.856561
v 47.642437 5.030402 15.363285
v 47.892605 5.199642 14.998716
v 48.604168 5.809451 16.172991
v 48.635979 5.980546 16.597437
v 48.655899 6.418741 16.714954
v 50.059193 5.509599 17.417736
v 48.814526 5.832737 16.649174
v 47.261330 6.092861 16.156202
v 47.353580 6.081038 15.963113
v 47.973293 6.049816 16.455326
v 47.292023 6.144612 16.049166
v 47.877499 5.251684 14.683112
v 48.807697 5.219459 14.747125
v 48.785934 5.331560 14.765440
v 48.819923 5.333848 14.628795
v 44.418953 7.788422 14.088759
v 44.777866 6.848255 14.445828
v 43.825680 7.147025 15.146585
v 43.893421 7.163189 15.206772
v 47.436779 6.316408 11.625813
v 47.511021 6.466316 11.646762
v 47.395077 6.470692 11.678200
v 47.390789 6.465404 11.492167
v 49.534096 6.446980 16.502937
v 48.660019 6.447803 16.590296
v 48.717445 6.445227 16.655880
v 50.014023 5.532216 17.486605
v 49.992645 5.609941 17.477243
v 50.064034 5.598826 17.370472
v 47.905842 6.105400 16.496050
v 47.961594 6.117929 16.433380
v 45.738152 5.599539 14.965676
v 46.094215 5.899590 15.598734
v 44.656670 6.598320 14.656545
v 43.861618 7.121118 15.219013
v 47.377735 5.989880 15.959749
vn -0.0486 -0.1371 -0.9894
vn -0.1031 0.8654 0.4903
vn -0.6056 0.6527 0.4551
vn -0.8752 -0.4718 -0.1070
vn 0.2789 -0.7945 -0.5394
vn -0.3698 -0.3855 -0.8453
vn 0.9850 0.0761 0.1552
vn -0.0997 0.2817 0.9543
vn 0.1321 0.9419 0.3089
vn 0.1398 0.6806 0.7192
vn -0.4088 0.7949 -0.4483
vn -0.6581 0.7315 -0.1781
vn 0.2101 0.2449 -0.9465
vn 0.4895 -0.4358 -0.7553
vn 0.1919 0.2021 0.9604
vn 0.8136 0.5812 -0.0176
vn -0.1335 0.0982 -0.9862
vn -0.9059 -0.3085 -0.2902
vn -0.5718 -0.5574 -0.6020
vn 0.8407 0.4056 -0.3587
vn 0.8049 -0.5846 -0.1022
vn -0.0876 0.0453 -0.9951
vn 0.1982 -0.2690 0.9425
vn -0.3036 -0.1460 0.9416
vn 0.7040 0.3605 -0.6119
vn -0.3121 -0.6875 0.6557
vn 0.2052 0.7184 -0.6647
vn -0.4835 -0.6047 -0.6329
vn -0.0212 -0.2724 -0.9620
vn 0.5516 0.5347 0.6402
vn -0.4500 0.3134 0.8363
vn -0.1893 -0.0854 -0.9782
vn 0.2456 0.4057 -0.8804
vn -0.7364 0.6341 -0.2359
vn -0.2224 0.8823 -0.4148
vn 0.4789 0.5715 0.6664
vn -0.7209 0.6930 -0.0101
vn -0.8810 0.4178 -0.2218
vn 0.0888 0.9854 0.1451
vn 0.3152 -0.8563 0.4092
vn -0.6297 0.7684 -0.1137
vn -0.5341 0.8235 0.1913
vn 0.9828 0.1291 0.1324
vn 0.9338 0.2045 0.2935
vn -0.7945 0.2663 -0.5457
vn -0.8475 -0.2725 -0.4556
vn -0.9526 -0.2305 0.1984
vn -0.1184 -0.4126 0.9032
vn 0.0292 0.9992 -0.0267
vn 0.0094 -0.1792 -0.9838
vn -0.4196 -0.2581 -0.8703
vn 0.4671 -0.8719 0.1468
vn -0.0264 0.9746 0.2224
vn -0.6750 0.7311 0.0992
vn -0.9660 0.0705 -0.2489
vn 0.2160 0.9676 -0.1310
vn -0.5176 -0.0362 -0.8549
vn -0.5996 -0.2842 0.7481
vn -0.8743 0.0387 0.4838
vn 0.1439 -0.9802 0.1362
vn 0.2188 -0.9742 -0.0555
vn -0.7307 0.3042 0.6112
vn -0.3555 0.7811 0.5133
vn 0.1631 -0.9786 -0.1253
vn -0.5997 0.6368 -0.4847
vn -0.7353 0.0777 -0.6732
vn -0.2867 0.1720 -0.9425
vn 0.6059 0.5745 0.5503
vn 0.9028 0.2466 -0.3523
vn -0.1159 0.7216 -0.6825
vn -0.6103 0.3984 0.6847
vn 0.1064 -0.1362 0.9849
vn -0.6949 0.4688 0.5453
vn -0.0069 0.8224 -0.5689
vn -0.2766 0.0023 0.9610
vn 0.6471 0.7366 0.1968
vn -0.5896 -0.7055 -0.3932
vn 0.8648 -0.3829 -0.3247
vn -0.9004 -0.3174 0.2976
vn -0.3767 -0.3896 -0.8404
vn 0.1928 0.5469 0.8147
vn -0.8084 0.5533 0.2008
vn -0.9360 0.2408 -0.2569
vn -0.4565 0.2579 -0.8515
vn 0.4053 0.6976 -0.5909
vn 0.5613 0.1250 0.8181
vn -0.7701 -0.4749 0.4258
vn 0.7659 0.6242 -0.1542
vn 0.9648 -0.1099 0.2388
vn 0.9649 -0.1109 0.2381
vn 0.9649 -0.1114 0.2377
vn -0.0288 0.9213 0.3877
vn 0.2452 -0.8769 -0.4134
vn 0.9648 -0.1094 0.2392
vn -0.7397 0.6644 -0.1069
vn -0.1792 -0.4139 0.8925
vn -0.7600 -0.1621 0.6293
vn -0.9564 0.2919 -0.0023
vn -0.6358 0.5283 -0.5628
vn 0.7807 0.2699 -0.5636
vn 0.6613 -0.3099 0.6831
vn 0.5092 0.1273 -0.8512
vn 0.9163 -0.0404 0.3985
vn 0.9959 -0.0159 -0.0888
vn 0.2808 -0.8776 0.3886
vn 0.8558 -0.0086 -0.5173
vn -0.8331 -0.1359 0.5361
vn -0.7225 0.3039 -0.6210
vn 0.5464 -0.6743 -0.4968
vn -0.4917 0.8271 0.2724
vn -0.5269 0.8050 -0.2727
vn 0.1135 -0.0993 -0.9886
vn -0.1722 0.4119 -0.8948
vn -0.0489 -0.9874 -0.1502
vn 0.0011 0.9690 0.2470
vn -0.5818 -0.0623 0.8109
vn -0.5556 -0.1701 0.8139
vn -0.0863 0.9957 0.0335
vn 0.0662 -0.9941 0.0863
vn 0.6418 -0.1331 -0.7552
vn -0.8507 0.4920 -0.1851
vn 0.4001 -0.8217 -0.4059
vn 0.4628 -0.2786 0.8416
vn -0.3484 0.7906 0.5036
vn -0.2902 0.9249 -0.2457
vn 0.7550 0.4401 0.4862
vn -0.7212 -0.3914 -0.5716
vn -0.8027 -0.5349 -0.2638
vn 0.8690 -0.0863 0.4872
vn -0.5368 -0.1655 0.8273
vn -0.3273 -0.8768 0.3524
vn 0.4723 -0.1022 0.8755
vn 0.0313 -0.7097 0.7038
vn 0.6184 0.7817 0.0807
vn 0.6266 0.7748 0.0845
vn 0.6273 0.7742 0.0849
vn 0.7540 -0.6521 -0.0788
vn -0.9551 0.2697 -0.1227
vn 0.9011 -0.3432 -0.2652
vn -0.7467 0.6573 0.1024
vn -0.0602 0.9945 -0.0860
vn -0.5134 -0.7559 -0.4062
vn -0.5177 -0.7518 -0.4084
vn -0.5129 -0.7564 -0.4060
vn 0.9641 -0.2057 0.1677
vn 0.7452 -0.6628 0.0729
vn -0.0400 -0.9707 -0.2369
vn -0.6969 -0.0673 0.7140
vn -0.5611 -0.0893 0.8229
vn -0.4785 -0.1004 0.8723
vn -0.3937 0.1065 -0.9131
vn 0.2136 0.1219 -0.9693
vn -0.5570 0.8188 -0.1388
vn 0.6728 0.1800 -0.7176
vn -0.8699 0.3416 -0.3557
vn -0.0444 -0.1427 0.9888
vn 0.6477 0.4540 0.6119
vn -0.3086 -0.3245 0.8941
vn -0.4764 -0.2603 0.8398
vn -0.0550 0.8614 -0.5050
vn 0.1399 0.6548 -0.7427
vn -0.8302 0.0395 0.5561
vn -0.5610 -0.2645 0.7844
vn -0.8623 -0.1559 -0.4818
vn -0.7831 -0.5406 0.3075
vn -0.7997 -0.5960 -0.0725
vn -0.7977 -0.5965 -0.0893
vn 0.6359 0.6537 0.4102
vn -0.5379 0.8299 0.1476
vn 0.2385 0.5570 -0.7955
vn 0.9327 0.3600 -0.0206
vn 0.8681 -0.3327 0.3683
vn 0.0513 0.3842 0.9218
vn -0.6578 0.6852 0.3126
vn 0.2240 -0.1296 -0.9660
vn -0.9467 -0.2328 0.2226
vn -0.9417 -0.2713 0.1991
vn -0.9463 -0.0642 0.3169
vn 0.9317 -0.1279 -0.3400
vn 0.9322 -0.1292 -0.3381
vn 0.9331 -0.1314 -0.3347
vn 0.7538 -0.1097 0.6479
vn 0.9951 -0.0713 0.0690
vn 0.9997 0.0228 0.0078
vn 0.9899 -0.1074 0.0924
vn 0.9885 0.0015 -0.1515
vn 0.8084 -0.4128 -0.4197
vn 0.7287 -0.6660 0.1595
vn 0.7993 -0.5874 0.1265
vn 0.6372 -0.7457 0.1947
vn 0.9378 -0.1352 0.3196
vn 0.2147 0.2714 -0.9382
vn 0.2462 0.2795 -0.9281
vn 0.1795 0.2620 -0.9482
vn 0.7449 -0.6141 0.2610
vn 0.5018 -0.5750 0.6462
vn 0.7847 0.6187 -0.0389
vn 0.7772 0.6246 0.0765
vn 0.7848 0.6177 -0.0500
vn 0.3373 0.2139 -0.9168
vn -0.3104 -0.0143 -0.9505
vn 0.9334 0.2566 -0.2510
vn 0.2305 0.8542 -0.4661
vn -0.3085 0.0426 0.9503
vn 0.4040 0.8910 -0.2071
vn 0.3825 0.9101 -0.1593
vn 0.3796 0.9124 -0.1531
vn -0.3226 0.5666 0.7582
vn -0.2187 -0.1041 -0.9702
vn 0.7943 -0.2510 -0.5532
vn -0.8457 -0.5245 0.0987
vn -0.8686 -0.4698 0.1577
vn -0.8297 -0.5545 0.0642
vn 0.1571 0.8910 0.4261
vn -0.6092 -0.7089 -0.3554
vn -0.6109 -0.7082 -0.3540
vn -0.5632 -0.7267 -0.3934
vn -0.6581 -0.5507 -0.5134
vn -0.0472 -0.9598 -0.2768
vn -0.0513 -0.9579 -0.2825
vn -0.0000 -0.9777 -0.2101
vn -0.1228 -0.9706 0.2071
vn -0.1276 -0.9692 0.2107
vn -0.1891 -0.9480 0.2562
vn -0.6773 -0.7279 0.1074
vn -0.6789 -0.7268 0.1048
vn -0.7076 -0.7044 0.0554
vn -0.7458 0.3865 -0.5427
vn -0.6860 0.5224 -0.5065
vn -0.6666 0.5580 -0.4943
vn 0.9963 -0.0708 0.0494
vn 0.1378 -0.8013 0.5822
vn 0.0188 -0.6556 0.7549
vn -0.0244 -0.5927 0.8051
vn 0.4858 0.7462 0.4553
vn 0.1254 -0.4651 -0.8763
vn 0.1515 -0.4812 -0.8634
vn 0.1009 -0.4497 -0.8875
vn 0.5142 -0.8533 0.0861
vn 0.8371 0.0774 0.5416
vn 0.8702 0.4273 -0.2451
vn -0.6460 0.5862 -0.4890
vn -0.7655 0.1807 -0.6176
vn -0.9509 0.0754 -0.3001
vn -0.9415 -0.3321 0.0568
vn -0.8384 -0.2609 -0.4786
vn -0.3851 -0.4806 0.7878
vn -0.6415 0.5992 -0.4790
vn -0.7130 0.6803 -0.1699
vn -0.5997 -0.0564 0.7982
vn -0.8008 -0.0609 0.5958
vn -0.1920 -0.2188 0.9567
vn 0.5412 0.8128 0.2155
vn 0.3157 0.9488 -0.0101
vn 0.3333 0.9264 0.1752
vn 0.3180 0.8797 0.3536
vn 0.2491 0.6804 0.6892
vn -0.5097 -0.3073 -0.8036
vn -0.5561 -0.2851 -0.7807
vn -0.5605 -0.2829 -0.7783
vn 0.9413 -0.2439 0.2333
vn 0.6094 -0.7483 -0.2620
vn -0.4385 -0.7757 -0.4539
vn -0.2058 -0.8396 -0.5027
vn 0.0410 0.9196 -0.3907
vn 0.6430 0.3829 0.6633
vn -0.8360 -0.1717 -0.5212
vn 0.2430 -0.2191 0.9450
vn 0.1677 -0.1662 0.9717
vn 0.2947 -0.2551 0.9209
vn 0.6242 0.7751 0.0979
vn 0.0205 -0.1078 -0.9940
vn -0.0255 -0.1660 0.9858
vn 0.0563 -0.0656 -0.9963
vn 0.0527 -0.0665 -0.9964
vn 0.0877 -0.0574 -0.9945
vn 0.9942 0.0997 0.0413
vn 0.9997 0.0095 -0.0214
vn 0.9908 -0.0963 -0.0946
vn 0.7142 -0.4464 -0.5392
vn 0.5129 0.0173 -0.8583
vn 0.7806 -0.5666 0.2638
vn 0.8205 -0.5434 0.1774
vn 0.8485 -0.5193 0.1020
vn -0.9094 0.3585 0.2110
vn 0.1989 -0.9792 -0.0404
vn 0.8923 0.2858 0.3495
vn 0.3810 0.7856 0.4875
vn 0.1894 0.7946 0.5769
vn 0.5079 0.0456 -0.8602
vn -0.6280 -0.0791 0.7742
vn -0.4075 -0.4304 0.8054
vn -0.3499 -0.6831 -0.6411
vn -0.4238 -0.6589 0.6215
vn 0.0120 0.6422 0.7664
vn -0.2434 0.6542 0.7161
vn 0.0215 0.6409 0.7673
vn 0.9837 -0.1698 0.0593
vn 0.6330 0.3763 0.6766
vn 0.5476 0.4380 0.7129
vn 0.5454 0.4395 0.7137
vn -0.6928 0.6941 0.1957
vn -0.6112 0.6802 0.4046
vn -0.7018 0.6932 0.1641
vn -0.8528 0.4802 0.2052
vn 0.9908 -0.1337 -0.0201
vn -0.0123 -0.4769 0.8789
vn -0.9732 0.2242 0.0500
vn 0.0559 0.5551 -0.8299
vn 0.4805 -0.4909 -0.7267
vn 0.7671 -0.6228 -0.1536
vn 0.4407 -0.2901 0.8495
vn 0.2312 -0.0337 0.9723
vn -0.2137 0.1431 -0.9664
vn -0.1847 0.1191 -0.9755
vn -0.1825 0.1173 -0.9762
vn -0.2716 -0.6832 0.6779
vn -0.5032 -0.5993 0.6226
vn -0.5180 -0.5922 0.6173
vn -0.9906 0.0432 -0.1301
vn -0.6489 0.5586 -0.5167
vn -0.5672 0.6213 -0.5406
vn -0.5624 0.6246 -0.5418
vn 0.4721 0.7411 -0.4774
vn 0.3442 0.7885 -0.5097
vn 0.4808 0.7372 -0.4748
vn 0.8098 0.5411 -0.2267
vn 0.8472 -0.1448 0.5112
vn 0.9070 -0.0597 0.4168
vn 0.9131 -0.0492 0.4047
vn 0.4752 -0.5066 0.7193
vn 0.3888 -0.7954 0.4650
vn 0.3841 -0.7953 0.4691
vn 0.3839 -0.7953 0.4692
vn -0.1488 -0.6469 0.7479
vn -0.3152 0.8635 -0.3937
vn -0.3161 0.8635 -0.3930
vn -0.8020 0.5481 0.2376
vn -0.7690 0.0439 0.6378
vn 0.2004 0.6974 -0.6881
vn -0.3386 -0.3521 0.8726
vn 0.0388 -0.2649 0.9635
vn 0.0737 -0.2546 0.9642
vn 0.8452 -0.5009 -0.1863
vn 0.8070 -0.0023 -0.5905
vn -0.0097 -0.5563 -0.8309
vn 0.9430 -0.3304 0.0398
vn 0.8735 0.0524 0.4839
vn -0.8250 -0.4489 0.3432
vn 0.7024 0.5841 0.4068
vn -0.9402 -0.3088 -0.1438
vn -0.8748 -0.2506 -0.4147
vn -0.9431 -0.3144 -0.1083
vn 0.2559 0.8363 0.4850
vn 0.4202 0.7826 0.4593
vn 0.2356 0.8410 0.4871
vn -0.2156 0.5351 -0.8168
vn 0.2378 -0.2543 0.9375
vn -0.6367 -0.4908 -0.5948
vn -0.5107 -0.5740 -0.6401
vn -0.4859 -0.5879 -0.6468
vn -0.7479 0.6523 -0.1235
vn 0.1053 0.9562 -0.2730
vn 0.1092 0.9589 -0.2618
vn 0.1293 0.9706 -0.2029
vn 0.7894 -0.6082 -0.0834
vn -0.9067 0.2876 -0.3085
vn 0.2807 -0.8289 0.4839
vn -0.6580 0.1826 0.7306
vn -0.0553 0.3667 0.9287
vn -0.4083 0.8091 -0.4226
vn 0.0119 0.9936 0.1123
vn 0.0504 0.9972 0.0552
vn 0.0664 0.9973 0.0313
vn 0.2620 0.5041 -0.8230
vn 0.1857 0.5678 -0.8020
vn 0.2941 0.4750 -0.8294
vn 0.4431 0.1061 -0.8902
vn 0.8577 0.2969 -0.4197
vn -0.6041 -0.0955 0.7912
vn -0.7207 0.6331 -0.2824
vn -0.7592 0.6479 -0.0625
vn -0.7586 -0.0158 0.6513
vn -0.7673 0.0285 0.6407
vn -0.7684 0.0349 0.6390
vn 0.9862 -0.1015 0.1306
vn 0.4083 0.0897 -0.9084
vn -0.2168 0.2346 -0.9476
vn 0.9977 -0.0291 -0.0605
vn -0.3392 -0.2847 0.8966
vn -0.9917 0.0905 0.0911
vn -0.2451 -0.7201 0.6492
vn 0.8473 -0.4482 -0.2849
vn 0.3753 -0.8647 0.3338
vn -0.7441 0.6228 0.2417
vn -0.1041 0.9207 -0.3762
vn -0.2088 0.9364 -0.2820
vn -0.0972 0.9190 -0.3821
vn 0.2737 0.7757 -0.5687
vn 0.7161 0.3054 -0.6276
vn 0.6900 0.3055 -0.6561
vn 0.6857 0.3055 -0.6607
vn 0.8527 0.0106 -0.5222
vn -0.4260 0.4517 -0.7839
vn -0.7401 -0.1426 0.6572
vn 0.7029 -0.2087 0.6800
vn 0.6408 -0.2054 0.7397
vn 0.6295 -0.2046 0.7496
vn 0.5834 -0.8110 0.0440
vn 0.5804 -0.7754 0.2489
vn 0.5784 -0.7689 0.2725
vn 0.0067 0.0086 0.9999
vn -0.0659 0.0893 0.9938
vn 0.0176 -0.0035 0.9998
vn 0.8825 -0.4064 0.2366
vn 0.9928 0.0968 -0.0711
vn 0.8687 -0.4277 0.2498
vn -0.2386 -0.9582 0.1582
vn -0.5861 -0.0982 0.8043
vn 0.4294 0.8431 -0.3237
vn 0.6047 0.1383 -0.7844
vn 0.5209 -0.4215 -0.7423
vn -0.0742 0.9315 0.3562
vn 0.1590 -0.9847 -0.0720
vn -0.5960 0.0487 0.8015
vn 0.5940 0.1863 -0.7826
vn -0.1196 0.9886 0.0913
vn -0.9342 -0.2073 0.2903
vn -0.2190 -0.7630 0.6082
vn -0.7635 0.5863 -0.2708
vn 0.3440 0.7695 -0.5380
vn 0.7684 -0.5258 0.3648
vn -0.1981 0.4104 -0.8901
vn -0.1442 0.3577 -0.9226
vn -0.1363 0.3497 -0.9269
vn 0.1479 0.9769 0.1540
vn 0.2938 -0.2598 0.9199
vn -0.1827 -0.2424 -0.9528
vn -0.1192 -0.0204 -0.9927
vn -0.1872 -0.2591 -0.9476
vn -0.1822 -0.9813 0.0614
vn 0.1378 -0.1336 0.9814
vn 0.2889 0.9323 0.2176
vn 0.3179 0.8465 0.4271
vn 0.2872 0.9350 0.2082
vn -0.0804 -0.8923 0.4443
vn 0.2151 0.9414 -0.2599
vn 0.6970 0.7082 0.1125
vn 0.6648 0.7292 0.1622
vn 0.6999 0.7061 0.1077
vn -0.6985 -0.3941 -0.5973
vn 0.0140 -0.3426 -0.9394
vn 0.9252 0.3682 0.0920
vn -0.6865 0.1569 0.7100
vn -0.6438 0.1785 0.7441
vn 0.9493 0.2962 -0.1052
vn -0.8781 -0.4317 -0.2065
vn -0.4384 -0.7841 0.4393
vn -0.3126 0.6036 -0.7334
vn 0.7651 0.6432 0.0298
vn 0.6217 -0.2544 0.7408
vn 0.0669 -0.4096 -0.9098
vn 0.8955 -0.4250 -0.1322
vn -0.1731 0.5238 0.8341
vn 0.5482 0.1825 0.8162
vn -0.8555 0.2183 -0.4696
vn -0.8408 0.5139 0.1701
vn -0.4388 -0.7400 -0.5097
vn 0.7777 -0.1658 -0.6064
vn 0.2104 0.8210 0.5308
vn 0.4103 -0.4405 -0.7985
vn 0.4158 -0.4367 -0.7977
vn 0.3978 -0.4488 -0.8002
vn -0.7724 0.2563 0.5811
vn -0.2467 0.2232 -0.9430
vn 0.6354 -0.6550 0.4089
vn 0.6434 -0.6288 0.4366
vn 0.6115 -0.7156 0.3376
vn -0.2604 -0.1210 -0.9579
vn 0.7495 -0.6202 -0.2315
vn 0.7538 -0.6125 -0.2379
vn 0.7816 -0.5568 -0.2813
vn 0.1758 0.0382 0.9837
vn 0.2047 0.0474 0.9777
vn 0.1558 0.0318 0.9873
vn -0.5134 0.2185 0.8299
vn -0.5188 0.2157 0.8272
vn -0.5070 0.2217 0.8330
vn 0.0815 -0.5115 0.8554
vn 0.1166 -0.4885 0.8648
vn 0.1785 -0.4452 0.8774
vn -0.9107 0.3902 0.1355
vn -0.9135 0.3864 0.1272
vn -0.9068 0.3954 0.1465
vn -0.8344 0.3940 -0.3855
vn -0.8332 0.3950 -0.3870
vn -0.8319 0.3961 -0.3886
vn 0.2877 -0.9165 0.2779
vn 0.7484 -0.6616 -0.0464
vn 0.2390 -0.9226 0.3029
vn 0.4078 -0.8614 0.3029
vn 0.2361 -0.8149 -0.5293
vn 0.2235 0.1326 0.9656
vn -0.1722 0.9481 0.2674
vn -0.2212 0.3844 -0.8963
vn -0.7112 -0.3468 0.6115
vn -0.7022 0.0077 -0.7120
vn 0.6073 0.6111 -0.5077
vn 0.6038 0.2700 0.7501
vn 0.3918 -0.7666 0.5087
vn -0.3149 0.0277 0.9487
vn -0.0557 0.7633 -0.6436
vn -0.4752 0.8741 0.1011
vn 0.6671 -0.3766 -0.6427
vn 0.6199 -0.6858 0.3814
vn -0.3725 -0.0125 0.9279
vn -0.4891 0.8296 -0.2693
vn 0.7147 -0.1003 -0.6922
vn -0.2635 -0.7587 0.5957
vn -0.2056 -0.7854 0.5838
vn -0.2702 -0.7554 0.5970
vn -0.8238 -0.0056 0.5669
vn -0.8294 0.0384 0.5573
vn -0.8296 0.0401 0.5569
vn -0.2360 0.9265 -0.2932
vn -0.2531 0.9268 -0.2776
vn -0.2334 0.9264 -0.2956
vn -0.7608 0.5830 0.2851
vn 0.8353 0.0377 -0.5485
vn 0.8120 0.0973 -0.5754
vn 0.8103 0.1013 -0.5772
vn 0.3140 0.7866 -0.5316
vn -0.2295 0.5552 -0.7994
vn -0.0143 0.7342 -0.6787
vn -0.2433 0.5413 -0.8049
vn 0.8234 -0.5255 -0.2141
vn -0.6577 -0.6374 -0.4016
vn -0.6534 -0.6628 -0.3658
vn 0.6354 0.4743 0.6093
vn 0.6037 0.7728 0.1957
vn 0.5964 0.7850 0.1675
vn 0.6172 0.7827 0.0801
vn -0.5180 -0.7515 -0.4085
vn -0.7520 -0.0565 0.6568
vn -0.7794 -0.5360 0.3244
vn -0.6589 -0.7338 -0.1655
vn 0.9311 -0.1264 -0.3422
vn 0.9942 0.0990 -0.0420
vn 0.8285 -0.5489 0.1108
vn 0.2771 0.2872 -0.9169
vn 0.7760 0.6247 0.0870
vn 0.4140 0.8807 -0.2300
vn -0.8731 -0.4565 0.1714
vn -0.6551 -0.6872 -0.3139
vn -0.0985 -0.9325 -0.3476
vn -0.0609 -0.9852 0.1605
vn -0.6462 -0.7471 0.1559
vn -0.7577 0.3520 -0.5496
vn 0.1580 -0.8217 0.5476
vn 0.1606 -0.4867 -0.8587
vn 0.3374 0.9414 -0.0024
vn -0.5065 -0.3088 -0.8050
vn 0.1029 -0.1203 0.9874
vn -0.0120 -0.0831 -0.9965
vn 0.9860 0.1489 0.0756
vn 0.7418 -0.5817 0.3337
vn -0.2561 0.6536 0.7122
vn 0.6383 0.3721 0.6739
vn -0.6076 0.6790 0.4121
vn -0.2146 0.1439 -0.9660
vn -0.2494 -0.6887 0.6808
vn -0.6540 0.5542 -0.5149
vn 0.3307 0.7925 -0.5125
vn 0.8389 -0.1549 0.5218
vn 0.3889 -0.7954 0.4648
vn -0.3161 0.8635 -0.3929
vn -0.3571 -0.3552 0.8639
vn -0.8605 -0.2412 -0.4487
vn 0.4577 0.7662 0.4510
vn -0.6538 -0.4776 -0.5869
vn 0.0785 0.9345 -0.3472
vn -0.0080 0.9899 0.1415
vn 0.1146 0.6206 -0.7757
vn -0.7580 -0.0190 0.6520
vn -0.2206 0.9370 -0.2708
vn 0.7223 0.3054 -0.6205
vn 0.7225 -0.2095 0.6588
vn 0.5827 -0.8121 0.0304
vn -0.0706 0.0945 0.9930
vn 0.9907 0.1102 -0.0792
vn -0.2102 0.4220 -0.8819
vn -0.1176 -0.0150 -0.9929
vn 0.3186 0.8429 0.4337
vn 0.6615 0.7311 0.1671
vn 0.4303 -0.4268 -0.7954
vn 0.6580 -0.5652 0.4976
vn 0.7168 -0.6719 -0.1866
vn 0.2261 0.0542 0.9726
vn -0.5251 0.2125 0.8241
vn 0.0207 -0.5490 0.8356
vn -0.9164 0.3823 0.1186
vn -0.8356 0.3929 -0.3839
vn 0.7604 -0.6468 -0.0585
vn -0.2028 -0.7866 0.5832
vn -0.8228 -0.0124 0.5682
vn -0.2542 0.9268 -0.2765
vn 0.8383 0.0293 -0.5445
vn -0.0056 0.7400 -0.6726
vn 0.6338 0.4635 0.6193
vt 0.246695 0.731158
vt 0.238032 0.727009
vt 0.249275 0.694244
vt 0.466877 0.802643
vt 0.474256 0.786371
vt 0.483881 0.815415
vt 0.063524 0.877098
vt 0.069983 0.876536
vt 0.072362 0.948186
vt 0.686552 0.572630
vt 0.692305 0.610482
vt 0.683811 0.606933
vt 0.488274 0.896855
vt 0.488274 0.922044
vt 0.481996 0.907301
vt 0.302291 0.722294
vt 0.304334 0.646276
vt 0.312820 0.730765
vt 0.500664 0.461468
vt 0.485240 0.448987
vt 0.508331 0.445133
vt 0.254817 0.359193
vt 0.194262 0.382915
vt 0.191640 0.349078
vt 0.080454 0.877368
vt 0.071400 0.857500
vt 0.813934 0.415430
vt 0.824099 0.404147
vt 0.824099 0.426839
vt 0.329176 0.852199
vt 0.353132 0.818872
vt 0.379589 0.844458
vt 0.378250 0.863186
vt 0.155293 0.854633
vt 0.116649 0.820992
vt 0.126322 0.750413
vt 0.172401 0.854916
vt 0.566449 0.903883
vt 0.584000 0.881191
vt 0.579531 0.911092
vt 0.813934 0.424789
vt 0.795099 0.414450
vt 0.813934 0.404147
vt 0.412160 0.915663
vt 0.394464 0.917112
vt 0.402203 0.890625
vt 0.878395 0.770168
vt 0.906297 0.764257
vt 0.902559 0.780253
vt 0.633983 0.703106
vt 0.644087 0.704985
vt 0.410839 0.336984
vt 0.390313 0.350832
vt 0.366386 0.335299
vt 0.401937 0.247001
vt 0.422499 0.264813
vt 0.399709 0.296002
vt 0.832792 0.642670
vt 0.801608 0.669984
vt 0.760461 0.552003
vt 0.162941 0.114870
vt 0.200081 0.120760
vt 0.192962 0.233878
vt 0.127905 0.124721
vt 0.845347 0.563712
vt 0.874885 0.489083
vt 0.871480 0.610490
vt 0.304631 0.507819
vt 0.307439 0.482355
vt 0.311865 0.512377
vt 0.979843 0.920045
vt 0.969003 0.899187
vt 0.981478 0.901360
vt 0.301038 0.628696
vt 0.294095 0.651350
vt 0.292831 0.629974
vt 0.256410 0.734291
vt 0.267489 0.731819
vt 0.274323 0.813510
vt 0.847534 0.392669
vt 0.852519 0.386225
vt 0.864137 0.405007
vt 0.638395 0.923710
vt 0.608707 0.926045
vt 0.638395 0.881637
vt 0.754370 0.567551
vt 0.719323 0.521174
vt 0.793143 0.541156
vt 0.312110 0.736692
vt 0.310321 0.734057
vt 0.312110 0.733684
vt 0.459084 0.863382
vt 0.447301 0.816116
vt 0.461013 0.805829
vt 0.329111 0.756936
vt 0.327372 0.768087
vt 0.314088 0.772776
vt 0.013127 0.972939
vt 0.022184 0.969714
vt 0.027449 0.977426
vt 0.962277 0.433728
vt 0.952835 0.431180
vt 0.967401 0.427877
vt 0.566129 0.837737
vt 0.554867 0.847545
vt 0.556037 0.828824
vt 0.707563 0.322946
vt 0.723630 0.322339
vt 0.724625 0.424804
vt 0.439662 0.910422
vt 0.440285 0.918478
vt 0.427558 0.918478
vt 0.428332 0.907595
vt 0.373814 0.920946
vt 0.361758 0.925395
vt 0.357353 0.912326
vt 0.948429 0.415446
vt 0.953841 0.407915
vt 0.955513 0.420246
vt 0.684027 0.515978
vt 0.624312 0.454962
vt 0.674160 0.453857
vt 0.951879 0.489704
vt 0.979079 0.594904
vt 0.936897 0.590395
vt 0.898527 0.582476
vt 0.244026 0.334506
vt 0.428046 0.809262
vt 0.426149 0.859139
vt 0.850824 0.472078
vt 0.823437 0.471164
vt 0.833809 0.427877
vt 0.922930 0.888430
vt 0.946859 0.881395
vt 0.964314 0.912802
vt 0.704295 0.425064
vt 0.682947 0.327953
vt 0.038840 0.914358
vt 0.020782 0.917410
vt 0.000000 0.884586
vt 0.033802 0.886039
vt 0.923290 0.803338
vt 0.715618 0.819133
vt 0.728915 0.819960
vt 0.745527 0.858053
vt 0.269037 0.697115
vt 0.836674 0.115460
vt 0.839906 0.157459
vt 0.809167 0.146505
vt 0.814766 0.128620
vt 0.744603 0.207118
vt 0.727953 0.205696
vt 0.733019 0.165612
vt 0.746445 0.161736
vt 0.589780 0.912126
vt 0.595320 0.943577
vt 0.458247 0.705967
vt 0.446795 0.729916
vt 0.448667 0.693486
vt 0.628146 0.280457
vt 0.632372 0.270926
vt 0.654726 0.298059
vt 0.929905 0.161348
vt 0.918287 0.159350
vt 0.915089 0.142939
vt 0.939466 0.749763
vt 0.912938 0.743226
vt 0.427558 0.920185
vt 0.421232 0.902909
vt 0.427558 0.887703
vt 0.834347 0.405007
vt 0.317413 0.819483
vt 0.325229 0.827222
vt 0.323315 0.852942
vt 0.926233 0.129030
vt 0.130687 0.466724
vt 0.122530 0.457576
vt 0.144882 0.462801
vt 0.082887 0.519034
vt 0.061273 0.537939
vt 0.072628 0.518090
vt 0.373814 0.921617
vt 0.383902 0.916738
vt 0.386591 0.931003
vt 0.312522 0.733684
vt 0.310321 0.731587
vt 0.312522 0.730765
vt 0.826348 0.158009
vt 0.869349 0.414717
vt 0.874996 0.409037
vt 0.878324 0.419876
vt 0.657164 0.682317
vt 0.652838 0.702938
vt 0.528981 0.543642
vt 0.523682 0.557660
vt 0.105834 0.920260
vt 0.087945 0.992578
vt 0.099071 0.913924
vt 0.653500 0.884720
vt 0.662874 0.999621
vt 0.660061 1.000000
vt 0.495741 0.813592
vt 0.554867 0.895148
vt 0.553765 0.896855
vt 0.662874 0.881191
vt 0.256651 0.647184
vt 0.282399 0.639718
vt 0.232110 0.623791
vt 0.150500 0.440000
vt 0.154202 0.368050
vt 0.139881 0.444806
vt 0.912215 0.205573
vt 0.883042 0.207130
vt 0.927957 0.170675
vt 0.105834 0.870380
vt 0.125637 0.857500
vt 0.125637 0.972387
vt 0.466877 0.721289
vt 0.160314 0.232490
vt 0.146921 0.269863
vt 0.706981 0.441163
vt 0.673587 0.427877
vt 0.299515 0.926914
vt 0.282399 0.923851
vt 0.299515 0.882631
vt 0.396539 0.209641
vt 0.431054 0.207234
vt 0.878395 0.739685
vt 0.828934 0.743603
vt 0.455952 0.118967
vt 0.520551 0.040597
vt 0.478288 0.163229
vt 0.561371 0.059213
vt 0.977047 0.811542
vt 0.964314 0.808907
vt 0.990423 0.705359
vt 0.770520 0.157609
vt 0.441857 0.944846
vt 0.440285 0.909483
vt 0.446108 0.912956
vt 1.000000 0.836618
vt 0.996687 0.905382
vt 0.991959 0.905412
vt 0.566129 0.907831
vt 0.559279 0.907699
vt 0.930223 0.058363
vt 0.937892 0.131765
vt 0.922307 0.057050
vt 0.739709 0.042285
vt 0.316006 0.755861
vt 0.318856 0.628516
vt 0.880485 0.268146
vt 0.873425 0.268404
vt 0.933424 0.421169
vt 0.927957 0.356355
vt 0.933263 0.358413
vt 0.963648 0.418612
vt 0.955513 0.418636
vt 0.962475 0.351964
vt 0.339331 0.955642
vt 0.334313 0.888166
vt 0.339331 0.887703
vt 0.638395 0.941627
vt 0.645208 0.881191
vt 0.644110 0.942266
vt 0.095011 0.857500
vt 0.098550 0.859666
vt 0.658023 0.329844
vt 0.955185 0.182548
vt 0.952405 0.170675
vt 0.980124 0.175813
vt 0.768242 0.847491
vt 0.812925 0.886111
vt 0.792546 0.886092
vt 0.325429 0.933510
vt 0.312203 0.836721
vt 0.569389 0.784377
vt 0.566449 0.783450
vt 0.285282 0.591981
vt 0.291457 0.590632
vt 0.478256 0.022250
vt 0.149059 0.039665
vt 0.099080 0.035385
vt 0.135772 0.005809
vt 0.462035 0.957584
vt 0.458028 0.888183
vt 0.462035 0.887703
vt 0.002317 0.590632
vt 0.000000 0.587054
vt 0.056198 0.532161
vt 0.681211 0.939619
vt 0.671917 0.887464
vt 0.681211 0.881191
vt 0.515314 0.438065
vt 0.435029 0.340411
vt 0.517922 0.430083
vt 0.282399 0.730765
vt 0.292756 0.720881
vt 0.511600 0.451496
vt 0.330709 0.877967
vt 0.675054 0.941463
vt 0.662874 0.887924
vt 0.964314 0.694979
vt 0.957142 0.692754
vt 0.566449 0.461179
vt 0.394464 0.956553
vt 0.386591 0.899168
vt 0.394464 0.887703
vt 0.595320 0.885768
vt 0.420635 0.914128
vt 0.412160 0.903555
vt 0.472909 0.908080
vt 0.481996 0.896855
vt 0.481996 0.921254
vt 0.833005 0.404147
vt 0.833005 0.423122
vt 0.824099 0.416020
vt 0.930872 0.743612
vt 0.916534 0.427877
vt 0.914370 0.408879
vt 0.926517 0.418652
vt 0.295692 0.375854
vt 0.329176 0.405495
vt 0.306577 0.413760
vt 0.289299 0.419139
vt 0.078093 0.800032
vt 0.106959 0.765398
vt 0.246902 0.380404
vt 0.881643 0.757903
vt 0.432234 0.887703
vt 0.412160 0.887703
vt 0.970680 0.834833
vt 0.990423 0.820993
vt 0.005215 0.934521
vt 0.282399 0.834087
vt 0.715617 0.502354
vt 0.360879 0.314492
vt 0.513273 0.177590
vt 0.346173 0.302451
vt 0.329176 0.297686
vt 0.329111 0.776089
vt 0.159305 0.932472
vt 0.161266 0.954294
vt 0.155932 0.949061
vt 0.976904 0.894456
vt 0.063524 0.915697
vt 0.627785 0.881191
vt 0.715618 0.530947
vt 0.451963 0.903468
vt 0.446108 0.904192
vt 0.452707 0.887703
vt 0.934663 0.474220
vt 0.966253 0.638784
vt 0.926340 0.692754
vt 0.921056 0.635449
vt 0.972018 0.486130
vt 0.747308 0.397227
vt 0.795099 0.366479
vt 0.780843 0.417871
vt 0.757566 0.323478
vt 0.746445 0.358639
vt 0.884634 0.640211
vt 0.878395 0.686486
vt 0.258741 0.607008
vt 0.750673 0.423542
vt 0.746445 0.423542
vt 0.749244 0.417871
vt 0.738802 0.365241
vt 0.731920 0.324498
vt 0.878395 0.429085
vt 0.857119 0.437875
vt 0.942294 0.419677
vt 0.944166 0.411129
vt 0.837564 0.406574
vt 0.837564 0.423122
vt 0.833005 0.421375
vt 0.651824 0.433845
vt 0.169910 0.355988
vt 0.241579 0.739103
vt 0.471965 0.815124
vt 0.119987 0.236256
vt 0.078837 0.217671
vt 0.409123 0.807340
vt 0.750544 0.827780
vt 0.740024 0.815581
vt 0.945935 0.761183
vt 0.164098 0.866154
vt 0.172053 0.857500
vt 0.172053 0.979139
vt 0.926517 0.370025
vt 0.961662 0.210111
vt 0.927957 0.235008
vt 0.758569 0.835017
vt 0.957222 0.243113
vt 0.946981 0.241844
vt 0.107488 0.693541
vt 0.127679 0.692863
vt 0.903984 0.238255
vt 0.894174 0.240546
vt 0.373814 0.887703
vt 0.944393 0.170675
vt 0.146485 0.931525
vt 0.880485 0.219208
vt 0.486577 0.791793
vt 0.314804 0.500239
vt 0.078802 0.956515
vt 0.087945 0.961212
vt 0.087945 0.871217
vt 0.852290 0.939154
vt 0.855098 0.933438
vt 0.970865 0.000000
vt 0.950574 0.063763
vt 0.944393 0.063021
vt 0.990323 0.000000
vt 0.976914 0.062275
vt 0.970865 0.062283
vt 0.472909 0.896855
vt 0.472909 0.936574
vt 0.466877 0.935540
vt 0.000000 0.590632
vt 0.058116 0.619261
vt 0.053951 0.623929
vt 0.113951 0.688380
vt 0.970865 0.147561
vt 0.990323 0.138050
vt 0.979405 0.150235
vt 0.105834 0.998701
vt 0.964314 0.907099
vt 0.973623 0.978501
vt 0.964384 0.984577
vt 0.154860 0.857500
vt 0.164098 0.858187
vt 0.142345 0.857837
vt 0.318117 0.416669
vt 0.992195 0.590316
vt 0.979079 0.499098
vt 0.984201 0.499476
vt 0.261963 0.562042
vt 0.193850 0.489377
vt 0.197758 0.486334
vt 0.554867 0.678742
vt 0.503384 0.740126
vt 0.550189 0.676296
vt 0.500992 0.736196
vt 0.191527 0.493467
vt 0.557435 0.676296
vt 0.562133 0.769692
vt 0.557098 0.770342
vt 0.991807 0.326263
vt 0.980124 0.230881
vt 0.985406 0.230992
vt 0.566396 0.771316
vt 0.172401 0.792370
vt 0.927957 0.365695
vt 0.924693 0.366229
vt 0.701414 0.518236
vt 0.705119 0.592647
vt 0.466877 0.887703
vt 0.427763 0.882622
vt 0.435695 0.676296
vt 0.157351 0.448714
vt 0.384409 0.824078
vt 0.908673 0.886232
vt 0.746445 0.427877
vt 0.135439 0.857500
vt 0.362201 0.351839
vt 0.063524 0.869331
vt 0.007859 0.857500
vt 0.854126 0.000000
vt 0.868359 0.006568
vt 0.123099 0.096541
vt 0.901575 0.602506
vt 0.880485 0.010528
vt 0.855098 0.774294
vt 0.740283 0.804614
vt 0.854712 0.791019
vt 0.608707 0.991776
vt 0.595320 0.883642
vt 0.608707 0.881191
vt 0.697316 0.923717
vt 0.693335 0.881191
vt 0.704447 0.882651
vt 0.978840 0.692754
vt 0.880485 0.122094
vt 0.772269 0.163782
vt 0.357353 0.929596
vt 0.347023 0.887703
vt 0.357353 0.888119
vt 0.987285 0.834833
vt 0.986664 0.905952
vt 0.125637 0.934140
vt 0.142345 0.861532
vt 0.132558 0.934418
vt 0.955513 0.333099
vt 0.951095 0.333322
vt 0.745999 0.041534
vt 0.322852 0.627628
vt 0.295805 0.731038
vt 0.310321 0.730765
vt 0.289375 0.844215
vt 0.282399 0.843737
vt 0.312820 0.628083
vt 0.329176 0.955956
vt 0.942294 0.420479
vt 0.653500 0.882000
vt 0.955540 0.353090
vt 0.329176 0.570563
vt 0.458028 0.946591
vt 0.452707 0.889103
vt 0.458028 0.887703
vt 0.986664 0.834833
vt 0.103674 0.709854
vt 0.172401 0.601151
vt 0.119831 0.684813
vt 0.168725 0.600129
vt 0.566449 0.209914
vt 0.980124 0.333099
vt 0.878324 0.314119
vt 0.864137 0.411635
vt 0.872018 0.314388
vt 0.570000 0.206271
vt 0.795099 0.336525
vt 0.830164 0.325573
vt 0.795240 0.341594
vt 0.265947 0.927498
vt 0.329111 0.933116
vt 0.691339 0.982400
vt 0.681211 0.979066
vt 0.688831 0.881191
vt 0.691339 0.882923
vt 0.715618 0.881191
vt 0.678308 0.793631
vt 0.682007 0.792102
vt 0.462035 0.888328
vt 0.465447 0.887703
vt 0.465447 0.968018
vt 0.877914 0.774294
vt 0.860901 0.852367
vt 0.855098 0.852311
vt 0.347023 0.968602
vt 0.343623 0.889950
vt 0.339331 0.888508
vt 0.305842 0.882631
vt 0.305842 0.993681
vt 0.299515 0.979865
vt 0.540292 0.676296
vt 0.713329 0.881191
vt 0.713329 0.979105
vt 0.709175 0.974324
vt 0.704447 0.976772
vt 0.310614 0.975397
vt 0.305842 0.885333
vt 0.310614 0.882631
vt 0.830923 0.320636
vt 0.834347 0.314119
vt 0.834347 0.404147
vt 0.452707 0.935498
vt 0.856163 0.770641
vt 0.386591 0.887703
vt 0.779519 0.744233
vt 0.496398 0.000000
vt 0.818135 0.774294
vt 0.566449 0.023471
vt 0.534461 0.000246
vt 0.192206 0.024319
vt 0.172412 0.000000
vt 0.878395 0.381207
vt 0.914370 0.427877
vt 0.882972 0.420898
vt 0.992195 0.434623
vt 1.000000 0.967605
vt 0.142345 0.988275
vt 0.555536 0.971221
vt 0.944393 0.000000
vt 0.746445 0.161466
vt 0.446108 0.887703
vt 0.691339 0.924092
vt 0.704447 0.947778
vt 0.351214 0.928029
vt 0.356753 0.947823
vt 0.729174 0.000000
vt 0.866495 0.314119
vt 0.310321 0.882631
vt 0.293704 0.842130
vt 0.329111 0.590632
vt 0.488274 0.898413
vt 0.492707 0.896855
vt 0.492707 0.922437
vt 0.942294 0.333099
vt 0.963648 0.333099
vt 0.653500 0.964182
vt 0.508113 0.742218
vt 0.566396 0.828824
vt 0.554867 0.822440
vt 0.867436 0.935357
vt 0.991807 0.170675
vt 0.836558 0.314964
vt 0.841139 0.314119
vt 0.315374 0.772777
vt 0.979079 0.685557
vt 0.795099 0.314119
vt 0.273049 0.590632
vt 0.148035 0.954294
vt 0.084358 0.959361
vt 0.986664 0.978824
vt 0.986943 0.590303
vt 0.127306 0.857500
vt 0.914370 0.385365
vt 0.985757 0.427877
vt 0.877914 0.935743
s 1
f 477/1221/1218 664/1222/1218 532/1223/1218
f 646/1224/1219 579/1225/1219 528/1226/1219
f 484/1227/1220 653/1228/1220 518/1229/1220
f 531/1230/1221 510/1231/1221 645/1232/1221
f 658/1233/1222 521/1234/1222 522/1235/1222
f 478/1236/1223 698/1237/1223 598/1238/1223
f 481/1239/1224 652/1240/1224 505/1241/1224
f 538/1242/1225 600/1243/1225 501/1244/1225
f 480/1245/1226 653/1228/1226 509/1246/1226
f 524/1247/1227 657/1248/1227 679/1249/1227
f 658/1250/1228 483/1251/1228 539/1252/1228
f 539/1252/1229 672/1253/1229 658/1250/1229
f 540/1254/1230 483/1255/1230 561/1256/1230
f 561/1256/1231 671/1257/1231 540/1254/1231
f 509/1258/1232 623/1259/1232 511/1260/1232
f 484/1261/1233 622/1262/1233 509/1263/1233
f 484/1264/1234 649/1265/1234 621/1266/1234
f 648/1267/1235 649/1268/1235 647/1269/1235
f 564/1270/1236 645/1232/1236 565/1271/1236
f 534/1272/1237 601/1273/1237 540/1274/1237
f 543/1275/1238 676/1276/1238 488/1277/1238
f 490/1278/1239 613/1279/1239 491/1280/1239
f 544/1281/1240 678/1282/1240 673/1283/1240
f 673/1283/1241 502/1284/1241 544/1281/1241
f 493/1285/1242 676/1286/1242 677/1287/1242
f 558/1288/1243 526/1289/1243 686/1290/1243
f 525/1291/1244 660/1292/1244 687/1293/1244
f 701/1294/1245 518/1295/1245 569/1296/1245
f 597/1297/1246 645/1298/1246 516/1299/1246
f 517/1300/1247 612/1301/1247 486/1302/1247
f 495/1303/1248 644/1304/1248 494/1305/1248
f 491/1280/1249 643/1306/1249 625/1307/1249
f 491/1280/1250 625/1307/1250 596/1308/1250
f 498/1309/1251 694/1310/1251 566/1311/1251
f 667/1312/1252 588/1313/1252 536/1314/1252
f 556/1315/1253 607/1316/1253 682/1317/1253
f 494/1318/1254 626/1319/1254 625/1320/1254
f 624/1321/1255 494/1322/1255 625/1323/1255
f 607/1324/1256 608/1325/1256 551/1326/1256
f 587/1327/1257 546/1328/1257 499/1329/1257
f 622/1330/1258 621/1331/1258 648/1332/1258
f 622/1330/1259 648/1332/1259 623/1333/1259
f 552/1334/1260 556/1335/1260 591/1336/1260
f 559/1337/1261 686/1338/1261 492/1339/1261
f 589/1340/1262 668/1341/1262 500/1342/1262
f 496/1343/1263 613/1344/1263 545/1345/1263
f 545/1345/1264 502/1346/1264 496/1343/1264
f 501/1244/1265 673/1283/1265 602/1347/1265
f 535/1348/1266 588/1313/1266 503/1349/1266
f 504/1350/1267 675/1351/1267 668/1352/1267
f 668/1353/1268 533/1354/1268 504/1355/1268
f 587/1327/1269 671/1356/1269 506/1357/1269
f 508/1358/1270 644/1359/1270 590/1360/1270
f 590/1360/1271 542/1361/1271 508/1358/1271
f 537/1362/1272 647/1269/1272 649/1268/1272
f 658/1363/1273 523/1364/1273 690/1365/1273
f 531/1366/1274 645/1298/1274 477/1221/1274
f 549/1367/1275 555/1368/1275 682/1369/1275
f 682/1369/1276 606/1370/1276 549/1367/1276
f 549/1371/1277 550/1372/1277 591/1373/1277
f 591/1373/1278 555/1374/1278 549/1371/1278
f 511/1260/1279 647/1375/1279 537/1376/1279
f 511/1377/1280 670/1378/1280 509/1379/1280
f 563/1380/1281 691/1381/1281 562/1382/1281
f 681/1383/1282 606/1384/1282 551/1385/1282
f 650/1386/1283 649/1268/1283 515/1387/1283
f 515/1388/1284 651/1389/1284 650/1390/1284
f 517/1300/1285 486/1302/1285 695/1391/1285
f 486/1392/1286 516/1393/1286 695/1394/1286
f 551/1385/1287 608/1395/1287 681/1383/1287
f 646/1396/1288 510/1397/1288 579/1398/1288
f 486/1399/1289 612/1400/1289 485/1401/1289
f 700/1402/1290 569/1403/1290 518/1404/1290
f 616/1405/1291 529/1406/1291 617/1407/1291
f 685/1408/1292 682/1369/1292 555/1368/1292
f 599/1409/1293 693/1410/1293 592/1411/1293
f 565/1271/1294 485/1412/1294 712/1413/1294
f 481/1239/1295 698/1414/1295 699/1415/1295
f 514/1416/1296 521/1417/1296 558/1418/1296
f 477/1419/1297 529/1420/1297 616/1421/1297
f 665/1422/1298 617/1423/1298 528/1226/1298
f 528/1226/1299 617/1423/1299 529/1424/1299
f 528/1425/1300 529/1420/1300 477/1419/1300
f 667/1426/1301 589/1427/1301 531/1366/1301
f 667/1426/1302 532/1223/1302 503/1428/1302
f 501/1244/1303 600/1243/1303 513/1429/1303
f 530/1430/1304 611/1431/1304 510/1397/1304
f 532/1432/1305 710/1433/1305 600/1434/1305
f 534/1272/1306 652/1240/1307 601/1273/1308
f 670/1378/1309 588/1313/1309 535/1348/1309
f 669/1435/1310 533/1436/1310 507/1437/1310
f 652/1240/1307 534/1272/1306 505/1241/1311
f 536/1314/1312 670/1378/1312 537/1438/1312
f 673/1283/1313 501/1244/1313 541/1439/1313
f 501/1244/1314 674/1440/1314 541/1439/1314
f 674/1441/1315 500/1342/1315 542/1442/1315
f 500/1443/1316 675/1444/1316 542/1445/1316
f 676/1286/1317 493/1285/1317 504/1350/1317
f 673/1446/1318 487/1447/1318 543/1275/1318
f 604/1448/1319 571/1449/1319 490/1278/1319
f 678/1450/1320 572/1451/1320 489/1452/1320
f 572/1451/1321 604/1453/1321 489/1452/1321
f 546/1328/1322 587/1327/1322 549/1371/1322
f 548/1454/1323 680/1455/1323 550/1456/1323
f 682/1369/1324 577/1457/1324 606/1370/1324
f 551/1458/1325 577/1459/1325 703/1460/1325
f 552/1461/1326 554/1462/1326 553/1463/1326
f 607/1324/1327 702/1464/1327 576/1465/1327
f 607/1324/1328 576/1465/1328 608/1325/1328
f 608/1395/1329 554/1466/1329 552/1467/1329
f 608/1395/1330 576/1468/1330 554/1466/1330
f 591/1373/1331 684/1469/1331 555/1374/1331
f 556/1315/1332 685/1470/1332 557/1471/1332
f 685/1408/1333 705/1472/1333 706/1473/1333
f 492/1474/1334 578/1475/1334 708/1476/1334
f 687/1477/1335 559/1478/1335 709/1479/1335
f 492/1480/1336 688/1481/1336 578/1482/1336
f 688/1483/1337 714/1484/1337 709/1485/1337
f 514/1416/1338 627/1486/1338 628/1487/1338
f 506/1357/1339 561/1488/1339 562/1382/1339
f 560/1489/1340 680/1490/1340 506/1491/1340
f 690/1365/1341 560/1492/1341 512/1493/1341
f 512/1493/1342 520/1494/1342 690/1365/1342
f 695/1394/1343 566/1495/1343 517/1496/1343
f 564/1270/1344 694/1497/1344 498/1498/1344
f 569/1296/1345 635/1499/1345 634/1500/1345
f 572/1451/1346 678/1450/1346 609/1501/1346
f 573/1502/1347 610/1503/1347 595/1504/1347
f 712/1505/1348 713/1506/1348 584/1507/1348
f 612/1400/1349 697/1508/1349 713/1509/1349
f 612/1400/1350 713/1509/1350 712/1510/1350
f 619/1511/1351 598/1512/1352 505/1513/1353
f 479/1514/1354 669/1515/1354 586/1516/1354
f 484/1517/1355 518/1295/1355 515/1518/1355
f 481/1239/1356 598/1519/1356 698/1414/1356
f 658/1250/1357 672/1253/1357 521/1520/1357
f 620/1521/1358 651/1522/1358 598/1512/1358
f 619/1523/1359 650/1386/1360 620/1524/1361
f 619/1525/1362 505/1241/1362 479/1514/1362
f 479/1514/1363 586/1516/1363 619/1525/1363
f 619/1526/1364 586/1527/1364 507/1528/1364
f 647/1375/1365 623/1259/1366 648/1529/1367
f 651/1389/1368 515/1388/1368 478/1530/1368
f 478/1530/1369 598/1531/1369 651/1389/1369
f 484/1532/1370 515/1533/1370 649/1534/1370
f 481/1535/1371 505/1536/1371 598/1537/1371
f 651/1538/1372 620/1524/1372 650/1386/1372
f 501/1244/1373 602/1347/1373 538/1242/1373
f 480/1539/1374 509/1540/1374 652/1541/1374
f 482/1542/1375 679/1543/1375 657/1544/1375
f 521/1545/1376 482/1542/1376 657/1544/1376
f 483/1255/1377 658/1546/1377 690/1547/1377
f 561/1256/1378 483/1255/1378 690/1547/1378
f 538/1242/1379 521/1545/1379 672/1548/1379
f 538/1242/1380 482/1542/1380 521/1545/1380
f 621/1549/1381 649/1268/1381 648/1267/1381
f 485/1412/1382 645/1232/1383 510/1231/1384
f 509/1550/1385 622/1330/1385 623/1333/1385
f 509/1246/1386 653/1228/1386 484/1227/1386
f 484/1264/1387 621/1266/1387 622/1551/1387
f 506/1552/1388 680/1455/1388 548/1454/1388
f 506/1552/1389 548/1454/1389 587/1553/1389
f 485/1401/1390 646/1396/1390 486/1399/1390
f 495/1554/1391 590/1360/1391 644/1359/1391
f 516/1299/1392 645/1298/1392 564/1555/1392
f 666/1556/1393 589/1340/1394 674/1441/1395
f 488/1277/1396 540/1274/1397 671/1557/1398
f 673/1446/1399 678/1450/1399 487/1447/1399
f 487/1447/1400 677/1558/1401 676/1276/1402
f 488/1277/1403 669/1515/1403 534/1272/1403
f 676/1276/1404 669/1515/1404 488/1277/1404
f 499/1559/1405 488/1277/1406 671/1557/1407
f 489/1452/1408 487/1447/1408 678/1450/1408
f 490/1278/1409 596/1308/1410 493/1285/1411
f 499/1559/1412 673/1446/1412 543/1275/1412
f 602/1560/1413 673/1446/1413 499/1559/1413
f 486/1392/1414 597/1561/1415 516/1393/1416
f 490/1278/1417 493/1285/1417 677/1287/1417
f 491/1280/1418 613/1279/1418 643/1306/1418
f 525/1562/1419 687/1563/1419 714/1564/1419
f 689/1565/1420 687/1293/1420 660/1292/1420
f 646/1396/1421 485/1401/1421 510/1397/1421
f 625/1320/1422 508/1358/1423 596/1566/1424
f 494/1305/1425 644/1304/1425 626/1567/1425
f 625/1307/1426 643/1306/1426 624/1568/1426
f 701/1569/1427 567/1570/1427 698/1571/1427
f 624/1321/1428 495/1572/1429 494/1322/1430
f 508/1358/1431 626/1319/1431 644/1359/1431
f 636/1573/1432 497/1574/1433 574/1575/1434
f 496/1343/1435 624/1321/1435 643/1576/1435
f 637/1577/1436 497/1578/1437 593/1579/1438
f 638/1580/1439 497/1578/1440 594/1581/1441
f 610/1582/1442 497/1574/1443 595/1583/1444
f 536/1584/1445 589/1427/1446 667/1426/1447
f 629/1585/1448 631/1586/1448 630/1587/1448
f 482/1588/1449 546/1328/1450 679/1589/1451
f 556/1315/1452 682/1317/1452 685/1470/1452
f 669/1590/1453 504/1350/1454 533/1591/1455
f 499/1329/1456 671/1356/1456 587/1327/1456
f 687/1592/1457 689/1593/1457 559/1337/1457
f 512/1594/1458 692/1595/1458 599/1596/1458
f 597/1297/1459 477/1221/1459 645/1298/1459
f 500/1342/1460 668/1341/1460 675/1597/1460
f 500/1342/1461 674/1441/1461 589/1340/1461
f 496/1343/1462 502/1346/1462 495/1572/1462
f 496/1343/1463 643/1576/1463 613/1344/1463
f 501/1244/1464 666/1598/1464 674/1440/1464
f 528/1599/1465 477/1221/1465 597/1297/1465
f 597/1600/1466 646/1224/1466 528/1226/1466
f 502/1284/1467 541/1439/1467 590/1601/1467
f 590/1601/1468 495/1602/1468 502/1284/1468
f 502/1284/1469 673/1283/1469 541/1439/1469
f 503/1349/1470 601/1603/1470 535/1348/1470
f 503/1349/1471 588/1313/1471 667/1312/1471
f 547/1604/1472 523/1364/1473 659/1605/1474
f 518/1295/1475 478/1236/1476 515/1518/1477
f 505/1241/1478 669/1515/1478 479/1514/1478
f 506/1357/1479 671/1356/1479 561/1488/1479
f 537/1362/1480 650/1386/1480 507/1606/1480
f 507/1607/1481 586/1608/1481 669/1609/1481
f 508/1358/1482 542/1361/1482 596/1566/1482
f 509/1540/1483 670/1610/1483 652/1541/1483
f 649/1268/1484 650/1386/1484 537/1362/1484
f 562/1611/1485 512/1612/1486 560/1489/1487
f 547/1604/1488 680/1613/1488 690/1365/1488
f 531/1366/1489 477/1221/1489 532/1223/1489
f 691/1614/1490 692/1615/1490 512/1612/1490
f 592/1616/1491 563/1617/1492 561/1256/1493
f 710/1433/1494 664/1618/1495 665/1619/1496
f 552/1334/1497 591/1336/1497 550/1620/1497
f 552/1467/1498 550/1621/1498 681/1383/1498
f 714/1564/1499 526/1622/1500 525/1562/1501
f 511/1377/1502 537/1438/1502 670/1378/1502
f 562/1382/1503 561/1488/1503 563/1380/1503
f 710/1433/1504 665/1619/1504 580/1623/1504
f 528/1226/1505 579/1225/1505 580/1624/1505
f 580/1624/1506 665/1422/1506 528/1226/1506
f 681/1383/1507 608/1395/1507 552/1467/1507
f 510/1397/1508 611/1431/1508 579/1398/1508
f 612/1400/1509 712/1510/1509 485/1401/1509
f 698/1237/1510 518/1295/1510 701/1294/1510
f 492/1625/1511 686/1290/1511 526/1289/1511
f 480/1245/1512 700/1626/1513 653/1228/1514
f 699/1415/1515 652/1240/1515 481/1239/1515
f 699/1627/1516 480/1245/1517 652/1628/1518
f 656/1629/1519 512/1493/1520 655/1630/1521
f 518/1229/1522 653/1228/1522 700/1626/1522
f 618/1631/1523 654/1632/1523 519/1633/1523
f 618/1634/1524 655/1635/1524 654/1636/1524
f 618/1637/1525 656/1638/1525 655/1639/1525
f 618/1640/1526 519/1641/1526 656/1642/1526
f 599/1643/1527 592/1616/1527 519/1641/1527
f 599/1644/1528 519/1633/1528 654/1632/1528
f 512/1645/1529 599/1646/1529 654/1636/1529
f 512/1645/1530 654/1636/1530 655/1635/1530
f 592/1616/1531 656/1642/1532 519/1641/1533
f 526/1289/1534 521/1545/1535 657/1544/1536
f 522/1647/1537 521/1417/1537 514/1416/1537
f 514/1648/1538 658/1649/1539 522/1650/1540
f 525/1291/1541 658/1649/1542 660/1292/1543
f 525/1562/1544 659/1651/1544 523/1652/1544
f 525/1562/1545 524/1653/1546 659/1651/1547
f 526/1289/1548 657/1544/1548 524/1654/1548
f 615/1655/1549 527/1656/1550 711/1657/1551
f 614/1658/1552 661/1659/1552 527/1660/1552
f 615/1661/1553 662/1662/1554 614/1663/1553
f 614/1663/1555 662/1662/1555 581/1664/1555
f 581/1665/1556 661/1659/1556 614/1658/1556
f 615/1666/1557 663/1667/1557 582/1668/1557
f 666/1598/1558 513/1429/1559 611/1431/1560
f 615/1669/1561 711/1670/1561 583/1671/1561
f 583/1672/1562 663/1667/1562 615/1666/1562
f 477/1221/1563 616/1673/1563 664/1222/1563
f 664/1618/1564 616/1674/1564 665/1619/1564
f 617/1675/1565 665/1619/1565 616/1674/1565
f 530/1676/1566 666/1556/1566 611/1677/1566
f 503/1349/1567 532/1678/1567 600/1679/1567
f 530/1676/1568 531/1230/1569 589/1340/1570
f 670/1378/1571 601/1603/1572 652/1680/1573
f 532/1223/1574 667/1426/1574 531/1366/1574
f 600/1243/1575 710/1681/1575 513/1429/1575
f 537/1362/1576 533/1354/1577 668/1353/1578
f 536/1314/1579 588/1313/1579 670/1378/1579
f 503/1349/1580 603/1682/1581 601/1603/1582
f 505/1241/1583 534/1272/1583 669/1515/1583
f 537/1362/1584 668/1353/1584 536/1683/1584
f 499/1329/1585 482/1588/1585 602/1684/1585
f 602/1347/1586 482/1542/1586 538/1242/1586
f 672/1548/1587 600/1243/1587 538/1242/1587
f 539/1252/1588 483/1251/1588 603/1682/1588
f 672/1253/1589 503/1349/1590 600/1679/1591
f 596/1308/1592 504/1350/1593 493/1285/1594
f 603/1685/1595 483/1255/1595 540/1254/1595
f 540/1274/1596 601/1273/1596 603/1686/1596
f 674/1440/1597 590/1601/1597 541/1439/1597
f 675/1687/1598 596/1566/1598 542/1361/1598
f 542/1361/1599 590/1360/1599 674/1688/1599
f 549/1367/1600 524/1689/1601 679/1690/1602
f 543/1275/1603 487/1447/1603 676/1276/1603
f 490/1278/1604 677/1287/1604 604/1448/1604
f 490/1278/1605 571/1449/1605 613/1279/1605
f 604/1453/1606 677/1558/1606 489/1452/1606
f 544/1281/1607 502/1284/1607 605/1691/1607
f 605/1692/1608 502/1346/1608 545/1345/1608
f 546/1693/1609 549/1367/1609 679/1690/1609
f 548/1454/1610 550/1456/1610 587/1553/1610
f 549/1371/1611 587/1327/1611 550/1372/1611
f 606/1694/1612 659/1605/1612 524/1695/1612
f 681/1696/1613 659/1605/1614 606/1694/1615
f 681/1697/1616 680/1698/1616 547/1699/1616
f 703/1700/1617 607/1701/1618 551/1702/1619
f 550/1456/1620 680/1455/1620 681/1703/1620
f 551/1385/1621 606/1384/1621 577/1704/1621
f 577/1457/1622 682/1369/1622 683/1705/1622
f 704/1706/1623 682/1707/1624 607/1708/1625
f 556/1709/1626 553/1463/1627 575/1710/1628
f 702/1711/1629 556/1712/1630 575/1713/1631
f 627/1714/1632 689/1593/1633 628/1715/1634
f 555/1374/1635 684/1469/1635 705/1716/1635
f 685/1408/1636 555/1368/1636 705/1472/1636
f 556/1315/1637 557/1471/1637 707/1717/1637
f 591/1718/1638 556/1719/1638 707/1720/1638
f 591/1718/1639 707/1720/1639 684/1721/1639
f 557/1471/1640 685/1470/1640 706/1722/1640
f 492/1480/1641 714/1723/1641 688/1481/1641
f 492/1474/1642 708/1476/1642 559/1724/1642
f 714/1484/1643 687/1725/1643 709/1485/1643
f 709/1479/1644 559/1478/1644 708/1726/1644
f 514/1416/1645 558/1418/1645 627/1486/1645
f 558/1288/1646 686/1290/1646 627/1727/1646
f 628/1728/1647 660/1729/1647 514/1730/1647
f 689/1565/1648 660/1292/1648 628/1731/1648
f 627/1714/1649 686/1338/1649 559/1337/1649
f 520/1732/1650 561/1256/1651 690/1547/1652
f 690/1365/1653 680/1613/1653 560/1492/1653
f 560/1489/1654 506/1491/1654 562/1611/1654
f 629/1733/1655 693/1734/1656 631/1735/1657
f 563/1380/1658 629/1736/1658 691/1381/1658
f 691/1614/1659 630/1737/1659 692/1615/1659
f 631/1738/1660 692/1739/1661 630/1740/1662
f 630/1741/1663 691/1381/1663 629/1736/1663
f 631/1738/1664 693/1410/1664 599/1409/1664
f 635/1742/1665 567/1743/1666 634/1744/1667
f 564/1270/1668 565/1271/1668 694/1497/1668
f 516/1299/1669 564/1555/1669 498/1745/1669
f 516/1393/1670 498/1746/1670 695/1394/1670
f 565/1747/1671 517/1748/1671 566/1749/1671
f 565/1747/1672 566/1749/1672 694/1750/1672
f 566/1495/1673 695/1394/1673 498/1746/1673
f 632/1751/1674 696/1752/1674 584/1753/1674
f 584/1754/1675 713/1755/1675 632/1756/1675
f 632/1757/1676 585/1758/1676 696/1759/1676
f 632/1760/1677 697/1761/1677 585/1707/1677
f 713/1762/1678 697/1761/1678 632/1760/1678
f 633/1763/1679 698/1764/1679 567/1765/1679
f 699/1415/1680 698/1414/1680 633/1766/1680
f 633/1767/1681 700/1768/1681 568/1769/1681
f 568/1769/1682 699/1770/1682 633/1767/1682
f 633/1771/1683 567/1772/1683 570/1773/1683
f 570/1774/1684 700/1775/1684 633/1776/1684
f 634/1500/1685 701/1294/1685 569/1296/1685
f 634/1777/1686 567/1570/1686 701/1569/1686
f 635/1742/1687 700/1775/1687 570/1774/1687
f 637/1778/1688 571/1449/1689 604/1448/1690
f 569/1403/1691 700/1402/1691 635/1779/1691
f 571/1449/1692 636/1780/1692 613/1279/1692
f 638/1781/1693 572/1451/1694 609/1501/1695
f 571/1449/1696 593/1782/1696 636/1780/1696
f 637/1783/1697 572/1451/1698 594/1784/1699
f 544/1281/1700 609/1785/1701 678/1282/1702
f 605/1691/1703 573/1502/1704 544/1281/1705
f 638/1786/1706 573/1502/1707 595/1504/1708
f 545/1787/1709 610/1788/1710 605/1789/1711
f 636/1573/1712 545/1345/1713 613/1344/1714
f 527/1656/1715 710/1790/1716 711/1657/1717
f 639/1791/1718 575/1710/1718 553/1463/1718
f 553/1463/1719 554/1462/1719 639/1791/1719
f 639/1792/1720 702/1711/1720 575/1713/1720
f 576/1465/1721 702/1464/1721 639/1793/1721
f 554/1466/1722 576/1468/1722 639/1794/1722
f 577/1457/1723 683/1705/1723 640/1795/1723
f 703/1460/1724 577/1459/1724 640/1796/1724
f 704/1797/1725 703/1700/1725 640/1798/1725
f 683/1799/1726 704/1706/1726 640/1800/1726
f 641/1801/1727 705/1716/1727 684/1469/1727
f 706/1473/1728 705/1472/1728 641/1802/1728
f 641/1803/1729 707/1720/1729 557/1804/1729
f 557/1471/1730 706/1722/1730 641/1805/1730
f 641/1803/1731 684/1721/1731 707/1720/1731
f 578/1806/1732 688/1807/1732 642/1808/1732
f 708/1476/1733 578/1475/1733 642/1809/1733
f 709/1479/1734 708/1726/1734 642/1810/1734
f 642/1811/1735 688/1483/1735 709/1485/1735
f 661/1659/1736 513/1429/1737 527/1660/1738
f 661/1659/1739 579/1398/1740 611/1431/1741
f 582/1812/1742 579/1225/1743 662/1662/1744
f 579/1225/1745 581/1664/1745 662/1662/1745
f 663/1667/1746 710/1813/1747 580/1814/1748
f 580/1814/1749 582/1668/1749 663/1667/1749
f 585/1758/1750 565/1815/1751 696/1759/1752
f 710/1816/1753 583/1671/1753 711/1670/1753
f 712/1413/1754 584/1753/1754 696/1752/1754
f 565/1271/1755 712/1413/1755 696/1752/1755
f 612/1301/1756 585/1817/1757 697/1818/1758
f 619/1511/1351 620/1521/1759 598/1512/1352
f 619/1523/1359 507/1606/1760 650/1386/1360
f 647/1375/1365 511/1260/1761 623/1259/1366
f 485/1412/1382 565/1271/1762 645/1232/1383
f 666/1556/1393 530/1676/1763 589/1340/1394
f 488/1277/1396 534/1272/1764 540/1274/1397
f 487/1447/1400 489/1452/1765 677/1558/1401
f 499/1559/1405 543/1275/1766 488/1277/1406
f 490/1278/1409 491/1280/1767 596/1308/1410
f 486/1392/1414 646/1819/1768 597/1561/1415
f 625/1320/1422 626/1319/1769 508/1358/1423
f 624/1321/1428 496/1343/1770 495/1572/1429
f 636/1573/1432 593/1820/1771 497/1574/1433
f 637/1577/1436 594/1581/1772 497/1578/1437
f 638/1580/1439 595/1821/1773 497/1578/1440
f 610/1582/1442 574/1575/1774 497/1574/1443
f 536/1584/1445 668/1822/1775 589/1427/1446
f 482/1588/1449 499/1329/1776 546/1328/1450
f 669/1590/1453 676/1286/1777 504/1350/1454
f 547/1604/1472 690/1365/1778 523/1364/1473
f 518/1295/1475 698/1237/1779 478/1236/1476
f 562/1611/1485 691/1614/1780 512/1612/1486
f 592/1616/1491 693/1734/1781 563/1617/1492
f 710/1433/1494 532/1432/1782 664/1618/1495
f 714/1564/1499 492/1823/1783 526/1622/1500
f 480/1245/1512 568/1824/1784 700/1626/1513
f 699/1627/1516 568/1824/1785 480/1245/1517
f 656/1629/1519 520/1494/1786 512/1493/1520
f 592/1616/1531 520/1732/1787 656/1642/1532
f 526/1289/1534 558/1288/1788 521/1545/1535
f 514/1648/1538 660/1292/1789 658/1649/1539
f 525/1291/1541 523/1825/1790 658/1649/1542
f 525/1562/1545 526/1622/1791 524/1653/1546
f 615/1655/1549 614/1826/1792 527/1656/1550
f 615/1661/1553 582/1812/1793 662/1662/1554
f 666/1598/1558 501/1244/1794 513/1429/1559
f 530/1676/1568 510/1231/1795 531/1230/1569
f 670/1378/1571 535/1348/1796 601/1603/1572
f 537/1362/1576 507/1606/1797 533/1354/1577
f 503/1349/1580 539/1252/1798 603/1682/1581
f 672/1253/1589 539/1252/1799 503/1349/1590
f 596/1308/1592 675/1351/1800 504/1350/1593
f 549/1367/1600 606/1370/1801 524/1689/1601
f 681/1696/1613 547/1604/1802 659/1605/1614
f 703/1700/1617 704/1797/1803 607/1701/1618
f 704/1706/1623 683/1799/1804 682/1707/1624
f 556/1709/1626 552/1461/1805 553/1463/1627
f 702/1711/1629 607/1827/1806 556/1712/1630
f 627/1714/1632 559/1337/1807 689/1593/1633
f 520/1732/1650 592/1616/1808 561/1256/1651
f 629/1733/1655 563/1617/1809 693/1734/1656
f 631/1738/1660 599/1409/1810 692/1739/1661
f 635/1742/1665 570/1774/1811 567/1743/1666
f 637/1778/1688 593/1782/1812 571/1449/1689
f 638/1781/1693 594/1784/1813 572/1451/1694
f 637/1783/1697 604/1453/1814 572/1451/1698
f 544/1281/1700 573/1502/1815 609/1785/1701
f 605/1691/1703 610/1503/1816 573/1502/1704
f 638/1786/1706 609/1785/1817 573/1502/1707
f 545/1787/1709 574/1828/1818 610/1788/1710
f 636/1573/1712 574/1575/1819 545/1345/1713
f 527/1656/1715 513/1829/1820 710/1790/1716
f 661/1659/1736 611/1431/1821 513/1429/1737
f 661/1659/1739 581/1665/1822 579/1398/1740
f 582/1812/1742 580/1624/1823 579/1225/1743
f 663/1667/1746 583/1672/1824 710/1813/1747
f 585/1758/1750 517/1830/1825 565/1815/1751
f 612/1301/1756 517/1300/1826 585/1817/1757
