# Blender 4.4.1
# www.blender.org
o Houses_SecondAge_1_Level2
v -13.276370 2.566721 -10.324745
v -13.276370 4.551305 -4.872147
v -13.071005 2.694882 -10.371393
v -13.071004 4.679466 -4.918794
v -13.788634 3.448892 -4.585759
v -13.788634 5.308088 -5.262451
v -13.788634 1.538137 -9.835514
v -13.788634 3.397334 -10.512207
v -13.672924 3.626902 -4.561828
v -13.672924 1.659118 -9.968269
v -13.651947 3.170710 -4.363124
v -13.651948 1.181930 -9.827250
v -15.638943 7.161051 -5.822017
v -15.638943 5.176467 -11.274616
v -15.638943 7.475671 -5.936529
v -15.638943 5.491087 -11.389128
v -18.001514 2.566721 -10.324745
v -18.001514 4.551305 -4.872147
v -18.206881 2.694882 -10.371393
v -18.206881 4.679466 -4.918794
v -17.489250 3.448892 -4.585759
v -17.489250 5.308088 -5.262451
v -17.489250 1.538137 -9.835514
v -17.489250 3.397334 -10.512207
v -15.638943 3.448892 -4.585759
v -15.638943 7.161207 -5.936931
v -15.638943 1.538137 -9.835514
v -15.638943 5.250452 -11.186687
v -17.604961 3.626902 -4.561828
v -17.604961 1.659118 -9.968269
v -17.625938 3.170710 -4.363124
v -17.625938 1.181930 -9.827250
v -15.638943 3.626902 -4.561828
v -15.638943 1.659118 -9.968269
v -15.638943 3.170710 -4.363124
v -15.638943 1.181930 -9.827250
v -14.916179 4.799403 -4.837295
v -14.916179 3.211470 -4.259335
v -15.156727 4.799403 -4.837295
v -15.156727 3.211470 -4.259335
v -14.916179 4.711210 -5.079601
v -14.916179 3.123278 -4.501641
v -15.156727 4.711210 -5.079601
v -15.156727 3.123278 -4.501641
v -14.850790 5.021126 -4.660383
v -14.850790 4.823049 -5.204596
v -14.850790 4.797848 -4.579117
v -14.850790 4.599771 -5.123329
v -14.916179 2.734372 -10.510919
v -14.916179 1.146440 -9.932959
v -15.156727 2.734372 -10.510919
v -15.156727 1.146440 -9.932959
v -14.916179 2.822565 -10.268612
v -14.916179 1.234632 -9.690652
v -15.156727 2.822565 -10.268612
v -15.156727 1.234632 -9.690652
v -14.850790 2.790506 -10.788961
v -14.850790 2.988583 -10.244749
v -14.850790 2.567228 -10.707695
v -14.850790 2.765305 -10.163483
v -16.361704 4.799403 -4.837295
v -16.361704 3.211470 -4.259335
v -16.121155 4.799403 -4.837295
v -16.121155 3.211470 -4.259335
v -16.361704 4.711210 -5.079601
v -16.361704 3.123278 -4.501641
v -16.121155 4.711210 -5.079601
v -16.121155 3.123278 -4.501641
v -16.427092 5.021126 -4.660383
v -15.638941 5.021126 -4.660383
v -16.427092 4.823049 -5.204596
v -15.638941 4.823049 -5.204596
v -16.427092 4.797848 -4.579117
v -15.638941 4.797848 -4.579117
v -16.427092 4.599771 -5.123329
v -15.638941 4.599771 -5.123329
v -16.361704 2.734372 -10.510919
v -16.361704 1.146440 -9.932959
v -16.121155 2.734372 -10.510919
v -16.121155 1.146440 -9.932959
v -16.361704 2.822565 -10.268612
v -16.361704 1.234632 -9.690652
v -16.121155 2.822565 -10.268612
v -16.121155 1.234632 -9.690652
v -16.427092 2.790506 -10.788961
v -15.638941 2.790506 -10.788961
v -16.427092 2.988583 -10.244749
v -15.638941 2.988583 -10.244749
v -16.427092 2.567228 -10.707695
v -15.638941 2.567228 -10.707695
v -16.427092 2.765305 -10.163483
v -15.638941 2.765305 -10.163483
v -15.794685 4.743082 -4.917064
v -15.791174 4.767112 -4.851040
v -15.786392 3.170327 -4.344699
v -15.789167 3.194375 -4.278627
v -15.682298 4.742773 -4.917911
v -15.678778 4.766804 -4.851887
v -15.676771 3.194067 -4.279475
v -15.674006 3.170019 -4.345546
v -15.357102 4.741881 -4.920363
v -15.356730 4.765920 -4.854315
v -15.342362 3.169109 -4.348046
v -15.341990 3.193148 -4.281999
v -15.186609 4.741413 -4.921648
v -15.186237 4.765452 -4.855601
v -15.171497 3.192680 -4.283284
v -15.171869 3.168641 -4.349332
v -15.534108 3.193675 -4.280550
v -15.536542 4.766414 -4.852960
v -15.657780 3.194015 -4.279618
v -15.660214 4.766753 -4.852027
v -15.367764 3.193219 -4.281805
v -15.371066 4.765960 -4.854208
v -15.523377 3.193646 -4.280632
v -15.526678 4.766387 -4.853034
v -15.536843 4.744892 -4.912089
v -15.534409 3.172154 -4.339680
v -15.660515 4.745232 -4.911157
v -15.658080 3.172493 -4.338748
v -15.371366 4.744438 -4.913337
v -15.368065 3.171697 -4.340934
v -15.526978 4.744865 -4.912164
v -15.523678 3.172124 -4.339761
v -15.965536 4.741881 -4.920363
v -15.965210 4.765920 -4.854315
v -15.952647 3.169109 -4.348047
v -15.952321 3.193148 -4.281999
v -15.816453 4.741413 -4.921648
v -15.816128 4.765452 -4.855601
v -15.803238 3.192680 -4.283285
v -15.803564 3.168641 -4.349332
v -15.974859 3.193219 -4.281805
v -15.977746 4.765960 -4.854208
v -16.110931 3.193646 -4.280632
v -16.113817 4.766387 -4.853034
v -15.978008 4.744438 -4.913337
v -15.975122 3.171697 -4.340934
v -16.114080 4.744865 -4.912163
v -16.111193 3.172124 -4.339761
v -12.358385 3.530817 -4.938298
v -12.358961 3.568026 -4.953851
v -11.805414 3.520486 -4.966681
v -11.805781 3.559004 -4.978639
v -12.363476 3.501896 -5.017757
v -12.363110 3.539089 -5.033356
v -11.809930 3.530067 -5.058143
v -11.810505 3.491566 -5.046140
v -12.360083 3.420455 -5.241514
v -12.360083 3.458310 -5.255292
v -11.807370 3.408783 -5.273582
v -11.807370 3.446639 -5.287360
v -12.367013 3.384984 -5.338972
v -12.367013 3.422838 -5.352750
v -11.814301 3.411167 -5.384819
v -11.814301 3.373312 -5.371040
v -11.820127 3.492297 -5.161914
v -12.373293 3.501408 -5.136881
v -11.815254 3.526186 -5.068804
v -12.368422 3.535297 -5.043772
v -11.824761 3.450804 -5.275914
v -12.377904 3.460096 -5.250386
v -11.819179 3.490043 -5.168107
v -12.372322 3.499335 -5.142579
v -12.373293 3.472508 -5.126363
v -11.820127 3.463397 -5.151395
v -12.368422 3.506397 -5.033253
v -11.815254 3.497286 -5.058285
v -12.377904 3.431195 -5.239867
v -11.824761 3.421904 -5.265395
v -12.372322 3.470434 -5.132060
v -11.819179 3.461143 -5.157588
v -11.835426 2.869622 -5.192458
v -11.776003 2.868987 -5.192730
v -11.835159 3.385401 -5.373930
v -11.775938 3.383276 -5.378402
v -11.831803 2.895668 -5.117148
v -11.772380 2.895948 -5.117747
v -11.772315 3.410237 -5.303419
v -11.831536 3.411447 -5.298621
v -11.820967 2.976971 -4.893132
v -11.761644 2.976048 -4.895667
v -11.820729 3.492549 -5.075228
v -11.761408 3.491627 -5.077763
v -11.815470 3.017737 -4.779328
v -11.756147 3.016815 -4.781863
v -11.755910 3.532393 -4.963959
v -11.815232 3.533316 -4.961424
v -11.767715 3.439824 -5.206556
v -11.767795 2.925433 -5.021170
v -11.771703 3.410191 -5.289073
v -11.771781 2.895799 -5.103687
v -11.762354 3.481009 -5.096050
v -11.762460 2.966408 -4.911241
v -11.767370 3.443631 -5.199846
v -11.767476 2.929030 -5.015037
v -11.819825 2.926242 -5.018947
v -11.819747 3.440633 -5.204333
v -11.823812 2.896609 -5.101464
v -11.823733 3.411000 -5.286850
v -11.814491 2.967217 -4.909018
v -11.814384 3.481819 -5.093827
v -11.819508 2.929839 -5.012814
v -11.819401 3.444441 -5.197623
v -12.361194 2.997472 -4.747975
v -12.361817 3.035889 -4.763957
v -11.777887 2.986678 -4.777632
v -11.778300 3.026398 -4.790035
v -12.366390 2.968689 -4.827055
v -12.365978 3.007089 -4.843085
v -11.782460 2.997597 -4.869164
v -11.783085 2.957895 -4.856711
v -12.361525 2.887608 -5.049824
v -12.361525 2.926668 -5.064041
v -11.811071 2.875985 -5.081756
v -11.811071 2.915045 -5.095973
v -12.368654 2.852306 -5.146814
v -12.368654 2.891366 -5.161031
v -11.818201 2.879744 -5.192963
v -11.818201 2.840684 -5.178746
v -11.793150 2.960013 -4.972424
v -12.376656 2.969594 -4.946102
v -11.788263 2.993743 -4.879754
v -12.371769 3.003323 -4.853432
v -11.797672 2.918714 -5.085892
v -12.381153 2.928474 -5.059077
v -11.792078 2.957768 -4.978593
v -12.375559 2.967528 -4.951778
v -12.376656 2.930534 -4.931885
v -11.793150 2.920954 -4.958207
v -12.371769 2.964263 -4.839215
v -11.788264 2.954683 -4.865537
v -12.381153 2.889414 -5.044860
v -11.797672 2.879654 -5.071676
v -12.375559 2.928468 -4.937561
v -11.792078 2.918708 -4.964376
v -12.431687 2.881314 -5.177845
v -12.397993 2.881469 -5.177421
v -12.431450 3.375395 -5.352108
v -12.397935 3.373759 -5.355252
v -12.427700 2.911306 -5.095443
v -12.394005 2.911463 -5.095012
v -12.393948 3.403465 -5.272739
v -12.427462 3.404198 -5.269272
v -12.416510 2.993069 -4.863302
v -12.382904 2.992547 -4.864738
v -12.416086 3.503262 -5.039098
v -12.382482 3.502739 -5.040534
v -12.412481 3.021251 -4.779295
v -12.378877 3.020728 -4.780731
v -12.378454 3.530921 -4.956528
v -12.412059 3.531443 -4.955091
v -12.388732 3.437751 -5.163168
v -12.388802 2.950596 -4.987494
v -12.393402 3.402973 -5.259806
v -12.393472 2.915469 -5.084004
v -12.383299 3.479456 -5.051201
v -12.383385 2.991347 -4.875533
v -12.388152 3.443307 -5.151607
v -12.388237 2.954848 -4.975812
v -12.415050 2.951005 -4.986372
v -12.414980 3.438159 -5.162047
v -12.419720 2.915877 -5.082883
v -12.419649 3.403382 -5.258685
v -12.409632 2.991755 -4.874411
v -12.409547 3.479865 -5.050079
v -12.414484 2.955256 -4.974690
v -12.414399 3.443715 -5.150486
v -12.290316 3.553303 -4.875886
v -12.286857 3.563117 -4.848923
v -12.284635 3.044648 -4.691026
v -12.285482 3.054529 -4.663879
v -12.213312 3.552105 -4.879176
v -12.209846 3.561919 -4.852214
v -12.208471 3.053331 -4.667170
v -12.207630 3.043451 -4.694316
v -11.990499 3.548640 -4.888697
v -11.989189 3.558487 -4.861642
v -11.980399 3.039917 -4.704026
v -11.979090 3.049764 -4.676971
v -11.873682 3.546823 -4.893688
v -11.872373 3.556670 -4.866633
v -11.862273 3.047947 -4.681962
v -11.863583 3.038100 -4.709017
v -12.110723 3.051811 -4.671346
v -12.112391 3.560403 -4.856378
v -12.195459 3.053129 -4.667726
v -12.197127 3.561721 -4.852757
v -11.996750 3.050038 -4.676216
v -11.999012 3.558640 -4.861222
v -12.103371 3.051697 -4.671660
v -12.105633 3.560298 -4.856667
v -12.113447 3.552462 -4.878195
v -12.111778 3.043870 -4.693164
v -12.198183 3.553780 -4.874575
v -12.196515 3.045188 -4.689543
v -12.000067 3.550699 -4.883040
v -11.997806 3.042098 -4.698033
v -12.106688 3.552357 -4.878484
v -12.104426 3.043756 -4.693478
v -12.332973 2.852648 -5.236586
v -12.332735 2.838850 -5.273090
v -12.327664 3.362809 -5.422526
v -12.331450 3.349107 -5.458870
v -12.243999 2.850117 -5.239970
v -12.243753 2.837189 -5.276791
v -12.242469 3.347446 -5.462572
v -12.238689 3.360279 -5.425910
v -11.991268 2.846612 -5.250924
v -11.993038 2.833297 -5.287507
v -11.981831 3.356636 -5.437014
v -11.983600 3.343321 -5.473597
v -11.882105 2.842876 -5.254846
v -11.883875 2.829561 -5.291429
v -11.874437 3.339585 -5.477520
v -11.872667 3.352900 -5.440937
v -12.126101 3.340873 -5.465810
v -12.127661 2.830621 -5.280018
v -12.230309 3.342830 -5.461480
v -12.231869 2.832579 -5.275688
v -11.998576 3.339700 -5.471554
v -12.000690 2.829458 -5.285739
v -12.119231 3.341913 -5.466521
v -12.121346 2.831671 -5.280706
v -12.126308 2.840787 -5.252089
v -12.124750 3.351038 -5.437881
v -12.230516 2.842744 -5.247759
v -12.228958 3.352995 -5.433551
v -11.999338 2.839623 -5.257810
v -11.997225 3.349866 -5.443625
v -12.119993 2.841836 -5.252777
v -12.117880 3.352079 -5.438592
v -12.406779 3.035448 -4.641850
v -12.406779 3.599455 -4.847132
v -12.436764 2.809915 -5.261498
v -12.436764 3.373921 -5.466780
v -11.747364 3.025192 -4.670026
v -11.747364 3.589200 -4.875308
v -11.777348 2.799659 -5.289674
v -11.777348 3.363666 -5.494956
v -12.428027 3.077807 -4.743677
v -12.428027 3.501553 -4.897907
v -12.450555 3.332107 -5.363457
v -12.450555 2.908361 -5.209226
v -12.355566 2.872778 -5.306990
v -12.355566 3.296524 -5.461221
v -11.860139 3.288819 -5.482390
v -11.860139 2.865073 -5.328159
v -11.756100 2.897561 -5.238899
v -11.756100 3.321307 -5.393130
v -11.733572 3.490753 -4.927581
v -11.733572 3.067007 -4.773350
v -11.828561 3.102591 -4.675585
v -11.828561 3.526336 -4.829816
v -12.323989 3.534041 -4.808647
v -12.323989 3.110296 -4.654416
v -12.351042 2.821698 -5.182498
v -11.855614 2.813993 -5.203668
v -11.833086 2.983439 -4.738118
v -12.328514 2.991144 -4.716949
v -11.855614 3.407970 -5.419858
v -12.351042 3.415675 -5.398688
v -12.328514 3.585121 -4.933139
v -11.833086 3.577416 -4.954308
v -12.401920 3.478085 -4.911156
v -12.401920 3.087269 -4.768911
v -12.422697 3.321807 -5.340528
v -12.422697 2.930990 -5.198283
v -12.335090 3.288988 -5.430696
v -12.335090 2.898172 -5.288450
v -11.878161 3.281882 -5.450220
v -11.878161 2.891066 -5.307974
v -11.782207 3.311846 -5.367896
v -11.782207 2.921029 -5.225650
v -11.761431 3.468124 -4.938524
v -11.761431 3.077308 -4.796278
v -11.849038 3.500942 -4.848357
v -11.849038 3.110126 -4.706111
v -12.305965 3.508049 -4.828833
v -12.305965 3.117232 -4.686587
v -11.873989 2.843955 -5.193156
v -12.330916 2.851061 -5.173632
v -11.853210 3.000234 -4.763784
v -12.310140 3.007340 -4.744260
v -12.330916 3.398881 -5.373022
v -11.873989 3.391774 -5.392546
v -12.310140 3.555159 -4.943650
v -11.853210 3.548053 -4.963174
v -12.140259 4.080956 -6.235834
v -12.141079 4.111537 -6.248451
v -11.704872 4.036503 -6.357968
v -11.704793 4.068114 -6.367754
v -12.160509 4.058216 -6.298312
v -12.160588 4.088722 -6.311134
v -11.724302 4.045300 -6.430438
v -11.725122 4.013762 -6.420445
v -12.203394 3.993019 -6.477439
v -12.203394 4.024077 -6.488744
v -11.768964 3.947512 -6.602468
v -11.768964 3.978571 -6.613772
v -12.228781 3.965172 -6.553946
v -12.228781 3.996231 -6.565250
v -11.794351 3.950725 -6.690279
v -11.794351 3.919666 -6.678974
v -11.753581 4.015834 -6.511394
v -12.189806 4.059327 -6.391897
v -11.730723 4.042552 -6.437985
v -12.166948 4.086045 -6.318489
v -11.780507 3.983034 -6.601511
v -12.216612 4.026670 -6.481623
v -11.754087 4.013973 -6.516504
v -12.190192 4.057609 -6.396617
v -12.189806 4.035615 -6.383266
v -11.753581 3.992122 -6.502763
v -12.166948 4.062333 -6.309859
v -11.730723 4.018840 -6.429355
v -12.216612 4.002957 -6.472993
v -11.780507 3.959322 -6.592880
v -12.190192 4.033897 -6.387987
v -11.754087 3.990262 -6.507874
v -11.812059 3.488894 -6.521668
v -11.764740 3.484486 -6.532572
v -11.810719 3.930940 -6.677623
v -11.764417 3.925356 -6.691841
v -11.793913 3.509410 -6.462227
v -11.746593 3.505752 -6.473399
v -11.746269 3.946622 -6.632668
v -11.792574 3.951455 -6.618181
v -11.739639 3.573560 -6.285450
v -11.692827 3.568939 -6.298146
v -11.738449 4.015449 -6.441898
v -11.691637 4.010828 -6.454593
v -11.712109 3.605711 -6.195640
v -11.665297 3.601091 -6.208335
v -11.664106 4.042979 -6.364783
v -11.710918 4.047600 -6.352087
v -11.723235 3.969813 -6.556176
v -11.723629 3.528862 -6.397132
v -11.743203 3.946440 -6.621295
v -11.743596 3.505489 -6.462251
v -11.696378 4.002340 -6.468984
v -11.696911 3.561223 -6.310396
v -11.721503 3.972855 -6.550895
v -11.722035 3.531738 -6.392306
v -11.764687 3.532914 -6.385997
v -11.764294 3.973866 -6.545041
v -11.784655 3.509542 -6.451117
v -11.784261 3.950493 -6.610160
v -11.737968 3.565275 -6.299261
v -11.737436 4.006392 -6.457849
v -11.763094 3.535791 -6.381171
v -11.762561 3.976908 -6.539760
v -12.143183 3.624646 -6.072209
v -12.144039 3.656222 -6.085169
v -11.683853 3.577837 -6.200818
v -11.683813 3.610438 -6.210960
v -12.163442 3.602023 -6.134366
v -12.163482 3.633517 -6.147551
v -11.703255 3.587733 -6.273343
v -11.704113 3.555214 -6.262974
v -12.204949 3.537017 -6.312970
v -12.204949 3.569064 -6.324634
v -11.772294 3.491698 -6.437483
v -11.772294 3.523745 -6.449147
v -12.230400 3.509319 -6.389068
v -12.230400 3.541367 -6.400732
v -11.797745 3.496048 -6.525245
v -11.797745 3.464000 -6.513581
v -11.732823 3.558448 -6.353802
v -12.192990 3.604302 -6.227818
v -11.710043 3.585038 -6.280747
v -12.170210 3.630892 -6.154764
v -11.759550 3.525795 -6.443516
v -12.219598 3.571791 -6.317142
v -11.733225 3.556586 -6.358917
v -12.193272 3.602582 -6.232544
v -12.192990 3.572255 -6.216154
v -11.732823 3.526401 -6.342137
v -12.170210 3.598845 -6.143100
v -11.710043 3.552990 -6.269083
v -12.219598 3.539743 -6.305478
v -11.759550 3.493747 -6.431851
v -12.193272 3.570535 -6.220880
v -11.733225 3.524539 -6.347253
v -12.284372 3.537396 -6.402778
v -12.257402 3.535313 -6.408501
v -12.283180 3.961646 -6.552798
v -12.257114 3.958136 -6.561333
v -12.264400 3.561063 -6.337752
v -12.237431 3.558982 -6.343472
v -12.237142 3.981569 -6.496217
v -12.263208 3.984338 -6.487417
v -12.208351 3.625508 -6.154540
v -12.181833 3.622890 -6.161732
v -12.206234 4.062933 -6.305939
v -12.179716 4.060316 -6.313130
v -12.188179 3.647680 -6.088225
v -12.161661 3.645062 -6.095417
v -12.159542 4.082488 -6.246816
v -12.186060 4.085105 -6.239624
v -12.211022 4.008470 -6.409698
v -12.211372 3.589862 -6.258627
v -12.234413 3.981037 -6.485960
v -12.234762 3.562143 -6.334785
v -12.183811 4.041406 -6.321352
v -12.184238 3.622019 -6.170278
v -12.208116 4.012891 -6.400588
v -12.208541 3.593218 -6.249409
v -12.232084 3.591907 -6.253010
v -12.231734 4.010514 -6.404080
v -12.255474 3.564188 -6.329168
v -12.255125 3.983081 -6.480342
v -12.204949 3.624063 -6.164660
v -12.204524 4.043450 -6.315735
v -12.229254 3.595262 -6.243792
v -12.228827 4.014935 -6.394971
v -12.073251 4.094433 -6.198285
v -12.064997 4.102036 -6.177396
v -12.068766 3.657800 -6.040741
v -12.063911 3.665739 -6.018930
v -12.012486 4.088435 -6.214765
v -12.004227 4.096038 -6.193877
v -12.003141 3.659740 -6.035411
v -12.008001 3.651802 -6.057220
v -11.836659 4.071080 -6.262449
v -11.830103 4.078850 -6.241100
v -11.828690 3.634102 -6.105850
v -11.822133 3.641873 -6.084501
v -11.744479 4.061980 -6.287449
v -11.737922 4.069751 -6.266100
v -11.729952 3.632774 -6.109501
v -11.736509 3.625003 -6.130850
v -11.926006 3.652126 -6.056330
v -11.927323 4.088447 -6.214734
v -11.992874 3.658726 -6.038196
v -11.994190 4.095047 -6.196599
v -11.836069 3.643248 -6.080722
v -11.837854 4.079615 -6.238998
v -11.920205 3.651553 -6.057904
v -11.921990 4.087920 -6.216180
v -11.932611 4.082181 -6.231950
v -11.931294 3.645860 -6.073546
v -11.999477 4.088781 -6.213816
v -11.998160 3.652460 -6.055412
v -11.843142 4.073349 -6.256214
v -11.841357 3.636982 -6.097938
v -11.927278 4.081654 -6.233397
v -11.925492 3.645287 -6.075120
v -12.218061 3.507915 -6.467349
v -12.225342 3.496882 -6.496512
v -12.213873 3.945070 -6.627747
v -12.224329 3.934376 -6.656058
v -12.147851 3.500044 -6.486048
v -12.155128 3.489724 -6.515471
v -12.154114 3.927217 -6.675018
v -12.143661 3.937198 -6.646445
v -11.948418 3.480707 -6.540261
v -11.957284 3.470201 -6.569129
v -11.940970 3.917479 -6.701521
v -11.949837 3.906972 -6.730389
v -11.862276 3.470532 -6.563015
v -11.871142 3.460025 -6.591882
v -11.863695 3.896796 -6.753142
v -11.854829 3.907304 -6.724274
v -12.062286 3.914245 -6.698499
v -12.063517 3.476774 -6.538895
v -12.144518 3.922638 -6.676298
v -12.145748 3.485167 -6.516694
v -11.961655 3.904977 -6.726033
v -11.963322 3.467549 -6.566310
v -12.056865 3.914651 -6.700312
v -12.058533 3.477223 -6.540589
v -12.056747 3.484795 -6.516856
v -12.055517 3.922267 -6.676460
v -12.138979 3.493188 -6.494655
v -12.137749 3.930660 -6.654259
v -11.956553 3.475570 -6.544271
v -11.954885 3.912999 -6.703994
v -12.051764 3.485245 -6.518550
v -12.050096 3.922673 -6.678273
v -12.157970 3.657917 -5.979334
v -12.157970 4.139595 -6.154651
v -12.308148 3.479946 -6.468306
v -12.308148 3.961624 -6.643622
v -11.637618 3.606553 -6.120455
v -11.637618 4.088231 -6.295772
v -11.787796 3.428582 -6.609426
v -11.787796 3.910260 -6.784743
v -12.190470 3.694692 -6.057328
v -12.190470 4.061290 -6.190759
v -12.303300 3.927578 -6.558129
v -12.303300 3.560980 -6.424699
v -12.247437 3.526371 -6.519787
v -12.247437 3.892968 -6.653218
v -11.856488 3.854378 -6.759244
v -11.856488 3.487781 -6.625813
v -11.755298 3.506887 -6.573318
v -11.755298 3.873485 -6.706749
v -11.642467 4.007196 -6.339378
v -11.642467 3.640599 -6.205948
v -11.698331 3.675208 -6.110859
v -11.698331 4.041806 -6.244290
v -12.089278 4.080396 -6.138264
v -12.089278 3.713799 -6.004834
v -12.224771 3.483394 -6.420578
v -11.833825 3.444804 -6.526604
v -11.720994 3.578516 -6.159234
v -12.111942 3.617106 -6.053207
v -11.833825 3.951071 -6.710870
v -12.224771 3.989661 -6.604844
v -12.111942 4.123373 -6.237473
v -11.720994 4.084783 -6.343500
v -12.173561 4.040484 -6.205891
v -12.173561 3.700903 -6.082294
v -12.277623 3.917163 -6.544713
v -12.277623 3.577582 -6.421116
v -12.226101 3.885243 -6.632412
v -12.226101 3.545662 -6.508815
v -11.865533 3.849652 -6.730199
v -11.865533 3.510071 -6.606602
v -11.772205 3.867273 -6.681784
v -11.772205 3.527693 -6.558187
v -11.668143 3.990594 -6.342961
v -11.668143 3.651014 -6.219364
v -11.719666 4.022514 -6.255262
v -11.719666 3.682934 -6.131665
v -12.080233 4.058106 -6.157475
v -12.080233 3.718525 -6.033878
v -11.844631 3.470434 -6.515102
v -12.205198 3.506025 -6.417315
v -11.740569 3.593755 -6.176280
v -12.101135 3.629346 -6.078493
v -12.205198 3.974422 -6.587798
v -11.844631 3.938830 -6.685585
v -12.101135 4.097743 -6.248976
v -11.740569 4.062152 -6.346762
v -12.328472 3.496492 -6.278316
v -12.327631 3.533736 -6.293773
v -11.898358 3.615803 -5.950512
v -11.899930 3.654065 -5.963172
v -12.275478 3.473888 -6.340419
v -12.273907 3.511336 -6.355315
v -11.846206 3.631665 -6.024714
v -11.845365 3.593199 -6.012615
v -12.113108 3.414307 -6.504117
v -12.113108 3.452162 -6.517895
v -11.680552 3.532564 -6.179207
v -11.680552 3.570419 -6.192985
v -12.048617 3.386425 -6.580720
v -12.048617 3.424281 -6.594498
v -11.616062 3.542538 -6.269589
v -11.616062 3.504683 -6.255811
v -11.779627 3.601331 -6.108057
v -12.207493 3.481071 -6.438468
v -11.842536 3.627566 -6.035975
v -12.270401 3.507307 -6.366386
v -11.701619 3.569514 -6.195473
v -12.129821 3.449394 -6.525501
v -11.774501 3.599878 -6.112049
v -12.202703 3.479757 -6.442078
v -12.207493 3.452171 -6.427949
v -11.779627 3.572430 -6.097538
v -12.270401 3.478406 -6.355867
v -11.842536 3.598666 -6.025456
v -12.129821 3.420493 -6.514982
v -11.701619 3.540613 -6.184954
v -12.202703 3.450857 -6.431559
v -11.774501 3.570977 -6.101531
v -11.628726 2.596174 -5.943750
v -11.584366 2.609225 -5.906420
v -11.632474 3.511858 -6.272204
v -11.585274 3.523766 -6.238117
v -11.679529 2.615998 -5.885535
v -11.635175 2.629964 -5.848533
v -11.636082 3.544505 -6.180230
v -11.683279 3.531682 -6.213989
v -11.831486 2.678691 -5.712649
v -11.785708 2.691628 -5.677104
v -11.834817 3.594225 -6.041586
v -11.789040 3.607162 -6.006042
v -11.908566 2.710018 -5.624781
v -11.862787 2.722955 -5.589236
v -11.866118 3.638489 -5.918173
v -11.911897 3.625552 -5.953718
v -11.700571 3.566194 -6.105067
v -11.699471 2.651574 -5.773590
v -11.644667 3.543407 -6.168774
v -11.643566 2.628787 -5.837296
v -11.775766 3.598171 -6.019863
v -11.774275 2.683389 -5.688831
v -11.705422 3.569407 -6.099989
v -11.703931 2.654625 -5.768958
v -11.739622 2.640227 -5.804766
v -11.740724 3.554847 -6.136243
v -11.683718 2.617440 -5.868473
v -11.684818 3.532060 -6.199950
v -11.814425 2.672041 -5.720007
v -11.815918 3.586824 -6.051038
v -11.744081 2.643278 -5.800134
v -11.745574 3.558060 -6.131166
v -12.328157 2.562454 -5.943176
v -12.327359 2.600895 -5.959094
v -11.874650 2.688387 -5.597179
v -11.876251 2.727841 -5.610312
v -12.275514 2.539928 -6.005065
v -12.273911 2.578594 -6.020366
v -11.822803 2.705540 -5.671583
v -11.822006 2.665861 -5.659068
v -12.112757 2.480952 -6.167101
v -12.112757 2.520012 -6.181318
v -11.681973 2.598727 -5.843516
v -11.681973 2.637787 -5.857733
v -12.048749 2.453151 -6.243484
v -12.048749 2.492211 -6.257701
v -11.617965 2.609987 -5.934115
v -11.617965 2.570926 -5.919899
v -11.756956 2.675231 -5.754859
v -12.208228 2.548353 -6.103453
v -11.819539 2.701351 -5.683093
v -12.270811 2.574473 -6.031687
v -11.679243 2.643583 -5.841809
v -12.130850 2.516844 -6.190022
v -11.751753 2.673813 -5.758754
v -12.203360 2.547074 -6.106967
v -12.208228 2.509293 -6.089236
v -11.756956 2.636170 -5.740642
v -12.270811 2.535413 -6.017470
v -11.819539 2.662291 -5.668877
v -12.130850 2.477784 -6.175805
v -11.679243 2.604523 -5.827592
v -12.203360 2.508013 -6.092751
v -11.751753 2.634753 -5.744538
v -12.082550 2.469389 -6.309600
v -12.057880 2.477240 -6.288029
v -12.085887 3.363425 -6.630706
v -12.058688 3.369796 -6.611852
v -12.138466 2.492533 -6.246011
v -12.113799 2.500386 -6.224436
v -12.114607 3.392654 -6.548155
v -12.141802 3.385380 -6.566684
v -12.295391 2.555078 -6.066672
v -12.269459 2.562407 -6.046537
v -12.301322 3.464908 -6.390184
v -12.275389 3.472237 -6.370049
v -12.351871 2.576343 -6.001670
v -12.325939 2.583671 -5.981535
v -12.331870 3.493501 -6.305048
v -12.357802 3.486173 -6.325183
v -12.187737 3.417984 -6.463191
v -12.186757 2.530585 -6.141466
v -12.122249 3.391226 -6.537793
v -12.121269 2.503478 -6.215941
v -12.263920 3.450358 -6.376857
v -12.262728 2.562031 -6.055068
v -12.195875 3.422543 -6.454368
v -12.194683 2.533866 -6.132451
v -12.207012 2.524861 -6.157192
v -12.207992 3.412260 -6.478917
v -12.141523 2.497754 -6.231668
v -12.142504 3.385502 -6.553520
v -12.282983 2.556307 -6.070794
v -12.284175 3.444634 -6.392584
v -12.214938 2.528142 -6.148178
v -12.216130 3.416819 -6.470095
v -12.322558 3.528734 -6.189099
v -12.339257 3.536802 -6.166933
v -12.318173 2.621043 -5.854871
v -12.338196 2.628172 -5.835285
v -12.263135 3.545527 -6.142960
v -12.279830 3.553596 -6.120790
v -12.278769 2.644966 -5.789143
v -12.258751 2.637836 -5.808732
v -12.091194 3.594119 -6.009454
v -12.109552 3.601718 -5.988576
v -12.083401 2.687392 -5.672579
v -12.101759 2.694991 -5.651701
v -12.001049 3.619595 -5.939460
v -12.019407 3.627194 -5.918582
v -12.011614 2.720466 -5.581708
v -11.993256 2.712868 -5.602585
v -12.203338 2.666284 -5.730574
v -12.204625 3.574850 -6.062397
v -12.268726 2.647804 -5.781346
v -12.270015 3.556370 -6.113169
v -12.115387 2.691139 -5.662283
v -12.117132 3.599576 -5.994462
v -12.197664 2.667887 -5.726168
v -12.199409 3.576324 -6.058347
v -12.189821 3.568722 -6.079232
v -12.188534 2.660156 -5.747409
v -12.255210 3.550242 -6.130004
v -12.253923 2.641676 -5.798182
v -12.102328 3.593448 -6.011298
v -12.100582 2.685012 -5.679119
v -12.184606 3.570196 -6.075183
v -12.182860 2.661759 -5.743004
v -11.965751 2.469143 -6.290256
v -11.939376 2.458855 -6.317119
v -11.961653 3.380909 -6.618509
v -11.938385 3.369776 -6.647794
v -11.897090 2.487400 -6.236527
v -11.870712 2.477983 -6.263702
v -11.869720 3.388904 -6.594378
v -11.892993 3.399166 -6.564780
v -11.702063 2.542942 -6.085251
v -11.677238 2.532667 -6.113481
v -11.694778 3.455534 -6.411003
v -11.669956 3.445260 -6.439233
v -11.617824 2.564710 -6.019101
v -11.592999 2.554435 -6.047331
v -11.585717 3.467027 -6.373084
v -11.610540 3.477302 -6.344853
v -11.779922 3.409518 -6.522920
v -11.781124 2.498539 -6.192408
v -11.860336 3.387129 -6.585481
v -11.861539 2.476150 -6.254970
v -11.681513 3.438140 -6.446804
v -11.683144 2.527040 -6.116625
v -11.774619 3.412164 -6.519220
v -11.776251 2.501064 -6.189042
v -11.800076 2.506383 -6.170856
v -11.798873 3.417362 -6.501367
v -11.880491 2.483994 -6.233417
v -11.879288 3.394973 -6.563929
v -11.702095 2.534884 -6.095073
v -11.700464 3.445984 -6.425251
v -11.795202 2.508908 -6.167489
v -11.793571 3.420008 -6.497668
v -12.437612 2.579985 -5.893224
v -12.437612 3.544355 -6.244226
v -12.017147 2.405945 -6.371395
v -12.017147 3.370316 -6.722397
v -11.928753 2.723792 -5.498116
v -11.928753 3.688163 -5.849119
v -11.508287 2.549752 -5.976287
v -11.508287 3.514123 -6.327290
v -12.398849 2.624654 -5.988705
v -12.398849 3.448763 -6.288656
v -12.082949 3.318005 -6.647912
v -12.082949 2.493896 -6.347960
v -11.942702 2.489333 -6.360496
v -11.942702 3.313442 -6.660447
v -11.560390 3.421487 -6.363598
v -11.560390 2.597378 -6.063646
v -11.547050 2.645345 -5.931858
v -11.547050 3.469454 -6.231810
v -11.862951 3.600212 -5.872553
v -11.862951 2.776103 -5.572602
v -12.003198 2.780666 -5.560067
v -12.003198 3.604775 -5.860018
v -12.385509 3.496730 -6.156868
v -12.385509 2.672621 -5.856916
v -12.006155 2.430483 -6.257355
v -11.623843 2.538527 -5.960505
v -11.939745 2.669285 -5.601250
v -12.322056 2.561241 -5.898099
v -11.623843 3.532867 -6.322415
v -12.006155 3.424823 -6.619265
v -12.322056 3.555581 -6.260009
v -11.939745 3.663625 -5.963160
v -12.365753 3.433103 -6.280455
v -12.365753 2.641922 -5.992489
v -12.074401 3.312505 -6.611793
v -12.074401 2.521325 -6.323827
v -11.945053 3.308298 -6.623354
v -11.945053 2.517118 -6.335388
v -11.592450 3.407946 -6.349573
v -11.592450 2.616766 -6.061607
v -11.580147 3.452186 -6.228025
v -11.580147 2.661005 -5.940060
v -11.871499 3.572783 -5.896688
v -11.871499 2.781603 -5.608721
v -12.000847 3.576991 -5.885126
v -12.000847 2.785810 -5.597160
v -12.353450 3.477342 -6.158908
v -12.353450 2.686162 -5.870942
v -11.650972 2.562488 -5.966480
v -12.003575 2.462840 -6.240262
v -11.942325 2.683085 -5.635142
v -12.294928 2.583437 -5.908924
v -12.003575 3.411023 -6.585372
v -11.650972 3.510671 -6.311591
v -12.294928 3.531620 -6.254034
v -11.942325 3.631269 -5.980252
v -12.133110 3.884836 -5.010834
v -12.134453 3.915062 -5.022747
v -11.810100 3.779413 -5.300480
v -11.809309 3.810404 -5.310292
v -12.180533 3.868027 -5.057016
v -12.181324 3.898075 -5.069420
v -11.856181 3.793417 -5.356966
v -11.857523 3.762604 -5.346662
v -12.303214 3.817515 -5.195795
v -12.303214 3.848035 -5.206903
v -11.982418 3.711317 -5.487572
v -11.982418 3.741837 -5.498680
v -12.361801 3.797022 -5.252101
v -12.361801 3.827541 -5.263209
v -12.041004 3.721343 -5.554986
v -12.041004 3.690824 -5.543878
v -11.920289 3.772100 -5.415532
v -12.245287 3.876811 -5.127843
v -11.865389 3.791993 -5.360877
v -12.190386 3.896703 -5.073188
v -11.986692 3.747506 -5.483104
v -12.311399 3.852323 -5.195123
v -11.923162 3.770549 -5.419793
v -12.247869 3.875366 -5.131812
v -12.245287 3.853510 -5.119362
v -11.920289 3.748800 -5.407052
v -12.190386 3.873403 -5.064707
v -11.865389 3.768693 -5.352396
v -12.311399 3.829022 -5.186642
v -11.986692 3.724206 -5.474623
v -12.247869 3.852066 -5.123331
v -11.923162 3.747249 -5.411313
v -12.056286 3.421947 -5.437144
v -12.020122 3.410817 -5.466534
v -12.053042 3.704214 -5.536196
v -12.019337 3.692214 -5.568062
v -12.012321 3.437024 -5.392696
v -11.976152 3.426632 -5.422351
v -11.975368 3.708029 -5.523880
v -12.009076 3.719292 -5.491749
v -11.880816 3.484861 -5.260750
v -11.845880 3.473665 -5.291511
v -11.877934 3.767016 -5.360172
v -11.842997 3.755820 -5.390933
v -11.814112 3.508744 -5.193682
v -11.779175 3.497549 -5.224442
v -11.776293 3.779703 -5.323864
v -11.811230 3.790899 -5.293104
v -11.919558 3.724366 -5.466438
v -11.920509 3.442909 -5.365078
v -11.967937 3.706991 -5.515063
v -11.968890 3.425534 -5.413703
v -11.854483 3.748807 -5.401426
v -11.855775 3.467226 -5.300406
v -11.915359 3.726871 -5.462582
v -11.916651 3.445290 -5.361562
v -11.951152 3.452729 -5.338099
v -11.950200 3.734186 -5.439459
v -11.999533 3.435354 -5.386724
v -11.998580 3.716811 -5.488084
v -11.886417 3.477046 -5.273426
v -11.885126 3.758627 -5.374446
v -11.947293 3.455110 -5.334582
v -11.946001 3.736691 -5.435603
v -12.136702 3.588709 -4.903815
v -12.138067 3.619918 -4.916050
v -11.795813 3.477566 -5.209177
v -11.795054 3.509535 -5.219324
v -12.183979 3.572003 -4.949712
v -12.184737 3.603016 -4.962488
v -11.841724 3.492633 -5.265762
v -11.843090 3.460861 -5.255074
v -12.305206 3.521448 -5.088611
v -12.305206 3.552939 -5.100072
v -11.985718 3.415685 -5.379192
v -11.985718 3.447176 -5.390654
v -12.363654 3.501095 -5.144531
v -12.363654 3.532586 -5.155993
v -12.044167 3.426823 -5.446575
v -12.044167 3.395332 -5.435113
v -11.905849 3.471519 -5.323772
v -12.248718 3.581954 -5.020355
v -11.851185 3.491311 -5.269393
v -12.194054 3.601746 -4.965977
v -11.971888 3.447023 -5.391074
v -12.314466 3.557564 -5.087367
v -11.908632 3.469951 -5.328080
v -12.251211 3.580492 -5.024374
v -12.248718 3.550463 -5.008893
v -11.905849 3.440028 -5.312310
v -12.194054 3.570255 -4.954515
v -11.851185 3.459821 -5.257932
v -12.314466 3.526073 -5.075905
v -11.971888 3.415533 -5.379612
v -12.251211 3.549001 -5.012912
v -11.908632 3.438460 -5.316618
v -12.412358 3.537050 -5.135018
v -12.391474 3.531106 -5.151347
v -12.409471 3.801872 -5.228126
v -12.390776 3.794780 -5.246522
v -12.363970 3.554713 -5.086488
v -12.343082 3.548771 -5.102814
v -12.342384 3.812212 -5.197906
v -12.361081 3.818577 -5.179247
v -12.228166 3.602342 -4.949583
v -12.208374 3.596000 -4.967008
v -12.223033 3.879852 -5.044758
v -12.203242 3.873509 -5.062183
v -12.179287 3.618480 -4.899942
v -12.159496 3.612138 -4.917367
v -12.154364 3.889647 -5.012542
v -12.174154 3.895989 -4.995117
v -12.279097 3.831331 -5.132985
v -12.279945 3.571818 -5.039493
v -12.335771 3.810925 -5.189926
v -12.336618 3.551131 -5.096331
v -12.213167 3.856075 -5.067111
v -12.214199 3.595817 -4.973556
v -12.272053 3.834862 -5.126270
v -12.273085 3.574322 -5.032613
v -12.295403 3.576772 -5.025883
v -12.294555 3.836285 -5.119375
v -12.352076 3.556084 -5.082721
v -12.351229 3.815879 -5.176316
v -12.229656 3.600771 -4.959946
v -12.228624 3.861029 -5.053501
v -12.288543 3.579276 -5.019003
v -12.287511 3.839815 -5.112660
v -12.056643 3.886377 -5.006090
v -12.039489 3.891770 -4.991271
v -12.053296 3.608415 -4.908257
v -12.038679 3.614621 -4.891205
v -12.011292 3.871844 -5.046019
v -11.994135 3.877236 -5.031204
v -11.993325 3.600087 -4.931137
v -12.007946 3.593882 -4.948185
v -11.880070 3.829792 -5.161555
v -11.864183 3.835592 -5.145622
v -11.874123 3.550997 -5.066012
v -11.858235 3.556796 -5.050079
v -11.811274 3.807745 -5.222128
v -11.795386 3.813545 -5.206194
v -11.789438 3.534749 -5.110652
v -11.805326 3.528950 -5.126585
v -11.935759 3.581639 -4.981823
v -11.936741 3.858843 -5.081738
v -11.985662 3.597631 -4.937885
v -11.986644 3.874835 -5.037799
v -11.868636 3.560129 -5.040922
v -11.869967 3.837445 -5.140528
v -11.931428 3.580252 -4.985635
v -11.932760 3.857568 -5.085242
v -11.949553 3.854167 -5.094586
v -11.948570 3.576963 -4.994672
v -11.999456 3.870159 -5.050648
v -11.998473 3.592955 -4.950733
v -11.882780 3.832769 -5.153377
v -11.881447 3.555452 -5.053771
v -11.945572 3.852891 -5.098091
v -11.944240 3.575575 -4.998484
v -12.385928 3.500550 -5.219159
v -12.406227 3.491966 -5.241614
v -12.382802 3.777791 -5.323184
v -12.405471 3.769992 -5.343561
v -12.333529 3.482833 -5.264959
v -12.353825 3.474949 -5.287672
v -12.353067 3.752975 -5.389619
v -12.330401 3.760074 -5.368984
v -12.184687 3.435479 -5.396133
v -12.206169 3.427637 -5.417678
v -12.179129 3.711880 -5.502277
v -12.200611 3.704039 -5.523822
v -12.120398 3.413233 -5.452139
v -12.141880 3.405391 -5.473684
v -12.136322 3.681793 -5.579828
v -12.114840 3.689634 -5.558283
v -12.284535 3.727172 -5.448562
v -12.285454 3.449199 -5.346472
v -12.345906 3.747111 -5.394625
v -12.346824 3.469138 -5.292536
v -12.209432 3.703758 -5.514925
v -12.210676 3.425890 -5.412549
v -12.280489 3.726801 -5.452461
v -12.281734 3.448933 -5.350084
v -12.269053 3.455186 -5.330024
v -12.268134 3.733159 -5.432113
v -12.330423 3.475125 -5.276088
v -12.329506 3.753098 -5.378177
v -12.194276 3.431877 -5.396100
v -12.193030 3.709745 -5.498477
v -12.265333 3.454919 -5.333635
v -12.264088 3.732788 -5.436012
v -12.105578 3.620037 -4.816301
v -12.105578 3.941623 -4.933349
v -12.469450 3.487213 -5.181231
v -12.469450 3.808800 -5.298278
v -11.717228 3.495585 -5.158229
v -11.717228 3.817172 -5.275277
v -12.081100 3.362762 -5.523158
v -12.081100 3.684349 -5.640206
v -12.161140 3.663368 -4.873173
v -12.161140 3.871873 -4.949062
v -12.434523 3.772082 -5.223238
v -12.434523 3.563576 -5.147348
v -12.430828 3.524750 -5.254022
v -12.430828 3.733256 -5.329911
v -12.139057 3.639754 -5.586806
v -12.139057 3.431249 -5.510916
v -12.025537 3.432512 -5.507445
v -12.025537 3.641017 -5.583335
v -11.752156 3.740809 -5.309159
v -11.752156 3.532304 -5.233269
v -11.755850 3.571130 -5.126596
v -11.755850 3.779635 -5.202486
v -12.047622 3.873137 -4.945591
v -12.047622 3.664632 -4.869701
v -12.375916 3.476173 -5.173973
v -12.084144 3.382672 -5.430868
v -11.810762 3.482463 -5.156692
v -12.102534 3.575965 -4.899797
v -12.084144 3.728420 -5.556710
v -12.375916 3.821922 -5.299815
v -12.102534 3.921714 -5.025640
v -11.810762 3.828212 -5.282534
v -12.155872 3.849630 -4.968875
v -12.155872 3.667672 -4.902648
v -12.408010 3.757593 -5.221745
v -12.408010 3.575635 -5.155518
v -12.404602 3.721784 -5.320129
v -12.404602 3.539826 -5.253902
v -12.135504 3.635548 -5.557060
v -12.135504 3.453590 -5.490833
v -12.030807 3.636713 -5.553859
v -12.030807 3.454756 -5.487632
v -11.778669 3.728750 -5.300989
v -11.778669 3.546793 -5.234762
v -11.782076 3.764559 -5.202605
v -11.782076 3.582602 -5.136378
v -12.051174 3.850795 -4.965674
v -12.051174 3.668838 -4.899447
v -12.084858 3.408788 -5.417006
v -12.353957 3.495024 -5.180074
v -11.832722 3.500825 -5.164135
v -12.101820 3.587061 -4.927204
v -12.353957 3.803560 -5.292372
v -12.084858 3.717324 -5.529303
v -12.101820 3.895597 -5.039502
v -11.832722 3.809361 -5.276433
v -15.588866 8.778683 -6.158509
v -15.588866 7.641067 -5.744451
v -15.588866 8.800920 -6.097414
v -15.588866 7.663304 -5.683355
v -15.653882 8.778683 -6.158509
v -15.653882 7.641067 -5.744451
v -15.653882 8.800920 -6.097414
v -15.653882 7.663304 -5.683355
v -15.621736 8.646097 -6.084810
v -15.621736 8.364109 -5.982175
v -15.621736 8.651979 -6.068646
v -15.621736 8.369991 -5.966011
v -15.090178 8.369991 -5.966011
v -15.090178 8.651979 -6.068646
v -15.090178 8.646097 -6.084810
v -15.090178 8.364109 -5.982175
v -15.621736 8.510986 -6.017329
v -15.621736 8.505103 -6.033492
v -15.248320 8.510986 -6.017329
v -15.248320 8.505103 -6.033492
v -15.557474 7.175349 -6.092596
v -14.875189 6.715013 -5.925047
v -15.563942 6.925074 -6.768534
v -14.881656 6.464737 -6.600986
v -15.485642 7.246044 -6.298765
v -15.488312 7.115422 -6.655555
v -15.452938 7.240742 -6.499379
v -14.806026 6.655086 -6.488006
v -14.803357 6.785707 -6.131217
v -14.770652 6.780405 -6.331830
v -15.081500 6.653290 -5.902582
v -14.399215 6.192954 -5.735033
v -15.087968 6.403015 -6.578520
v -14.405682 5.942678 -6.410972
v -15.009668 6.723985 -6.108751
v -15.012338 6.593363 -6.465541
v -14.976964 6.718683 -6.309365
v -14.330051 6.133027 -6.297992
v -14.327383 6.263649 -5.941203
v -14.294678 6.258347 -6.141816
v -14.605527 6.131231 -5.712568
v -13.923241 5.670895 -5.545019
v -14.611994 5.880956 -6.388506
v -13.929708 5.420619 -6.220958
v -14.533695 6.201926 -5.918737
v -14.536364 6.071304 -6.275527
v -14.500990 6.196624 -6.119351
v -13.854077 5.610968 -6.107978
v -13.851409 5.741590 -5.751189
v -13.818704 5.736287 -5.951802
v -14.129553 5.609172 -5.522554
v -13.447268 5.148836 -5.355005
v -14.136020 5.358897 -6.198493
v -13.453734 4.898561 -6.030944
v -14.057721 5.679867 -5.728724
v -14.060390 5.549245 -6.085513
v -14.025016 5.674565 -5.929337
v -13.378103 5.088908 -5.917964
v -13.375435 5.219530 -5.561175
v -13.342730 5.214228 -5.761788
v -13.653579 5.087113 -5.332540
v -12.971293 4.626777 -5.164991
v -13.660046 4.836838 -6.008479
v -12.977760 4.376502 -5.840930
v -13.581747 5.157808 -5.538710
v -13.584415 5.027186 -5.895499
v -13.549042 5.152506 -5.739323
v -12.902130 4.566850 -5.727950
v -12.899462 4.697472 -5.371161
v -12.866756 4.692169 -5.571774
v -15.720407 7.175349 -6.092596
v -16.402693 6.715013 -5.925047
v -15.713941 6.925074 -6.768534
v -16.396227 6.464737 -6.600986
v -15.792239 7.246044 -6.298765
v -15.789571 7.115422 -6.655555
v -15.824944 7.240742 -6.499379
v -16.471857 6.655086 -6.488006
v -16.474525 6.785707 -6.131217
v -16.507231 6.780405 -6.331830
v -16.196383 6.653290 -5.902582
v -16.878668 6.192954 -5.735033
v -16.189915 6.403015 -6.578520
v -16.872200 5.942678 -6.410972
v -16.268213 6.723985 -6.108751
v -16.265545 6.593363 -6.465541
v -16.300919 6.718683 -6.309365
v -16.947830 6.133027 -6.297992
v -16.950499 6.263649 -5.941203
v -16.983204 6.258347 -6.141816
v -16.672356 6.131231 -5.712568
v -17.354641 5.670895 -5.545019
v -16.665888 5.880956 -6.388506
v -17.348175 5.420619 -6.220957
v -16.744186 6.201926 -5.918737
v -16.741518 6.071304 -6.275527
v -16.776892 6.196624 -6.119351
v -17.423805 5.610968 -6.107978
v -17.426474 5.741590 -5.751189
v -17.459179 5.736287 -5.951802
v -17.148329 5.609172 -5.522554
v -17.830616 5.148836 -5.355005
v -17.141863 5.358897 -6.198492
v -17.824148 4.898561 -6.030943
v -17.220161 5.679867 -5.728724
v -17.217493 5.549245 -6.085513
v -17.252867 5.674565 -5.929337
v -17.899778 5.088908 -5.917964
v -17.902447 5.219531 -5.561174
v -17.935152 5.214228 -5.761788
v -17.624304 5.087113 -5.332540
v -18.306589 4.626777 -5.164991
v -17.617836 4.836838 -6.008478
v -18.300121 4.376502 -5.840930
v -17.696135 5.157808 -5.538710
v -17.693466 5.027186 -5.895499
v -17.728840 5.152506 -5.739323
v -18.375751 4.566850 -5.727950
v -18.378422 4.697472 -5.371161
v -18.411125 4.692169 -5.571774
v -15.557474 6.916504 -6.803767
v -14.875189 6.456167 -6.636218
v -15.563942 6.666229 -7.479705
v -14.881656 6.205893 -7.312156
v -15.485642 6.987199 -7.009936
v -15.488312 6.856576 -7.366726
v -15.452938 6.981897 -7.210550
v -14.806026 6.396240 -7.199176
v -14.803357 6.526862 -6.842387
v -14.770652 6.521560 -7.043000
v -15.081500 6.394445 -6.613753
v -14.399215 5.934109 -6.446204
v -15.087968 6.144170 -7.289691
v -14.405682 5.683833 -7.122142
v -15.009668 6.465140 -6.819922
v -15.012338 6.334518 -7.176712
v -14.976964 6.459838 -7.020536
v -14.330051 5.874182 -7.009162
v -14.327383 6.004804 -6.652373
v -14.294678 5.999501 -6.852986
v -14.605527 5.872386 -6.423739
v -13.923241 5.412049 -6.256190
v -14.611994 5.622111 -7.099677
v -13.929708 5.161775 -6.932128
v -14.533695 5.943081 -6.629909
v -14.536364 5.812459 -6.986698
v -14.500990 5.937779 -6.830522
v -13.854077 5.352122 -6.819149
v -13.851409 5.482745 -6.462359
v -13.818704 5.477442 -6.662972
v -14.129553 5.350327 -6.233725
v -13.447268 4.889991 -6.066176
v -14.136020 5.100052 -6.909663
v -13.453734 4.639715 -6.742115
v -14.057721 5.421021 -6.439894
v -14.060390 5.290400 -6.796684
v -14.025016 5.415720 -6.640508
v -13.378103 4.830063 -6.629135
v -13.375435 4.960686 -6.272346
v -13.342730 4.955383 -6.472959
v -13.653579 4.828268 -6.043711
v -12.971293 4.367932 -5.876162
v -13.660046 4.577993 -6.719649
v -12.977760 4.117657 -6.552101
v -13.581747 4.898963 -6.249880
v -13.584415 4.768341 -6.606670
v -13.549042 4.893661 -6.450494
v -12.902130 4.308004 -6.439121
v -12.899462 4.438627 -6.082332
v -12.866756 4.433324 -6.282945
v -15.720407 6.916504 -6.803767
v -16.402693 6.456167 -6.636218
v -15.713941 6.666229 -7.479705
v -16.396227 6.205893 -7.312156
v -15.792239 6.987199 -7.009936
v -15.789571 6.856576 -7.366726
v -15.824944 6.981897 -7.210550
v -16.471857 6.396240 -7.199176
v -16.474525 6.526862 -6.842387
v -16.507231 6.521560 -7.043000
v -16.196383 6.394445 -6.613753
v -16.878668 5.934109 -6.446204
v -16.189915 6.144170 -7.289691
v -16.872200 5.683833 -7.122142
v -16.268213 6.465140 -6.819922
v -16.265545 6.334518 -7.176712
v -16.300919 6.459838 -7.020536
v -16.947830 5.874182 -7.009162
v -16.950499 6.004804 -6.652373
v -16.983204 5.999501 -6.852986
v -16.672356 5.872386 -6.423739
v -17.354641 5.412050 -6.256190
v -16.665888 5.622111 -7.099677
v -17.348175 5.161775 -6.932128
v -16.744186 5.943081 -6.629908
v -16.741518 5.812459 -6.986698
v -16.776892 5.937779 -6.830522
v -17.423805 5.352122 -6.819149
v -17.426474 5.482745 -6.462359
v -17.459179 5.477442 -6.662972
v -17.148329 5.350327 -6.233725
v -17.830616 4.889991 -6.066176
v -17.141863 5.100052 -6.909663
v -17.824148 4.639715 -6.742114
v -17.220161 5.421021 -6.439894
v -17.217493 5.290400 -6.796684
v -17.252867 5.415720 -6.640508
v -17.899778 4.830064 -6.629135
v -17.902447 4.960686 -6.272346
v -17.935152 4.955383 -6.472959
v -17.624304 4.828269 -6.043711
v -18.306589 4.367932 -5.876162
v -17.617836 4.577993 -6.719649
v -18.300121 4.117657 -6.552100
v -17.696135 4.898963 -6.249880
v -17.693466 4.768341 -6.606670
v -17.728840 4.893661 -6.450494
v -18.375751 4.308004 -6.439121
v -18.378422 4.438627 -6.082332
v -18.411125 4.433324 -6.282945
v -15.557474 6.657660 -7.514937
v -14.875189 6.197323 -7.347388
v -15.563942 6.407384 -8.190876
v -14.881656 5.947047 -8.023327
v -15.485642 6.728354 -7.721107
v -15.488312 6.597732 -8.077896
v -15.452938 6.723052 -7.921721
v -14.806026 6.137395 -7.910347
v -14.803357 6.268017 -7.553558
v -14.770652 6.262715 -7.754171
v -15.081500 6.135600 -7.324924
v -14.399215 5.675264 -7.157375
v -15.087968 5.885325 -8.000862
v -14.405682 5.424988 -7.833313
v -15.009668 6.206295 -7.531093
v -15.012338 6.075673 -7.887882
v -14.976964 6.200993 -7.731707
v -14.330051 5.615336 -7.720333
v -14.327383 5.745959 -7.363544
v -14.294678 5.740656 -7.564157
v -14.605527 5.613542 -7.134910
v -13.923241 5.153205 -6.967360
v -14.611994 5.363266 -7.810848
v -13.929708 4.902929 -7.643299
v -14.533695 5.684236 -7.341079
v -14.536364 5.553614 -7.697868
v -14.500990 5.678934 -7.541693
v -13.854077 5.093277 -7.530319
v -13.851409 5.223900 -7.173530
v -13.818704 5.218597 -7.374144
v -14.129553 5.091482 -6.944896
v -13.447268 4.631145 -6.777347
v -14.136020 4.841207 -7.620834
v -13.453734 4.380870 -7.453285
v -14.057721 5.162177 -7.151065
v -14.060390 5.031555 -7.507854
v -14.025016 5.156875 -7.351679
v -13.378103 4.571218 -7.340305
v -13.375435 4.701840 -6.983516
v -13.342730 4.696538 -7.184130
v -13.653579 4.569424 -6.754882
v -12.971293 4.109087 -6.587333
v -13.660046 4.319148 -7.430820
v -12.977760 3.858811 -7.263271
v -13.581747 4.640118 -6.961051
v -13.584415 4.509496 -7.317841
v -13.549043 4.634816 -7.161665
v -12.902130 4.049160 -7.150291
v -12.899462 4.179782 -6.793502
v -12.866756 4.174479 -6.994116
v -15.720407 6.657660 -7.514937
v -16.402693 6.197323 -7.347388
v -15.713941 6.407384 -8.190876
v -16.396227 5.947047 -8.023327
v -15.792239 6.728354 -7.721107
v -15.789571 6.597732 -8.077896
v -15.824944 6.723052 -7.921721
v -16.471857 6.137395 -7.910347
v -16.474525 6.268018 -7.553558
v -16.507231 6.262715 -7.754171
v -16.196383 6.135600 -7.324924
v -16.878668 5.675264 -7.157374
v -16.189915 5.885325 -8.000862
v -16.872200 5.424988 -7.833313
v -16.268213 6.206295 -7.531093
v -16.265545 6.075673 -7.887882
v -16.300919 6.200993 -7.731707
v -16.947830 5.615336 -7.720333
v -16.950499 5.745959 -7.363544
v -16.983204 5.740656 -7.564157
v -16.672356 5.613542 -7.134910
v -17.354641 5.153205 -6.967360
v -16.665888 5.363266 -7.810848
v -17.348175 4.902929 -7.643299
v -16.744186 5.684236 -7.341079
v -16.741518 5.553615 -7.697868
v -16.776892 5.678934 -7.541693
v -17.423805 5.093277 -7.530319
v -17.426474 5.223900 -7.173530
v -17.459179 5.218597 -7.374143
v -17.148329 5.091482 -6.944896
v -17.830616 4.631145 -6.777347
v -17.141863 4.841207 -7.620834
v -17.824148 4.380870 -7.453285
v -17.220161 5.162177 -7.151065
v -17.217493 5.031555 -7.507854
v -17.252867 5.156875 -7.351678
v -17.899778 4.571218 -7.340305
v -17.902447 4.701840 -6.983516
v -17.935152 4.696538 -7.184129
v -17.624304 4.569424 -6.754882
v -18.306589 4.109087 -6.587333
v -17.617836 4.319148 -7.430820
v -18.300121 3.858812 -7.263271
v -17.696135 4.640118 -6.961051
v -17.693466 4.509496 -7.317841
v -17.728840 4.634816 -7.161664
v -18.375751 4.049160 -7.150291
v -18.378422 4.179782 -6.793502
v -18.411125 4.174479 -6.994115
v -15.557474 6.398814 -8.226109
v -14.875189 5.938478 -8.058559
v -15.563942 6.148539 -8.902046
v -14.881656 5.688202 -8.734497
v -15.485642 6.469509 -8.432278
v -15.488312 6.338887 -8.789067
v -15.452938 6.464207 -8.632891
v -14.806026 5.878551 -8.621517
v -14.803357 6.009172 -8.264729
v -14.770652 6.003870 -8.465342
v -15.081500 5.876755 -8.036095
v -14.399215 5.416419 -7.868546
v -15.087968 5.626480 -8.712032
v -14.405682 5.166143 -8.544483
v -15.009668 5.947450 -8.242264
v -15.012338 5.816828 -8.599053
v -14.976964 5.942148 -8.442877
v -14.330051 5.356492 -8.431503
v -14.327383 5.487114 -8.074715
v -14.294678 5.481812 -8.275328
v -14.605527 5.354697 -7.846080
v -13.923241 4.894360 -7.678532
v -14.611994 5.104421 -8.522018
v -13.929708 4.644084 -8.354469
v -14.533695 5.425391 -8.052250
v -14.536364 5.294769 -8.409039
v -14.500990 5.420089 -8.252863
v -13.854077 4.834433 -8.241489
v -13.851409 4.965055 -7.884701
v -13.818704 4.959752 -8.085314
v -14.129553 4.832637 -7.656066
v -13.447268 4.372301 -7.488518
v -14.136020 4.582362 -8.332005
v -13.453734 4.122025 -8.164455
v -14.057721 4.903332 -7.862236
v -14.060390 4.772710 -8.219025
v -14.025016 4.898030 -8.062849
v -13.378103 4.312374 -8.051476
v -13.375435 4.442996 -7.694687
v -13.342730 4.437693 -7.895300
v -13.653579 4.310578 -7.466053
v -12.971293 3.850242 -7.298504
v -13.660046 4.060303 -8.141991
v -12.977760 3.599967 -7.974442
v -13.581747 4.381273 -7.672222
v -13.584415 4.250651 -8.029011
v -13.549043 4.375971 -7.872835
v -12.902130 3.790315 -7.861463
v -12.899462 3.920937 -7.504673
v -12.866756 3.915634 -7.705286
v -15.720407 6.398814 -8.226109
v -16.402693 5.938478 -8.058559
v -15.713941 6.148539 -8.902046
v -16.396227 5.688202 -8.734497
v -15.792239 6.469509 -8.432278
v -15.789571 6.338887 -8.789067
v -15.824944 6.464207 -8.632891
v -16.471857 5.878551 -8.621517
v -16.474525 6.009172 -8.264729
v -16.507231 6.003870 -8.465342
v -16.196383 5.876756 -8.036095
v -16.878668 5.416419 -7.868546
v -16.189915 5.626480 -8.712032
v -16.872200 5.166143 -8.544483
v -16.268213 5.947450 -8.242264
v -16.265545 5.816828 -8.599053
v -16.300919 5.942148 -8.442877
v -16.947830 5.356492 -8.431503
v -16.950499 5.487114 -8.074715
v -16.983204 5.481812 -8.275328
v -16.672356 5.354697 -7.846080
v -17.354641 4.894360 -7.678531
v -16.665888 5.104421 -8.522018
v -17.348175 4.644084 -8.354469
v -16.744186 5.425391 -8.052250
v -16.741518 5.294769 -8.409039
v -16.776892 5.420089 -8.252863
v -17.423805 4.834433 -8.241489
v -17.426474 4.965055 -7.884701
v -17.459179 4.959752 -8.085314
v -17.148329 4.832638 -7.656066
v -17.830616 4.372301 -7.488517
v -17.141863 4.582362 -8.332005
v -17.824148 4.122025 -8.164455
v -17.220161 4.903332 -7.862235
v -17.217493 4.772710 -8.219025
v -17.252867 4.898030 -8.062849
v -17.899778 4.312374 -8.051476
v -17.902447 4.442996 -7.694687
v -17.935152 4.437694 -7.895300
v -17.624304 4.310578 -7.466052
v -18.306589 3.850242 -7.298503
v -17.617836 4.060303 -8.141991
v -18.300121 3.599967 -7.974442
v -17.696135 4.381273 -7.672221
v -17.693466 4.250651 -8.029011
v -17.728840 4.375971 -7.872835
v -18.375751 3.790315 -7.861462
v -18.378422 3.920937 -7.504673
v -18.411125 3.915634 -7.705286
v -15.557474 6.139969 -8.937279
v -14.875189 5.679633 -8.769730
v -15.563942 5.889694 -9.613217
v -14.881656 5.429358 -9.445668
v -15.485642 6.210664 -9.143448
v -15.488312 6.080042 -9.500238
v -15.452938 6.205362 -9.344062
v -14.806026 5.619705 -9.332688
v -14.803357 5.750328 -8.975899
v -14.770652 5.745025 -9.176513
v -15.081500 5.617910 -8.747265
v -14.399215 5.157574 -8.579716
v -15.087968 5.367635 -9.423203
v -14.405683 4.907298 -9.255654
v -15.009668 5.688605 -8.953434
v -15.012338 5.557983 -9.310225
v -14.976964 5.683303 -9.154048
v -14.330051 5.097647 -9.142674
v -14.327383 5.228269 -8.785885
v -14.294678 5.222966 -8.986499
v -14.605527 5.095852 -8.557251
v -13.923241 4.635515 -8.389702
v -14.611994 4.845576 -9.233190
v -13.929708 4.385240 -9.065640
v -14.533695 5.166546 -8.763420
v -14.536364 5.035924 -9.120211
v -14.500990 5.161244 -8.964034
v -13.854077 4.575587 -8.952661
v -13.851409 4.706210 -8.595871
v -13.818704 4.700907 -8.796485
v -14.129553 4.573792 -8.367237
v -13.447268 4.113456 -8.199688
v -14.136020 4.323517 -9.043176
v -13.453734 3.863180 -8.875627
v -14.057721 4.644487 -8.573406
v -14.060390 4.513865 -8.930196
v -14.025016 4.639185 -8.774020
v -13.378103 4.053529 -8.762647
v -13.375435 4.184151 -8.405857
v -13.342731 4.178848 -8.606471
v -13.653579 4.051733 -8.177223
v -12.971293 3.591397 -8.009674
v -13.660046 3.801458 -8.853162
v -12.977760 3.341122 -8.685613
v -13.581747 4.122428 -8.383392
v -13.584415 3.991806 -8.740182
v -13.549043 4.117126 -8.584006
v -12.902130 3.531470 -8.572634
v -12.899462 3.662092 -8.215844
v -12.866756 3.656789 -8.416457
v -15.720407 6.139969 -8.937279
v -16.402693 5.679633 -8.769730
v -15.713941 5.889694 -9.613217
v -16.396227 5.429358 -9.445668
v -15.792239 6.210664 -9.143448
v -15.789571 6.080042 -9.500238
v -15.824944 6.205362 -9.344062
v -16.471857 5.619705 -9.332688
v -16.474525 5.750328 -8.975899
v -16.507231 5.745025 -9.176513
v -16.196383 5.617910 -8.747265
v -16.878668 5.157574 -8.579716
v -16.189915 5.367635 -9.423203
v -16.872200 4.907298 -9.255654
v -16.268213 5.688605 -8.953434
v -16.265545 5.557983 -9.310225
v -16.300919 5.683303 -9.154048
v -16.947830 5.097647 -9.142674
v -16.950499 5.228269 -8.785885
v -16.983204 5.222966 -8.986499
v -16.672356 5.095852 -8.557251
v -17.354641 4.635515 -8.389702
v -16.665888 4.845576 -9.233190
v -17.348175 4.385240 -9.065640
v -16.744188 5.166546 -8.763420
v -16.741518 5.035924 -9.120211
v -16.776892 5.161244 -8.964034
v -17.423805 4.575587 -8.952661
v -17.426474 4.706210 -8.595871
v -17.459179 4.700907 -8.796484
v -17.148331 4.573792 -8.367237
v -17.830616 4.113456 -8.199688
v -17.141863 4.323517 -9.043176
v -17.824148 3.863181 -8.875627
v -17.220161 4.644487 -8.573406
v -17.217493 4.513865 -8.930196
v -17.252867 4.639185 -8.774019
v -17.899778 4.053529 -8.762647
v -17.902447 4.184151 -8.405857
v -17.935152 4.178848 -8.606470
v -17.624304 4.051733 -8.177223
v -18.306589 3.591397 -8.009674
v -17.617836 3.801458 -8.853161
v -18.300121 3.341122 -8.685613
v -17.696135 4.122428 -8.383392
v -17.693466 3.991806 -8.740182
v -17.728840 4.117126 -8.584005
v -18.375751 3.531470 -8.572633
v -18.378422 3.662092 -8.215843
v -18.411125 3.656789 -8.416456
v -15.557474 5.881124 -9.648450
v -14.875189 5.420788 -9.480901
v -15.563942 5.630849 -10.324389
v -14.881656 5.170512 -10.156839
v -15.485642 5.951819 -9.854619
v -15.488312 5.821197 -10.211409
v -15.452938 5.946517 -10.055233
v -14.806026 5.360860 -10.043859
v -14.803357 5.491483 -9.687071
v -14.770652 5.486180 -9.887684
v -15.081501 5.359066 -9.458436
v -14.399215 4.898729 -9.290887
v -15.087968 5.108790 -10.134375
v -14.405683 4.648453 -9.966825
v -15.009668 5.429760 -9.664605
v -15.012338 5.299138 -10.021395
v -14.976964 5.424458 -9.865219
v -14.330051 4.838801 -9.853846
v -14.327383 4.969424 -9.497057
v -14.294678 4.964121 -9.697670
v -14.605527 4.837007 -9.268422
v -13.923241 4.376670 -9.100873
v -14.611994 4.586731 -9.944360
v -13.929708 4.126394 -9.776812
v -14.533695 4.907701 -9.474591
v -14.536364 4.777079 -9.831381
v -14.500990 4.902399 -9.675205
v -13.854077 4.316742 -9.663832
v -13.851409 4.447365 -9.307043
v -13.818705 4.442062 -9.507656
v -14.129553 4.314948 -9.078407
v -13.447268 3.854611 -8.910859
v -14.136020 4.064672 -9.754346
v -13.453734 3.604335 -9.586798
v -14.057721 4.385642 -9.284577
v -14.060390 4.255020 -9.641367
v -14.025016 4.380340 -9.485191
v -13.378103 3.794683 -9.473818
v -13.375435 3.925306 -9.117028
v -13.342731 3.920003 -9.317642
v -13.653579 3.792889 -8.888393
v -12.971293 3.332552 -8.720845
v -13.660046 3.542613 -9.564332
v -12.977760 3.082277 -9.396784
v -13.581747 3.863583 -9.094563
v -13.584415 3.732961 -9.451353
v -13.549043 3.858281 -9.295177
v -12.902130 3.272624 -9.283804
v -12.899462 3.403247 -8.927014
v -12.866756 3.397944 -9.127627
v -15.720407 5.881124 -9.648450
v -16.402693 5.420788 -9.480901
v -15.713941 5.630849 -10.324389
v -16.396227 5.170512 -10.156839
v -15.792239 5.951819 -9.854619
v -15.789571 5.821197 -10.211409
v -15.824944 5.946517 -10.055233
v -16.471857 5.360860 -10.043859
v -16.474525 5.491483 -9.687071
v -16.507231 5.486180 -9.887684
v -16.196383 5.359066 -9.458436
v -16.878668 4.898729 -9.290887
v -16.189915 5.108790 -10.134375
v -16.872200 4.648453 -9.966825
v -16.268213 5.429760 -9.664605
v -16.265545 5.299138 -10.021395
v -16.300919 5.424458 -9.865219
v -16.947830 4.838801 -9.853846
v -16.950499 4.969424 -9.497057
v -16.983204 4.964121 -9.697670
v -16.672356 4.837007 -9.268422
v -17.354641 4.376670 -9.100873
v -16.665888 4.586731 -9.944360
v -17.348175 4.126394 -9.776812
v -16.744188 4.907701 -9.474591
v -16.741518 4.777079 -9.831381
v -16.776892 4.902399 -9.675205
v -17.423805 4.316742 -9.663832
v -17.426474 4.447365 -9.307043
v -17.459179 4.442062 -9.507656
v -17.148331 4.314948 -9.078407
v -17.830616 3.854611 -8.910859
v -17.141863 4.064672 -9.754346
v -17.824148 3.604335 -9.586798
v -17.220161 4.385642 -9.284577
v -17.217493 4.255020 -9.641367
v -17.252867 4.380340 -9.485191
v -17.899778 3.794683 -9.473818
v -17.902447 3.925306 -9.117028
v -17.935152 3.920003 -9.317642
v -17.624304 3.792889 -8.888393
v -18.306589 3.332552 -8.720845
v -17.617836 3.542613 -9.564332
v -18.300121 3.082277 -9.396784
v -17.696135 3.863583 -9.094563
v -17.693466 3.732961 -9.451353
v -17.728840 3.858281 -9.295177
v -18.375751 3.272624 -9.283804
v -18.378422 3.403247 -8.927014
v -18.411125 3.397944 -9.127627
v -15.557474 5.622279 -10.359621
v -14.875189 5.161942 -10.192072
v -15.563942 5.372004 -11.035559
v -14.881656 4.911667 -10.868010
v -15.485642 5.692974 -10.565790
v -15.488312 5.562352 -10.922579
v -15.452938 5.687672 -10.766403
v -14.806026 5.102015 -10.755031
v -14.803357 5.232637 -10.398241
v -14.770652 5.227335 -10.598854
v -15.081501 5.100220 -10.169607
v -14.399215 4.639884 -10.002058
v -15.087968 4.849945 -10.845545
v -14.405683 4.389608 -10.677996
v -15.009669 5.170915 -10.375776
v -15.012338 5.040293 -10.732565
v -14.976964 5.165613 -10.576389
v -14.330051 4.579957 -10.565017
v -14.327383 4.710579 -10.208227
v -14.294678 4.705276 -10.408840
v -14.605527 4.578162 -9.979593
v -13.923241 4.117825 -9.812044
v -14.611994 4.327886 -10.655531
v -13.929708 3.867549 -10.487982
v -14.533695 4.648856 -10.185762
v -14.536364 4.518234 -10.542551
v -14.500990 4.643554 -10.386375
v -13.854077 4.057898 -10.375003
v -13.851409 4.188519 -10.018213
v -13.818705 4.183217 -10.218826
v -14.129553 4.056102 -9.789579
v -13.447268 3.595766 -9.622030
v -14.136020 3.805827 -10.465517
v -13.453734 3.345490 -10.297968
v -14.057721 4.126797 -9.995749
v -14.060390 3.996175 -10.352537
v -14.025016 4.121495 -10.196362
v -13.378103 3.535839 -10.184988
v -13.375435 3.666461 -9.828199
v -13.342731 3.661158 -10.028812
v -13.653579 3.534043 -9.599566
v -12.971293 3.073707 -9.432016
v -13.660046 3.283768 -10.275503
v -12.977760 2.823431 -10.107954
v -13.581747 3.604738 -9.805735
v -13.584415 3.474116 -10.162523
v -13.549043 3.599436 -10.006348
v -12.902130 3.013780 -9.994974
v -12.899462 3.144402 -9.638186
v -12.866756 3.139099 -9.838799
v -15.720407 5.622279 -10.359621
v -16.402693 5.161942 -10.192072
v -15.713941 5.372004 -11.035559
v -16.396227 4.911667 -10.868010
v -15.792240 5.692974 -10.565790
v -15.789571 5.562352 -10.922579
v -15.824944 5.687672 -10.766403
v -16.471857 5.102015 -10.755031
v -16.474525 5.232637 -10.398241
v -16.507231 5.227335 -10.598854
v -16.196383 5.100220 -10.169607
v -16.878668 4.639884 -10.002058
v -16.189915 4.849945 -10.845545
v -16.872200 4.389608 -10.677996
v -16.268213 5.170915 -10.375776
v -16.265545 5.040293 -10.732565
v -16.300919 5.165613 -10.576389
v -16.947830 4.579957 -10.565017
v -16.950499 4.710579 -10.208227
v -16.983204 4.705276 -10.408840
v -16.672356 4.578162 -9.979593
v -17.354641 4.117825 -9.812044
v -16.665888 4.327886 -10.655531
v -17.348175 3.867549 -10.487982
v -16.744188 4.648856 -10.185762
v -16.741518 4.518234 -10.542551
v -16.776892 4.643554 -10.386375
v -17.423805 4.057898 -10.375003
v -17.426474 4.188519 -10.018213
v -17.459179 4.183217 -10.218826
v -17.148331 4.056102 -9.789579
v -17.830616 3.595766 -9.622030
v -17.141863 3.805827 -10.465517
v -17.824148 3.345490 -10.297968
v -17.220161 4.126797 -9.995749
v -17.217493 3.996175 -10.352537
v -17.252867 4.121495 -10.196362
v -17.899778 3.535839 -10.184988
v -17.902447 3.666461 -9.828199
v -17.935152 3.661158 -10.028812
v -17.624304 3.534043 -9.599566
v -18.306589 3.073707 -9.432016
v -17.617836 3.283768 -10.275503
v -18.300121 2.823431 -10.107954
v -17.696135 3.604738 -9.805735
v -17.693466 3.474116 -10.162523
v -17.728840 3.599436 -10.006348
v -18.375753 3.013780 -9.994974
v -18.378422 3.144402 -9.638186
v -18.411125 3.139099 -9.838799
v -15.584438 7.125777 -6.118989
v -14.902153 6.665440 -5.951440
v -15.590645 6.904572 -6.716116
v -14.908360 6.444236 -6.548567
v -15.516877 7.194280 -6.313795
v -15.519323 7.085935 -6.610280
v -15.489271 7.193329 -6.481685
v -14.836733 6.626284 -6.442086
v -14.834256 6.734057 -6.147297
v -14.806986 6.732948 -6.314257
v -15.108464 6.603718 -5.928975
v -14.426179 6.143381 -5.761426
v -15.114672 6.382514 -6.526102
v -14.432385 5.922177 -6.358554
v -15.040903 6.672221 -6.123781
v -15.043349 6.563876 -6.420266
v -15.013298 6.671270 -6.291671
v -14.360759 6.104225 -6.252072
v -14.358282 6.211998 -5.957283
v -14.331012 6.210890 -6.124243
v -14.632490 6.081659 -5.738961
v -13.950205 5.621322 -5.571412
v -14.638698 5.860455 -6.336088
v -13.956411 5.400118 -6.168540
v -14.564929 6.150163 -5.933767
v -14.567375 6.041817 -6.230252
v -14.537324 6.149212 -6.101657
v -13.884785 5.582166 -6.062059
v -13.882309 5.689939 -5.767269
v -13.855038 5.688830 -5.934229
v -14.156517 5.559599 -5.548947
v -13.474231 5.099263 -5.381398
v -14.162724 5.338395 -6.146074
v -13.480438 4.878059 -5.978526
v -14.088955 5.628102 -5.743755
v -14.091401 5.519758 -6.040238
v -14.061350 5.627152 -5.911644
v -13.408812 5.060107 -5.872045
v -13.406335 5.167880 -5.577255
v -13.379064 5.166771 -5.744215
v -13.680543 5.037540 -5.358933
v -12.998257 4.577204 -5.191384
v -13.686749 4.816337 -5.956060
v -13.004464 4.356000 -5.788512
v -13.612982 5.106044 -5.553740
v -13.615428 4.997699 -5.850224
v -13.585376 5.105093 -5.721630
v -12.932837 4.538048 -5.682031
v -12.930361 4.645821 -5.387241
v -12.903090 4.644712 -5.554202
v -15.693443 7.125777 -6.118989
v -16.375729 6.665440 -5.951440
v -15.687237 6.904572 -6.716116
v -16.369522 6.444236 -6.548567
v -15.761005 7.194280 -6.313795
v -15.758558 7.085935 -6.610280
v -15.788610 7.193329 -6.481685
v -16.441149 6.626284 -6.442086
v -16.443626 6.734057 -6.147297
v -16.470896 6.732948 -6.314257
v -16.169418 6.603718 -5.928975
v -16.851704 6.143381 -5.761426
v -16.163210 6.382514 -6.526102
v -16.845497 5.922177 -6.358553
v -16.236979 6.672221 -6.123781
v -16.234533 6.563876 -6.420266
v -16.264584 6.671271 -6.291671
v -16.917124 6.104225 -6.252072
v -16.919600 6.211998 -5.957283
v -16.946871 6.210890 -6.124243
v -16.645391 6.081659 -5.738961
v -17.327677 5.621322 -5.571412
v -16.639185 5.860455 -6.336088
v -17.321470 5.400118 -6.168540
v -16.712954 6.150163 -5.933767
v -16.710506 6.041817 -6.230252
v -16.740559 6.149212 -6.101657
v -17.393097 5.582166 -6.062058
v -17.395573 5.689939 -5.767269
v -17.422844 5.688830 -5.934229
v -17.121365 5.559599 -5.548947
v -17.803650 5.099263 -5.381398
v -17.115158 5.338395 -6.146074
v -17.797443 4.878059 -5.978526
v -17.188927 5.628103 -5.743753
v -17.186481 5.519758 -6.040238
v -17.216532 5.627152 -5.911643
v -17.869072 5.060107 -5.872045
v -17.871548 5.167880 -5.577255
v -17.898819 5.166772 -5.744215
v -17.597340 5.037540 -5.358933
v -18.279625 4.577204 -5.191384
v -17.591133 4.816337 -5.956060
v -18.273418 4.356000 -5.788512
v -17.664902 5.106044 -5.553739
v -17.662455 4.997699 -5.850224
v -17.692507 5.105094 -5.721629
v -18.345045 4.538048 -5.682031
v -18.347521 4.645822 -5.387241
v -18.374792 4.644713 -5.554202
v -15.584438 6.866931 -6.830160
v -14.902153 6.406595 -6.662611
v -15.590645 6.645727 -7.427287
v -14.908360 6.185390 -7.259738
v -15.516877 6.935435 -7.024966
v -15.519323 6.827090 -7.321451
v -15.489271 6.934484 -7.192856
v -14.836733 6.367439 -7.153257
v -14.834256 6.475212 -6.858468
v -14.806986 6.474103 -7.025428
v -15.108464 6.344873 -6.640146
v -14.426179 5.884536 -6.472597
v -15.114672 6.123669 -7.237273
v -14.432385 5.663332 -7.069725
v -15.040903 6.413376 -6.834952
v -15.043349 6.305031 -7.131437
v -15.013298 6.412426 -7.002842
v -14.360759 5.845380 -6.963243
v -14.358283 5.953153 -6.668454
v -14.331012 5.952044 -6.835414
v -14.632490 5.822814 -6.450132
v -13.950205 5.362477 -6.282583
v -14.638698 5.601609 -7.047259
v -13.956411 5.141273 -6.879710
v -14.564929 5.891317 -6.644938
v -14.567375 5.782972 -6.941423
v -14.537324 5.890367 -6.812828
v -13.884785 5.323321 -6.773230
v -13.882309 5.431094 -6.478440
v -13.855038 5.429986 -6.645400
v -14.156517 5.300755 -6.260118
v -13.474231 4.840418 -6.092569
v -14.162724 5.079550 -6.857245
v -13.480438 4.619214 -6.689696
v -14.088955 5.369257 -6.454926
v -14.091401 5.260913 -6.751410
v -14.061350 5.368308 -6.622814
v -13.408812 4.801262 -6.583216
v -13.406335 4.909035 -6.288426
v -13.379064 4.907927 -6.455386
v -13.680543 4.778696 -6.070104
v -12.998257 4.318359 -5.902555
v -13.686749 4.557492 -6.667232
v -13.004464 4.097155 -6.499682
v -13.612982 4.847199 -6.264910
v -13.615428 4.738854 -6.561396
v -13.585376 4.846249 -6.432800
v -12.932837 4.279203 -6.393202
v -12.930361 4.386976 -6.098413
v -12.903090 4.385868 -6.265372
v -15.693443 6.866931 -6.830160
v -16.375729 6.406595 -6.662611
v -15.687237 6.645727 -7.427287
v -16.369522 6.185390 -7.259738
v -15.761005 6.935435 -7.024966
v -15.758558 6.827090 -7.321451
v -15.788610 6.934484 -7.192856
v -16.441149 6.367439 -7.153257
v -16.443626 6.475212 -6.858468
v -16.470896 6.474103 -7.025428
v -16.169418 6.344873 -6.640146
v -16.851704 5.884536 -6.472597
v -16.163210 6.123669 -7.237273
v -16.845497 5.663332 -7.069724
v -16.236979 6.413376 -6.834952
v -16.234533 6.305031 -7.131437
v -16.264584 6.412426 -7.002842
v -16.917124 5.845380 -6.963243
v -16.919600 5.953153 -6.668454
v -16.946871 5.952044 -6.835414
v -16.645391 5.822814 -6.450132
v -17.327677 5.362477 -6.282583
v -16.639185 5.601610 -7.047259
v -17.321470 5.141273 -6.879710
v -16.712954 5.891317 -6.644938
v -16.710506 5.782972 -6.941423
v -16.740559 5.890367 -6.812828
v -17.393097 5.323321 -6.773230
v -17.395573 5.431094 -6.478440
v -17.422844 5.429986 -6.645400
v -17.121365 5.300755 -6.260118
v -17.803650 4.840418 -6.092569
v -17.115158 5.079551 -6.857245
v -17.797443 4.619214 -6.689696
v -17.188927 5.369258 -6.454924
v -17.186481 5.260913 -6.751410
v -17.216532 5.368308 -6.622814
v -17.869072 4.801262 -6.583216
v -17.871548 4.909035 -6.288426
v -17.898819 4.907927 -6.455386
v -17.597340 4.778696 -6.070104
v -18.279625 4.318359 -5.902555
v -17.591133 4.557492 -6.667232
v -18.273418 4.097155 -6.499682
v -17.664902 4.847199 -6.264910
v -17.662455 4.738854 -6.561396
v -17.692507 4.846249 -6.432800
v -18.345045 4.279203 -6.393202
v -18.347521 4.386976 -6.098412
v -18.374792 4.385868 -6.265372
v -15.584438 6.608087 -7.541330
v -14.902153 6.147750 -7.373782
v -15.590645 6.386882 -8.138458
v -14.908360 5.926546 -7.970909
v -15.516877 6.676590 -7.736136
v -15.519323 6.568245 -8.032621
v -15.489271 6.675639 -7.904027
v -14.836733 6.108594 -7.864428
v -14.834256 6.216367 -7.569638
v -14.806986 6.215259 -7.736599
v -15.108464 6.086028 -7.351316
v -14.426179 5.625691 -7.183768
v -15.114672 5.864824 -7.948444
v -14.432385 5.404487 -7.780895
v -15.040903 6.154531 -7.546123
v -15.043349 6.046186 -7.842608
v -15.013298 6.153581 -7.714013
v -14.360759 5.586535 -7.674414
v -14.358283 5.694308 -7.379624
v -14.331012 5.693200 -7.546585
v -14.632491 5.563969 -7.161303
v -13.950205 5.103632 -6.993753
v -14.638698 5.342765 -7.758430
v -13.956411 4.882428 -7.590881
v -14.564929 5.632473 -7.356109
v -14.567375 5.524127 -7.652594
v -14.537324 5.631522 -7.523999
v -13.884785 5.064476 -7.484400
v -13.882309 5.172249 -7.189611
v -13.855038 5.171141 -7.356571
v -14.156517 5.041909 -6.971289
v -13.474231 4.581573 -6.803740
v -14.162724 4.820705 -7.568416
v -13.480438 4.360369 -7.400867
v -14.088955 5.110413 -7.166097
v -14.091401 5.002068 -7.462580
v -14.061350 5.109463 -7.333985
v -13.408812 4.542417 -7.294386
v -13.406335 4.650190 -6.999597
v -13.379064 4.649081 -7.166557
v -13.680543 4.519851 -6.781275
v -12.998257 4.059514 -6.613726
v -13.686749 4.298646 -7.378402
v -13.004464 3.838310 -7.210854
v -13.612982 4.588354 -6.976081
v -13.615428 4.480009 -7.272567
v -13.585376 4.587403 -7.143971
v -12.932837 4.020358 -7.104373
v -12.930361 4.128131 -6.809583
v -12.903090 4.127023 -6.976543
v -15.693443 6.608087 -7.541330
v -16.375729 6.147750 -7.373781
v -15.687237 6.386882 -8.138458
v -16.369522 5.926546 -7.970909
v -15.761005 6.676590 -7.736136
v -15.758559 6.568245 -8.032621
v -15.788610 6.675639 -7.904027
v -16.441149 6.108594 -7.864428
v -16.443626 6.216367 -7.569638
v -16.470896 6.215259 -7.736599
v -16.169418 6.086028 -7.351316
v -16.851704 5.625691 -7.183767
v -16.163212 5.864824 -7.948444
v -16.845497 5.404487 -7.780895
v -16.236979 6.154531 -7.546123
v -16.234533 6.046186 -7.842608
v -16.264584 6.153581 -7.714013
v -16.917124 5.586535 -7.674414
v -16.919600 5.694308 -7.379624
v -16.946871 5.693200 -7.546585
v -16.645391 5.563969 -7.161303
v -17.327677 5.103632 -6.993753
v -16.639185 5.342765 -7.758430
v -17.321470 4.882428 -7.590881
v -16.712954 5.632473 -7.356109
v -16.710506 5.524127 -7.652594
v -16.740559 5.631522 -7.523999
v -17.393097 5.064476 -7.484400
v -17.395573 5.172249 -7.189610
v -17.422844 5.171141 -7.356571
v -17.121365 5.041909 -6.971289
v -17.803650 4.581573 -6.803740
v -17.115158 4.820705 -7.568416
v -17.797443 4.360369 -7.400867
v -17.188927 5.110414 -7.166095
v -17.186481 5.002068 -7.462580
v -17.216532 5.109463 -7.333985
v -17.869072 4.542418 -7.294386
v -17.871548 4.650190 -6.999597
v -17.898819 4.649082 -7.166557
v -17.597340 4.519851 -6.781275
v -18.279625 4.059514 -6.613726
v -17.591133 4.298647 -7.378402
v -18.273418 3.838310 -7.210854
v -17.664902 4.588354 -6.976081
v -17.662455 4.480009 -7.272566
v -17.692507 4.587404 -7.143971
v -18.345045 4.020359 -7.104372
v -18.347521 4.128131 -6.809583
v -18.374792 4.127023 -6.976543
v -15.584438 6.349242 -8.252501
v -14.902153 5.888906 -8.084952
v -15.590645 6.128037 -8.849628
v -14.908360 5.667701 -8.682079
v -15.516877 6.417745 -8.447308
v -15.519323 6.309400 -8.743793
v -15.489271 6.416795 -8.615197
v -14.836733 5.849749 -8.575599
v -14.834256 5.957522 -8.280809
v -14.806986 5.956413 -8.447769
v -15.108464 5.827183 -8.062487
v -14.426179 5.366846 -7.894938
v -15.114672 5.605979 -8.659615
v -14.432385 5.145642 -8.492065
v -15.040903 5.895686 -8.257294
v -15.043349 5.787341 -8.553779
v -15.013298 5.894736 -8.425183
v -14.360759 5.327690 -8.385585
v -14.358283 5.435463 -8.090796
v -14.331012 5.434355 -8.257755
v -14.632491 5.305124 -7.872473
v -13.950205 4.844787 -7.704925
v -14.638698 5.083920 -8.469601
v -13.956411 4.623583 -8.302052
v -14.564929 5.373628 -8.067280
v -14.567375 5.265282 -8.363765
v -14.537324 5.372677 -8.235169
v -13.884785 4.805631 -8.195571
v -13.882309 4.913404 -7.900782
v -13.855038 4.912295 -8.067741
v -14.156517 4.783065 -7.682459
v -13.474231 4.322728 -7.514910
v -14.162724 4.561860 -8.279587
v -13.480438 4.101524 -8.112038
v -14.088955 4.851567 -7.877267
v -14.091401 4.743223 -8.173751
v -14.061350 4.850617 -8.045156
v -13.408812 4.283572 -8.005557
v -13.406335 4.391345 -7.710768
v -13.379064 4.390237 -7.877728
v -13.680543 4.261005 -7.492445
v -12.998257 3.800669 -7.324896
v -13.686749 4.039802 -8.089573
v -13.004464 3.579465 -7.922024
v -13.612982 4.329509 -7.687252
v -13.615428 4.221164 -7.983737
v -13.585376 4.328559 -7.855142
v -12.932837 3.761513 -7.815543
v -12.930361 3.869286 -7.520754
v -12.903090 3.868178 -7.687714
v -15.693443 6.349242 -8.252501
v -16.375729 5.888906 -8.084952
v -15.687237 6.128037 -8.849628
v -16.369522 5.667701 -8.682079
v -15.761005 6.417745 -8.447308
v -15.758559 6.309400 -8.743793
v -15.788610 6.416795 -8.615197
v -16.441149 5.849749 -8.575599
v -16.443626 5.957522 -8.280809
v -16.470896 5.956413 -8.447769
v -16.169418 5.827183 -8.062487
v -16.851704 5.366846 -7.894938
v -16.163212 5.605979 -8.659615
v -16.845497 5.145642 -8.492065
v -16.236979 5.895686 -8.257294
v -16.234533 5.787341 -8.553779
v -16.264584 5.894736 -8.425183
v -16.917124 5.327690 -8.385585
v -16.919600 5.435463 -8.090796
v -16.946871 5.434355 -8.257755
v -16.645391 5.305124 -7.872473
v -17.327677 4.844787 -7.704924
v -16.639185 5.083920 -8.469601
v -17.321470 4.623583 -8.302052
v -16.712954 5.373628 -8.067280
v -16.710506 5.265282 -8.363765
v -16.740559 5.372677 -8.235169
v -17.393097 4.805631 -8.195571
v -17.395573 4.913404 -7.900782
v -17.422844 4.912296 -8.067741
v -17.121365 4.783065 -7.682459
v -17.803650 4.322728 -7.514910
v -17.115158 4.561860 -8.279587
v -17.797443 4.101524 -8.112038
v -17.188927 4.851568 -7.877265
v -17.186481 4.743223 -8.173751
v -17.216532 4.850617 -8.045156
v -17.869072 4.283572 -8.005557
v -17.871548 4.391346 -7.710767
v -17.898819 4.390237 -7.877728
v -17.597340 4.261006 -7.492445
v -18.279625 3.800669 -7.324896
v -17.591133 4.039802 -8.089573
v -18.273418 3.579465 -7.922024
v -17.664902 4.329509 -7.687251
v -17.662455 4.221164 -7.983737
v -17.692507 4.328559 -7.855142
v -18.345045 3.761513 -7.815543
v -18.347521 3.869287 -7.520753
v -18.374792 3.868178 -7.687714
v -15.584438 6.090397 -8.963672
v -14.902153 5.630060 -8.796124
v -15.590645 5.869192 -9.560799
v -14.908360 5.408855 -9.393250
v -15.516877 6.158900 -9.158478
v -15.519323 6.050555 -9.454964
v -15.489271 6.157949 -9.326368
v -14.836733 5.590904 -9.286770
v -14.834256 5.698677 -8.991980
v -14.806986 5.697568 -9.158940
v -15.108464 5.568338 -8.773658
v -14.426179 5.108001 -8.606110
v -15.114672 5.347134 -9.370786
v -14.432385 4.886797 -9.203237
v -15.040903 5.636841 -8.968464
v -15.043349 5.528496 -9.264950
v -15.013298 5.635891 -9.136354
v -14.360759 5.068845 -9.096756
v -14.358283 5.176618 -8.801966
v -14.331012 5.175509 -8.968926
v -14.632491 5.046279 -8.583644
v -13.950205 4.585942 -8.416095
v -14.638698 4.825075 -9.180771
v -13.956411 4.364738 -9.013223
v -14.564929 5.114782 -8.778450
v -14.567375 5.006437 -9.074936
v -14.537324 5.113832 -8.946341
v -13.884785 4.546786 -8.906742
v -13.882309 4.654559 -8.611952
v -13.855038 4.653450 -8.778913
v -14.156517 4.524220 -8.393630
v -13.474232 4.063883 -8.226081
v -14.162724 4.303015 -8.990757
v -13.480438 3.842679 -8.823209
v -14.088955 4.592723 -8.588438
v -14.091401 4.484378 -8.884922
v -14.061350 4.591773 -8.756327
v -13.408812 4.024727 -8.716728
v -13.406335 4.132500 -8.421938
v -13.379064 4.131392 -8.588899
v -13.680543 4.002161 -8.203616
v -12.998258 3.541824 -8.036067
v -13.686749 3.780957 -8.800743
v -13.004464 3.320620 -8.633195
v -13.612982 4.070664 -8.398422
v -13.615428 3.962319 -8.694908
v -13.585376 4.069714 -8.566313
v -12.932837 3.502668 -8.526714
v -12.930361 3.610441 -8.231924
v -12.903090 3.609333 -8.398885
v -15.693443 6.090397 -8.963672
v -16.375729 5.630060 -8.796124
v -15.687237 5.869192 -9.560799
v -16.369522 5.408855 -9.393250
v -15.761005 6.158900 -9.158478
v -15.758559 6.050555 -9.454964
v -15.788610 6.157949 -9.326368
v -16.441149 5.590904 -9.286770
v -16.443626 5.698677 -8.991980
v -16.470896 5.697568 -9.158940
v -16.169418 5.568338 -8.773658
v -16.851704 5.108001 -8.606110
v -16.163212 5.347134 -9.370786
v -16.845497 4.886797 -9.203237
v -16.236979 5.636841 -8.968464
v -16.234533 5.528496 -9.264950
v -16.264584 5.635891 -9.136354
v -16.917124 5.068845 -9.096756
v -16.919600 5.176618 -8.801966
v -16.946871 5.175509 -8.968926
v -16.645391 5.046279 -8.583644
v -17.327677 4.585942 -8.416095
v -16.639185 4.825075 -9.180771
v -17.321470 4.364738 -9.013223
v -16.712954 5.114782 -8.778450
v -16.710506 5.006437 -9.074936
v -16.740559 5.113832 -8.946341
v -17.393097 4.546786 -8.906742
v -17.395573 4.654559 -8.611952
v -17.422844 4.653450 -8.778913
v -17.121365 4.524220 -8.393630
v -17.803652 4.063883 -8.226081
v -17.115158 4.303015 -8.990757
v -17.797443 3.842679 -8.823209
v -17.188927 4.592723 -8.588436
v -17.186481 4.484378 -8.884922
v -17.216534 4.591773 -8.756327
v -17.869072 4.024727 -8.716727
v -17.871548 4.132501 -8.421938
v -17.898819 4.131392 -8.588899
v -17.597340 4.002161 -8.203616
v -18.279625 3.541824 -8.036067
v -17.591133 3.780957 -8.800743
v -18.273418 3.320620 -8.633195
v -17.664902 4.070664 -8.398422
v -17.662455 3.962319 -8.694908
v -17.692507 4.069714 -8.566313
v -18.345045 3.502669 -8.526713
v -18.347521 3.610441 -8.231924
v -18.374792 3.609333 -8.398885
v -15.584438 5.831552 -9.674843
v -14.902153 5.371215 -9.507294
v -15.590645 5.610347 -10.271970
v -14.908360 5.150011 -10.104422
v -15.516877 5.900055 -9.869648
v -15.519323 5.791710 -10.166134
v -15.489271 5.899105 -10.037539
v -14.836733 5.332059 -9.997940
v -14.834256 5.439832 -9.703151
v -14.806986 5.438724 -9.870111
v -15.108464 5.309493 -9.484829
v -14.426179 4.849156 -9.317280
v -15.114672 5.088289 -10.081956
v -14.432385 4.627952 -9.914408
v -15.040903 5.377996 -9.679634
v -15.043349 5.269651 -9.976120
v -15.013298 5.377046 -9.847525
v -14.360759 4.810000 -9.807926
v -14.358283 4.917773 -9.513137
v -14.331012 4.916665 -9.680098
v -14.632491 4.787434 -9.294815
v -13.950205 4.327097 -9.127266
v -14.638698 4.566230 -9.891942
v -13.956411 4.105893 -9.724394
v -14.564929 4.855937 -9.489620
v -14.567375 4.747592 -9.786106
v -14.537324 4.854987 -9.657511
v -13.884785 4.287941 -9.617912
v -13.882309 4.395714 -9.323124
v -13.855038 4.394606 -9.490084
v -14.156517 4.265375 -9.104801
v -13.474232 3.805038 -8.937252
v -14.162724 4.044170 -9.701928
v -13.480438 3.583834 -9.534380
v -14.088955 4.333878 -9.299609
v -14.091402 4.225533 -9.596092
v -14.061350 4.332928 -9.467497
v -13.408812 3.765882 -9.427898
v -13.406335 3.873655 -9.133109
v -13.379064 3.872547 -9.300070
v -13.680543 3.743316 -8.914787
v -12.998258 3.282979 -8.747238
v -13.686749 3.522112 -9.511914
v -13.004464 3.061775 -9.344366
v -13.612982 3.811819 -9.109592
v -13.615428 3.703474 -9.406078
v -13.585376 3.810869 -9.277483
v -12.932837 3.243824 -9.237885
v -12.930361 3.351596 -8.943095
v -12.903090 3.350488 -9.110056
v -15.693443 5.831552 -9.674843
v -16.375729 5.371215 -9.507294
v -15.687237 5.610347 -10.271970
v -16.369522 5.150011 -10.104422
v -15.761005 5.900055 -9.869648
v -15.758559 5.791710 -10.166134
v -15.788610 5.899105 -10.037539
v -16.441149 5.332059 -9.997940
v -16.443626 5.439832 -9.703151
v -16.470898 5.438724 -9.870111
v -16.169418 5.309493 -9.484829
v -16.851704 4.849156 -9.317280
v -16.163212 5.088289 -10.081956
v -16.845497 4.627952 -9.914408
v -16.236979 5.377996 -9.679634
v -16.234533 5.269651 -9.976120
v -16.264585 5.377046 -9.847525
v -16.917124 4.810000 -9.807926
v -16.919600 4.917773 -9.513137
v -16.946871 4.916665 -9.680098
v -16.645391 4.787434 -9.294815
v -17.327677 4.327097 -9.127266
v -16.639185 4.566230 -9.891942
v -17.321470 4.105893 -9.724394
v -16.712954 4.855937 -9.489620
v -16.710506 4.747592 -9.786106
v -16.740559 4.854987 -9.657511
v -17.393097 4.287941 -9.617912
v -17.395573 4.395714 -9.323124
v -17.422844 4.394606 -9.490084
v -17.121365 4.265375 -9.104801
v -17.803652 3.805038 -8.937252
v -17.115158 4.044170 -9.701928
v -17.797443 3.583834 -9.534380
v -17.188927 4.333879 -9.299606
v -17.186481 4.225533 -9.596092
v -17.216534 4.332928 -9.467497
v -17.869072 3.765882 -9.427898
v -17.871548 3.873655 -9.133109
v -17.898819 3.872547 -9.300070
v -17.597340 3.743316 -8.914787
v -18.279625 3.282979 -8.747238
v -17.591133 3.522112 -9.511914
v -18.273418 3.061775 -9.344366
v -17.664902 3.811819 -9.109592
v -17.662455 3.703474 -9.406078
v -17.692507 3.810869 -9.277483
v -18.345045 3.243824 -9.237885
v -18.347521 3.351596 -8.943095
v -18.374792 3.350488 -9.110056
v -15.584438 5.572707 -10.386013
v -14.902153 5.112370 -10.218465
v -15.590646 5.351502 -10.983141
v -14.908360 4.891166 -10.815592
v -15.516877 5.641210 -10.580820
v -15.519323 5.532865 -10.877305
v -15.489271 5.640260 -10.748710
v -14.836733 5.073214 -10.709111
v -14.834257 5.180987 -10.414322
v -14.806986 5.179878 -10.581282
v -15.108464 5.050648 -10.195999
v -14.426179 4.590311 -10.028451
v -15.114672 4.829444 -10.793127
v -14.432385 4.369107 -10.625578
v -15.040903 5.119151 -10.390806
v -15.043349 5.010806 -10.687291
v -15.013298 5.118201 -10.558696
v -14.360760 4.551155 -10.519097
v -14.358283 4.658928 -10.224308
v -14.331012 4.657820 -10.391268
v -14.632491 4.528589 -10.005985
v -13.950205 4.068252 -9.838437
v -14.638698 4.307384 -10.603113
v -13.956411 3.847048 -10.435564
v -14.564929 4.597093 -10.200792
v -14.567375 4.488747 -10.497277
v -14.537324 4.596142 -10.368682
v -13.884785 4.029096 -10.329083
v -13.882309 4.136869 -10.034294
v -13.855038 4.135760 -10.201254
v -14.156517 4.006530 -9.815971
v -13.474232 3.546193 -9.648423
v -14.162724 3.785326 -10.413099
v -13.480438 3.324989 -10.245550
v -14.088955 4.075033 -10.010780
v -14.091402 3.966688 -10.307263
v -14.061350 4.074082 -10.178668
v -13.408812 3.507037 -10.139070
v -13.406335 3.614810 -9.844280
v -13.379064 3.613702 -10.011240
v -13.680543 3.484471 -9.625957
v -12.998258 3.024134 -9.458409
v -13.686749 3.263267 -10.223085
v -13.004464 2.802930 -10.055536
v -13.612982 3.552974 -9.820764
v -13.615428 3.444629 -10.117249
v -13.585376 3.552024 -9.988654
v -12.932837 2.984978 -9.949056
v -12.930361 3.092751 -9.654266
v -12.903090 3.091643 -9.821226
v -15.693444 5.572707 -10.386013
v -16.375729 5.112370 -10.218465
v -15.687237 5.351502 -10.983141
v -16.369522 4.891166 -10.815592
v -15.761005 5.641210 -10.580820
v -15.758559 5.532865 -10.877305
v -15.788610 5.640260 -10.748710
v -16.441149 5.073214 -10.709111
v -16.443626 5.180987 -10.414322
v -16.470898 5.179878 -10.581282
v -16.169418 5.050648 -10.195999
v -16.851704 4.590311 -10.028451
v -16.163212 4.829444 -10.793127
v -16.845497 4.369107 -10.625578
v -16.236979 5.119151 -10.390806
v -16.234533 5.010806 -10.687291
v -16.264585 5.118201 -10.558696
v -16.917124 4.551155 -10.519097
v -16.919600 4.658928 -10.224308
v -16.946871 4.657820 -10.391268
v -16.645391 4.528589 -10.005985
v -17.327677 4.068252 -9.838437
v -16.639185 4.307384 -10.603113
v -17.321470 3.847048 -10.435564
v -16.712954 4.597093 -10.200792
v -16.710506 4.488747 -10.497277
v -16.740559 4.596142 -10.368682
v -17.393097 4.029096 -10.329083
v -17.395573 4.136869 -10.034294
v -17.422844 4.135760 -10.201254
v -17.121365 4.006530 -9.815971
v -17.803652 3.546193 -9.648423
v -17.115158 3.785326 -10.413099
v -17.797443 3.324989 -10.245550
v -17.188927 4.075033 -10.010780
v -17.186481 3.966688 -10.307263
v -17.216534 4.074082 -10.178668
v -17.869072 3.507037 -10.139070
v -17.871548 3.614810 -9.844280
v -17.898819 3.613702 -10.011240
v -17.597340 3.484471 -9.625957
v -18.279625 3.024134 -9.458409
v -17.591133 3.263267 -10.223085
v -18.273418 2.802930 -10.055536
v -17.664902 3.552974 -9.820764
v -17.662455 3.444629 -10.117249
v -17.692507 3.552024 -9.988654
v -18.345045 2.984978 -9.949056
v -18.347521 3.092751 -9.654266
v -18.374792 3.091643 -9.821226
v -15.838741 5.400537 -12.163067
v -15.838741 7.898693 -5.299439
v -15.838741 5.036186 -12.030454
v -15.838741 7.534342 -5.166826
v -15.433522 5.400537 -12.163067
v -15.433521 7.898693 -5.299439
v -15.433522 5.036186 -12.030454
v -15.433521 7.534342 -5.166826
v -15.838741 6.537579 -8.676045
v -15.838741 6.173228 -8.543432
v -15.433522 6.537579 -8.676045
v -15.433522 6.173228 -8.543432
v -12.931062 4.717484 -4.784276
v -13.219270 4.422063 -4.686893
v -12.931062 4.591518 -5.130364
v -13.219270 4.296096 -5.032981
v -13.686536 5.267216 -5.187812
v -13.686536 3.420098 -4.515516
v -13.929533 5.267216 -5.187812
v -13.929533 3.420098 -4.515516
v -13.686536 5.178126 -5.432585
v -13.686536 3.331008 -4.760289
v -13.929533 5.178126 -5.432585
v -13.929533 3.331008 -4.760289
v -15.119700 4.712769 -4.874623
v -15.119700 3.189339 -4.320139
v -15.119700 4.643103 -5.066029
v -15.119700 3.119673 -4.511546
v -13.698566 5.057228 -5.012345
v -13.698566 5.285570 -5.095455
v -13.698566 4.927145 -5.369746
v -13.698566 5.155487 -5.452856
v -14.358233 5.941513 -5.433236
v -14.358233 5.111338 -5.131077
v -14.601230 5.941513 -5.433236
v -14.601230 5.111338 -5.131077
v -14.358233 5.852423 -5.678009
v -14.358233 5.022248 -5.375850
v -14.601230 5.852423 -5.678009
v -14.601230 5.022248 -5.375850
v -13.873449 3.992384 -4.734009
v -14.973742 3.992384 -4.734008
v -13.873449 4.220726 -4.817118
v -14.973742 4.220726 -4.817118
v -13.873449 3.903295 -4.978781
v -14.973742 3.903295 -4.978781
v -13.873449 4.131637 -5.061891
v -14.973742 4.131637 -5.061891
v -13.728415 3.920527 -4.931437
v -13.728415 4.148869 -5.014546
v -13.988896 3.920527 -4.931437
v -13.988896 4.148869 -5.014546
v -14.294519 6.120664 -5.332398
v -14.412150 5.750120 -5.205786
v -14.294519 6.018136 -5.614090
v -14.412150 5.647593 -5.487478
v -12.931063 2.637539 -10.498878
v -13.219270 2.348637 -10.383584
v -12.931063 2.763505 -10.152788
v -13.219270 2.474603 -10.037495
v -13.686537 3.318047 -10.543112
v -13.686537 1.470929 -9.870815
v -13.929533 3.318047 -10.543112
v -13.929533 1.470929 -9.870815
v -13.686537 3.407137 -10.298338
v -13.686537 1.560019 -9.626042
v -13.929533 3.407137 -10.298338
v -13.929533 1.560019 -9.626042
v -15.119700 2.692001 -10.426636
v -15.119700 1.168571 -9.872153
v -15.119700 2.761667 -10.235229
v -15.119700 1.238237 -9.680747
v -13.698566 3.044398 -10.542549
v -13.698566 3.272741 -10.625660
v -13.698566 3.174482 -10.185148
v -13.698566 3.402824 -10.268258
v -14.358233 3.992343 -10.788535
v -14.358233 3.162169 -10.486376
v -14.601230 3.992343 -10.788535
v -14.601230 3.162169 -10.486376
v -14.358233 4.081433 -10.543762
v -14.358233 3.251258 -10.241604
v -14.601230 4.081433 -10.543762
v -14.601230 3.251258 -10.241604
v -13.873449 2.049769 -10.071299
v -14.973742 2.049769 -10.071299
v -13.873449 2.278111 -10.154409
v -14.973742 2.278111 -10.154409
v -13.873449 2.138860 -9.826527
v -14.973742 2.138860 -9.826527
v -13.873449 2.367202 -9.909636
v -14.973742 2.367202 -9.909636
v -13.728415 3.021077 -7.402654
v -13.728415 2.121628 -9.873871
v -13.728415 3.249419 -7.485764
v -13.728415 2.349970 -9.956981
v -13.988896 3.021077 -7.402654
v -13.988896 2.121628 -9.873871
v -13.988896 3.249419 -7.485764
v -13.988896 2.349970 -9.956981
v -14.294519 4.064764 -10.980937
v -14.412150 3.699526 -10.839746
v -14.294519 4.167291 -10.699245
v -14.412150 3.802053 -10.558055
v -15.638941 7.571440 -5.860438
v -18.346821 4.717484 -4.784275
v -15.638941 7.070047 -5.686201
v -18.058613 4.422063 -4.686892
v -15.638941 7.468913 -6.142130
v -18.346821 4.591518 -5.130364
v -15.638941 6.967520 -5.967893
v -18.058613 4.296097 -5.032981
v -17.591347 5.267216 -5.187812
v -17.591347 3.420098 -4.515516
v -17.348351 5.267216 -5.187812
v -17.348351 3.420098 -4.515516
v -17.591347 5.178126 -5.432585
v -17.591347 3.331008 -4.760289
v -17.348351 5.178126 -5.432585
v -17.348351 3.331008 -4.760289
v -16.158182 4.712769 -4.874623
v -16.158182 3.189339 -4.320139
v -15.638941 4.712769 -4.874623
v -15.638941 3.189339 -4.320139
v -16.158182 4.643103 -5.066029
v -16.158182 3.119673 -4.511546
v -15.638941 4.643103 -5.066029
v -15.638941 3.119673 -4.511546
v -17.579315 5.057228 -5.012345
v -15.638941 5.057228 -5.012345
v -17.579315 5.285570 -5.095455
v -15.638941 5.285570 -5.095455
v -17.579315 4.927145 -5.369746
v -15.638941 4.927145 -5.369746
v -17.579315 5.155487 -5.452856
v -15.638941 5.155487 -5.452856
v -16.919649 5.941513 -5.433236
v -16.919649 5.111338 -5.131077
v -16.676653 5.941513 -5.433236
v -16.676653 5.111338 -5.131077
v -16.919649 5.852423 -5.678009
v -16.919649 5.022248 -5.375850
v -16.676653 5.852423 -5.678009
v -16.676653 5.022248 -5.375850
v -17.404432 3.992384 -4.734008
v -16.304140 3.992384 -4.734008
v -17.404432 4.220726 -4.817118
v -16.304140 4.220726 -4.817118
v -17.404432 3.903295 -4.978781
v -16.304140 3.903295 -4.978781
v -17.404432 4.131637 -5.061891
v -16.304140 4.131637 -5.061891
v -17.549467 3.920527 -4.931437
v -17.549467 4.148869 -5.014546
v -17.288986 3.920527 -4.931437
v -17.288986 4.148869 -5.014546
v -16.983362 6.120664 -5.332398
v -16.865732 5.750120 -5.205786
v -16.983362 6.018136 -5.614090
v -16.865732 5.647593 -5.487478
v -15.638941 5.515541 -11.508977
v -18.346821 2.637539 -10.498878
v -15.638941 5.019454 -11.320162
v -18.058613 2.348637 -10.383584
v -15.638941 5.618068 -11.227285
v -18.346821 2.763505 -10.152788
v -15.638941 5.121981 -11.038469
v -18.058613 2.474603 -10.037495
v -17.591347 3.318047 -10.543112
v -17.591347 1.470929 -9.870815
v -17.348351 3.318047 -10.543112
v -17.348351 1.470929 -9.870815
v -17.591347 3.407137 -10.298338
v -17.591347 1.560019 -9.626042
v -17.348351 3.407137 -10.298338
v -17.348351 1.560019 -9.626042
v -16.158182 2.692001 -10.426636
v -16.158182 1.168571 -9.872153
v -15.638941 2.692001 -10.426636
v -15.638941 1.168571 -9.872153
v -16.158182 2.761667 -10.235229
v -16.158182 1.238237 -9.680747
v -15.638941 2.761667 -10.235229
v -15.638941 1.238237 -9.680747
v -17.579315 3.044398 -10.542549
v -15.638941 3.044398 -10.542549
v -17.579315 3.272741 -10.625660
v -15.638941 3.272741 -10.625660
v -17.579315 3.174482 -10.185148
v -15.638941 3.174482 -10.185148
v -17.579315 3.402824 -10.268258
v -15.638941 3.402824 -10.268258
v -16.919649 3.992343 -10.788535
v -16.919649 3.162169 -10.486376
v -16.676653 3.992343 -10.788535
v -16.676653 3.162169 -10.486376
v -16.919649 4.081433 -10.543762
v -16.919649 3.251258 -10.241604
v -16.676653 4.081433 -10.543762
v -16.676653 3.251258 -10.241604
v -17.404434 2.049769 -10.071299
v -16.304140 2.049769 -10.071299
v -17.404434 2.278111 -10.154409
v -16.304140 2.278111 -10.154409
v -17.404434 2.138860 -9.826527
v -16.304140 2.138860 -9.826527
v -17.404434 2.367202 -9.909636
v -16.304140 2.367202 -9.909636
v -17.549467 3.021077 -7.402654
v -17.549467 2.121628 -9.873871
v -17.549467 3.249419 -7.485764
v -17.549467 2.349970 -9.956981
v -17.288986 3.021077 -7.402654
v -17.288986 2.121628 -9.873871
v -17.288986 3.249419 -7.485764
v -17.288986 2.349970 -9.956981
v -16.983362 4.064764 -10.980937
v -16.865732 3.699526 -10.839746
v -16.983362 4.167291 -10.699245
v -16.865732 3.802053 -10.558055
vn 0.7571 0.6139 -0.2235
vn -0.0000 -0.3420 -0.9397
vn -0.0000 0.3420 0.9397
vn -0.7617 -0.6089 0.2216
vn 1.0000 -0.0000 -0.0000
vn -0.0000 -0.9397 0.3420
vn 0.7293 0.6430 -0.2340
vn -0.0000 -0.2834 -0.9590
vn 0.9991 0.0397 -0.0144
vn -0.0000 0.9397 -0.3420
vn -0.0000 0.3993 0.9168
vn 0.5532 -0.7828 0.2849
vn -0.7571 0.6139 -0.2235
vn 0.7617 -0.6089 0.2216
vn -1.0000 -0.0000 -0.0000
vn -0.7293 0.6430 -0.2340
vn -0.9991 0.0397 -0.0144
vn -0.5532 -0.7828 0.2849
vn -0.9993 -0.0172 -0.0332
vn -0.9989 0.0150 0.0451
vn -0.9992 -0.0181 -0.0354
vn 0.9989 -0.0151 -0.0452
vn 0.9993 0.0172 0.0330
vn 0.9992 0.0181 0.0352
vn 0.0080 0.3420 0.9397
vn -0.9999 -0.0065 0.0080
vn 0.9999 0.0065 -0.0080
vn 1.0000 -0.0003 -0.0050
vn -1.0000 -0.0002 0.0052
vn -1.0000 0.0003 0.0050
vn 1.0000 0.0002 -0.0052
vn -1.0000 -0.0057 0.0070
vn 1.0000 0.0057 -0.0070
vn 0.0092 0.3420 0.9397
vn -1.0000 -0.0002 0.0045
vn 1.0000 0.0002 -0.0045
vn 0.0542 0.3007 0.9522
vn 0.0479 0.3818 0.9230
vn 0.0545 0.2965 0.9535
vn -0.0479 -0.3008 -0.9525
vn -0.0542 -0.3817 -0.9227
vn -0.0476 -0.2966 -0.9538
vn -0.0454 -0.3417 -0.9387
vn 0.0616 0.3414 0.9379
vn -0.0616 -0.3414 -0.9379
vn -0.0481 -0.3416 -0.9386
vn 0.9988 -0.0319 -0.0367
vn 0.0491 0.3416 0.9386
vn -0.9988 0.0319 0.0367
vn 0.0481 0.3416 0.9386
vn -0.0491 -0.3416 -0.9386
vn -0.0777 -0.3314 -0.9403
vn -0.0131 -0.3390 -0.9407
vn -0.0829 -0.3307 -0.9401
vn 0.0777 0.3380 0.9379
vn 0.0131 0.3324 0.9431
vn 0.0829 0.3384 0.9373
vn 0.9990 -0.0155 -0.0427
vn -0.0454 -0.3327 -0.9420
vn 0.0454 0.3327 0.9420
vn 0.0454 0.3387 0.9398
vn -0.0454 -0.3376 -0.9402
vn -0.0454 -0.3387 -0.9398
vn 0.0454 0.3376 0.9402
vn 0.0537 0.3021 0.9518
vn 0.0478 0.3805 0.9235
vn 0.0540 0.2981 0.9530
vn -0.0478 -0.3022 -0.9521
vn -0.0537 -0.3804 -0.9233
vn -0.0475 -0.2983 -0.9533
vn -0.0479 -0.3416 -0.9386
vn 0.9957 -0.0341 -0.0858
vn 1.0000 -0.0084 0.0046
vn 0.9953 -0.0354 -0.0902
vn 0.0488 0.3416 0.9386
vn -0.9957 0.0404 0.0834
vn -1.0000 0.0020 -0.0023
vn -0.9952 0.0423 0.0877
vn 0.0479 0.3416 0.9386
vn -0.0488 -0.3416 -0.9386
vn -0.0994 -0.3312 -0.9383
vn 0.0086 -0.3394 -0.9406
vn -0.1041 -0.3308 -0.9379
vn 0.0994 0.3378 0.9360
vn -0.0088 0.3329 0.9429
vn 0.1042 0.3379 0.9354
vn -0.9990 0.0155 0.0427
vn -0.0454 -0.3254 -0.9445
vn 0.0454 0.3254 0.9445
vn 0.0454 0.3389 0.9397
vn -0.0454 -0.3383 -0.9399
vn -0.0454 -0.3389 -0.9397
vn 0.0454 0.3383 0.9400
vn -0.9997 -0.0179 -0.0193
vn -0.9934 0.0366 0.1087
vn -0.9995 -0.0199 -0.0240
vn 0.9997 0.0109 0.0217
vn 0.9933 -0.0297 -0.1114
vn 0.9996 0.0123 0.0265
vn 0.9990 -0.0192 -0.0413
vn 0.0454 0.3417 0.9387
vn -0.9990 0.0182 0.0417
vn -0.9988 -0.0020 0.0491
vn 0.9988 0.0020 -0.0491
vn -0.9990 0.0192 0.0414
vn 0.9990 -0.0182 -0.0417
vn 0.9990 -0.0126 -0.0437
vn -0.9990 0.0116 0.0441
vn -0.9990 0.0126 0.0437
vn 0.9990 -0.0116 -0.0441
vn 0.5432 -0.2872 -0.7890
vn -0.9816 0.1560 0.1099
vn -0.9819 -0.0602 0.1798
vn -0.9816 -0.0489 0.1845
vn -0.9913 0.0909 -0.0955
vn -0.9918 0.0796 -0.1002
vn -0.9913 -0.1310 -0.0148
vn -0.9918 -0.1254 -0.0256
vn -0.5436 0.7968 -0.2637
vn -0.1566 -0.2333 -0.9597
vn -0.1484 -0.4468 -0.8823
vn -0.1566 -0.4382 -0.8851
vn 0.0587 -0.2281 -0.9719
vn 0.0669 -0.2367 -0.9693
vn 0.0587 -0.4500 -0.8911
vn 0.0669 -0.4417 -0.8947
vn 0.0357 0.8489 0.5274
vn 0.9816 0.0489 -0.1845
vn 0.9819 -0.1617 -0.0991
vn 0.9816 -0.1560 -0.1099
vn 0.9918 0.1254 0.0256
vn 0.9819 0.0602 -0.1798
vn 0.9913 -0.0909 0.0955
vn 0.9918 -0.0796 0.1002
vn 0.0247 -0.6024 0.7978
vn 0.1484 0.4468 0.8823
vn 0.1566 0.2333 0.9597
vn 0.1566 0.4382 0.8851
vn -0.0587 0.4500 0.8911
vn -0.0669 0.4417 0.8947
vn -0.0587 0.2281 0.9719
vn -0.0669 0.2367 0.9693
vn -0.8396 -0.1858 -0.5104
vn 0.0918 -0.9653 0.2444
vn -0.1005 -0.9623 0.2526
vn 0.1005 -0.8996 0.4251
vn -0.0918 -0.8966 0.4333
vn 0.0357 -0.3112 0.9497
vn -0.1005 0.8996 -0.4251
vn 0.0918 0.8966 -0.4333
vn -0.0918 0.9653 -0.2444
vn 0.1005 0.9623 -0.2526
vn -0.7859 -0.5678 0.2447
vn -0.0247 0.6024 -0.7978
vn 0.8396 0.1858 0.5104
vn 0.7859 0.5678 -0.2447
vn 0.5436 0.7799 -0.3102
vn -0.0357 -0.8489 -0.5274
vn 0.0247 0.9743 0.2239
vn -0.0357 0.3113 -0.9497
vn 0.7859 -0.5923 0.1775
vn -0.7859 0.5923 -0.1775
vn -0.6171 -0.2691 -0.7394
vn 0.7868 -0.2111 -0.5799
vn -0.5436 -0.7799 0.3102
vn 0.6171 0.2691 0.7394
vn -0.0247 -0.9743 -0.2239
vn -0.7868 0.2111 0.5799
vn -0.7869 0.2111 0.5799
vn -0.5432 0.2872 0.7890
vn 0.5436 -0.7968 0.2637
vn 0.2855 0.2869 0.9144
vn 0.2795 0.3686 0.8866
vn 0.2857 0.2828 0.9156
vn -0.2795 -0.2876 -0.9161
vn -0.2855 -0.3680 -0.8849
vn -0.2791 -0.2834 -0.9175
vn -0.2773 -0.3286 -0.9028
vn 0.2928 0.3270 0.8985
vn -0.2928 -0.3270 -0.8985
vn -0.2799 -0.3284 -0.9021
vn 0.9607 -0.1105 -0.2548
vn 0.2808 0.3283 0.9019
vn -0.9607 0.1105 0.2548
vn 0.2799 0.3284 0.9021
vn -0.2808 -0.3283 -0.9019
vn -0.3084 -0.3161 -0.8972
vn -0.2458 -0.3287 -0.9119
vn -0.3131 -0.3151 -0.8959
vn 0.3085 0.3225 0.8949
vn 0.2458 0.3223 0.9142
vn 0.3131 0.3225 0.8933
vn 0.9608 -0.0948 -0.2606
vn -0.2773 -0.3200 -0.9059
vn 0.2773 0.3200 0.9059
vn 0.2773 0.3258 0.9039
vn -0.2773 -0.3248 -0.9042
vn -0.2773 -0.3258 -0.9039
vn 0.2773 0.3248 0.9042
vn 0.2850 0.2884 0.9141
vn 0.2793 0.3673 0.8872
vn 0.2853 0.2844 0.9153
vn -0.2793 -0.2889 -0.9157
vn -0.2850 -0.3667 -0.8856
vn -0.2790 -0.2850 -0.9170
vn -0.2797 -0.3284 -0.9022
vn 0.9467 -0.1126 -0.3019
vn 0.9727 -0.0878 -0.2147
vn 0.9452 -0.1138 -0.3060
vn 0.2806 0.3283 0.9019
vn -0.9466 0.1187 0.2997
vn -0.9728 0.0817 0.2169
vn -0.9452 0.1205 0.3036
vn 0.2797 0.3284 0.9022
vn -0.2806 -0.3283 -0.9019
vn -0.3291 -0.3143 -0.8905
vn -0.2248 -0.3308 -0.9165
vn -0.3334 -0.3135 -0.8892
vn 0.3291 0.3205 0.8882
vn 0.2246 0.3246 0.9188
vn 0.3334 0.3203 0.8867
vn -0.9608 0.0948 0.2606
vn -0.2773 -0.3131 -0.9084
vn 0.2773 0.3131 0.9084
vn 0.2773 0.3259 0.9038
vn -0.2773 -0.3254 -0.9040
vn -0.2773 -0.3259 -0.9038
vn 0.2773 0.3254 0.9040
vn -0.9778 0.0624 0.2002
vn -0.9391 0.1150 0.3237
vn -0.9788 0.0606 0.1958
vn 0.9391 -0.1151 -0.3239
vn 0.9777 -0.0625 -0.2004
vn 0.9787 -0.0607 -0.1960
vn 0.9608 -0.0983 -0.2593
vn 0.2773 0.3286 0.9028
vn -0.9608 0.0974 0.2596
vn -0.9606 0.0780 0.2666
vn 0.9606 -0.0780 -0.2666
vn -0.9608 0.0983 0.2593
vn 0.9608 -0.0974 -0.2596
vn 0.9608 -0.0921 -0.2616
vn -0.9608 0.0911 0.2619
vn -0.9608 0.0921 0.2616
vn 0.9608 -0.0911 -0.2619
vn 0.3323 -0.3226 -0.8863
vn -0.9180 0.2329 0.3211
vn -0.9201 0.0168 0.3913
vn -0.9180 0.0280 0.3957
vn -0.9776 0.1705 0.1234
vn -0.9800 0.1594 0.1191
vn -0.9776 -0.0513 0.2041
vn -0.9800 -0.0456 0.1936
vn -0.5229 0.8400 -0.1451
vn -0.3814 -0.2115 -0.8999
vn -0.3734 -0.4256 -0.8242
vn -0.3814 -0.4164 -0.8253
vn -0.1743 -0.2234 -0.9590
vn -0.1664 -0.2327 -0.9582
vn -0.1743 -0.4453 -0.8783
vn -0.1664 -0.4377 -0.8836
vn 0.2182 0.8386 0.4992
vn 0.9180 -0.0280 -0.3957
vn 0.9201 -0.2387 -0.3105
vn 0.9180 -0.2329 -0.3211
vn 0.9776 0.0513 -0.2041
vn 0.9800 0.0456 -0.1936
vn 0.9776 -0.1705 -0.1234
vn 0.9800 -0.1594 -0.1191
vn 0.1509 -0.6095 0.7783
vn 0.3814 0.4164 0.8253
vn 0.3734 0.2038 0.9050
vn 0.3814 0.2115 0.8999
vn 0.1664 0.4377 0.8836
vn 0.3734 0.4256 0.8242
vn 0.1742 0.2234 0.9590
vn 0.1664 0.2327 0.9582
vn -0.9432 -0.1136 -0.3122
vn 0.0658 -0.9717 0.2269
vn -0.1191 -0.9534 0.2770
vn 0.1191 -0.9085 0.4006
vn -0.0658 -0.8902 0.4508
vn 0.2182 -0.3215 0.9214
vn -0.1191 0.9085 -0.4006
vn 0.0658 0.8902 -0.4508
vn -0.0658 0.9717 -0.2269
vn 0.1191 0.9534 -0.2770
vn -0.7559 -0.5054 0.4161
vn -0.1509 0.6095 -0.7783
vn 0.9432 0.1136 0.3122
vn 0.7559 0.5055 -0.4161
vn 0.7559 0.5054 -0.4161
vn 0.5229 0.7367 -0.4287
vn -0.2182 -0.8386 -0.4992
vn 0.1509 0.9672 0.2044
vn -0.2182 0.3215 -0.9214
vn 0.7559 -0.6547 0.0061
vn -0.7559 0.6547 -0.0061
vn -0.7837 -0.2124 -0.5837
vn 0.6211 -0.2680 -0.7365
vn -0.5229 -0.7368 0.4287
vn -0.5229 -0.7367 0.4287
vn 0.7837 0.2124 0.5836
vn -0.1509 -0.9672 -0.2044
vn -0.6211 0.2680 0.7364
vn -0.6211 0.2680 0.7365
vn -0.3323 0.3226 0.8863
vn 0.5229 -0.8400 0.1451
vn -0.6296 0.2248 0.7437
vn -0.6344 0.3045 0.7105
vn -0.6292 0.2207 0.7452
vn 0.6344 -0.2235 -0.7400
vn 0.6296 -0.3058 -0.7142
vn 0.6346 -0.2192 -0.7411
vn 0.6370 -0.2637 -0.7244
vn -0.6244 0.2672 0.7340
vn 0.6244 -0.2672 -0.7340
vn 0.6349 -0.2642 -0.7260
vn 0.7709 0.2087 0.6019
vn -0.6342 0.2644 0.7266
vn -0.7708 -0.2087 -0.6019
vn -0.7709 -0.2087 -0.6019
vn -0.6349 0.2642 0.7260
vn 0.6342 -0.2644 -0.7266
vn 0.6099 -0.2655 -0.7467
vn 0.6633 -0.2544 -0.7038
vn 0.6076 -0.2660 -0.7484
vn -0.6099 0.2695 0.7452
vn -0.6633 0.2504 0.7052
vn -0.6076 0.2703 0.7468
vn 0.7709 0.2179 0.5986
vn 0.6370 -0.2586 -0.7262
vn -0.6370 0.2586 0.7262
vn -0.6370 0.2620 0.7250
vn 0.6370 -0.2614 -0.7252
vn 0.6370 -0.2620 -0.7250
vn -0.6370 0.2614 0.7252
vn -0.6300 0.2261 0.7430
vn -0.6346 0.3031 0.7109
vn -0.6297 0.2222 0.7444
vn 0.6346 -0.2248 -0.7394
vn 0.6300 -0.3044 -0.7145
vn 0.6347 -0.2208 -0.7405
vn 0.6350 -0.2642 -0.7259
vn 0.8011 0.2033 0.5629
vn 0.7387 0.2255 0.6352
vn 0.8027 0.2027 0.5609
vn -0.6343 0.2644 0.7264
vn -0.8012 -0.1996 -0.5642
vn -0.7388 -0.2292 -0.6338
vn -0.8027 -0.1988 -0.5622
vn -0.6350 0.2642 0.7259
vn 0.6343 -0.2644 -0.7264
vn 0.5926 -0.2704 -0.7588
vn 0.6793 -0.2497 -0.6901
vn 0.5904 -0.2709 -0.7603
vn -0.5926 0.2741 0.7574
vn -0.6794 0.2459 0.6914
vn -0.5905 0.2748 0.7588
vn -0.7709 -0.2179 -0.5986
vn 0.6369 -0.2546 -0.7277
vn -0.6369 0.2546 0.7277
vn -0.6370 0.2621 0.7250
vn 0.6370 -0.2618 -0.7251
vn 0.6370 -0.2621 -0.7249
vn 0.6370 -0.2621 -0.7250
vn -0.6370 0.2618 0.7251
vn -0.7231 -0.2377 -0.6486
vn -0.8145 -0.2038 -0.5431
vn -0.8162 -0.2031 -0.5409
vn 0.8147 0.1998 0.5444
vn 0.7232 0.2416 0.6469
vn 0.7213 0.2424 0.6488
vn 0.7709 0.2158 0.5993
vn -0.6370 0.2637 0.7244
vn -0.7709 -0.2164 -0.5991
vn -0.7709 -0.2163 -0.5991
vn -0.7708 -0.2277 -0.5950
vn 0.7708 0.2277 0.5949
vn 0.7708 0.2277 0.5950
vn -0.7709 -0.2158 -0.5993
vn 0.7709 0.2163 0.5991
vn 0.7709 0.2195 0.5980
vn 0.7709 0.2195 0.5979
vn -0.7709 -0.2201 -0.5978
vn -0.7709 -0.2195 -0.5980
vn 0.7709 0.2201 0.5978
vn 0.9662 -0.0881 -0.2421
vn -0.8327 -0.0832 -0.5474
vn -0.8273 -0.2988 -0.4757
vn -0.8327 -0.2882 -0.4729
vn -0.6953 -0.1315 -0.7066
vn -0.6901 -0.1422 -0.7096
vn -0.6953 -0.3534 -0.6258
vn -0.6901 -0.3472 -0.6350
vn -0.4195 0.6698 -0.6127
vn 0.5429 -0.1823 -0.8198
vn 0.5492 -0.3939 -0.7371
vn 0.5429 -0.3873 -0.7452
vn 0.7090 -0.1269 -0.6937
vn 0.7154 -0.1336 -0.6858
vn 0.7090 -0.3487 -0.6130
vn 0.7154 -0.3385 -0.6112
vn -0.5011 0.7875 0.3588
vn 0.8327 0.2882 0.4729
vn 0.8273 0.0769 0.5564
vn 0.8327 0.0832 0.5475
vn 0.6901 0.3472 0.6350
vn 0.8273 0.2988 0.4757
vn 0.6953 0.1315 0.7066
vn 0.6901 0.1422 0.7096
vn -0.3466 -0.6449 0.6812
vn -0.5492 0.3939 0.7371
vn -0.5429 0.1823 0.8198
vn -0.5429 0.3873 0.7452
vn -0.7154 0.3385 0.6112
vn -0.7090 0.1269 0.6937
vn -0.7154 0.1336 0.6858
vn -0.5492 0.1720 0.8178
vn -0.2576 -0.3305 -0.9080
vn 0.1355 -0.9354 0.3267
vn -0.0129 -0.9773 0.2115
vn 0.0129 -0.8846 0.4662
vn -0.1355 -0.9265 0.3509
vn -0.5011 -0.3726 0.7810
vn -0.0129 0.8846 -0.4662
vn 0.1355 0.9265 -0.3509
vn -0.1355 0.9354 -0.3267
vn 0.0129 0.9773 -0.2115
vn -0.6065 -0.7515 -0.2598
vn -0.6065 -0.7514 -0.2598
vn 0.3466 0.6449 -0.6812
vn 0.2576 0.3305 0.9080
vn 0.6065 0.7515 0.2598
vn 0.6065 0.7514 0.2598
vn 0.4195 0.9069 0.0388
vn 0.5011 -0.7875 -0.3588
vn -0.3466 0.9318 0.1073
vn 0.5011 0.3726 -0.7810
vn 0.6065 -0.4087 0.6820
vn 0.6065 -0.4086 0.6820
vn -0.6065 0.4086 -0.6820
vn -0.6065 0.4087 -0.6820
vn 0.0708 -0.3412 -0.9373
vn 0.9975 0.0242 0.0666
vn -0.4195 -0.9069 -0.0388
vn -0.0708 0.3412 0.9373
vn 0.3466 -0.9318 -0.1073
vn -0.9975 -0.0242 -0.0666
vn -0.9662 0.0881 0.2421
vn 0.4195 -0.6698 0.6127
vn 0.6895 0.2068 0.6941
vn 0.6849 0.2893 0.6687
vn 0.6896 0.2026 0.6953
vn -0.6849 -0.2082 -0.6982
vn -0.6895 -0.2878 -0.6647
vn -0.6846 -0.2042 -0.6998
vn -0.6837 -0.2496 -0.6857
vn 0.6955 0.2458 0.6752
vn -0.6955 -0.2458 -0.6752
vn -0.6857 -0.2490 -0.6840
vn 0.7295 -0.2579 -0.6335
vn 0.6864 0.2487 0.6834
vn -0.7295 0.2579 0.6335
vn 0.6857 0.2490 0.6840
vn -0.6864 -0.2487 -0.6834
vn -0.7052 -0.2287 -0.6711
vn -0.6615 -0.2517 -0.7064
vn -0.7105 -0.2257 -0.6665
vn 0.7053 0.2377 0.6679
vn 0.6615 0.2427 0.7096
vn 0.7106 0.2370 0.6624
vn 0.7297 -0.2338 -0.6425
vn 0.7297 -0.2339 -0.6425
vn -0.6837 -0.2363 -0.6905
vn 0.6837 0.2363 0.6905
vn 0.6837 0.2452 0.6873
vn -0.6837 -0.2436 -0.6879
vn -0.6837 -0.2452 -0.6873
vn 0.6837 0.2436 0.6879
vn 0.6892 0.2083 0.6940
vn 0.6849 0.2880 0.6693
vn 0.6893 0.2043 0.6951
vn -0.6849 -0.2096 -0.6979
vn -0.6892 -0.2866 -0.6655
vn -0.6845 -0.2058 -0.6993
vn -0.6856 -0.2490 -0.6841
vn 0.6984 -0.2487 -0.6711
vn 0.7594 -0.2354 -0.6065
vn 0.6935 -0.2497 -0.6758
vn 0.6862 0.2488 0.6835
vn -0.6984 0.2576 0.6677
vn -0.7596 0.2264 0.6097
vn -0.6935 0.2600 0.6720
vn 0.6856 0.2490 0.6841
vn -0.6862 -0.2488 -0.6835
vn -0.7204 -0.2237 -0.6565
vn -0.6452 -0.2572 -0.7194
vn -0.7254 -0.2213 -0.6518
vn 0.7206 0.2331 0.6530
vn 0.6450 0.2478 0.7229
vn 0.7255 0.2320 0.6479
vn -0.7297 0.2339 0.6425
vn -0.6835 -0.2255 -0.6942
vn -0.6835 -0.2255 -0.6943
vn 0.6835 0.2255 0.6943
vn 0.6835 0.2255 0.6942
vn -0.7297 0.2338 0.6425
vn 0.6837 0.2454 0.6873
vn -0.6837 -0.2445 -0.6876
vn -0.6837 -0.2454 -0.6873
vn 0.6837 0.2445 0.6876
vn -0.7740 0.2025 0.6000
vn -0.6823 0.2460 0.6885
vn -0.7787 0.1999 0.5947
vn 0.7739 -0.2125 -0.5966
vn 0.6820 -0.2360 -0.6922
vn 0.7786 -0.2111 -0.5909
vn 0.7297 -0.2393 -0.6405
vn 0.6837 0.2496 0.6857
vn -0.7297 0.2378 0.6410
vn -0.7295 0.2078 0.6517
vn 0.7295 -0.2078 -0.6517
vn -0.7297 0.2393 0.6405
vn 0.7297 -0.2378 -0.6411
vn 0.7297 -0.2295 -0.6440
vn 0.7297 -0.2296 -0.6441
vn -0.7297 0.2280 0.6446
vn -0.7297 0.2296 0.6441
vn -0.7297 0.2296 0.6440
vn 0.7297 -0.2280 -0.6446
vn -0.1328 -0.3390 -0.9314
vn -0.6443 0.3614 0.6740
vn -0.6498 0.1459 0.7460
vn -0.6443 0.1564 0.7486
vn -0.7973 0.3055 0.5206
vn -0.6498 0.3678 0.6652
vn -0.7915 0.0941 0.6038
vn -0.7973 0.1006 0.5952
vn -0.3971 0.9156 0.0627
vn -0.7570 -0.1179 -0.6427
vn -0.7509 -0.3332 -0.5702
vn -0.7570 -0.3228 -0.5681
vn -0.5996 -0.1598 -0.7842
vn -0.5937 -0.1702 -0.7865
vn -0.5996 -0.3817 -0.7034
vn -0.5937 -0.3752 -0.7119
vn 0.5379 0.7764 0.3284
vn 0.6443 -0.1564 -0.7486
vn 0.6498 -0.3678 -0.6652
vn 0.6443 -0.3614 -0.6740
vn 0.7973 -0.1006 -0.5952
vn 0.6498 -0.1459 -0.7460
vn 0.7915 -0.3160 -0.5231
vn 0.7973 -0.3055 -0.5206
vn 0.3721 -0.6525 0.6601
vn 0.7570 0.3228 0.5681
vn 0.7509 0.1113 0.6510
vn 0.7570 0.1179 0.6427
vn 0.5996 0.3817 0.7034
vn 0.5937 0.3752 0.7119
vn 0.5996 0.1598 0.7842
vn 0.5937 0.1702 0.7865
vn -0.9911 0.0454 0.1248
vn 0.0044 -0.9775 0.2110
vn -0.1360 -0.9325 0.3347
vn 0.1360 -0.9294 0.3430
vn -0.0044 -0.8844 0.4667
vn 0.5379 -0.3837 0.7506
vn -0.1360 0.9294 -0.3430
vn 0.0044 0.8844 -0.4667
vn -0.0044 0.9775 -0.2110
vn 0.1360 0.9325 -0.3347
vn -0.5741 -0.3961 0.7166
vn -0.3721 0.6525 -0.6601
vn 0.9911 -0.0454 -0.1248
vn 0.5741 0.3961 -0.7166
vn 0.3971 0.6611 -0.6366
vn -0.5379 -0.7764 -0.3284
vn 0.3721 0.9242 0.0862
vn -0.5379 0.3837 -0.7506
vn 0.5741 -0.7640 -0.2944
vn -0.5741 0.7640 0.2944
vn -0.9804 -0.0674 -0.1851
vn 0.1970 -0.3353 -0.9213
vn -0.3971 -0.6611 0.6366
vn 0.9804 0.0674 0.1851
vn -0.3721 -0.9242 -0.0862
vn -0.1970 0.3353 0.9213
vn 0.1328 0.3390 0.9314
vn 0.3971 -0.9156 -0.0627
vn 0.6883 0.6817 -0.2481
vn 0.6883 -0.6817 0.2481
vn 0.4929 0.4623 -0.7371
vn 0.4287 0.3291 -0.8414
vn 0.4978 0.4733 -0.7267
vn 0.5832 0.7618 -0.2821
vn 0.5014 0.8309 0.2413
vn 0.4960 0.8291 0.2581
vn 0.4328 0.7957 0.4237
vn -0.4287 0.3291 -0.8414
vn -0.4929 0.4623 -0.7371
vn -0.4978 0.4733 -0.7267
vn -0.5832 0.7618 -0.2821
vn -0.5014 0.8309 0.2413
vn -0.5832 0.7610 -0.2840
vn -0.4328 0.7957 0.4237
vn -0.4960 0.8291 0.2581
vn -0.3909 -0.2578 0.8836
vn -0.3955 -0.7690 -0.5022
vn 0.8306 -0.4998 0.2457
vn 0.8153 -0.5457 0.1938
vn 0.8330 -0.4967 0.2437
vn -0.8300 0.5004 -0.2463
vn -0.8152 0.5458 -0.1937
vn -0.8123 0.5496 -0.1952
vn 0.8320 -0.5405 0.1246
vn 0.8123 -0.5497 0.1951
vn -0.8313 0.5417 -0.1246
vn -0.8342 0.5374 -0.1237
vn -0.8453 0.5227 -0.1104
vn -0.8470 0.5198 -0.1110
vn 0.8453 -0.5226 0.1109
vn 0.8348 -0.5364 0.1241
vn -0.8436 0.4768 -0.2468
vn -0.8325 0.4972 -0.2445
vn 0.8436 -0.4770 0.2465
vn 0.8451 -0.4755 0.2445
vn 0.8123 -0.5496 0.1951
vn -0.8325 0.4971 -0.2445
vn 0.8450 -0.4755 0.2445
vn 0.8320 -0.5406 0.1246
vn 0.3909 -0.2578 0.8836
vn 0.3955 -0.7690 -0.5022
vn -0.8306 -0.4998 0.2457
vn -0.8153 -0.5457 0.1938
vn -0.8123 -0.5497 0.1951
vn 0.8300 0.5004 -0.2463
vn 0.8152 0.5458 -0.1937
vn 0.8325 0.4972 -0.2445
vn -0.8320 -0.5405 0.1246
vn -0.8348 -0.5364 0.1241
vn 0.8313 0.5417 -0.1246
vn 0.8123 0.5496 -0.1952
vn 0.8453 0.5227 -0.1104
vn 0.8342 0.5374 -0.1237
vn -0.8453 -0.5226 0.1109
vn -0.8469 -0.5200 0.1114
vn 0.8436 0.4768 -0.2468
vn 0.8452 0.4752 -0.2447
vn -0.8436 -0.4770 0.2464
vn -0.8330 -0.4967 0.2437
vn -0.8123 -0.5496 0.1951
vn 0.8325 0.4971 -0.2445
vn -0.8436 -0.4770 0.2465
vn -0.8320 -0.5406 0.1246
vn 0.8436 -0.4770 0.2464
vn 0.3955 -0.7690 -0.5023
vn -0.0000 0.9396 -0.3421
vn -0.0000 0.9507 -0.3100
vn -0.0000 -0.9396 0.3421
vn -0.0000 -0.9275 0.3739
vn -0.0000 -0.9507 0.3100
vn -0.0000 0.9275 -0.3739
vn -0.0230 0.3298 0.9438
vn -0.0000 0.3282 0.9446
vn -0.0294 0.3321 0.9428
vn 0.0107 -0.3264 -0.9452
vn -0.0000 -0.3282 -0.9446
vn -0.0000 -0.3283 -0.9446
vn 0.7334 -0.6388 0.2325
vn 0.7477 0.6240 -0.2271
vn 0.7541 0.6171 -0.2246
vn -0.7601 -0.6106 0.2222
vn -0.7669 -0.6031 0.2195
vn -0.7532 -0.6181 0.2250
vn 0.7413 0.6307 -0.2295
vn 0.0028 -0.3168 -0.9485
vn 0.0044 -0.3240 -0.9460
vn -0.0312 0.3390 0.9403
vn -0.0306 0.3398 0.9400
vn -0.0230 -0.3540 -0.9350
vn -0.0000 -0.3557 -0.9346
vn 0.0108 0.3575 0.9338
vn -0.0000 0.3557 0.9346
vn 0.0044 0.3599 0.9330
vn 0.0028 0.3670 0.9302
vn 0.0034 0.3677 0.9299
vn -0.0312 -0.3447 -0.9382
vn -0.0294 -0.3516 -0.9357
vn 0.0230 0.3298 0.9438
vn -0.0000 0.3283 0.9446
vn -0.0107 -0.3264 -0.9452
vn -0.0044 -0.3240 -0.9460
vn -0.7334 -0.6388 0.2325
vn -0.7541 0.6171 -0.2246
vn -0.7477 0.6240 -0.2271
vn 0.7669 -0.6031 0.2195
vn 0.7601 -0.6106 0.2222
vn 0.7532 -0.6181 0.2250
vn -0.7413 0.6307 -0.2295
vn -0.0028 -0.3168 -0.9485
vn -0.0034 -0.3161 -0.9487
vn 0.0312 0.3390 0.9403
vn 0.0294 0.3321 0.9428
vn 0.0230 -0.3540 -0.9350
vn 0.0294 -0.3516 -0.9357
vn -0.0108 0.3575 0.9338
vn -0.0028 0.3670 0.9302
vn -0.0044 0.3599 0.9330
vn 0.0312 -0.3447 -0.9382
vn 0.0306 -0.3440 -0.9385
vn -0.9988 0.0159 0.0473
vn 0.9987 -0.0160 -0.0474
vn 0.0476 0.3858 0.9213
vn -0.0545 -0.3857 -0.9210
vn -0.0079 -0.3396 -0.9406
vn 0.0079 0.3319 0.9433
vn 0.0475 0.3843 0.9220
vn -0.0540 -0.3842 -0.9217
vn 0.9999 -0.0071 0.0091
vn -1.0000 0.0001 -0.0066
vn 0.0134 -0.3397 -0.9404
vn -0.0136 0.3326 0.9430
vn -0.9928 0.0386 0.1133
vn 0.9927 -0.0312 -0.1162
vn -0.9819 0.1617 0.0991
vn -0.1484 -0.2249 -0.9630
vn 0.9913 0.1310 0.0148
vn 0.1484 0.2249 0.9630
vn 0.2791 0.3726 0.8850
vn -0.2857 -0.3720 -0.8832
vn -0.2411 -0.3296 -0.9128
vn 0.2410 0.3222 0.9155
vn 0.2790 0.3711 0.8857
vn -0.2853 -0.3705 -0.8840
vn 0.9738 -0.0866 -0.2105
vn -0.9738 0.0799 0.2129
vn -0.2203 -0.3314 -0.9174
vn 0.2201 0.3246 0.9199
vn -0.9375 0.1168 0.3279
vn 0.9374 -0.1168 -0.3281
vn -0.9201 0.2387 0.3105
vn -0.3734 -0.2037 -0.9050
vn 0.9201 -0.0168 -0.3913
vn 0.1743 0.4453 0.8783
vn -0.6346 0.3084 0.7087
vn 0.6292 -0.3099 -0.7128
vn 0.6654 -0.2539 -0.7019
vn -0.6655 0.2496 0.7035
vn -0.6347 0.3069 0.7092
vn 0.6297 -0.3083 -0.7131
vn 0.7370 0.2260 0.6370
vn -0.7370 -0.2299 -0.6356
vn 0.6812 -0.2491 -0.6884
vn -0.6813 0.2452 0.6897
vn -0.7211 -0.2383 -0.6505
vn 0.8163 0.1989 0.5423
vn -0.8273 -0.0769 -0.5564
vn 0.5492 -0.1720 -0.8178
vn 0.6953 0.3534 0.6258
vn -0.7090 0.3487 0.6130
vn 0.6846 0.2934 0.6673
vn -0.6896 -0.2918 -0.6628
vn -0.6559 -0.2546 -0.7107
vn 0.6558 0.2432 0.7146
vn 0.6845 0.2919 0.6680
vn -0.6893 -0.2903 -0.6638
vn 0.7639 -0.2342 -0.6013
vn -0.7640 0.2239 0.6051
vn -0.6396 -0.2595 -0.7236
vn 0.6394 0.2488 0.7275
vn -0.6768 0.2483 0.6931
vn 0.6765 -0.2372 -0.6971
vn -0.7297 0.2378 0.6411
vn -0.7915 0.3160 0.5231
vn -0.7509 -0.1113 -0.6510
vn 0.7915 -0.0941 -0.6038
vn 0.7509 0.3332 0.5702
vn 0.5832 0.7610 -0.2840
vn 0.8469 -0.5200 0.1114
vn -0.8452 0.4752 -0.2447
vn 0.8470 0.5198 -0.1110
vn -0.8451 -0.4755 0.2445
vn -0.8450 -0.4755 0.2445
vn 0.0034 -0.3161 -0.9487
vn -0.0306 -0.3440 -0.9385
vn 0.0306 0.3398 0.9400
vn -0.0034 0.3677 0.9299
vt -0.000000 0.000000
vt 0.047619 0.047619
vt 0.000000 0.047619
vt -0.000000 0.047619
vt 0.047619 0.095238
vt 0.000000 0.095238
vt 0.095238 0.047619
vt 0.047619 0.000000
vt 0.095238 -0.000000
vt 0.047619 0.095238
vt 0.095238 0.047619
vt 0.095238 0.095238
vt 0.000000 0.142857
vt 0.047619 0.142857
vt 0.095238 0.142857
vt 0.095238 0.047619
vt 0.142857 -0.000000
vt 0.142857 0.047619
vt 0.095238 0.095238
vt 0.142857 0.095238
vt 0.095238 0.142857
vt 0.142857 0.142857
vt 0.000000 0.190476
vt 0.047619 0.190476
vt 0.047619 0.142857
vt 0.095238 0.190476
vt 0.142857 0.142857
vt 0.142857 0.190476
vt 0.190476 -0.000000
vt 0.190476 0.047619
vt 0.190476 0.095238
vt 0.190476 0.095238
vt 0.190476 0.142857
vt 0.142857 0.190476
vt 0.190476 0.142857
vt 0.190476 0.190476
vt -0.000000 0.190476
vt 0.047619 0.238095
vt 0.000000 0.238095
vt 0.095238 0.238095
vt 0.142857 0.238095
vt 0.190476 0.238095
vt 0.190476 0.047619
vt 0.238095 -0.000000
vt 0.238095 0.047619
vt 0.190476 0.095238
vt 0.238095 0.047619
vt 0.238095 0.095238
vt 0.190476 0.142857
vt 0.238095 0.142857
vt 0.190476 0.190476
vt 0.238095 0.142857
vt 0.238095 0.190476
vt 0.190476 0.238095
vt 0.238095 0.238095
vt -0.000000 0.238095
vt 0.047619 0.285714
vt 0.000000 0.285714
vt 0.095238 0.285714
vt 0.142857 0.285714
vt 0.190476 0.285714
vt 0.238095 0.285714
vt 0.285714 -0.000000
vt 0.285714 0.047619
vt 0.285714 0.095238
vt 0.285714 0.142857
vt 0.238095 0.190476
vt 0.285714 0.190476
vt 0.238095 0.238095
vt 0.285714 0.190476
vt 0.285714 0.238095
vt 0.238095 0.285714
vt 0.285714 0.238095
vt 0.285714 0.285714
vt -0.000000 0.285714
vt 0.047619 0.333333
vt 0.000000 0.333333
vt 0.095238 0.333333
vt 0.095238 0.285714
vt 0.142857 0.333333
vt 0.190476 0.333333
vt 0.238095 0.333333
vt 0.285714 0.333333
vt 0.285714 0.047619
vt 0.333333 -0.000000
vt 0.333333 0.047619
vt 0.333333 0.047619
vt 0.333333 0.095238
vt 0.333333 0.142857
vt 0.333333 0.190476
vt 0.333333 0.190476
vt 0.333333 0.238095
vt 0.333333 0.238095
vt 0.333333 0.285714
vt 0.285714 0.333333
vt 0.333333 0.333333
vt -0.000000 0.333333
vt 0.047619 0.380952
vt 0.000000 0.380952
vt 0.047619 0.333333
vt 0.095238 0.380952
vt 0.142857 0.380952
vt 0.190476 0.380952
vt 0.238095 0.380952
vt 0.285714 0.380952
vt 0.238095 0.380952
vt 0.333333 0.380952
vt 0.380952 0.047619
vt 0.333333 0.000000
vt 0.380952 0.000000
vt 0.380952 0.047619
vt 0.380952 0.095238
vt 0.380952 0.142857
vt 0.380952 0.190476
vt 0.380952 0.190476
vt 0.380952 0.238095
vt 0.380952 0.238095
vt 0.380952 0.285714
vt 0.380952 0.333333
vt 0.333333 0.380952
vt 0.380952 0.333333
vt 0.380952 0.380952
vt -0.000000 0.380952
vt 0.047619 0.428571
vt 0.000000 0.428571
vt 0.047619 0.380952
vt 0.095238 0.428571
vt 0.142857 0.428571
vt 0.142857 0.380952
vt 0.190476 0.428571
vt 0.142857 0.428571
vt 0.238095 0.428571
vt 0.285714 0.428571
vt 0.333333 0.428571
vt 0.380952 0.428571
vt 0.428571 -0.000000
vt 0.428571 0.047619
vt 0.380952 0.095238
vt 0.428571 0.095238
vt 0.543770 0.965216
vt 0.544309 0.952382
vt 0.544309 0.965215
vt 0.542369 0.952383
vt 0.542908 0.965217
vt 0.542368 0.965216
vt 0.542908 0.952382
vt 0.543770 0.952381
vt 0.534133 0.952392
vt 0.533594 0.965227
vt 0.533594 0.952394
vt 0.535979 0.965215
vt 0.535440 0.952381
vt 0.535980 0.952383
vt 0.535440 0.965216
vt 0.534133 0.965228
vt 0.544792 0.952382
vt 0.545740 0.965216
vt 0.544792 0.965217
vt 0.538684 0.952383
vt 0.539877 0.965216
vt 0.538683 0.965218
vt 0.544309 0.952384
vt 0.540359 0.952382
vt 0.539877 0.952381
vt 0.546223 0.952382
vt 0.545740 0.952381
vt 0.538201 0.952385
vt 0.536519 0.952390
vt 0.535980 0.965224
vt 0.535980 0.952391
vt 0.538200 0.965215
vt 0.537662 0.952381
vt 0.538201 0.952383
vt 0.537662 0.965216
vt 0.536518 0.965225
vt 0.540842 0.952383
vt 0.541885 0.965216
vt 0.540842 0.965218
vt 0.542368 0.952382
vt 0.541886 0.952381
vt 0.540360 0.952384
vt 0.956632 0.185100
vt 0.952389 0.184791
vt 0.956634 0.184791
vt 0.956626 0.186059
vt 0.952383 0.185749
vt 0.956631 0.185750
vt 0.956545 0.202975
vt 0.952383 0.202137
vt 0.956547 0.202137
vt 0.952385 0.185100
vt 0.956632 0.182269
vt 0.952386 0.181961
vt 0.956630 0.181960
vt 0.952382 0.183376
vt 0.956628 0.183067
vt 0.956627 0.183376
vt 0.952385 0.182270
vt 0.956628 0.191028
vt 0.952382 0.190268
vt 0.956629 0.190268
vt 0.952381 0.188443
vt 0.956628 0.187563
vt 0.956628 0.188443
vt 0.952383 0.190032
vt 0.952382 0.203274
vt 0.956544 0.203274
vt 0.952382 0.187327
vt 0.952381 0.187563
vt 0.952384 0.201838
vt 0.956546 0.201838
vt 0.956627 0.191264
vt 0.952381 0.191028
vt 0.956627 0.188679
vt 0.956578 0.199299
vt 0.952390 0.198843
vt 0.956581 0.198843
vt 0.956572 0.200366
vt 0.952384 0.199910
vt 0.956577 0.199911
vt 0.952385 0.199299
vt 0.956574 0.195814
vt 0.952382 0.195359
vt 0.956573 0.195359
vt 0.952386 0.197198
vt 0.956578 0.196742
vt 0.956577 0.197198
vt 0.952385 0.196742
vt 0.952381 0.195814
vt 0.952382 0.200766
vt 0.956574 0.201439
vt 0.952381 0.201439
vt 0.956574 0.197597
vt 0.952381 0.198444
vt 0.952381 0.197597
vt 0.956573 0.201838
vt 0.956574 0.198843
vt 0.956575 0.198444
vt 0.952383 0.200366
vt 0.956576 0.200766
vt 0.952382 0.197198
vt 0.952386 0.180676
vt 0.956861 0.180995
vt 0.952381 0.180995
vt 0.952386 0.181641
vt 0.956861 0.181960
vt 0.952383 0.181960
vt 0.956548 0.205595
vt 0.952384 0.204912
vt 0.956549 0.204912
vt 0.952382 0.192497
vt 0.956611 0.192816
vt 0.952381 0.192815
vt 0.956616 0.193609
vt 0.952388 0.193927
vt 0.952387 0.193609
vt 0.952382 0.177677
vt 0.956861 0.176921
vt 0.956862 0.177678
vt 0.956861 0.175406
vt 0.952381 0.176283
vt 0.952381 0.175406
vt 0.956861 0.177996
vt 0.952383 0.177996
vt 0.956544 0.205894
vt 0.952384 0.205595
vt 0.956860 0.176601
vt 0.952382 0.176601
vt 0.952389 0.204613
vt 0.956551 0.204613
vt 0.956860 0.176602
vt 0.952381 0.176920
vt 0.952382 0.176601
vt 0.952382 0.175087
vt 0.956860 0.175087
vt 0.952385 0.212946
vt 0.956399 0.213204
vt 0.952381 0.213204
vt 0.952384 0.213877
vt 0.956391 0.214136
vt 0.952381 0.214136
vt 0.956392 0.213877
vt 0.952382 0.209708
vt 0.956519 0.209966
vt 0.952381 0.209966
vt 0.956525 0.210646
vt 0.952387 0.210904
vt 0.952386 0.210646
vt 0.952383 0.215560
vt 0.956355 0.216348
vt 0.952381 0.216348
vt 0.952384 0.214338
vt 0.956362 0.215157
vt 0.952381 0.215157
vt 0.956355 0.215560
vt 0.952384 0.215358
vt 0.956354 0.215358
vt 0.956361 0.215358
vt 0.952382 0.215358
vt 0.956354 0.216550
vt 0.952382 0.216550
vt 0.956362 0.214337
vt 0.952385 0.214136
vt 0.956361 0.214136
vt 0.952383 0.211717
vt 0.956532 0.211939
vt 0.952383 0.211939
vt 0.952382 0.210904
vt 0.956532 0.211126
vt 0.952381 0.211126
vt 0.952382 0.205894
vt 0.956545 0.206123
vt 0.952381 0.206123
vt 0.956533 0.211717
vt 0.952383 0.207277
vt 0.956546 0.207505
vt 0.952382 0.207505
vt 0.956532 0.203495
vt 0.952382 0.203274
vt 0.956531 0.203274
vt 0.952398 0.204613
vt 0.956549 0.204392
vt 0.956548 0.204613
vt 0.956545 0.207277
vt 0.952382 0.207049
vt 0.956546 0.207049
vt 0.952398 0.204392
vt 0.952381 0.203495
vt 0.956545 0.208533
vt 0.952381 0.208305
vt 0.956545 0.208305
vt 0.952383 0.212768
vt 0.956531 0.212117
vt 0.956533 0.212768
vt 0.952384 0.209530
vt 0.956532 0.208711
vt 0.956535 0.209530
vt 0.956533 0.212946
vt 0.952382 0.208533
vt 0.952381 0.208711
vt 0.952382 0.211939
vt 0.952381 0.212117
vt 0.956534 0.209708
vt 0.380952 0.142857
vt 0.428571 0.095238
vt 0.428571 0.142857
vt 0.428571 0.190476
vt 0.428571 0.238095
vt 0.380952 0.285714
vt 0.428571 0.285714
vt 0.380952 0.333333
vt 0.428571 0.333333
vt 0.380952 0.380952
vt 0.428571 0.333333
vt 0.428571 0.380952
vt 0.380952 0.428571
vt 0.428571 0.428571
vt 0.000000 0.476190
vt 0.047619 0.476190
vt 0.095238 0.476190
vt 0.095238 0.428571
vt 0.142857 0.476190
vt 0.190476 0.476190
vt 0.238095 0.476190
vt 0.285714 0.476190
vt 0.333333 0.476190
vt 0.380952 0.476190
vt 0.428571 0.428571
vt 0.428571 0.476190
vt 0.428571 0.047619
vt 0.476190 -0.000000
vt 0.476190 0.047619
vt 0.476191 0.095238
vt 0.476190 0.047619
vt 0.476191 0.142857
vt 0.476191 0.095238
vt 0.476191 0.190476
vt 0.476191 0.238095
vt 0.476191 0.285714
vt 0.476191 0.333333
vt 0.476191 0.333333
vt 0.476191 0.380952
vt 0.476191 0.428571
vt 0.476191 0.476190
vt -0.000000 0.476190
vt 0.047619 0.523810
vt 0.000000 0.523810
vt 0.047619 0.476190
vt 0.095238 0.523810
vt 0.142857 0.523810
vt 0.190476 0.523810
vt 0.238095 0.523810
vt 0.285714 0.523809
vt 0.333333 0.523809
vt 0.380952 0.523809
vt 0.428571 0.523809
vt 0.428571 0.523809
vt 0.476190 0.476190
vt 0.476190 0.523809
vt 0.476190 0.047619
vt 0.523810 -0.000000
vt 0.523810 0.047619
vt 0.523810 0.095238
vt 0.523810 0.142857
vt 0.523810 0.190476
vt 0.523810 0.238095
vt 0.523810 0.285714
vt 0.523810 0.333333
vt 0.523810 0.380952
vt 0.476191 0.428571
vt 0.523810 0.428571
vt 0.523810 0.476190
vt 0.476190 0.523810
vt 0.523810 0.523810
vt -0.000000 0.523810
vt 0.047619 0.571429
vt 0.000000 0.571429
vt 0.095238 0.571429
vt 0.142857 0.571429
vt 0.190476 0.571429
vt 0.238095 0.571429
vt 0.285714 0.571429
vt 0.333333 0.571429
vt 0.952383 0.239749
vt 0.955864 0.240002
vt 0.952381 0.240002
vt 0.952388 0.238962
vt 0.955869 0.239216
vt 0.952384 0.239216
vt 0.955952 0.229620
vt 0.952383 0.228933
vt 0.955954 0.228933
vt 0.955868 0.239749
vt 0.952381 0.238708
vt 0.955865 0.238961
vt 0.952382 0.238962
vt 0.955868 0.237801
vt 0.952384 0.238054
vt 0.952385 0.237801
vt 0.955865 0.238708
vt 0.952382 0.241305
vt 0.955866 0.241930
vt 0.952381 0.241930
vt 0.955866 0.240196
vt 0.952381 0.240918
vt 0.952381 0.240196
vt 0.955865 0.242123
vt 0.955951 0.229866
vt 0.952381 0.229620
vt 0.955865 0.241112
vt 0.955866 0.240919
vt 0.952384 0.228688
vt 0.955953 0.228688
vt 0.952383 0.241112
vt 0.955866 0.241306
vt 0.952382 0.240002
vt 0.952383 0.227106
vt 0.955974 0.227480
vt 0.952381 0.227480
vt 0.952388 0.226230
vt 0.955979 0.226604
vt 0.952384 0.226604
vt 0.955978 0.227106
vt 0.955976 0.220364
vt 0.952382 0.219990
vt 0.955975 0.219990
vt 0.952385 0.221498
vt 0.955979 0.221126
vt 0.955977 0.221499
vt 0.952384 0.221125
vt 0.952381 0.220364
vt 0.952382 0.227808
vt 0.955976 0.228360
vt 0.952381 0.228360
vt 0.955976 0.225208
vt 0.952381 0.225903
vt 0.952381 0.225208
vt 0.955975 0.228688
vt 0.955975 0.226230
vt 0.955976 0.225903
vt 0.952383 0.227480
vt 0.955977 0.227808
vt 0.952382 0.224880
vt 0.952385 0.218936
vt 0.956057 0.219198
vt 0.952381 0.219198
vt 0.952385 0.219728
vt 0.956057 0.219990
vt 0.952383 0.219990
vt 0.952384 0.230111
vt 0.955954 0.230671
vt 0.952383 0.230671
vt 0.952382 0.242123
vt 0.955851 0.242385
vt 0.952381 0.242385
vt 0.955856 0.243036
vt 0.952386 0.243297
vt 0.952386 0.243035
vt 0.956057 0.218054
vt 0.952382 0.218675
vt 0.952381 0.218053
vt 0.952381 0.217530
vt 0.956057 0.216811
vt 0.956057 0.217530
vt 0.952382 0.217792
vt 0.956056 0.217792
vt 0.952388 0.229865
vt 0.955955 0.230111
vt 0.952382 0.216550
vt 0.956056 0.216550
vt 0.955950 0.230917
vt 0.952381 0.230917
vt 0.956057 0.218936
vt 0.952383 0.218936
vt 0.956056 0.217792
vt 0.952382 0.217792
vt 0.952385 0.243297
vt 0.955832 0.243510
vt 0.952381 0.243509
vt 0.952383 0.244062
vt 0.955826 0.244274
vt 0.952381 0.244274
vt 0.955827 0.244062
vt 0.952382 0.235145
vt 0.955931 0.235356
vt 0.952381 0.235356
vt 0.955936 0.235914
vt 0.952387 0.236126
vt 0.952386 0.235914
vt 0.952383 0.250843
vt 0.955796 0.251490
vt 0.952381 0.251490
vt 0.952383 0.249840
vt 0.955802 0.250512
vt 0.952381 0.250512
vt 0.955796 0.250843
vt 0.952384 0.250677
vt 0.955795 0.250677
vt 0.955801 0.250677
vt 0.952382 0.250677
vt 0.955796 0.251655
vt 0.952382 0.251655
vt 0.955802 0.249840
vt 0.952384 0.249675
vt 0.955801 0.249675
vt 0.952382 0.236793
vt 0.955941 0.236975
vt 0.952383 0.236975
vt 0.955940 0.236126
vt 0.952381 0.236308
vt 0.952382 0.236126
vt 0.952382 0.230917
vt 0.955952 0.231104
vt 0.952381 0.231104
vt 0.955941 0.236308
vt 0.955942 0.236793
vt 0.952382 0.233150
vt 0.955953 0.233337
vt 0.952382 0.233337
vt 0.955941 0.232233
vt 0.952382 0.232051
vt 0.955940 0.232051
vt 0.952395 0.233149
vt 0.955954 0.232968
vt 0.955954 0.233150
vt 0.955952 0.232051
vt 0.952381 0.231864
vt 0.955953 0.231864
vt 0.952394 0.232968
vt 0.952381 0.232233
vt 0.955952 0.233993
vt 0.952382 0.234180
vt 0.952381 0.233993
vt 0.952383 0.237655
vt 0.955941 0.237121
vt 0.955942 0.237655
vt 0.952384 0.234998
vt 0.955941 0.234327
vt 0.955943 0.234998
vt 0.955942 0.237801
vt 0.952382 0.234180
vt 0.952381 0.234327
vt 0.952382 0.236975
vt 0.952381 0.237121
vt 0.952384 0.235144
vt 0.380952 0.571429
vt 0.428571 0.571429
vt 0.476190 0.571429
vt 0.428571 0.571429
vt 0.523809 0.571429
vt 0.571429 -0.000000
vt 0.571429 0.047619
vt 0.571429 0.095238
vt 0.571429 0.142857
vt 0.571429 0.190476
vt 0.571429 0.238095
vt 0.571429 0.285714
vt 0.571429 0.333333
vt 0.571429 0.380952
vt 0.571429 0.428571
vt 0.523810 0.380952
vt 0.571429 0.380952
vt 0.523810 0.476191
vt 0.571429 0.476191
vt 0.571429 0.523810
vt 0.571429 0.571429
vt 0.523809 0.523810
vt 0.571429 0.523810
vt -0.000000 0.571429
vt 0.047619 0.619048
vt 0.000000 0.619048
vt 0.095238 0.619048
vt 0.142857 0.619048
vt 0.190476 0.619048
vt 0.238095 0.619048
vt 0.285714 0.619048
vt 0.333333 0.619048
vt 0.380952 0.619048
vt 0.428571 0.619048
vt 0.476190 0.619048
vt 0.523809 0.619048
vt 0.523809 0.619048
vt 0.571429 0.619048
vt 0.571429 0.047619
vt 0.619048 -0.000000
vt 0.619048 0.047619
vt 0.619048 0.095238
vt 0.619048 0.047619
vt 0.619048 0.142857
vt 0.619048 0.190476
vt 0.619048 0.238095
vt 0.619048 0.285714
vt 0.619048 0.333333
vt 0.619048 0.380952
vt 0.619048 0.380952
vt 0.619048 0.428571
vt 0.619048 0.476191
vt 0.619048 0.523810
vt 0.619048 0.476191
vt 0.619048 0.523810
vt 0.619048 0.571429
vt 0.619048 0.619048
vt -0.000000 0.619048
vt 0.047619 0.666667
vt 0.000000 0.666667
vt 0.095238 0.666667
vt 0.142857 0.666667
vt 0.142857 0.666667
vt 0.190476 0.666667
vt 0.238095 0.619048
vt 0.238095 0.666667
vt 0.285714 0.666667
vt 0.238095 0.666667
vt 0.333333 0.666667
vt 0.380952 0.666667
vt 0.428571 0.666667
vt 0.476190 0.666667
vt 0.523809 0.666667
vt 0.523809 0.666667
vt 0.571429 0.666667
vt 0.619048 0.619048
vt 0.619048 0.666667
vt 0.956632 0.186368
vt 0.952389 0.186059
vt 0.956634 0.186059
vt 0.956626 0.187327
vt 0.952383 0.187018
vt 0.956631 0.187018
vt 0.949469 0.989664
vt 0.950307 0.982241
vt 0.950307 0.989673
vt 0.952384 0.186368
vt 0.956632 0.183685
vt 0.952386 0.183376
vt 0.956631 0.183376
vt 0.952382 0.184791
vt 0.956628 0.184482
vt 0.956627 0.184791
vt 0.952385 0.183685
vt 0.956628 0.192261
vt 0.952382 0.191500
vt 0.956629 0.191500
vt 0.952381 0.189796
vt 0.956628 0.188915
vt 0.956628 0.189796
vt 0.952383 0.191264
vt 0.949170 0.982234
vt 0.949170 0.989663
vt 0.952382 0.188679
vt 0.952381 0.188915
vt 0.950606 0.982242
vt 0.950606 0.989671
vt 0.956627 0.192497
vt 0.952381 0.192261
vt 0.956627 0.190032
vt 0.950238 0.974768
vt 0.950693 0.967313
vt 0.950693 0.974771
vt 0.949170 0.974762
vt 0.949626 0.967306
vt 0.949626 0.974767
vt 0.950238 0.967308
vt 0.950554 0.959842
vt 0.951009 0.952382
vt 0.951009 0.959840
vt 0.949171 0.952382
vt 0.949626 0.959842
vt 0.949170 0.959840
vt 0.949626 0.952381
vt 0.950554 0.952381
vt 0.949570 0.982231
vt 0.950243 0.974772
vt 0.950243 0.982233
vt 0.949570 0.967303
vt 0.950417 0.959843
vt 0.950416 0.967304
vt 0.950642 0.974774
vt 0.949170 0.967301
vt 0.949570 0.959842
vt 0.949170 0.982230
vt 0.949570 0.974770
vt 0.950816 0.959844
vt 0.952386 0.179391
vt 0.956861 0.179710
vt 0.952381 0.179710
vt 0.952386 0.180356
vt 0.956861 0.180676
vt 0.952383 0.180676
vt 0.949469 0.997107
vt 0.950153 0.989677
vt 0.950152 0.997108
vt 0.952382 0.193928
vt 0.956611 0.194246
vt 0.952381 0.194246
vt 0.956616 0.195040
vt 0.952388 0.195358
vt 0.952387 0.195040
vt 0.952382 0.179072
vt 0.956861 0.178315
vt 0.956862 0.179072
vt 0.952381 0.174768
vt 0.956861 0.173892
vt 0.956861 0.174769
vt 0.956861 0.179391
vt 0.952383 0.179391
vt 0.949170 0.997102
vt 0.949470 0.989675
vt 0.956860 0.173573
vt 0.952381 0.173892
vt 0.952382 0.173573
vt 0.950452 0.989681
vt 0.950452 0.997111
vt 0.952382 0.177996
vt 0.956860 0.177996
vt 0.956860 0.175087
vt 0.952382 0.175087
vt 0.952385 0.165562
vt 0.959666 0.165820
vt 0.952381 0.165820
vt 0.952387 0.166493
vt 0.959661 0.166752
vt 0.952384 0.166752
vt 0.952382 0.162324
vt 0.959786 0.162582
vt 0.952381 0.162582
vt 0.959797 0.163262
vt 0.952393 0.163520
vt 0.952392 0.163262
vt 0.959621 0.168175
vt 0.952381 0.168964
vt 0.952382 0.168175
vt 0.952383 0.166953
vt 0.959629 0.167772
vt 0.952381 0.167772
vt 0.952383 0.167974
vt 0.959620 0.167974
vt 0.959628 0.167974
vt 0.952382 0.167974
vt 0.959621 0.169165
vt 0.952382 0.169165
vt 0.959628 0.166953
vt 0.952384 0.166752
vt 0.959627 0.166752
vt 0.959798 0.163521
vt 0.952381 0.163742
vt 0.952382 0.163521
vt 0.952383 0.164555
vt 0.959799 0.164333
vt 0.959799 0.164555
vt 0.951834 0.989674
vt 0.951606 0.997105
vt 0.951606 0.989673
vt 0.959799 0.163742
vt 0.952382 0.164333
vt 0.952383 0.158554
vt 0.959814 0.158783
vt 0.952383 0.158783
vt 0.959798 0.159811
vt 0.952381 0.160032
vt 0.952382 0.159811
vt 0.952391 0.161149
vt 0.959808 0.160929
vt 0.959807 0.161150
vt 0.950452 0.997103
vt 0.950680 0.989673
vt 0.950680 0.997104
vt 0.959799 0.160032
vt 0.952390 0.160928
vt 0.959812 0.159811
vt 0.952381 0.159582
vt 0.959813 0.159583
vt 0.959799 0.164733
vt 0.952382 0.165383
vt 0.952381 0.164733
vt 0.959799 0.161328
vt 0.952383 0.162146
vt 0.952381 0.161328
vt 0.952382 0.164555
vt 0.959800 0.162324
vt 0.959800 0.162146
vt 0.959799 0.165562
vt 0.959800 0.165384
vt 0.952382 0.161149
vt 0.619048 0.047619
vt 0.666667 -0.000000
vt 0.666667 0.047619
vt 0.619048 0.095238
vt 0.666667 0.095238
vt 0.619048 0.142857
vt 0.666667 0.142857
vt 0.666667 0.142857
vt 0.666667 0.190476
vt 0.666667 0.238095
vt 0.666667 0.285714
vt 0.666667 0.333333
vt 0.666667 0.380952
vt 0.666667 0.380952
vt 0.666667 0.428571
vt 0.666667 0.476191
vt 0.666667 0.476191
vt 0.666667 0.523810
vt 0.666667 0.571429
vt 0.666667 0.523810
vt 0.666667 0.619048
vt 0.619048 0.666667
vt 0.666667 0.666667
vt -0.000000 0.666667
vt 0.047619 0.714286
vt 0.000000 0.714286
vt 0.095238 0.714286
vt 0.095238 0.666667
vt 0.142857 0.714286
vt 0.190476 0.714286
vt 0.238095 0.714286
vt 0.285714 0.714286
vt 0.238095 0.714286
vt 0.333333 0.714286
vt 0.380952 0.714286
vt 0.428571 0.714286
vt 0.476190 0.714286
vt 0.523809 0.714286
vt 0.571429 0.714286
vt 0.619048 0.714286
vt 0.666667 0.666667
vt 0.666667 0.714286
vt 0.714286 0.047619
vt 0.666667 0.000000
vt 0.714286 -0.000000
vt 0.714286 0.095238
vt 0.714286 0.047619
vt 0.714286 0.142857
vt 0.666667 0.095238
vt 0.714286 0.095238
vt 0.714286 0.190476
vt 0.714286 0.142857
vt 0.714286 0.238095
vt 0.714286 0.285714
vt 0.714286 0.333333
vt 0.714286 0.380952
vt 0.714286 0.428571
vt 0.714286 0.380952
vt 0.714286 0.476191
vt 0.714286 0.523810
vt 0.714286 0.476191
vt 0.714286 0.523810
vt 0.714286 0.571429
vt 0.714286 0.619048
vt 0.714286 0.666667
vt 0.714286 0.714286
vt -0.000000 0.714286
vt 0.047619 0.761905
vt 0.000000 0.761905
vt 0.095238 0.761905
vt 0.142857 0.761905
vt 0.190476 0.761905
vt 0.238095 0.761905
vt 0.285714 0.761905
vt 0.238095 0.761905
vt 0.333333 0.761905
vt 0.380952 0.761905
vt 0.428571 0.761905
vt 0.476190 0.761905
vt 0.523809 0.761905
vt 0.955808 0.245664
vt 0.952388 0.245415
vt 0.955810 0.245415
vt 0.955803 0.246437
vt 0.952383 0.246188
vt 0.955807 0.246188
vt 0.954652 0.258200
vt 0.952385 0.258875
vt 0.952381 0.258200
vt 0.952384 0.245664
vt 0.955808 0.244523
vt 0.952385 0.244274
vt 0.955807 0.244274
vt 0.952382 0.245415
vt 0.955805 0.245166
vt 0.955804 0.245415
vt 0.952384 0.244523
vt 0.952382 0.247718
vt 0.955805 0.248331
vt 0.952381 0.248331
vt 0.955805 0.246627
vt 0.952381 0.247337
vt 0.952381 0.246627
vt 0.955804 0.248521
vt 0.952385 0.259116
vt 0.954656 0.258876
vt 0.954655 0.259117
vt 0.955805 0.247527
vt 0.955805 0.247337
vt 0.952382 0.257959
vt 0.954651 0.257959
vt 0.952382 0.247528
vt 0.955806 0.247718
vt 0.952382 0.246437
vt 0.954678 0.254833
vt 0.952387 0.254465
vt 0.954680 0.254465
vt 0.954674 0.255693
vt 0.952383 0.255326
vt 0.954678 0.255326
vt 0.952383 0.254833
vt 0.954674 0.251655
vt 0.952381 0.252022
vt 0.952381 0.251655
vt 0.952388 0.253136
vt 0.954682 0.252771
vt 0.954680 0.253139
vt 0.954676 0.252022
vt 0.952388 0.252769
vt 0.954676 0.256015
vt 0.952381 0.256558
vt 0.952381 0.256015
vt 0.954675 0.253461
vt 0.952382 0.254143
vt 0.952381 0.253460
vt 0.952382 0.255693
vt 0.954676 0.254465
vt 0.954677 0.254144
vt 0.954675 0.256880
vt 0.954676 0.256558
vt 0.952382 0.253139
vt 0.952385 0.223844
vt 0.955993 0.224102
vt 0.952381 0.224102
vt 0.952385 0.224623
vt 0.955993 0.224880
vt 0.952383 0.224880
vt 0.954654 0.260473
vt 0.952383 0.261023
vt 0.952383 0.260473
vt 0.952381 0.248778
vt 0.955790 0.248521
vt 0.955791 0.248778
vt 0.955796 0.249418
vt 0.952387 0.249675
vt 0.952386 0.249418
vt 0.955993 0.222977
vt 0.952382 0.223587
vt 0.952381 0.222977
vt 0.955993 0.221756
vt 0.952381 0.222463
vt 0.952381 0.221756
vt 0.952382 0.222720
vt 0.955992 0.222720
vt 0.954651 0.261265
vt 0.954654 0.261024
vt 0.955992 0.222720
vt 0.952382 0.222720
vt 0.952387 0.260232
vt 0.954656 0.260232
vt 0.955993 0.223844
vt 0.952383 0.223844
vt 0.952382 0.221499
vt 0.955992 0.221499
vt 0.952387 0.265836
vt 0.954537 0.266044
vt 0.952384 0.266044
vt 0.952383 0.266587
vt 0.954527 0.266795
vt 0.952381 0.266795
vt 0.954528 0.266587
vt 0.952382 0.264872
vt 0.954631 0.265079
vt 0.952381 0.265079
vt 0.952381 0.265628
vt 0.954630 0.265836
vt 0.952381 0.265836
vt 0.954631 0.265628
vt 0.954497 0.268578
vt 0.952382 0.267943
vt 0.954500 0.267943
vt 0.954502 0.267618
vt 0.952383 0.266957
vt 0.954506 0.266957
vt 0.952381 0.268578
vt 0.954496 0.268741
vt 0.952382 0.268741
vt 0.952383 0.266795
vt 0.954505 0.266795
vt 0.952382 0.267780
vt 0.954499 0.267780
vt 0.952381 0.267618
vt 0.954501 0.267780
vt 0.952382 0.267780
vt 0.954641 0.263404
vt 0.952382 0.263225
vt 0.954640 0.263225
vt 0.954642 0.264059
vt 0.952383 0.263880
vt 0.954642 0.263881
vt 0.952381 0.259301
vt 0.954651 0.259117
vt 0.954652 0.259301
vt 0.952381 0.263404
vt 0.952382 0.261265
vt 0.954652 0.261449
vt 0.952381 0.261449
vt 0.952401 0.257781
vt 0.954661 0.257959
vt 0.952402 0.257959
vt 0.954641 0.256880
vt 0.952381 0.257058
vt 0.952382 0.256880
vt 0.954654 0.260232
vt 0.952383 0.260048
vt 0.954654 0.260048
vt 0.954642 0.257058
vt 0.954662 0.257781
vt 0.954652 0.262094
vt 0.952382 0.262278
vt 0.952381 0.262094
vt 0.952383 0.264727
vt 0.954641 0.264203
vt 0.954643 0.264727
vt 0.952385 0.263081
vt 0.954641 0.262422
vt 0.954645 0.263082
vt 0.952384 0.264871
vt 0.952381 0.262422
vt 0.954640 0.262278
vt 0.952382 0.264059
vt 0.952381 0.264203
vt 0.954644 0.263225
vt 0.571429 0.761905
vt 0.619048 0.761905
vt 0.619048 0.714286
vt 0.666667 0.761905
vt 0.666667 0.714286
vt 0.714286 0.761905
vt 0.761905 -0.000000
vt 0.761905 0.047619
vt 0.761905 0.047619
vt 0.761905 0.095238
vt 0.761905 0.142857
vt 0.761905 0.190476
vt 0.761905 0.142857
vt 0.761905 0.238095
vt 0.761905 0.285714
vt 0.761905 0.333333
vt 0.761905 0.380952
vt 0.761905 0.428571
vt 0.761905 0.380952
vt 0.761905 0.476191
vt 0.761905 0.476191
vt 0.761905 0.523810
vt 0.761905 0.571429
vt 0.761905 0.523810
vt 0.761905 0.619048
vt 0.761905 0.666667
vt 0.761905 0.714286
vt 0.761905 0.714286
vt 0.761905 0.761905
vt -0.000000 0.761905
vt 0.047619 0.809524
vt 0.000000 0.809524
vt 0.095238 0.809524
vt 0.142857 0.809524
vt 0.190476 0.809524
vt 0.238095 0.809524
vt 0.285714 0.761905
vt 0.285714 0.809524
vt 0.333333 0.809524
vt 0.380952 0.809524
vt 0.428571 0.809524
vt 0.476190 0.809524
vt 0.523810 0.809524
vt 0.571429 0.809524
vt 0.619048 0.809524
vt 0.666667 0.809524
vt 0.714286 0.809524
vt 0.761905 0.809524
vt 0.809524 0.047619
vt 0.761905 0.000000
vt 0.809524 -0.000000
vt 0.809524 0.095238
vt 0.809524 0.142857
vt 0.761905 0.190476
vt 0.809524 0.190476
vt 0.761905 0.238095
vt 0.809524 0.190476
vt 0.809524 0.238095
vt 0.761905 0.285714
vt 0.809524 0.285714
vt 0.809524 0.333333
vt 0.809524 0.380952
vt 0.761905 0.333333
vt 0.809524 0.428571
vt 0.809524 0.476191
vt 0.761905 0.523810
vt 0.809524 0.523810
vt 0.761905 0.571429
vt 0.809524 0.571429
vt 0.809524 0.619048
vt 0.809524 0.666667
vt 0.761905 0.619048
vt 0.761905 0.714286
vt 0.809524 0.714286
vt 0.761905 0.761905
vt 0.809524 0.714286
vt 0.809524 0.761905
vt 0.761905 0.809524
vt 0.809524 0.809524
vt 0.000000 0.857143
vt 0.047619 0.857143
vt 0.095238 0.857143
vt 0.095238 0.809524
vt 0.142857 0.857143
vt 0.190476 0.857143
vt 0.238095 0.857143
vt 0.285714 0.857143
vt 0.333333 0.857143
vt 0.953410 0.169165
vt 0.955219 0.170922
vt 0.954202 0.170878
vt 0.954145 0.170925
vt 0.954674 0.171816
vt 0.952381 0.171342
vt 0.953677 0.173573
vt 0.957512 0.171396
vt 0.956216 0.169165
vt 0.956483 0.173573
vt 0.955747 0.171813
vt 0.955690 0.171860
vt 0.614712 0.952936
vt 0.616443 0.959236
vt 0.614722 0.959534
vt 0.613170 0.953018
vt 0.611677 0.959534
vt 0.611627 0.952938
vt 0.609988 0.959246
vt 0.743065 0.952936
vt 0.744796 0.959236
vt 0.743076 0.959534
vt 0.741523 0.953018
vt 0.740030 0.959534
vt 0.739981 0.952938
vt 0.738342 0.959246
vt 0.622262 0.952936
vt 0.623993 0.959236
vt 0.622273 0.959534
vt 0.620720 0.953018
vt 0.619227 0.959534
vt 0.619178 0.952938
vt 0.617539 0.959246
vt 0.952936 0.070202
vt 0.959236 0.068471
vt 0.959534 0.070191
vt 0.953018 0.071744
vt 0.959534 0.073237
vt 0.952938 0.073286
vt 0.959246 0.074925
vt 0.952936 0.077752
vt 0.959236 0.076021
vt 0.959534 0.077742
vt 0.953018 0.079294
vt 0.959534 0.080787
vt 0.952938 0.080837
vt 0.959246 0.082476
vt 0.593792 0.953206
vt 0.592061 0.959506
vt 0.592072 0.952907
vt 0.590519 0.959424
vt 0.589026 0.952907
vt 0.590549 0.952863
vt 0.587338 0.953196
vt 0.588977 0.959503
vt 0.587222 0.959406
vt 0.737246 0.953206
vt 0.735515 0.959506
vt 0.735525 0.952907
vt 0.733973 0.959424
vt 0.732480 0.952907
vt 0.734003 0.952863
vt 0.730791 0.953196
vt 0.732430 0.959503
vt 0.730676 0.959406
vt 0.601342 0.953206
vt 0.599611 0.959506
vt 0.599622 0.952907
vt 0.598069 0.959424
vt 0.596577 0.952907
vt 0.598099 0.952863
vt 0.594888 0.953196
vt 0.596527 0.959503
vt 0.594772 0.959406
vt 0.953206 0.143973
vt 0.959506 0.145704
vt 0.952907 0.145694
vt 0.959424 0.147246
vt 0.952908 0.148739
vt 0.952863 0.147216
vt 0.953196 0.150428
vt 0.959503 0.148789
vt 0.959406 0.150543
vt 0.714595 0.953206
vt 0.712864 0.959506
vt 0.712875 0.952907
vt 0.711322 0.959424
vt 0.709830 0.952907
vt 0.711352 0.952863
vt 0.708141 0.953196
vt 0.709780 0.959503
vt 0.708025 0.959406
vt 0.629812 0.952936
vt 0.631543 0.959236
vt 0.629823 0.959534
vt 0.628270 0.953018
vt 0.626777 0.959534
vt 0.626728 0.952938
vt 0.625089 0.959246
vt 0.750615 0.952936
vt 0.752346 0.959236
vt 0.750626 0.959534
vt 0.749073 0.953018
vt 0.747581 0.959534
vt 0.747531 0.952938
vt 0.745892 0.959246
vt 0.682664 0.952936
vt 0.684395 0.959236
vt 0.682674 0.959534
vt 0.681121 0.953018
vt 0.679629 0.959534
vt 0.679579 0.952938
vt 0.677940 0.959246
vt 0.952936 0.085302
vt 0.959236 0.083571
vt 0.959534 0.085292
vt 0.953018 0.086844
vt 0.959534 0.088337
vt 0.952938 0.088387
vt 0.959246 0.090026
vt 0.687164 0.959506
vt 0.685432 0.953206
vt 0.687153 0.952907
vt 0.688706 0.959424
vt 0.690198 0.952907
vt 0.690248 0.959503
vt 0.691887 0.953196
vt 0.934589 0.959236
vt 0.936320 0.952936
vt 0.936309 0.959534
vt 0.937862 0.953018
vt 0.939355 0.959534
vt 0.937832 0.959579
vt 0.941043 0.959246
vt 0.939404 0.952938
vt 0.941159 0.953036
vt 0.639093 0.953206
vt 0.637362 0.959506
vt 0.637373 0.952907
vt 0.635820 0.959424
vt 0.634328 0.952907
vt 0.635850 0.952863
vt 0.632639 0.953196
vt 0.634278 0.959503
vt 0.632523 0.959406
vt 0.953206 0.008069
vt 0.959506 0.009800
vt 0.952907 0.009790
vt 0.959424 0.011342
vt 0.952907 0.012835
vt 0.952863 0.011312
vt 0.953196 0.014524
vt 0.959503 0.012885
vt 0.959406 0.014639
vt 0.865599 0.953206
vt 0.863868 0.959506
vt 0.863879 0.952907
vt 0.862326 0.959424
vt 0.860833 0.952907
vt 0.862356 0.952863
vt 0.859145 0.953196
vt 0.860784 0.959503
vt 0.859029 0.959406
vt 0.669294 0.953206
vt 0.667563 0.959506
vt 0.667574 0.952907
vt 0.666021 0.959424
vt 0.664528 0.952907
vt 0.666051 0.952863
vt 0.662840 0.953196
vt 0.664479 0.959503
vt 0.662724 0.959406
vt 0.959506 0.027951
vt 0.953206 0.029682
vt 0.952907 0.027961
vt 0.959424 0.026409
vt 0.952908 0.024916
vt 0.959503 0.024866
vt 0.953196 0.023227
vt 0.952936 0.100403
vt 0.959236 0.098672
vt 0.959534 0.100392
vt 0.953018 0.101945
vt 0.959534 0.103437
vt 0.952938 0.103487
vt 0.959246 0.105126
vt 0.641862 0.959506
vt 0.640131 0.953206
vt 0.641852 0.952908
vt 0.643405 0.959424
vt 0.644897 0.952908
vt 0.644947 0.959503
vt 0.646586 0.953196
vt 0.815517 0.959506
vt 0.813786 0.953206
vt 0.815506 0.952907
vt 0.817059 0.959424
vt 0.818552 0.952907
vt 0.818601 0.959503
vt 0.820240 0.953196
vt 0.959506 0.111003
vt 0.953206 0.112734
vt 0.952907 0.111014
vt 0.959424 0.109461
vt 0.952907 0.107968
vt 0.959503 0.107919
vt 0.953196 0.106280
vt 0.889288 0.959236
vt 0.891019 0.952936
vt 0.891008 0.959534
vt 0.892561 0.953018
vt 0.894053 0.959534
vt 0.892531 0.959579
vt 0.895742 0.959246
vt 0.894103 0.952938
vt 0.895858 0.953036
vt 0.783585 0.959236
vt 0.785316 0.952936
vt 0.785306 0.959534
vt 0.786858 0.953018
vt 0.788351 0.959534
vt 0.786828 0.959579
vt 0.790040 0.959246
vt 0.788401 0.952938
vt 0.790155 0.953035
vt 0.579730 0.959236
vt 0.581461 0.952936
vt 0.581450 0.959534
vt 0.583003 0.953018
vt 0.584495 0.959534
vt 0.582973 0.959579
vt 0.586184 0.959246
vt 0.584545 0.952938
vt 0.586300 0.953036
vt 0.959236 0.158036
vt 0.952936 0.156305
vt 0.959534 0.156315
vt 0.953018 0.154762
vt 0.959534 0.153270
vt 0.959579 0.154792
vt 0.959246 0.151581
vt 0.952938 0.153220
vt 0.953036 0.151465
vt 0.948651 0.953206
vt 0.946920 0.959506
vt 0.946931 0.952907
vt 0.945378 0.959424
vt 0.943886 0.952907
vt 0.945408 0.952863
vt 0.942197 0.953196
vt 0.943836 0.959503
vt 0.942081 0.959406
vt 0.952936 0.115503
vt 0.959236 0.113772
vt 0.959534 0.115493
vt 0.953018 0.117045
vt 0.959534 0.118538
vt 0.952938 0.118588
vt 0.959246 0.120227
vt 0.959506 0.043051
vt 0.953206 0.044782
vt 0.952908 0.043062
vt 0.959424 0.041509
vt 0.952908 0.040017
vt 0.959503 0.039967
vt 0.953196 0.038328
vt 0.952936 0.032451
vt 0.959236 0.030720
vt 0.959534 0.032440
vt 0.953018 0.033993
vt 0.959534 0.035485
vt 0.952938 0.035535
vt 0.959246 0.037174
vt 0.952936 0.092852
vt 0.959236 0.091121
vt 0.959534 0.092842
vt 0.953018 0.094395
vt 0.959534 0.095887
vt 0.952938 0.095937
vt 0.959246 0.097576
vt 0.952936 0.123053
vt 0.959236 0.121322
vt 0.959534 0.123043
vt 0.953018 0.124595
vt 0.959534 0.126088
vt 0.952938 0.126138
vt 0.959246 0.127777
vt 0.722146 0.953206
vt 0.720415 0.959506
vt 0.720425 0.952907
vt 0.718872 0.959424
vt 0.717380 0.952907
vt 0.718902 0.952863
vt 0.715691 0.953196
vt 0.717330 0.959503
vt 0.715575 0.959406
vt 0.782547 0.953206
vt 0.780816 0.959506
vt 0.780827 0.952907
vt 0.779274 0.959424
vt 0.777781 0.952908
vt 0.779304 0.952863
vt 0.776093 0.953196
vt 0.777732 0.959503
vt 0.775977 0.959406
vt 0.953206 0.045820
vt 0.959506 0.047551
vt 0.952907 0.047541
vt 0.959424 0.049093
vt 0.952908 0.050586
vt 0.952863 0.049064
vt 0.953196 0.052275
vt 0.959503 0.050636
vt 0.959406 0.052390
vt 0.759897 0.953206
vt 0.758165 0.959506
vt 0.758176 0.952907
vt 0.756623 0.959424
vt 0.755131 0.952908
vt 0.756653 0.952863
vt 0.753442 0.953196
vt 0.755081 0.959503
vt 0.753326 0.959406
vt 0.760934 0.959236
vt 0.762665 0.952936
vt 0.762655 0.959534
vt 0.764208 0.953018
vt 0.765700 0.959534
vt 0.764178 0.959579
vt 0.767389 0.959246
vt 0.765750 0.952938
vt 0.767504 0.953036
vt 0.795916 0.952936
vt 0.797648 0.959236
vt 0.795927 0.959534
vt 0.794374 0.953018
vt 0.792882 0.959534
vt 0.792832 0.952938
vt 0.791193 0.959246
vt 0.770216 0.959506
vt 0.768485 0.953206
vt 0.770205 0.952908
vt 0.771758 0.959424
vt 0.773250 0.952908
vt 0.773300 0.959503
vt 0.774939 0.953196
vt 0.656963 0.959506
vt 0.655232 0.953206
vt 0.656952 0.952907
vt 0.658505 0.959424
vt 0.659998 0.952908
vt 0.660047 0.959503
vt 0.661686 0.953196
vt 0.675113 0.952936
vt 0.676844 0.959236
vt 0.675124 0.959534
vt 0.673571 0.953018
vt 0.672079 0.959534
vt 0.672029 0.952938
vt 0.670390 0.959246
vt 0.952936 0.130603
vt 0.959236 0.128872
vt 0.959534 0.130593
vt 0.953018 0.132146
vt 0.959534 0.133638
vt 0.952938 0.133688
vt 0.959246 0.135327
vt 0.729696 0.953206
vt 0.727965 0.959506
vt 0.727975 0.952907
vt 0.726423 0.959424
vt 0.724930 0.952907
vt 0.726452 0.952863
vt 0.723241 0.953196
vt 0.724880 0.959503
vt 0.723126 0.959406
vt 0.828886 0.959236
vt 0.830617 0.952936
vt 0.830607 0.959534
vt 0.832159 0.953018
vt 0.833652 0.959534
vt 0.832129 0.959579
vt 0.835341 0.959246
vt 0.833702 0.952938
vt 0.835456 0.953036
vt 0.933551 0.953206
vt 0.931820 0.959506
vt 0.931830 0.952907
vt 0.930278 0.959424
vt 0.928785 0.952907
vt 0.930308 0.952863
vt 0.927096 0.953196
vt 0.928735 0.959503
vt 0.926981 0.959406
vt 0.959236 0.007031
vt 0.952936 0.005300
vt 0.959534 0.005311
vt 0.953018 0.003758
vt 0.959534 0.002266
vt 0.959579 0.003788
vt 0.959246 0.000577
vt 0.952938 0.002216
vt 0.953036 0.000461
vt 0.904388 0.959236
vt 0.906119 0.952936
vt 0.906109 0.959534
vt 0.907661 0.953018
vt 0.909154 0.959534
vt 0.907631 0.959579
vt 0.910843 0.959246
vt 0.909204 0.952938
vt 0.910958 0.953035
vt 0.604111 0.959506
vt 0.602380 0.953206
vt 0.604101 0.952908
vt 0.605654 0.959424
vt 0.607146 0.952908
vt 0.607196 0.959503
vt 0.608835 0.953196
vt 0.838167 0.959506
vt 0.836436 0.953206
vt 0.838157 0.952907
vt 0.839710 0.959424
vt 0.841202 0.952907
vt 0.841252 0.959503
vt 0.842891 0.953196
vt 0.649413 0.959506
vt 0.647681 0.953206
vt 0.649402 0.952907
vt 0.650955 0.959424
vt 0.652447 0.952908
vt 0.652497 0.959503
vt 0.654136 0.953196
vt 0.868368 0.959506
vt 0.866637 0.953206
vt 0.868358 0.952907
vt 0.869910 0.959424
vt 0.871403 0.952907
vt 0.871453 0.959503
vt 0.873092 0.953196
vt 0.959506 0.065702
vt 0.953206 0.067433
vt 0.952907 0.065712
vt 0.959424 0.064160
vt 0.952908 0.062667
vt 0.959503 0.062617
vt 0.953196 0.060978
vt 0.692983 0.959236
vt 0.694714 0.952936
vt 0.694703 0.959534
vt 0.696256 0.953018
vt 0.697748 0.959534
vt 0.696226 0.959579
vt 0.699437 0.959246
vt 0.697798 0.952938
vt 0.699553 0.953035
vt 0.896838 0.959236
vt 0.898569 0.952936
vt 0.898558 0.959534
vt 0.900111 0.953018
vt 0.901604 0.959534
vt 0.900081 0.959579
vt 0.903292 0.959246
vt 0.901653 0.952938
vt 0.903408 0.953035
vt 0.821336 0.959236
vt 0.823067 0.952936
vt 0.823057 0.959534
vt 0.824609 0.953018
vt 0.826102 0.959534
vt 0.824579 0.959579
vt 0.827791 0.959246
vt 0.826152 0.952938
vt 0.827906 0.953035
vt 0.959236 0.022132
vt 0.952936 0.020401
vt 0.959534 0.020411
vt 0.953018 0.018858
vt 0.959534 0.017366
vt 0.959579 0.018888
vt 0.959246 0.015677
vt 0.952938 0.017316
vt 0.953036 0.015562
vt 0.911938 0.959236
vt 0.913669 0.952936
vt 0.913659 0.959534
vt 0.915212 0.953018
vt 0.916704 0.959534
vt 0.915182 0.959579
vt 0.918393 0.959246
vt 0.916754 0.952938
vt 0.918508 0.953036
vt 0.921220 0.959506
vt 0.919489 0.953206
vt 0.921209 0.952907
vt 0.922762 0.959424
vt 0.924254 0.952908
vt 0.924304 0.959503
vt 0.925943 0.953196
vt 0.800416 0.959506
vt 0.798685 0.953206
vt 0.800406 0.952907
vt 0.801959 0.959424
vt 0.803451 0.952907
vt 0.803501 0.959503
vt 0.805140 0.953196
vt 0.875918 0.959506
vt 0.874187 0.953206
vt 0.875908 0.952907
vt 0.877461 0.959424
vt 0.878953 0.952907
vt 0.879003 0.959503
vt 0.880642 0.953196
vt 0.853268 0.959506
vt 0.851537 0.953206
vt 0.853257 0.952908
vt 0.854810 0.959424
vt 0.856303 0.952908
vt 0.856352 0.959503
vt 0.857991 0.953196
vt 0.807967 0.959506
vt 0.806236 0.953206
vt 0.807956 0.952907
vt 0.809509 0.959424
vt 0.811001 0.952907
vt 0.811051 0.959503
vt 0.812690 0.953196
vt 0.959236 0.059883
vt 0.952936 0.058152
vt 0.959534 0.058162
vt 0.953018 0.056609
vt 0.959534 0.055117
vt 0.959579 0.056639
vt 0.959246 0.053428
vt 0.952938 0.055067
vt 0.953036 0.053313
vt 0.843986 0.959236
vt 0.845717 0.952936
vt 0.845707 0.959534
vt 0.847260 0.953018
vt 0.848752 0.959534
vt 0.847230 0.959579
vt 0.850441 0.959246
vt 0.848802 0.952938
vt 0.850557 0.953035
vt 0.881737 0.959236
vt 0.883469 0.952936
vt 0.883458 0.959534
vt 0.885011 0.953018
vt 0.886503 0.959534
vt 0.884981 0.959579
vt 0.888192 0.959246
vt 0.886553 0.952938
vt 0.888308 0.953036
vt 0.959236 0.142935
vt 0.952936 0.141204
vt 0.959534 0.141215
vt 0.953018 0.139662
vt 0.959534 0.138169
vt 0.959579 0.139692
vt 0.959246 0.136481
vt 0.952938 0.138120
vt 0.953035 0.136365
vt 0.700533 0.959236
vt 0.702264 0.952936
vt 0.702253 0.959534
vt 0.703806 0.953018
vt 0.705299 0.959534
vt 0.703776 0.959579
vt 0.706987 0.959246
vt 0.705348 0.952938
vt 0.707103 0.953035
vt 0.609873 0.953035
vt 0.609516 0.959444
vt 0.609412 0.952819
vt 0.616503 0.953026
vt 0.616916 0.959434
vt 0.613170 0.952532
vt 0.614757 0.952381
vt 0.613199 0.960059
vt 0.613200 0.959579
vt 0.611586 0.960061
vt 0.611579 0.952382
vt 0.614813 0.960061
vt 0.616962 0.952804
vt 0.738226 0.953035
vt 0.737870 0.959444
vt 0.737765 0.952819
vt 0.744856 0.953026
vt 0.745269 0.959434
vt 0.741523 0.952532
vt 0.743111 0.952381
vt 0.741553 0.960059
vt 0.741553 0.959579
vt 0.739940 0.960061
vt 0.739933 0.952382
vt 0.743167 0.960061
vt 0.745315 0.952804
vt 0.617423 0.953035
vt 0.617067 0.959444
vt 0.616962 0.952819
vt 0.624053 0.953026
vt 0.624466 0.959434
vt 0.620720 0.952532
vt 0.622307 0.952381
vt 0.620749 0.960059
vt 0.620750 0.959579
vt 0.619137 0.960061
vt 0.619129 0.952382
vt 0.622364 0.960061
vt 0.624512 0.952804
vt 0.953036 0.075041
vt 0.959444 0.075397
vt 0.952819 0.075502
vt 0.953027 0.068411
vt 0.959434 0.067998
vt 0.952532 0.071744
vt 0.952381 0.070157
vt 0.960059 0.071715
vt 0.959579 0.071714
vt 0.960061 0.073327
vt 0.952382 0.073335
vt 0.960061 0.070100
vt 0.952804 0.067952
vt 0.953036 0.082591
vt 0.959444 0.082948
vt 0.952819 0.083052
vt 0.953027 0.075961
vt 0.959434 0.075548
vt 0.952532 0.079294
vt 0.952381 0.077707
vt 0.960059 0.079265
vt 0.959579 0.079264
vt 0.960061 0.080877
vt 0.952382 0.080885
vt 0.960061 0.077651
vt 0.952804 0.075502
vt 0.586866 0.952998
vt 0.593852 0.959415
vt 0.594265 0.953008
vt 0.594311 0.959638
vt 0.590519 0.959909
vt 0.590549 0.952383
vt 0.592163 0.952381
vt 0.588929 0.960060
vt 0.588936 0.952381
vt 0.586761 0.959622
vt 0.592107 0.960061
vt 0.730319 0.952998
vt 0.737306 0.959415
vt 0.737719 0.953008
vt 0.737765 0.959638
vt 0.733973 0.959909
vt 0.734002 0.952383
vt 0.735616 0.952381
vt 0.732382 0.960060
vt 0.732390 0.952381
vt 0.730215 0.959622
vt 0.735560 0.960061
vt 0.594416 0.952998
vt 0.601403 0.959415
vt 0.601816 0.953008
vt 0.601861 0.959638
vt 0.598069 0.959909
vt 0.598099 0.952383
vt 0.599713 0.952381
vt 0.596479 0.960060
vt 0.596486 0.952381
vt 0.594311 0.959622
vt 0.599657 0.960061
vt 0.952998 0.150900
vt 0.959415 0.143913
vt 0.953008 0.143500
vt 0.959638 0.143454
vt 0.959909 0.147246
vt 0.952383 0.147217
vt 0.952381 0.145603
vt 0.960060 0.148837
vt 0.952381 0.148829
vt 0.959623 0.151004
vt 0.960061 0.145659
vt 0.707669 0.952998
vt 0.714655 0.959415
vt 0.715069 0.953008
vt 0.715114 0.959638
vt 0.711322 0.959909
vt 0.711352 0.952383
vt 0.712966 0.952381
vt 0.709732 0.960060
vt 0.709739 0.952381
vt 0.707564 0.959622
vt 0.712910 0.960061
vt 0.624973 0.953036
vt 0.624617 0.959444
vt 0.624512 0.952819
vt 0.631603 0.953027
vt 0.632016 0.959434
vt 0.628270 0.952532
vt 0.629857 0.952381
vt 0.628299 0.960059
vt 0.628300 0.959579
vt 0.626687 0.960061
vt 0.626679 0.952382
vt 0.629914 0.960061
vt 0.632062 0.952804
vt 0.745776 0.953035
vt 0.745420 0.959444
vt 0.745315 0.952819
vt 0.752407 0.953026
vt 0.752820 0.959434
vt 0.749073 0.952532
vt 0.750661 0.952381
vt 0.749103 0.960059
vt 0.749103 0.959579
vt 0.747490 0.960061
vt 0.747483 0.952382
vt 0.750717 0.960061
vt 0.752865 0.952804
vt 0.677824 0.953036
vt 0.677468 0.959444
vt 0.677363 0.952819
vt 0.684455 0.953027
vt 0.684868 0.959434
vt 0.681121 0.952532
vt 0.682709 0.952381
vt 0.681151 0.960059
vt 0.681151 0.959579
vt 0.679538 0.960061
vt 0.679531 0.952382
vt 0.682765 0.960061
vt 0.684914 0.952804
vt 0.953035 0.090141
vt 0.959444 0.090498
vt 0.952819 0.090602
vt 0.953026 0.083511
vt 0.959434 0.083098
vt 0.952532 0.086844
vt 0.952381 0.085257
vt 0.960059 0.086815
vt 0.959579 0.086815
vt 0.960061 0.088428
vt 0.952381 0.088435
vt 0.960061 0.085201
vt 0.952804 0.083052
vt 0.692003 0.959406
vt 0.692359 0.952998
vt 0.692464 0.959622
vt 0.685372 0.959415
vt 0.684959 0.953008
vt 0.688706 0.959909
vt 0.687118 0.960061
vt 0.688676 0.952383
vt 0.688676 0.952863
vt 0.690289 0.952381
vt 0.690296 0.960060
vt 0.687062 0.952381
vt 0.684914 0.959638
vt 0.941515 0.959444
vt 0.934529 0.953027
vt 0.934116 0.959434
vt 0.934070 0.952804
vt 0.937862 0.952532
vt 0.937833 0.960059
vt 0.936218 0.960061
vt 0.939453 0.952382
vt 0.939445 0.960061
vt 0.941620 0.952819
vt 0.936275 0.952381
vt 0.632167 0.952998
vt 0.639154 0.959415
vt 0.639567 0.953008
vt 0.639612 0.959638
vt 0.635820 0.959909
vt 0.635850 0.952383
vt 0.637464 0.952381
vt 0.634230 0.960060
vt 0.634237 0.952381
vt 0.632062 0.959622
vt 0.637408 0.960061
vt 0.952998 0.014996
vt 0.959415 0.008009
vt 0.953008 0.007596
vt 0.959638 0.007550
vt 0.959909 0.011342
vt 0.952383 0.011313
vt 0.952381 0.009699
vt 0.960060 0.012933
vt 0.952381 0.012926
vt 0.959623 0.015100
vt 0.960061 0.009755
vt 0.858673 0.952998
vt 0.865659 0.959415
vt 0.866072 0.953008
vt 0.866118 0.959638
vt 0.862326 0.959909
vt 0.862356 0.952383
vt 0.863970 0.952381
vt 0.860736 0.960060
vt 0.860743 0.952381
vt 0.858568 0.959622
vt 0.863913 0.960061
vt 0.662368 0.952998
vt 0.669354 0.959415
vt 0.669767 0.953008
vt 0.669813 0.959638
vt 0.666021 0.959909
vt 0.666050 0.952383
vt 0.667665 0.952381
vt 0.664430 0.960060
vt 0.664438 0.952381
vt 0.662263 0.959622
vt 0.667608 0.960061
vt 0.959406 0.023112
vt 0.952998 0.022755
vt 0.959623 0.022651
vt 0.959415 0.029742
vt 0.953008 0.030155
vt 0.959909 0.026409
vt 0.960061 0.027996
vt 0.952383 0.026438
vt 0.952863 0.026439
vt 0.952381 0.024826
vt 0.960060 0.024818
vt 0.952381 0.028052
vt 0.959638 0.030201
vt 0.953036 0.105242
vt 0.959444 0.105598
vt 0.952819 0.105703
vt 0.953027 0.098612
vt 0.959434 0.098198
vt 0.952532 0.101945
vt 0.952381 0.100357
vt 0.960059 0.101915
vt 0.959579 0.101915
vt 0.960061 0.103528
vt 0.952382 0.103535
vt 0.960061 0.100301
vt 0.952804 0.098153
vt 0.646701 0.959406
vt 0.647058 0.952998
vt 0.647163 0.959623
vt 0.640071 0.959415
vt 0.639658 0.953008
vt 0.643405 0.959910
vt 0.641817 0.960061
vt 0.643375 0.952383
vt 0.643375 0.952863
vt 0.644988 0.952381
vt 0.644995 0.960060
vt 0.641761 0.952381
vt 0.639612 0.959638
vt 0.820356 0.959406
vt 0.820712 0.952998
vt 0.820817 0.959622
vt 0.813726 0.959415
vt 0.813313 0.953008
vt 0.817059 0.959909
vt 0.815472 0.960061
vt 0.817029 0.952383
vt 0.817029 0.952863
vt 0.818642 0.952381
vt 0.818649 0.960060
vt 0.815415 0.952381
vt 0.813267 0.959638
vt 0.959406 0.106164
vt 0.952998 0.105808
vt 0.959622 0.105703
vt 0.959415 0.112794
vt 0.953008 0.113207
vt 0.959909 0.109461
vt 0.960061 0.111049
vt 0.952383 0.109491
vt 0.952863 0.109491
vt 0.952381 0.107878
vt 0.960060 0.107871
vt 0.952381 0.111105
vt 0.959638 0.113253
vt 0.896214 0.959444
vt 0.889228 0.953027
vt 0.888814 0.959434
vt 0.888769 0.952804
vt 0.892561 0.952532
vt 0.892531 0.960059
vt 0.890917 0.960061
vt 0.894151 0.952382
vt 0.894144 0.960061
vt 0.896319 0.952819
vt 0.890973 0.952381
vt 0.790512 0.959444
vt 0.783525 0.953026
vt 0.783112 0.959434
vt 0.783066 0.952804
vt 0.786858 0.952532
vt 0.786829 0.960059
vt 0.785215 0.960061
vt 0.788449 0.952382
vt 0.788441 0.960061
vt 0.790616 0.952819
vt 0.785271 0.952381
vt 0.586656 0.959444
vt 0.579670 0.953027
vt 0.579256 0.959434
vt 0.579211 0.952804
vt 0.583003 0.952532
vt 0.582973 0.960059
vt 0.581359 0.960061
vt 0.584593 0.952382
vt 0.584586 0.960061
vt 0.586761 0.952819
vt 0.581415 0.952381
vt 0.959444 0.151109
vt 0.953027 0.158096
vt 0.959434 0.158509
vt 0.952804 0.158554
vt 0.952532 0.154762
vt 0.960059 0.154792
vt 0.960061 0.156406
vt 0.952382 0.153172
vt 0.960061 0.153179
vt 0.952819 0.151004
vt 0.952381 0.156350
vt 0.941725 0.952998
vt 0.948712 0.959415
vt 0.949125 0.953008
vt 0.949170 0.959638
vt 0.945378 0.959909
vt 0.945408 0.952383
vt 0.947022 0.952381
vt 0.943788 0.960060
vt 0.943795 0.952381
vt 0.941620 0.959622
vt 0.946966 0.960061
vt 0.953035 0.120342
vt 0.959444 0.120699
vt 0.952819 0.120803
vt 0.953026 0.113712
vt 0.959434 0.113299
vt 0.952532 0.117045
vt 0.952381 0.115458
vt 0.960059 0.117016
vt 0.959579 0.117015
vt 0.960061 0.118628
vt 0.952382 0.118636
vt 0.960061 0.115402
vt 0.952804 0.113253
vt 0.959406 0.038212
vt 0.952998 0.037856
vt 0.959623 0.037751
vt 0.959415 0.044842
vt 0.953008 0.045256
vt 0.959910 0.041509
vt 0.960061 0.043097
vt 0.952383 0.041539
vt 0.952863 0.041539
vt 0.952381 0.039926
vt 0.960060 0.039919
vt 0.952381 0.043153
vt 0.959638 0.045301
vt 0.953035 0.037290
vt 0.959444 0.037646
vt 0.952819 0.037751
vt 0.953026 0.030660
vt 0.959434 0.030247
vt 0.952532 0.033993
vt 0.952381 0.032405
vt 0.960059 0.033963
vt 0.959579 0.033963
vt 0.960061 0.035576
vt 0.952381 0.035583
vt 0.960061 0.032349
vt 0.952804 0.030201
vt 0.953035 0.097692
vt 0.959444 0.098048
vt 0.952819 0.098153
vt 0.953027 0.091061
vt 0.959434 0.090648
vt 0.952532 0.094395
vt 0.952381 0.092807
vt 0.960059 0.094365
vt 0.959579 0.094365
vt 0.960061 0.095978
vt 0.952382 0.095985
vt 0.960061 0.092751
vt 0.952804 0.090603
vt 0.953036 0.127892
vt 0.959444 0.128249
vt 0.952819 0.128354
vt 0.953027 0.121262
vt 0.959434 0.120849
vt 0.952532 0.124596
vt 0.952381 0.123008
vt 0.960059 0.124566
vt 0.959579 0.124566
vt 0.960061 0.126179
vt 0.952382 0.126186
vt 0.960061 0.122952
vt 0.952804 0.120803
vt 0.715219 0.952998
vt 0.722206 0.959415
vt 0.722619 0.953008
vt 0.722664 0.959638
vt 0.718872 0.959909
vt 0.718902 0.952383
vt 0.720516 0.952381
vt 0.717282 0.960060
vt 0.717289 0.952381
vt 0.715114 0.959622
vt 0.720460 0.960061
vt 0.775621 0.952998
vt 0.782607 0.959415
vt 0.783020 0.953008
vt 0.783066 0.959638
vt 0.779274 0.959909
vt 0.779303 0.952383
vt 0.780918 0.952381
vt 0.777683 0.960060
vt 0.777691 0.952381
vt 0.775516 0.959623
vt 0.780861 0.960061
vt 0.952998 0.052747
vt 0.959415 0.045760
vt 0.953008 0.045347
vt 0.959638 0.045301
vt 0.959910 0.049093
vt 0.952383 0.049064
vt 0.952381 0.047450
vt 0.960060 0.050684
vt 0.952381 0.050677
vt 0.959623 0.052851
vt 0.960061 0.047506
vt 0.752970 0.952998
vt 0.759957 0.959415
vt 0.760370 0.953008
vt 0.760415 0.959638
vt 0.756623 0.959909
vt 0.756653 0.952383
vt 0.758267 0.952381
vt 0.755033 0.960060
vt 0.755040 0.952381
vt 0.752865 0.959623
vt 0.758211 0.960061
vt 0.767861 0.959444
vt 0.760874 0.953027
vt 0.760461 0.959434
vt 0.760415 0.952804
vt 0.764208 0.952532
vt 0.764178 0.960059
vt 0.762564 0.960061
vt 0.765798 0.952382
vt 0.765791 0.960061
vt 0.767966 0.952819
vt 0.762620 0.952381
vt 0.791077 0.953035
vt 0.790721 0.959444
vt 0.790616 0.952819
vt 0.797708 0.953026
vt 0.798121 0.959434
vt 0.794374 0.952532
vt 0.795962 0.952381
vt 0.794404 0.960059
vt 0.794404 0.959579
vt 0.792791 0.960061
vt 0.792784 0.952381
vt 0.796018 0.960061
vt 0.798166 0.952804
vt 0.775055 0.959406
vt 0.775411 0.952998
vt 0.775516 0.959623
vt 0.768424 0.959415
vt 0.768011 0.953008
vt 0.771758 0.959910
vt 0.770170 0.960061
vt 0.771728 0.952383
vt 0.771728 0.952863
vt 0.773341 0.952381
vt 0.773348 0.960060
vt 0.770114 0.952381
vt 0.767966 0.959638
vt 0.661802 0.959406
vt 0.662158 0.952998
vt 0.662263 0.959623
vt 0.655172 0.959415
vt 0.654759 0.953008
vt 0.658505 0.959909
vt 0.656918 0.960061
vt 0.658476 0.952383
vt 0.658475 0.952863
vt 0.660088 0.952381
vt 0.660096 0.960060
vt 0.656861 0.952381
vt 0.654713 0.959638
vt 0.670274 0.953035
vt 0.669918 0.959444
vt 0.669813 0.952819
vt 0.676904 0.953027
vt 0.677318 0.959434
vt 0.673571 0.952532
vt 0.675159 0.952381
vt 0.673601 0.960059
vt 0.673601 0.959579
vt 0.671988 0.960061
vt 0.671981 0.952382
vt 0.675215 0.960061
vt 0.677363 0.952804
vt 0.953035 0.135443
vt 0.959444 0.135799
vt 0.952819 0.135904
vt 0.953027 0.128812
vt 0.959434 0.128399
vt 0.952532 0.132146
vt 0.952381 0.130558
vt 0.960059 0.132116
vt 0.959579 0.132116
vt 0.960061 0.133729
vt 0.952382 0.133736
vt 0.960061 0.130502
vt 0.952804 0.128354
vt 0.722769 0.952998
vt 0.729756 0.959415
vt 0.730169 0.953008
vt 0.730215 0.959638
vt 0.726423 0.959909
vt 0.726452 0.952383
vt 0.728066 0.952381
vt 0.724832 0.960060
vt 0.724839 0.952381
vt 0.722665 0.959622
vt 0.728010 0.960061
vt 0.835813 0.959444
vt 0.828826 0.953027
vt 0.828413 0.959434
vt 0.828367 0.952804
vt 0.832159 0.952532
vt 0.832130 0.960059
vt 0.830516 0.960061
vt 0.833750 0.952382
vt 0.833743 0.960061
vt 0.835917 0.952819
vt 0.830572 0.952381
vt 0.926624 0.952998
vt 0.933611 0.959415
vt 0.934024 0.953008
vt 0.934070 0.959638
vt 0.930278 0.959909
vt 0.930307 0.952383
vt 0.931921 0.952381
vt 0.928687 0.960060
vt 0.928695 0.952381
vt 0.926520 0.959622
vt 0.931865 0.960061
vt 0.959444 0.000105
vt 0.953027 0.007091
vt 0.959434 0.007505
vt 0.952804 0.007550
vt 0.952532 0.003758
vt 0.960059 0.003788
vt 0.960061 0.005402
vt 0.952382 0.002168
vt 0.960061 0.002175
vt 0.952819 0.000000
vt 0.952381 0.005346
vt 0.911315 0.959444
vt 0.904328 0.953027
vt 0.903915 0.959434
vt 0.903869 0.952804
vt 0.907661 0.952532
vt 0.907632 0.960059
vt 0.906018 0.960061
vt 0.909252 0.952382
vt 0.909245 0.960061
vt 0.911419 0.952819
vt 0.906074 0.952381
vt 0.608950 0.959406
vt 0.609307 0.952998
vt 0.609412 0.959623
vt 0.602320 0.959415
vt 0.601907 0.953008
vt 0.605654 0.959910
vt 0.604066 0.960061
vt 0.605624 0.952383
vt 0.605624 0.952863
vt 0.607237 0.952381
vt 0.607244 0.960060
vt 0.604010 0.952381
vt 0.601861 0.959638
vt 0.843006 0.959406
vt 0.843363 0.952998
vt 0.843468 0.959623
vt 0.836376 0.959415
vt 0.835963 0.953008
vt 0.839710 0.959909
vt 0.838122 0.960061
vt 0.839680 0.952383
vt 0.839680 0.952863
vt 0.841293 0.952381
vt 0.841300 0.960060
vt 0.838066 0.952381
vt 0.835917 0.959638
vt 0.654252 0.959406
vt 0.654608 0.952998
vt 0.654713 0.959623
vt 0.647621 0.959415
vt 0.647208 0.953008
vt 0.650955 0.959909
vt 0.649367 0.960061
vt 0.650925 0.952383
vt 0.650925 0.952863
vt 0.652538 0.952381
vt 0.652545 0.960060
vt 0.649311 0.952381
vt 0.647163 0.959638
vt 0.873207 0.959406
vt 0.873564 0.952998
vt 0.873668 0.959622
vt 0.866577 0.959415
vt 0.866164 0.953008
vt 0.869910 0.959909
vt 0.868323 0.960061
vt 0.869881 0.952383
vt 0.869881 0.952863
vt 0.871494 0.952381
vt 0.871501 0.960060
vt 0.868267 0.952381
vt 0.866118 0.959638
vt 0.959406 0.060863
vt 0.952998 0.060506
vt 0.959623 0.060402
vt 0.959415 0.067493
vt 0.953008 0.067906
vt 0.959909 0.064160
vt 0.960061 0.065747
vt 0.952383 0.064189
vt 0.952863 0.064190
vt 0.952381 0.062576
vt 0.960060 0.062569
vt 0.952381 0.065803
vt 0.959638 0.067952
vt 0.699909 0.959444
vt 0.692923 0.953026
vt 0.692509 0.959434
vt 0.692464 0.952804
vt 0.696256 0.952532
vt 0.696226 0.960059
vt 0.694612 0.960061
vt 0.697846 0.952381
vt 0.697839 0.960061
vt 0.700014 0.952819
vt 0.694668 0.952381
vt 0.903764 0.959444
vt 0.896778 0.953026
vt 0.896365 0.959434
vt 0.896319 0.952804
vt 0.900111 0.952532
vt 0.900082 0.960059
vt 0.898467 0.960061
vt 0.901702 0.952382
vt 0.901694 0.960061
vt 0.903869 0.952819
vt 0.898524 0.952381
vt 0.828263 0.959444
vt 0.821276 0.953026
vt 0.820863 0.959434
vt 0.820817 0.952804
vt 0.824609 0.952532
vt 0.824580 0.960059
vt 0.822966 0.960061
vt 0.826200 0.952382
vt 0.826192 0.960061
vt 0.828367 0.952819
vt 0.823022 0.952381
vt 0.959444 0.015205
vt 0.953027 0.022192
vt 0.959434 0.022605
vt 0.952804 0.022651
vt 0.952532 0.018858
vt 0.960059 0.018888
vt 0.960061 0.020502
vt 0.952382 0.017268
vt 0.960061 0.017275
vt 0.952819 0.015100
vt 0.952381 0.020446
vt 0.918865 0.959444
vt 0.911878 0.953027
vt 0.911465 0.959434
vt 0.911419 0.952804
vt 0.915212 0.952532
vt 0.915182 0.960059
vt 0.913568 0.960061
vt 0.916802 0.952382
vt 0.916795 0.960061
vt 0.918970 0.952819
vt 0.913624 0.952381
vt 0.926059 0.959406
vt 0.926415 0.952998
vt 0.926520 0.959623
vt 0.919428 0.959415
vt 0.919015 0.953008
vt 0.922762 0.959909
vt 0.921174 0.960061
vt 0.922732 0.952383
vt 0.922732 0.952863
vt 0.924345 0.952381
vt 0.924352 0.960060
vt 0.921118 0.952381
vt 0.918970 0.959638
vt 0.805255 0.959406
vt 0.805612 0.952998
vt 0.805717 0.959622
vt 0.798625 0.959415
vt 0.798212 0.953008
vt 0.801959 0.959909
vt 0.800371 0.960061
vt 0.801929 0.952383
vt 0.801929 0.952863
vt 0.803542 0.952381
vt 0.803549 0.960060
vt 0.800315 0.952381
vt 0.798166 0.959638
vt 0.880757 0.959406
vt 0.881114 0.952998
vt 0.881219 0.959623
vt 0.874127 0.959415
vt 0.873714 0.953008
vt 0.877461 0.959909
vt 0.875873 0.960061
vt 0.877431 0.952383
vt 0.877431 0.952863
vt 0.879044 0.952381
vt 0.879051 0.960060
vt 0.875817 0.952381
vt 0.873668 0.959638
vt 0.858107 0.959406
vt 0.858463 0.952998
vt 0.858568 0.959623
vt 0.851477 0.959415
vt 0.851064 0.953008
vt 0.854810 0.959910
vt 0.853223 0.960061
vt 0.854781 0.952383
vt 0.854780 0.952863
vt 0.856393 0.952381
vt 0.856401 0.960060
vt 0.853166 0.952381
vt 0.851018 0.959638
vt 0.812806 0.959406
vt 0.813162 0.952998
vt 0.813267 0.959623
vt 0.806176 0.959415
vt 0.805762 0.953008
vt 0.809509 0.959909
vt 0.807921 0.960061
vt 0.809479 0.952383
vt 0.809479 0.952863
vt 0.811092 0.952381
vt 0.811099 0.960060
vt 0.807865 0.952381
vt 0.805717 0.959638
vt 0.959444 0.052956
vt 0.953027 0.059943
vt 0.959434 0.060356
vt 0.952804 0.060402
vt 0.952532 0.056609
vt 0.960059 0.056639
vt 0.960061 0.058253
vt 0.952382 0.055019
vt 0.960061 0.055026
vt 0.952819 0.052851
vt 0.952381 0.058197
vt 0.850913 0.959444
vt 0.843926 0.953026
vt 0.843513 0.959434
vt 0.843468 0.952804
vt 0.847260 0.952532
vt 0.847230 0.960059
vt 0.845616 0.960061
vt 0.848850 0.952381
vt 0.848843 0.960061
vt 0.851018 0.952819
vt 0.845672 0.952381
vt 0.888664 0.959444
vt 0.881677 0.953027
vt 0.881264 0.959434
vt 0.881219 0.952804
vt 0.885011 0.952532
vt 0.884981 0.960059
vt 0.883367 0.960061
vt 0.886601 0.952382
vt 0.886594 0.960061
vt 0.888769 0.952819
vt 0.883423 0.952381
vt 0.959444 0.136009
vt 0.953026 0.142995
vt 0.959434 0.143408
vt 0.952804 0.143454
vt 0.952532 0.139662
vt 0.960059 0.139691
vt 0.960061 0.141306
vt 0.952382 0.138071
vt 0.960061 0.138079
vt 0.952819 0.135904
vt 0.952381 0.141249
vt 0.707459 0.959444
vt 0.700473 0.953026
vt 0.700060 0.959434
vt 0.700014 0.952804
vt 0.703806 0.952532
vt 0.703777 0.960059
vt 0.702162 0.960061
vt 0.705397 0.952381
vt 0.705389 0.960061
vt 0.707564 0.952819
vt 0.702219 0.952381
vt 0.380952 0.857143
vt 0.428571 0.857143
vt 0.476190 0.857143
vt 0.523810 0.857143
vt 0.571429 0.857143
vt 0.619048 0.857143
vt 0.666667 0.857143
vt 0.714286 0.857143
vt 0.761905 0.857143
vt 0.809524 0.857143
vt 0.857143 0.047619
vt 0.809524 0.000000
vt 0.857143 -0.000000
vt 0.857143 0.095238
vt 0.857143 0.047619
vt 0.857143 0.142857
vt 0.857143 0.190476
vt 0.857143 0.190476
vt 0.857143 0.238095
vt 0.857143 0.285714
vt 0.857143 0.333333
vt 0.857143 0.380952
vt 0.857143 0.428571
vt 0.857143 0.476191
vt 0.857143 0.523810
vt 0.857143 0.571429
vt 0.857143 0.619048
vt 0.857143 0.666667
vt 0.857143 0.714286
vt 0.857143 0.714286
vt 0.857143 0.761905
vt 0.519209 0.973821
vt 0.509130 0.963844
vt 0.515395 0.967847
vt 0.509281 0.955463
vt 0.519209 0.952381
vt 0.515665 0.959818
vt 0.504824 0.952400
vt 0.505099 0.971679
vt 0.857143 0.809524
vt 0.809524 0.857143
vt 0.857143 0.857143
vt -0.000000 0.857143
vt 0.047619 0.904762
vt 0.000000 0.904762
vt 0.047619 0.857143
vt 0.095238 0.904762
vt 0.142857 0.904762
vt 0.190476 0.904762
vt 0.574112 0.957482
vt 0.579211 0.961106
vt 0.571064 0.960651
vt 0.579211 0.952381
vt 0.574883 0.955721
vt 0.570964 0.952570
vt 0.576090 0.956158
vt 0.575448 0.957206
vt 0.480723 0.963619
vt 0.490524 0.975540
vt 0.476277 0.973350
vt 0.490524 0.952395
vt 0.480943 0.955617
vt 0.476190 0.952381
vt 0.486973 0.960762
vt 0.486932 0.968802
vt 0.238095 0.904762
vt 0.285714 0.904762
vt 0.238095 0.904762
vt 0.333333 0.904762
vt 0.380952 0.904762
vt 0.428571 0.904762
vt 0.476190 0.904762
vt 0.523810 0.904762
vt 0.571429 0.904762
vt 0.619048 0.904762
vt 0.666667 0.904762
vt 0.714286 0.904762
vt 0.761905 0.904762
vt 0.809524 0.904762
vt 0.809524 0.857143
vt 0.857143 0.904762
vt 0.809524 0.904762
vt 0.857143 0.047619
vt 0.904762 0.000000
vt 0.904762 0.047619
vt 0.904762 0.047619
vt 0.904762 0.095238
vt 0.904762 0.142857
vt 0.904762 0.190476
vt 0.904762 0.190476
vt 0.904762 0.238095
vt 0.904762 0.285714
vt 0.529303 0.963831
vt 0.519238 0.973821
vt 0.523044 0.967842
vt 0.529141 0.955449
vt 0.522763 0.959813
vt 0.533594 0.952381
vt 0.533344 0.971660
vt 0.904762 0.333333
vt 0.904762 0.380952
vt 0.904762 0.428571
vt 0.904762 0.476191
vt 0.904762 0.523810
vt 0.904762 0.571429
vt 0.559569 0.957482
vt 0.554470 0.961106
vt 0.558232 0.957206
vt 0.554470 0.952381
vt 0.558798 0.955721
vt 0.557591 0.956159
vt 0.562717 0.952570
vt 0.562616 0.960651
vt 0.484169 0.962719
vt 0.483983 0.962183
vt 0.484556 0.961875
vt 0.483729 0.961639
vt 0.904762 0.619048
vt 0.904762 0.666667
vt 0.904762 0.714286
vt 0.904762 0.761905
vt 0.904762 0.714286
vt 0.904762 0.809524
vt 0.904762 0.857143
vt 0.904762 0.904762
vt -0.000000 0.904762
vt 0.047619 0.952381
vt 0.000000 0.952381
vt 0.047619 0.904762
vt 0.095238 0.952381
vt 0.142857 0.952381
vt 0.142857 0.904762
vt 0.190476 0.952381
vt 0.142857 0.952381
vt 0.238095 0.952381
vt 0.285714 0.952381
vt 0.333333 0.952381
vt 0.380952 0.952381
vt 0.428571 0.952381
vt 0.476190 0.952381
vt 0.523810 0.952381
vt 0.571429 0.952381
vt 0.619048 0.952381
vt 0.512644 0.962334
vt 0.512131 0.960704
vt 0.511539 0.960819
vt 0.511974 0.961880
vt 0.666667 0.952381
vt 0.714286 0.952381
vt 0.761905 0.952381
vt 0.809524 0.952381
vt 0.857143 0.952381
vt 0.809524 0.952381
vt 0.904762 0.952381
vt 0.562717 0.961106
vt 0.567816 0.957482
vt 0.570863 0.960651
vt 0.567045 0.955721
vt 0.562717 0.952381
vt 0.570964 0.952570
vt 0.565838 0.956158
vt 0.566479 0.957206
vt 0.490524 0.975454
vt 0.500220 0.964115
vt 0.504734 0.973535
vt 0.500152 0.955624
vt 0.490524 0.952383
vt 0.504824 0.952381
vt 0.494047 0.960662
vt 0.494150 0.968920
vt 0.952381 -0.000000
vt 0.952381 0.047619
vt 0.904762 0.095238
vt 0.952381 0.095238
vt 0.952381 0.142857
vt 0.904762 0.095238
vt 0.952381 0.095238
vt 0.952381 0.190476
vt 0.904762 0.142857
vt 0.952381 0.238095
vt 0.952381 0.285714
vt 0.952381 0.333333
vt 0.952381 0.380952
vt 0.952381 0.428571
vt 0.952381 0.476191
vt 0.952381 0.523810
vt 0.952381 0.571429
vt 0.952381 0.619048
vt 0.952381 0.666667
vt 0.952381 0.714286
vt 0.952381 0.714286
vt 0.952381 0.761905
vt 0.952381 0.809524
vt 0.952381 0.857143
vt 0.952381 0.904762
vt 0.904762 0.952381
vt 0.952381 0.952381
vt 0.525788 0.962325
vt 0.526298 0.960694
vt 0.526890 0.960808
vt 0.526457 0.961870
vt -0.000000 0.952381
vt 0.047619 1.000000
vt 0.000000 1.000000
vt 0.095238 1.000000
vt 0.095238 0.952381
vt 0.142857 1.000000
vt 0.190476 1.000000
vt 0.238095 1.000000
vt 0.285714 1.000000
vt 0.554470 0.961106
vt 0.549371 0.957483
vt 0.550707 0.957206
vt 0.550142 0.955721
vt 0.554470 0.952381
vt 0.551349 0.956159
vt 0.546223 0.952570
vt 0.546323 0.960651
vt 0.496926 0.962602
vt 0.497482 0.962170
vt 0.497255 0.961509
vt 0.497786 0.961539
vt 0.333333 1.000000
vt 0.380952 1.000000
vt 0.428571 1.000000
vt 0.476190 1.000000
vt 0.047619 -0.000000
vt 0.047619 0.047619
vt 0.047619 0.047619
vt -0.000000 0.095238
vt 0.095238 0.000000
vt 0.095238 0.095238
vt -0.000000 0.142857
vt 0.142857 0.095238
vt 0.142857 0.142857
vt 0.047619 0.190476
vt 0.190476 0.000000
vt 0.190476 0.047619
vt 0.190476 0.142857
vt 0.238095 0.238095
vt 0.238095 0.000000
vt 0.238095 0.190476
vt 0.238095 0.238095
vt 0.142857 0.285714
vt 0.285714 0.285714
vt 0.285714 0.000000
vt 0.333333 0.333333
vt 0.333333 0.047619
vt 0.333333 0.333333
vt 0.544309 0.965216
vt 0.540359 0.965214
vt 0.546223 0.965214
vt 0.538201 0.965217
vt 0.542368 0.965214
vt 0.540359 0.965216
vt 0.952381 0.186059
vt 0.952381 0.202975
vt 0.952381 0.183067
vt 0.956628 0.190032
vt 0.956627 0.187327
vt 0.952382 0.191264
vt 0.952382 0.188679
vt 0.952381 0.200366
vt 0.952382 0.201838
vt 0.952383 0.198843
vt 0.956574 0.200366
vt 0.956573 0.197198
vt 0.956864 0.180676
vt 0.956866 0.181641
vt 0.956609 0.192497
vt 0.956615 0.193928
vt 0.956861 0.176283
vt 0.952381 0.205894
vt 0.956398 0.212946
vt 0.956518 0.209708
vt 0.956524 0.210904
vt 0.956531 0.210905
vt 0.956544 0.205894
vt 0.956545 0.207277
vt 0.952383 0.207277
vt 0.952382 0.208533
vt 0.952384 0.212946
vt 0.956531 0.208533
vt 0.956531 0.211939
vt 0.952385 0.209708
vt 0.380952 0.095238
vt 0.380952 0.333333
vt -0.000000 0.428571
vt 0.428571 0.000000
vt 0.428571 0.476190
vt 0.428571 0.476190
vt 0.476190 0.000000
vt 0.476191 0.380952
vt 0.476191 0.476190
vt 0.476190 0.476190
vt 0.047619 0.523810
vt 0.955871 0.238962
vt 0.955869 0.238054
vt 0.952382 0.242123
vt 0.952382 0.229866
vt 0.952382 0.241112
vt 0.955866 0.241112
vt 0.955865 0.240002
vt 0.955981 0.226230
vt 0.952382 0.228688
vt 0.952382 0.226230
vt 0.955976 0.227480
vt 0.955975 0.224880
vt 0.956059 0.218936
vt 0.956061 0.219728
vt 0.955850 0.242123
vt 0.955855 0.243297
vt 0.956058 0.218675
vt 0.952381 0.216811
vt 0.955957 0.229865
vt 0.955831 0.243297
vt 0.955930 0.235145
vt 0.955935 0.236126
vt 0.955951 0.230917
vt 0.955952 0.233150
vt 0.952382 0.232051
vt 0.955952 0.234180
vt 0.952383 0.237801
vt 0.955940 0.234180
vt 0.955940 0.236975
vt 0.955943 0.235144
vt 0.523809 0.523809
vt 0.523810 0.428571
vt 0.523809 0.571429
vt 0.047619 0.571429
vt 0.523809 0.571429
vt 0.571429 0.000000
vt 0.142857 0.619048
vt 0.952381 0.187327
vt 0.949469 0.982233
vt 0.952381 0.184482
vt 0.956628 0.191264
vt 0.956627 0.188679
vt 0.952382 0.192497
vt 0.952382 0.190032
vt 0.949170 0.967304
vt 0.950642 0.982232
vt 0.949170 0.959843
vt 0.949170 0.974772
vt 0.950816 0.967302
vt 0.956864 0.179391
vt 0.956866 0.180357
vt 0.956609 0.193928
vt 0.956615 0.195359
vt 0.952381 0.178315
vt 0.949170 0.989673
vt 0.959665 0.165562
vt 0.959662 0.166493
vt 0.959785 0.162324
vt 0.959796 0.163520
vt 0.959622 0.168964
vt 0.951834 0.997104
vt 0.959813 0.158554
vt 0.950452 0.989674
vt 0.952382 0.159811
vt 0.959798 0.164555
vt 0.952384 0.162324
vt 0.952383 0.165562
vt 0.959798 0.161149
vt 0.619048 0.000000
vt 0.047619 0.666667
vt 0.666667 0.047619
vt 0.666667 0.714286
vt 0.047619 0.714286
vt 0.952381 0.246437
vt 0.952381 0.245166
vt 0.952382 0.248521
vt 0.952382 0.247527
vt 0.955805 0.247528
vt 0.955804 0.246437
vt 0.952381 0.255693
vt 0.954675 0.255693
vt 0.952384 0.254465
vt 0.952382 0.256880
vt 0.954674 0.253139
vt 0.955995 0.223844
vt 0.955997 0.224623
vt 0.952382 0.248521
vt 0.955795 0.249675
vt 0.955994 0.223587
vt 0.955993 0.222463
vt 0.952381 0.261265
vt 0.954536 0.265836
vt 0.954630 0.264871
vt 0.952383 0.264059
vt 0.952382 0.259117
vt 0.954651 0.261265
vt 0.952384 0.260232
vt 0.954652 0.262278
vt 0.954643 0.264871
vt 0.952382 0.262278
vt 0.954640 0.264059
vt 0.952386 0.263225
vt 0.714286 0.714286
vt 0.714286 0.047619
vt 0.714286 0.714286
vt 0.238095 0.761905
vt 0.333333 0.761905
vt 0.761905 0.190476
vt 0.761905 0.666667
vt 0.761905 0.714286
vt -0.000000 0.809524
vt 0.142857 0.809524
vt 0.809524 0.809524
vt 0.809524 0.047619
vt 0.857143 0.000000
vt 0.857143 0.904762
vt 0.904762 0.904762
s 1
f 4/1/1 16/2/1 15/3/1
f 3/4/2 14/5/2 16/6/2
f 13/7/3 4/8/3 15/9/3
f 1/10/4 13/11/4 14/12/4
f 27/13/2 8/5/2 7/14/2
f 8/5/5 5/15/5 7/14/5
f 27/16/6 5/17/6 25/18/6
f 26/19/7 8/18/7 28/20/7
f 6/21/3 25/20/3 5/22/3
f 35/23/6 12/14/6 11/24/6
f 10/25/8 36/26/8 34/24/8
f 10/26/9 11/27/9 12/28/9
f 9/18/10 34/29/10 33/30/10
f 9/31/11 35/18/11 11/30/11
f 1/22/12 4/32/12 2/33/12
f 16/34/13 20/35/13 15/36/13
f 14/37/2 19/38/2 16/39/2
f 13/38/3 20/26/3 18/40/3
f 13/26/14 17/41/14 14/40/14
f 27/41/2 24/36/2 28/42/2
f 21/43/15 24/44/15 23/45/15
f 21/46/6 27/47/6 25/48/6
f 24/49/16 26/48/16 28/50/16
f 25/51/3 22/52/3 21/53/3
f 31/54/6 36/53/6 35/55/6
f 36/56/8 30/57/8 34/58/8
f 32/38/17 29/59/17 30/57/17
f 34/40/10 29/60/10 33/59/10
f 29/60/11 35/42/11 33/61/11
f 20/42/18 17/62/18 18/61/18
f 37/47/3 40/63/3 38/64/3
f 44/48/2 41/64/2 42/65/2
f 44/50/6 38/65/6 40/66/6
f 42/67/5 37/66/5 38/68/5
f 41/69/10 39/70/10 37/71/10
f 43/72/15 40/73/15 39/74/15
f 46/75/10 70/76/10 45/77/10
f 74/57/6 48/78/6 47/76/6
f 48/79/2 72/80/2 46/78/2
f 47/60/5 46/81/5 45/80/5
f 74/61/3 45/82/3 70/81/3
f 52/62/2 49/83/2 50/82/2
f 53/84/3 56/85/3 54/86/3
f 50/65/6 56/87/6 52/88/6
f 49/66/5 54/88/5 50/89/5
f 51/68/10 53/89/10 49/90/10
f 52/71/15 55/91/15 51/92/15
f 86/74/10 58/93/10 57/94/10
f 60/95/6 90/94/6 59/96/6
f 88/97/3 60/98/3 58/99/3
f 58/100/5 59/101/5 57/98/5
f 57/78/2 90/102/2 86/101/2
f 64/80/3 61/103/3 62/102/3
f 65/81/2 68/104/2 66/103/2
f 62/82/6 68/105/6 64/106/6
f 61/83/15 66/107/15 62/105/15
f 61/108/10 67/109/10 65/110/10
f 64/88/5 67/111/5 63/112/5
f 70/89/10 71/112/10 69/113/10
f 75/90/6 74/113/6 73/114/6
f 72/92/2 75/115/2 71/116/2
f 71/94/15 73/117/15 69/118/15
f 69/96/3 74/118/3 70/119/3
f 77/120/2 80/121/2 78/122/2
f 84/123/3 81/124/3 82/125/3
f 84/126/6 78/127/6 80/124/6
f 82/101/15 77/128/15 78/127/15
f 81/129/10 79/130/10 77/131/10
f 83/103/5 80/132/5 79/130/5
f 87/106/10 86/133/10 85/132/10
f 90/105/6 91/134/6 89/133/6
f 91/107/3 88/135/3 87/134/3
f 89/108/15 87/136/15 85/137/15
f 90/138/2 85/137/2 86/139/2
f 96/140/19 93/141/20 95/142/21
f 97/143/22 99/144/23 100/145/24
f 96/140/25 98/146/25 94/147/25
f 104/148/26 101/149/26 103/150/26
f 105/151/27 107/152/27 108/153/27
f 104/148/25 106/154/25 102/155/25
f 110/156/25 111/157/25 109/158/25
f 114/159/25 115/160/25 113/161/25
f 109/158/28 117/162/28 110/156/28
f 123/163/29 115/160/29 116/164/29
f 119/165/30 111/157/30 112/166/30
f 113/161/31 121/167/31 114/159/31
f 128/168/32 125/169/32 127/170/32
f 129/171/33 131/172/33 132/173/33
f 128/168/34 130/174/34 126/175/34
f 134/176/34 135/177/34 133/178/34
f 139/179/35 135/177/35 136/180/35
f 133/178/36 137/181/36 134/176/36
f 144/182/37 141/183/38 143/184/39
f 148/185/40 146/186/41 147/187/42
f 315/188/43 310/189/43 312/190/43
f 147/187/10 142/191/10 144/182/10
f 152/192/44 149/193/44 151/194/44
f 153/195/45 155/196/45 156/197/45
f 155/196/10 150/198/10 152/192/10
f 160/199/10 157/200/10 158/201/10
f 162/202/10 163/203/10 161/204/10
f 166/205/46 158/201/46 157/200/46
f 313/206/47 315/188/47 316/207/47
f 171/208/48 163/203/48 164/209/48
f 312/190/49 309/210/49 311/211/49
f 167/212/50 159/213/50 160/199/50
f 170/214/51 162/202/51 161/204/51
f 176/215/52 173/216/53 175/217/54
f 180/218/55 178/219/56 179/220/57
f 179/220/58 174/221/58 176/215/58
f 184/222/59 181/223/59 183/224/59
f 185/225/60 187/226/60 188/227/60
f 184/222/58 186/228/58 182/229/58
f 192/230/58 189/231/58 190/232/58
f 194/233/58 195/234/58 193/235/58
f 198/236/61 190/232/61 189/231/61
f 203/237/62 195/234/62 196/238/62
f 199/239/63 191/240/63 192/230/63
f 202/241/64 194/233/64 193/235/64
f 208/242/65 205/243/66 207/244/67
f 212/245/68 210/246/69 211/247/70
f 205/243/6 212/245/6 207/244/6
f 307/248/43 302/249/43 304/250/43
f 216/251/44 213/252/44 215/253/44
f 217/254/45 219/255/45 220/256/45
f 213/252/6 220/256/6 215/253/6
f 230/257/6 231/258/6 229/259/6
f 234/260/6 235/261/6 233/262/6
f 230/257/71 222/263/71 221/264/71
f 308/265/72 306/266/73 307/248/74
f 235/261/75 227/267/75 228/268/75
f 304/250/76 301/269/77 303/270/78
f 224/271/79 232/272/79 223/273/79
f 234/260/80 226/274/80 225/275/80
f 240/276/81 237/277/82 239/278/83
f 244/279/84 242/280/85 243/281/86
f 241/282/87 239/278/87 237/277/87
f 248/283/88 245/284/88 247/285/88
f 249/286/89 251/287/89 252/288/89
f 245/284/87 252/288/87 247/285/87
f 261/289/87 264/290/87 263/291/87
f 265/292/87 268/293/87 267/294/87
f 262/295/90 254/296/90 253/297/90
f 267/294/91 259/298/91 260/299/91
f 263/291/92 255/300/92 256/301/92
f 266/302/93 258/303/93 257/304/93
f 272/305/94 269/306/95 271/307/96
f 276/308/97 274/309/98 275/310/99
f 330/311/100 322/312/100 321/313/100
f 272/305/101 274/309/101 270/314/101
f 327/315/102 319/316/102 320/317/102
f 280/318/103 277/319/103 279/320/103
f 281/321/104 283/322/104 284/323/104
f 331/324/105 323/325/105 324/326/105
f 280/318/101 282/327/101 278/328/101
f 326/329/106 318/330/106 317/331/106
f 286/332/101 287/333/101 285/334/101
f 290/335/101 291/336/101 289/337/101
f 294/338/107 286/332/107 285/334/107
f 299/339/108 291/336/108 292/340/108
f 295/341/109 287/333/109 288/342/109
f 322/312/43 323/325/43 321/313/43
f 298/343/110 290/335/110 289/337/110
f 320/317/43 317/331/43 318/330/43
f 385/344/10 388/345/10 386/346/10
f 381/115/6 384/346/6 382/347/6
f 377/116/101 380/347/101 378/348/101
f 373/349/58 376/348/58 374/350/58
f 369/351/43 372/350/43 370/352/43
f 365/353/87 368/354/87 366/355/87
f 352/356/111 375/355/111 351/357/111
f 334/358/112 341/124/113 333/359/114
f 343/124/115 334/360/112 336/359/116
f 344/361/117 336/362/116 335/360/118
f 341/131/113 335/363/118 333/362/114
f 341/130/119 368/364/119 344/363/119
f 336/364/120 345/133/121 335/365/122
f 347/133/123 336/366/120 340/365/124
f 348/134/125 340/367/124 339/366/126
f 335/367/122 348/368/125 339/369/126
f 362/370/127 386/371/127 361/372/127
f 340/373/128 349/137/129 339/374/130
f 338/375/131 350/345/132 340/376/128
f 352/347/133 338/375/131 337/377/134
f 349/348/129 337/377/134 339/378/130
f 354/379/135 379/348/135 377/378/135
f 354/352/136 337/379/137 338/380/138
f 355/355/139 338/381/138 334/382/140
f 356/357/141 334/382/140 333/383/142
f 337/384/137 356/357/141 333/383/142
f 348/385/143 371/386/143 347/387/143
f 358/388/144 335/389/145 339/386/144
f 359/360/146 339/390/144 337/389/146
f 333/390/147 359/363/146 337/391/146
f 335/391/145 360/364/147 333/392/147
f 357/392/148 381/365/148 382/393/148
f 336/393/149 361/366/150 340/394/150
f 363/366/151 336/395/149 334/394/151
f 364/367/152 334/396/151 338/395/152
f 340/397/150 364/398/152 338/399/152
f 359/400/153 381/401/153 358/402/153
f 348/403/154 370/400/154 372/402/154
f 356/375/155 379/403/155 355/404/155
f 363/377/156 385/404/156 362/405/156
f 349/378/157 376/405/157 352/406/157
f 360/379/158 383/406/158 359/407/158
f 353/380/159 380/407/159 356/408/159
f 363/409/160 388/380/160 387/408/160
f 357/410/161 384/409/161 360/411/161
f 364/412/162 386/410/162 388/411/162
f 342/413/163 366/412/163 341/414/163
f 346/415/164 370/416/164 345/417/164
f 342/416/165 367/389/165 365/418/165
f 350/389/166 374/419/166 349/418/166
f 347/390/167 369/420/167 346/419/167
f 354/391/168 378/421/169 353/420/169
f 344/392/170 367/422/170 343/421/170
f 350/422/171 375/394/171 373/423/171
f 392/424/172 389/425/173 391/426/174
f 396/427/175 394/428/176 395/429/177
f 563/430/178 558/431/178 560/432/178
f 395/429/10 390/433/10 392/424/10
f 400/434/179 397/435/179 399/436/179
f 401/437/180 403/438/180 404/439/180
f 403/438/10 398/440/10 400/434/10
f 408/441/10 405/442/10 406/443/10
f 410/444/10 411/445/10 409/446/10
f 414/447/181 406/443/181 405/442/181
f 564/448/182 562/449/182 563/430/182
f 419/450/183 411/445/183 412/451/183
f 560/432/184 557/452/184 559/453/184
f 415/454/185 407/455/185 408/441/185
f 418/456/186 410/444/186 409/446/186
f 424/457/187 421/458/188 423/459/189
f 428/460/190 426/461/191 427/462/192
f 427/462/193 422/463/193 424/457/193
f 432/464/194 429/465/194 431/466/194
f 433/467/195 435/468/195 436/469/195
f 432/464/193 434/470/193 430/471/193
f 440/472/193 437/473/193 438/474/193
f 442/475/193 443/476/193 441/477/193
f 446/478/196 438/474/196 437/473/196
f 451/479/197 443/476/197 444/480/197
f 447/481/198 439/482/198 440/472/198
f 450/483/199 442/475/199 441/477/199
f 456/484/200 453/485/201 455/486/202
f 460/487/203 458/488/204 459/489/205
f 453/485/6 460/487/6 455/486/6
f 555/490/178 550/491/178 552/492/178
f 464/493/179 461/494/179 463/495/179
f 465/496/180 467/497/180 468/498/180
f 461/494/6 468/498/6 463/495/6
f 478/499/6 479/500/6 477/501/6
f 482/502/6 483/503/6 481/504/6
f 478/499/206 470/505/206 469/506/206
f 556/507/207 554/508/208 555/490/209
f 483/503/210 475/509/210 476/510/210
f 552/492/211 549/511/212 551/512/213
f 479/500/214 471/513/214 472/514/214
f 482/502/215 474/515/215 473/516/215
f 488/517/216 485/518/217 487/519/218
f 492/520/219 490/521/220 491/522/221
f 489/523/222 487/519/222 485/518/222
f 496/524/223 493/525/223 495/526/223
f 497/527/224 499/528/224 500/529/224
f 493/525/222 500/529/222 495/526/222
f 509/530/222 512/531/222 511/532/222
f 513/533/222 516/534/222 515/535/222
f 510/536/225 502/537/225 501/538/225
f 515/535/226 507/539/226 508/540/226
f 511/532/227 503/541/227 504/542/227
f 514/543/228 506/544/228 505/545/228
f 520/546/229 517/547/230 519/548/231
f 521/549/232 523/550/233 524/551/234
f 578/552/235 570/553/235 569/554/235
f 520/546/236 522/555/236 518/556/236
f 575/557/237 567/558/237 568/559/237
f 528/560/238 525/561/238 527/562/238
f 529/563/239 531/564/239 532/565/239
f 579/566/240 571/567/240 572/568/240
f 528/560/236 530/569/236 526/570/236
f 565/571/241 573/572/241 566/573/241
f 534/574/236 535/575/236 533/576/236
f 538/577/236 539/578/236 537/579/236
f 542/580/242 534/574/242 533/576/242
f 547/581/243 539/578/243 540/582/243
f 543/583/244 535/575/244 536/584/244
f 570/553/178 571/567/178 569/554/178
f 537/579/245 545/585/245 538/577/245
f 568/559/178 565/571/178 566/573/178
f 633/394/10 636/586/10 634/423/10
f 629/395/6 632/587/6 630/586/6
f 625/397/236 628/588/236 626/589/236
f 621/399/193 624/590/193 622/588/193
f 617/402/178 620/591/178 618/592/178
f 613/403/222 616/592/222 614/593/222
f 599/594/246 624/403/246 623/593/246
f 582/595/247 589/404/248 581/594/249
f 591/406/250 582/595/247 584/596/251
f 592/407/252 584/596/251 583/597/253
f 581/598/249 592/407/252 583/597/253
f 589/409/254 616/598/254 592/599/254
f 584/600/255 593/601/256 583/602/257
f 595/603/258 584/600/255 588/604/259
f 596/414/260 588/604/259 587/605/261
f 583/606/257 596/607/260 587/608/261
f 610/609/262 634/610/262 609/611/262
f 588/610/263 597/418/264 587/612/265
f 599/418/266 588/613/263 586/612/267
f 600/419/268 586/614/267 585/613/269
f 597/420/264 585/615/269 587/614/265
f 602/615/270 627/422/270 625/616/270
f 586/616/271 601/423/272 585/617/273
f 582/617/274 602/586/275 586/618/271
f 604/586/276 582/619/274 581/618/277
f 601/589/272 581/620/277 585/619/273
f 595/620/278 620/590/278 619/621/278
f 587/622/279 605/606/280 583/623/280
f 607/624/281 587/625/279 585/626/281
f 581/627/282 607/592/281 585/628/281
f 583/629/280 608/593/282 581/627/282
f 606/595/283 630/629/283 605/630/283
f 584/631/284 609/595/285 588/630/285
f 611/597/286 584/631/284 582/632/286
f 612/598/287 582/632/286 586/633/287
f 588/634/285 612/598/287 586/633/287
f 607/600/288 629/635/288 606/636/288
f 593/604/289 620/636/289 596/637/289
f 603/638/290 628/604/290 627/639/290
f 611/606/291 633/640/292 610/641/292
f 597/623/293 624/641/293 600/642/293
f 608/643/294 631/644/294 607/645/294
f 601/610/295 628/646/295 604/644/295
f 612/612/296 635/647/296 611/646/296
f 608/648/297 630/614/297 632/649/297
f 612/649/298 634/650/298 636/651/298
f 590/615/299 614/652/299 589/653/299
f 594/616/300 618/654/300 593/652/300
f 590/654/301 615/618/302 613/655/301
f 598/618/303 622/656/303 597/655/303
f 595/619/304 617/657/304 594/656/304
f 602/620/305 626/658/306 601/657/306
f 591/659/307 616/623/307 615/660/307
f 598/660/308 623/661/308 621/662/308
f 640/663/309 637/664/310 639/665/311
f 644/666/312 642/667/313 643/668/314
f 811/669/315 806/670/315 808/671/315
f 643/668/10 638/672/10 640/663/10
f 648/673/316 645/674/316 647/675/316
f 649/676/317 651/677/317 652/678/317
f 651/677/10 646/679/10 648/673/10
f 656/680/10 653/681/10 654/682/10
f 658/683/10 659/684/10 657/685/10
f 662/686/318 654/682/318 653/681/318
f 809/687/319 811/669/319 812/688/319
f 667/689/320 659/684/320 660/690/320
f 808/671/321 805/691/322 807/692/321
f 663/693/323 655/694/323 656/680/323
f 666/695/324 658/683/324 657/685/324
f 672/696/325 669/697/326 671/698/327
f 676/699/328 674/700/329 675/701/330
f 675/701/331 670/702/331 672/696/331
f 680/703/332 677/704/332 679/705/332
f 681/706/333 683/707/333 684/708/333
f 680/703/331 682/709/331 678/710/331
f 688/711/331 685/712/331 686/713/331
f 692/714/331 689/715/331 690/716/331
f 694/717/334 686/713/334 685/712/334
f 699/718/335 691/719/335 692/714/335
f 695/720/336 687/721/336 688/711/336
f 698/722/337 690/716/337 689/715/337
f 704/723/338 701/724/339 703/725/340
f 708/726/341 706/727/342 707/728/343
f 701/724/6 708/726/6 703/725/6
f 803/729/315 798/730/315 800/731/315
f 712/732/316 709/733/316 711/734/316
f 713/735/317 715/736/317 716/737/317
f 709/733/6 716/737/6 711/734/6
f 726/738/6 727/739/6 725/740/6
f 730/741/6 731/742/6 729/743/6
f 726/738/344 718/744/344 717/745/344
f 804/746/345 802/747/346 803/729/347
f 724/748/348 732/749/348 723/750/348
f 800/731/349 797/751/350 799/752/351
f 727/739/352 719/753/352 720/754/352
f 730/741/353 722/755/353 721/756/353
f 736/757/354 733/758/355 735/759/356
f 740/760/357 738/761/358 739/762/359
f 733/758/360 740/760/360 735/759/360
f 744/763/361 741/764/361 743/765/361
f 745/766/362 747/767/362 748/768/362
f 741/764/360 748/768/360 743/765/360
f 758/769/360 759/770/360 757/771/360
f 761/772/360 764/773/360 763/774/360
f 758/769/363 750/775/363 749/776/363
f 763/774/364 755/777/364 756/778/364
f 759/770/365 751/779/366 752/780/365
f 762/781/367 754/782/367 753/783/367
f 767/784/368 766/785/369 765/786/370
f 769/787/371 771/788/372 772/789/373
f 826/790/374 818/791/374 817/792/374
f 768/793/375 770/794/375 766/785/375
f 823/795/376 815/796/377 816/797/376
f 775/798/378 774/799/378 773/800/378
f 777/801/379 779/802/380 780/803/380
f 827/804/381 819/805/381 820/806/381
f 776/807/375 778/808/375 774/799/375
f 822/809/382 814/810/382 813/811/382
f 782/812/375 783/813/375 781/814/375
f 786/815/375 787/816/375 785/817/375
f 790/818/383 782/812/384 781/814/383
f 795/819/385 787/816/385 788/820/385
f 791/821/386 783/813/386 784/822/386
f 820/806/315 817/792/315 818/791/315
f 794/823/387 786/815/387 785/817/387
f 816/797/315 813/811/315 814/810/315
f 881/824/10 884/825/10 882/826/10
f 877/827/6 880/826/6 878/828/6
f 873/829/375 876/828/375 874/830/375
f 869/630/331 872/831/331 870/832/331
f 865/631/315 868/832/315 866/833/315
f 861/632/360 864/833/360 862/834/360
f 847/835/388 872/632/388 871/834/388
f 830/836/389 837/633/390 829/835/391
f 839/636/392 830/837/389 832/838/393
f 840/637/394 832/838/393 831/839/395
f 837/638/390 831/840/395 829/841/391
f 840/842/396 862/640/396 864/843/396
f 832/844/397 841/641/398 831/842/399
f 843/845/400 832/844/397 836/846/401
f 844/847/402 836/848/401 835/849/403
f 831/848/399 844/646/402 835/850/403
f 858/851/404 882/852/404 857/850/404
f 836/852/405 845/649/406 835/853/407
f 834/853/408 846/651/409 836/854/405
f 848/653/410 834/855/408 833/856/411
f 845/652/406 833/857/411 835/855/407
f 851/654/412 873/858/412 850/857/412
f 850/655/413 833/859/414 834/858/415
f 830/859/416 850/657/413 834/860/415
f 852/657/417 830/861/416 829/860/418
f 849/659/419 829/862/418 833/861/414
f 843/862/420 868/662/420 867/863/420
f 835/863/421 853/864/422 831/865/422
f 833/866/423 854/867/421 835/868/421
f 829/869/424 855/826/423 833/870/423
f 831/871/422 856/872/424 829/873/424
f 853/874/425 877/831/425 878/875/425
f 858/833/426 836/874/427 832/876/426
f 859/834/428 832/876/426 830/877/428
f 860/835/429 830/877/428 834/878/429
f 857/836/427 834/878/429 836/879/427
f 854/880/430 879/837/431 877/881/430
f 841/839/432 868/880/432 844/882/432
f 851/883/433 876/840/433 875/884/433
f 859/842/434 881/885/435 858/886/435
f 848/887/436 870/842/436 872/886/436
f 855/888/437 880/844/437 879/887/437
f 852/889/438 874/846/438 876/888/438
f 860/890/439 883/891/439 859/892/439
f 856/891/440 878/850/441 880/893/440
f 860/893/442 882/852/443 884/894/442
f 838/852/444 862/895/444 837/894/444
f 842/853/445 866/896/445 841/895/445
f 839/856/446 861/897/446 838/898/446
f 846/855/447 870/899/447 845/897/447
f 842/899/448 867/858/448 865/900/448
f 850/858/449 874/901/449 849/900/449
f 839/901/450 864/860/450 863/902/450
f 847/860/451 869/903/451 846/902/451
f 888/904/452 885/905/453 887/906/454
f 892/907/455 890/908/456 891/909/457
f 1056/910/458 1058/911/458 1054/912/458
f 891/909/10 886/913/10 888/904/10
f 896/914/459 893/915/459 895/916/459
f 897/917/460 899/918/460 900/919/460
f 899/918/10 894/920/10 896/914/10
f 904/921/10 901/922/10 902/923/10
f 906/924/10 907/925/10 905/926/10
f 910/927/461 902/923/461 901/922/461
f 1057/928/462 1059/929/462 1060/930/462
f 915/931/463 907/925/463 908/932/463
f 1056/910/464 1053/933/464 1055/934/464
f 911/935/465 903/936/465 904/921/465
f 914/937/466 906/924/466 905/926/466
f 920/938/467 917/939/468 919/940/469
f 924/941/470 922/942/471 923/943/472
f 923/943/473 918/944/474 920/938/473
f 927/945/475 926/946/475 925/947/475
f 929/948/476 931/949/476 932/950/476
f 928/951/473 930/952/474 926/946/474
f 934/953/473 935/954/474 933/955/474
f 938/956/474 939/957/474 937/958/474
f 942/959/477 934/953/477 933/955/477
f 947/960/478 939/957/478 940/961/478
f 943/962/479 935/954/479 936/963/479
f 946/964/480 938/956/480 937/958/480
f 952/965/481 949/966/482 951/967/483
f 956/968/484 954/969/485 955/970/486
f 949/966/6 956/968/6 951/967/6
f 1048/971/458 1050/972/458 1046/973/458
f 959/974/459 958/975/459 957/976/459
f 961/977/460 963/978/460 964/979/460
f 957/976/6 964/979/6 959/974/6
f 974/980/6 975/981/6 973/982/6
f 978/983/6 979/984/6 977/985/6
f 974/980/487 966/986/487 965/987/487
f 1052/988/488 1050/972/489 1051/989/490
f 979/984/491 971/990/491 972/991/491
f 1048/971/492 1045/992/493 1047/993/494
f 975/981/495 967/994/495 968/995/495
f 978/983/496 970/996/496 969/997/496
f 984/998/497 981/999/498 983/1000/499
f 988/1001/500 986/1002/501 987/1003/502
f 985/1004/503 983/1000/503 981/999/503
f 992/1005/504 989/1006/505 991/1007/504
f 996/1008/506 994/1009/507 995/1010/506
f 993/1011/503 991/1007/508 989/1006/503
f 1005/1012/508 1008/1013/503 1007/1014/508
f 1009/1015/503 1012/1016/503 1011/1017/503
f 1006/1018/509 998/1019/509 997/1020/509
f 1011/1017/510 1003/1021/510 1004/1022/510
f 1007/1014/511 999/1023/511 1000/1024/511
f 1010/1025/512 1002/1026/512 1001/1027/512
f 1016/1028/513 1013/1029/514 1015/1030/515
f 1020/1031/516 1018/1032/517 1019/1033/518
f 1065/1034/519 1073/1035/519 1066/1036/519
f 1016/1028/520 1018/1032/520 1014/1037/520
f 1071/1038/521 1063/1039/521 1064/1040/521
f 1024/1041/522 1021/1042/522 1023/1043/522
f 1025/1044/523 1027/1045/523 1028/1046/523
f 1075/1047/524 1067/1048/524 1068/1049/524
f 1024/1041/520 1026/1050/520 1022/1051/520
f 1061/1052/525 1069/1053/525 1062/1054/525
f 1030/1055/520 1031/1056/520 1029/1057/520
f 1034/1058/520 1035/1059/520 1033/1060/520
f 1029/1057/526 1037/1061/527 1030/1055/527
f 1036/1062/528 1044/1063/528 1035/1059/528
f 1039/1064/529 1031/1056/530 1032/1065/529
f 1066/1036/458 1067/1048/458 1065/1034/458
f 1042/1066/531 1034/1058/531 1033/1060/531
f 1062/1054/458 1063/1039/458 1061/1052/458
f 1129/861/10 1132/1067/10 1130/903/10
f 1125/862/6 1128/1068/6 1126/1067/6
f 1121/1069/520 1124/1070/520 1122/1068/520
f 1117/1071/474 1120/1072/474 1118/1070/474
f 1113/866/458 1116/1073/458 1114/1074/458
f 1109/873/503 1112/1075/503 1110/1076/503
f 1096/871/532 1119/1076/532 1095/1077/532
f 1078/1078/533 1085/875/534 1077/1079/535
f 1080/1080/536 1086/874/537 1078/1078/533
f 1088/877/538 1080/1080/536 1079/1081/539
f 1085/878/534 1079/1081/539 1077/1082/535
f 1085/879/540 1112/1082/540 1088/1083/540
f 1080/1084/541 1089/881/542 1079/1085/543
f 1091/882/544 1080/1084/541 1084/1086/545
f 1092/883/546 1084/1087/545 1083/1088/547
f 1079/1089/543 1092/885/546 1083/1090/547
f 1106/887/548 1130/1089/548 1105/1091/548
f 1084/1092/549 1093/887/550 1083/1091/551
f 1082/1093/552 1094/888/553 1084/1092/549
f 1096/1072/554 1082/1094/552 1081/1095/555
f 1093/1096/550 1081/1097/555 1083/1098/551
f 1099/891/556 1121/1099/556 1098/1097/556
f 1082/1099/557 1097/894/558 1081/1100/559
f 1099/894/560 1082/1101/557 1078/1100/561
f 1100/895/562 1078/1102/561 1077/1101/563
f 1081/1102/559 1100/1103/562 1077/1104/563
f 1092/1103/564 1115/1105/564 1091/1104/564
f 1083/1105/565 1101/900/566 1079/1106/566
f 1081/1106/567 1102/901/565 1083/1107/565
f 1077/1107/568 1103/902/567 1081/1108/567
f 1079/1108/566 1104/903/568 1077/1109/568
f 1101/1109/569 1125/1067/569 1126/1110/569
f 1106/1067/570 1084/1111/571 1080/1110/570
f 1107/1068/572 1080/1112/570 1078/1111/572
f 1108/1070/573 1078/1113/572 1082/1112/573
f 1105/1072/571 1082/1114/573 1084/1113/571
f 1102/1115/574 1127/1116/574 1125/1117/574
f 1092/1118/575 1114/1075/575 1116/1115/575
f 1100/1077/576 1123/1118/576 1099/1119/576
f 1107/1120/577 1129/1119/577 1106/1121/577
f 1093/1122/578 1120/1123/578 1096/1124/578
f 1104/1125/579 1127/1124/579 1103/1126/579
f 1100/1127/580 1122/1125/580 1124/1126/580
f 1107/1128/581 1132/1129/581 1131/1127/581
f 1101/1084/582 1128/1128/582 1104/1130/582
f 1105/1086/583 1132/1130/583 1108/1131/583
f 1086/1132/584 1110/1131/584 1085/1133/584
f 1090/1134/585 1114/1133/585 1089/1135/585
f 1086/1136/586 1111/1134/586 1109/1135/586
f 1093/1137/587 1117/1138/587 1118/1136/587
f 1091/1139/588 1113/1137/588 1090/1140/588
f 1098/1141/589 1122/1142/589 1097/1143/589
f 1088/1144/590 1111/1143/590 1087/1145/590
f 1094/1146/591 1119/1097/591 1117/1147/591
f 1135/1097/5 1134/1148/5 1133/1147/5
f 1139/1149/3 1136/1150/3 1135/1148/3
f 1137/1100/15 1140/1151/15 1139/1150/15
f 1133/1101/2 1138/1152/2 1137/1151/2
f 1133/1102/10 1139/1153/10 1135/1152/10
f 1138/1104/6 1136/1154/6 1140/1153/6
f 1142/1155/2 1152/1156/2 1148/1157/2
f 1145/1158/592 1152/1156/592 1151/1159/592
f 1142/1155/6 1145/1158/6 1144/1160/6
f 1144/1160/3 1151/1159/3 1149/1161/3
f 1141/1162/2 1152/1156/2 1150/1163/2
f 1143/1164/10 1147/1165/10 1141/1162/10
f 1143/1164/3 1151/1159/3 1146/1166/3
f 1151/1159/593 1147/1165/593 1146/1166/593
f 1160/1167/594 1155/1168/595 1158/1169/596
f 1158/1169/596 1162/1170/597 1160/1167/594
f 1162/1170/597 1157/1171/598 1161/1172/599
f 1153/1173/600 1161/1172/599 1157/1171/598
f 1170/1174/594 1165/1175/595 1168/1176/596
f 1168/1176/596 1172/1177/597 1170/1174/594
f 1172/1177/597 1167/1178/598 1171/1179/599
f 1163/1180/600 1171/1179/599 1167/1178/598
f 1180/1181/594 1175/1182/595 1178/1183/596
f 1178/1183/596 1182/1184/597 1180/1181/594
f 1182/1184/597 1177/1185/598 1181/1186/599
f 1173/1187/600 1181/1186/599 1177/1185/598
f 1190/1188/594 1185/1189/595 1188/1190/596
f 1188/1190/596 1192/1191/597 1190/1188/594
f 1192/1191/597 1187/1192/598 1191/1193/599
f 1183/1194/600 1191/1193/599 1187/1192/598
f 1200/1195/594 1195/1196/595 1198/1197/596
f 1198/1197/596 1202/1198/597 1200/1195/594
f 1202/1198/597 1197/1199/598 1201/1200/599
f 1193/1201/600 1201/1200/599 1197/1199/598
f 1205/1202/601 1210/1203/602 1208/1204/603
f 1212/1205/604 1208/1204/603 1210/1203/602
f 1212/1205/604 1207/1206/605 1209/1207/606
f 1203/1208/607 1211/1209/608 1204/1210/607
f 1215/1211/601 1220/1212/602 1218/1213/603
f 1222/1214/604 1218/1213/603 1220/1212/602
f 1222/1214/604 1217/1215/605 1219/1216/606
f 1213/1217/607 1221/1218/608 1214/1219/607
f 1225/1220/601 1230/1221/602 1228/1222/603
f 1232/1223/604 1228/1222/603 1230/1221/602
f 1232/1223/604 1227/1224/605 1229/1225/606
f 1223/1226/607 1231/1227/608 1224/1228/607
f 1235/1229/601 1240/1230/602 1238/1231/603
f 1242/1232/604 1238/1231/603 1240/1230/602
f 1242/1232/604 1237/1233/605 1239/1234/606
f 1233/1235/607 1241/1236/608 1234/1237/607
f 1245/1238/601 1250/1239/602 1248/1240/603
f 1252/1241/604 1248/1240/603 1250/1239/602
f 1252/1241/604 1247/1242/605 1249/1243/606
f 1243/1244/607 1251/1245/608 1244/1246/607
f 1260/1247/594 1255/1248/595 1258/1249/596
f 1258/1249/596 1262/1250/597 1260/1247/594
f 1262/1250/597 1257/1251/598 1261/1252/599
f 1253/1253/600 1261/1252/599 1257/1251/598
f 1270/1254/594 1265/1255/595 1268/1256/596
f 1268/1256/596 1272/1257/597 1270/1254/594
f 1272/1257/597 1267/1258/598 1271/1259/599
f 1263/1260/600 1271/1259/599 1267/1258/598
f 1280/1261/594 1275/1262/595 1278/1263/596
f 1278/1263/596 1282/1264/597 1280/1261/594
f 1282/1264/597 1277/1265/598 1281/1266/599
f 1273/1267/600 1281/1266/599 1277/1265/598
f 1290/1268/594 1285/1269/595 1288/1270/596
f 1288/1270/596 1292/1271/597 1290/1268/594
f 1292/1271/597 1287/1272/598 1291/1273/599
f 1283/1274/600 1291/1273/599 1287/1272/598
f 1300/1275/594 1295/1276/595 1298/1277/596
f 1298/1277/596 1302/1278/597 1300/1275/594
f 1302/1278/597 1297/1279/598 1301/1280/599
f 1293/1281/600 1301/1280/599 1297/1279/598
f 1305/1282/601 1310/1283/602 1308/1284/603
f 1312/1285/604 1308/1284/603 1310/1283/602
f 1312/1285/604 1307/1286/605 1309/1287/606
f 1303/1288/607 1311/1289/608 1304/1290/607
f 1315/1291/601 1320/1292/602 1318/1293/603
f 1322/1294/604 1318/1293/603 1320/1292/602
f 1322/1294/604 1317/1295/605 1319/1296/606
f 1313/1297/607 1321/1298/608 1314/1299/607
f 1325/1300/601 1330/1301/602 1328/1302/603
f 1332/1303/604 1328/1302/603 1330/1301/602
f 1332/1303/604 1327/1304/605 1329/1305/606
f 1323/1306/607 1331/1307/608 1324/1308/607
f 1335/1309/601 1340/1310/602 1338/1311/603
f 1342/1312/604 1338/1311/603 1340/1310/602
f 1342/1312/604 1337/1313/605 1339/1314/606
f 1333/1315/607 1341/1316/608 1334/1317/607
f 1345/1318/601 1350/1319/602 1348/1320/603
f 1352/1321/604 1348/1320/603 1350/1319/602
f 1352/1321/604 1347/1322/605 1349/1323/606
f 1343/1324/607 1351/1325/608 1344/1326/607
f 1360/1327/594 1355/1328/595 1358/1329/596
f 1358/1329/596 1362/1330/597 1360/1327/594
f 1362/1330/597 1357/1331/598 1361/1332/599
f 1353/1333/600 1361/1332/599 1357/1331/598
f 1370/1334/594 1365/1335/595 1368/1336/596
f 1368/1336/596 1372/1337/597 1370/1334/594
f 1372/1337/597 1367/1338/598 1371/1339/599
f 1363/1340/600 1371/1339/599 1367/1338/598
f 1380/1341/594 1375/1342/595 1378/1343/596
f 1378/1343/596 1382/1344/597 1380/1341/594
f 1382/1344/597 1377/1345/598 1381/1346/599
f 1373/1347/600 1381/1346/599 1377/1345/598
f 1390/1348/594 1385/1349/595 1388/1350/596
f 1388/1350/596 1392/1351/597 1390/1348/594
f 1392/1351/597 1387/1352/598 1391/1353/599
f 1383/1354/600 1391/1353/599 1387/1352/598
f 1400/1355/594 1395/1356/595 1398/1357/596
f 1398/1357/596 1402/1358/597 1400/1355/594
f 1402/1358/597 1397/1359/598 1401/1360/599
f 1393/1361/600 1401/1360/599 1397/1359/598
f 1405/1362/601 1410/1363/602 1408/1364/603
f 1412/1365/604 1408/1364/603 1410/1363/602
f 1412/1365/604 1407/1366/605 1409/1367/606
f 1403/1368/607 1411/1369/608 1404/1370/607
f 1415/1371/601 1420/1372/602 1418/1373/603
f 1422/1374/604 1418/1373/603 1420/1372/602
f 1422/1374/604 1417/1375/605 1419/1376/606
f 1413/1377/607 1421/1378/608 1414/1379/607
f 1425/1380/601 1430/1381/602 1428/1382/603
f 1432/1383/604 1428/1382/603 1430/1381/602
f 1432/1383/604 1427/1384/605 1429/1385/606
f 1423/1386/607 1431/1387/608 1424/1388/607
f 1435/1389/601 1440/1390/602 1438/1391/603
f 1442/1392/604 1438/1391/603 1440/1390/602
f 1442/1392/604 1437/1393/605 1439/1394/606
f 1433/1395/607 1441/1396/608 1434/1397/607
f 1445/1398/601 1450/1399/602 1448/1400/603
f 1452/1401/604 1448/1400/603 1450/1399/602
f 1452/1401/604 1447/1402/605 1449/1403/606
f 1443/1404/607 1451/1405/608 1444/1406/607
f 1460/1407/594 1455/1408/595 1458/1409/596
f 1458/1409/596 1462/1410/597 1460/1407/594
f 1462/1410/597 1457/1411/598 1461/1412/599
f 1453/1413/600 1461/1412/599 1457/1411/598
f 1470/1414/594 1465/1415/595 1468/1416/596
f 1468/1416/596 1472/1417/597 1470/1414/594
f 1472/1417/597 1467/1418/598 1471/1419/599
f 1463/1420/600 1471/1419/599 1467/1418/598
f 1480/1421/594 1475/1422/595 1478/1423/596
f 1478/1423/596 1482/1424/597 1480/1421/594
f 1482/1424/597 1477/1425/598 1481/1426/599
f 1473/1427/600 1481/1426/599 1477/1425/598
f 1490/1428/594 1485/1429/595 1488/1430/596
f 1488/1430/596 1492/1431/597 1490/1428/594
f 1492/1431/597 1487/1432/598 1491/1433/599
f 1483/1434/600 1491/1433/599 1487/1432/598
f 1500/1435/594 1495/1436/595 1498/1437/596
f 1498/1437/596 1502/1438/597 1500/1435/594
f 1502/1438/597 1497/1439/598 1501/1440/599
f 1493/1441/600 1501/1440/599 1497/1439/598
f 1505/1442/601 1510/1443/602 1508/1444/603
f 1512/1445/604 1508/1444/603 1510/1443/602
f 1512/1445/604 1507/1446/605 1509/1447/606
f 1503/1448/607 1511/1449/608 1504/1450/607
f 1515/1451/601 1520/1452/602 1518/1453/603
f 1522/1454/604 1518/1453/603 1520/1452/602
f 1522/1454/604 1517/1455/605 1519/1456/606
f 1513/1457/607 1521/1458/608 1514/1459/607
f 1525/1460/601 1530/1461/602 1528/1462/603
f 1532/1463/604 1528/1462/603 1530/1461/602
f 1532/1463/604 1527/1464/605 1529/1465/606
f 1523/1466/607 1531/1467/608 1524/1468/607
f 1535/1469/601 1540/1470/602 1538/1471/603
f 1542/1472/604 1538/1471/603 1540/1470/602
f 1542/1472/604 1537/1473/605 1539/1474/606
f 1533/1475/607 1541/1476/608 1534/1477/607
f 1545/1478/601 1550/1479/602 1548/1480/603
f 1552/1481/604 1548/1480/603 1550/1479/602
f 1552/1481/604 1547/1482/605 1549/1483/606
f 1543/1484/607 1551/1485/608 1544/1486/607
f 1560/1487/594 1555/1488/595 1558/1489/596
f 1558/1489/596 1562/1490/597 1560/1487/594
f 1562/1490/597 1557/1491/598 1561/1492/599
f 1553/1493/600 1561/1492/599 1557/1491/598
f 1570/1494/594 1565/1495/595 1568/1496/596
f 1568/1496/596 1572/1497/597 1570/1494/594
f 1572/1497/597 1567/1498/598 1571/1499/599
f 1563/1500/600 1571/1499/599 1567/1498/598
f 1580/1501/594 1575/1502/595 1578/1503/596
f 1578/1503/596 1582/1504/597 1580/1501/594
f 1582/1504/597 1577/1505/598 1581/1506/599
f 1573/1507/600 1581/1506/599 1577/1505/598
f 1590/1508/594 1585/1509/595 1588/1510/596
f 1588/1510/596 1592/1511/597 1590/1508/594
f 1592/1511/597 1587/1512/598 1591/1513/599
f 1583/1514/600 1591/1513/599 1587/1512/598
f 1600/1515/594 1595/1516/595 1598/1517/596
f 1598/1517/596 1602/1518/597 1600/1515/594
f 1602/1518/597 1597/1519/598 1601/1520/599
f 1593/1521/600 1601/1520/599 1597/1519/598
f 1605/1522/601 1610/1523/602 1608/1524/603
f 1612/1525/604 1608/1524/603 1610/1523/602
f 1612/1525/604 1607/1526/605 1609/1527/606
f 1603/1528/607 1611/1529/608 1604/1530/607
f 1615/1531/601 1620/1532/602 1618/1533/603
f 1622/1534/604 1618/1533/603 1620/1532/602
f 1622/1534/604 1617/1535/605 1619/1536/606
f 1613/1537/607 1621/1538/608 1614/1539/607
f 1625/1540/601 1630/1541/602 1628/1542/603
f 1632/1543/604 1628/1542/603 1630/1541/602
f 1632/1543/604 1627/1544/605 1629/1545/606
f 1623/1546/607 1631/1547/608 1624/1548/607
f 1635/1549/601 1640/1550/602 1638/1551/603
f 1642/1552/604 1638/1551/603 1640/1550/602
f 1642/1552/604 1637/1553/605 1639/1554/606
f 1633/1555/607 1641/1556/608 1634/1557/607
f 1645/1558/601 1650/1559/602 1648/1560/603
f 1652/1561/604 1648/1560/603 1650/1559/602
f 1652/1561/604 1647/1562/605 1649/1563/606
f 1643/1564/607 1651/1565/608 1644/1566/607
f 1660/1567/594 1655/1568/595 1658/1569/596
f 1658/1569/596 1662/1570/597 1660/1567/594
f 1662/1570/597 1657/1571/598 1661/1572/599
f 1653/1573/600 1661/1572/599 1657/1571/598
f 1670/1574/594 1665/1575/595 1668/1576/596
f 1668/1576/596 1672/1577/597 1670/1574/594
f 1672/1577/597 1667/1578/598 1671/1579/599
f 1663/1580/600 1671/1579/599 1667/1578/598
f 1680/1581/594 1675/1582/595 1678/1583/596
f 1678/1583/596 1682/1584/597 1680/1581/594
f 1682/1584/597 1677/1585/598 1681/1586/599
f 1673/1587/600 1681/1586/599 1677/1585/598
f 1690/1588/594 1685/1589/595 1688/1590/596
f 1688/1590/596 1692/1591/597 1690/1588/594
f 1692/1591/597 1687/1592/598 1691/1593/599
f 1683/1594/600 1691/1593/599 1687/1592/598
f 1700/1595/594 1695/1596/595 1698/1597/596
f 1698/1597/596 1702/1598/597 1700/1595/594
f 1702/1598/597 1697/1599/598 1701/1600/599
f 1693/1601/600 1701/1600/599 1697/1599/598
f 1705/1602/601 1710/1603/602 1708/1604/603
f 1712/1605/604 1708/1604/603 1710/1603/602
f 1712/1605/604 1707/1606/605 1709/1607/606
f 1703/1608/607 1711/1609/608 1704/1610/607
f 1715/1611/601 1720/1612/602 1718/1613/603
f 1722/1614/604 1718/1613/603 1720/1612/602
f 1722/1614/604 1717/1615/605 1719/1616/606
f 1713/1617/607 1721/1618/608 1714/1619/607
f 1725/1620/601 1730/1621/602 1728/1622/603
f 1732/1623/604 1728/1622/603 1730/1621/602
f 1732/1623/604 1727/1624/605 1729/1625/606
f 1723/1626/607 1731/1627/608 1724/1628/607
f 1735/1629/601 1740/1630/602 1738/1631/603
f 1742/1632/604 1738/1631/603 1740/1630/602
f 1742/1632/604 1737/1633/605 1739/1634/606
f 1733/1635/607 1741/1636/608 1734/1637/607
f 1745/1638/601 1750/1639/602 1748/1640/603
f 1752/1641/604 1748/1640/603 1750/1639/602
f 1752/1641/604 1747/1642/605 1749/1643/606
f 1743/1644/607 1751/1645/608 1744/1646/607
f 1760/1647/594 1755/1648/595 1758/1649/596
f 1758/1649/596 1762/1650/597 1760/1647/594
f 1762/1650/597 1757/1651/598 1761/1652/599
f 1753/1653/600 1761/1652/599 1757/1651/598
f 1770/1654/594 1765/1655/595 1768/1656/596
f 1768/1656/596 1772/1657/597 1770/1654/594
f 1772/1657/597 1767/1658/598 1771/1659/599
f 1763/1660/600 1771/1659/599 1767/1658/598
f 1780/1661/594 1775/1662/595 1778/1663/596
f 1778/1663/596 1782/1664/597 1780/1661/594
f 1782/1664/597 1777/1665/598 1781/1666/599
f 1773/1667/600 1781/1666/599 1777/1665/598
f 1790/1668/594 1785/1669/595 1788/1670/596
f 1788/1670/596 1792/1671/597 1790/1668/594
f 1792/1671/597 1787/1672/598 1791/1673/599
f 1783/1674/600 1791/1673/599 1787/1672/598
f 1800/1675/594 1795/1676/595 1798/1677/596
f 1798/1677/596 1802/1678/597 1800/1675/594
f 1802/1678/597 1797/1679/598 1801/1680/599
f 1793/1681/600 1801/1680/599 1797/1679/598
f 1805/1682/601 1810/1683/602 1808/1684/603
f 1812/1685/604 1808/1684/603 1810/1683/602
f 1812/1685/604 1807/1686/605 1809/1687/606
f 1803/1688/607 1811/1689/608 1804/1690/607
f 1815/1691/601 1820/1692/602 1818/1693/603
f 1822/1694/604 1818/1693/603 1820/1692/602
f 1822/1694/604 1817/1695/605 1819/1696/606
f 1813/1697/607 1821/1698/608 1814/1699/607
f 1825/1700/601 1830/1701/602 1828/1702/603
f 1832/1703/604 1828/1702/603 1830/1701/602
f 1832/1703/604 1827/1704/605 1829/1705/606
f 1823/1706/607 1831/1707/608 1824/1708/607
f 1835/1709/601 1840/1710/602 1838/1711/603
f 1842/1712/604 1838/1711/603 1840/1710/602
f 1842/1712/604 1837/1713/605 1839/1714/606
f 1833/1715/607 1841/1716/608 1834/1717/607
f 1845/1718/601 1850/1719/602 1848/1720/603
f 1852/1721/604 1848/1720/603 1850/1719/602
f 1852/1721/604 1847/1722/605 1849/1723/606
f 1843/1724/607 1851/1725/608 1844/1726/607
f 1154/1727/609 1853/1728/609 1854/1729/609
f 1156/1730/610 1855/1731/610 1155/1168/610
f 1160/1167/611 1862/1732/612 1860/1733/613
f 1158/1169/614 1859/1734/615 1159/1735/616
f 1161/1172/617 1862/1732/612 1162/1170/618
f 1157/1171/619 1859/1734/615 1857/1736/620
f 1153/1173/621 1857/1736/620 1853/1728/622
f 1154/1727/623 1861/1737/624 1161/1172/617
f 1155/1168/625 1858/1738/626 1158/1169/614
f 1156/1730/627 1860/1733/613 1856/1739/628
f 1164/1740/609 1863/1741/609 1864/1742/609
f 1166/1743/610 1865/1744/610 1165/1175/610
f 1170/1174/611 1872/1745/612 1870/1746/613
f 1168/1176/614 1869/1747/615 1169/1748/616
f 1171/1179/617 1872/1745/612 1172/1177/629
f 1167/1178/619 1869/1747/615 1867/1749/620
f 1163/1180/621 1867/1749/620 1863/1741/622
f 1164/1740/623 1871/1750/624 1171/1179/617
f 1165/1175/625 1868/1751/630 1168/1176/614
f 1166/1743/627 1870/1746/613 1866/1752/631
f 1174/1753/609 1873/1754/609 1874/1755/609
f 1176/1756/610 1875/1757/610 1175/1182/610
f 1180/1181/611 1882/1758/612 1880/1759/613
f 1178/1183/614 1879/1760/615 1179/1761/616
f 1181/1186/632 1882/1758/612 1182/1184/618
f 1177/1185/619 1879/1760/615 1877/1762/620
f 1173/1187/621 1877/1762/620 1873/1754/622
f 1174/1753/623 1881/1763/624 1181/1186/632
f 1175/1182/625 1878/1764/626 1178/1183/614
f 1176/1756/627 1880/1759/613 1876/1765/631
f 1184/1766/609 1883/1767/609 1884/1768/609
f 1186/1769/610 1885/1770/610 1185/1189/610
f 1190/1188/611 1892/1771/612 1890/1772/613
f 1188/1190/614 1889/1773/615 1189/1774/616
f 1191/1193/632 1892/1771/612 1192/1191/629
f 1187/1192/619 1889/1773/615 1887/1775/620
f 1183/1194/621 1887/1775/620 1883/1767/622
f 1184/1766/623 1891/1776/624 1191/1193/632
f 1185/1189/625 1888/1777/626 1188/1190/614
f 1186/1769/627 1890/1772/613 1886/1778/631
f 1194/1779/609 1893/1780/609 1894/1781/609
f 1196/1782/610 1895/1783/610 1195/1196/610
f 1200/1195/611 1902/1784/612 1900/1785/613
f 1198/1197/614 1899/1786/615 1199/1787/616
f 1201/1200/632 1902/1784/612 1202/1198/629
f 1197/1199/619 1899/1786/615 1897/1788/620
f 1193/1201/621 1897/1788/620 1893/1780/622
f 1194/1779/623 1901/1789/624 1201/1200/632
f 1195/1196/625 1898/1790/626 1198/1197/614
f 1196/1782/627 1900/1785/613 1896/1791/631
f 1204/1210/633 1903/1792/633 1203/1208/633
f 1206/1793/634 1905/1794/634 1906/1795/634
f 1210/1203/635 1912/1796/636 1212/1205/637
f 1208/1204/638 1909/1797/639 1908/1798/640
f 1211/1209/641 1912/1796/636 1911/1799/642
f 1207/1206/643 1909/1797/639 1209/1207/644
f 1203/1208/645 1907/1800/646 1207/1206/643
f 1204/1210/647 1911/1799/642 1904/1801/648
f 1205/1202/649 1908/1798/640 1905/1794/650
f 1206/1793/651 1910/1802/652 1210/1203/635
f 1214/1219/633 1913/1803/633 1213/1217/633
f 1216/1804/634 1915/1805/634 1916/1806/634
f 1220/1212/635 1922/1807/636 1222/1214/653
f 1218/1213/638 1919/1808/639 1918/1809/654
f 1221/1218/641 1922/1807/636 1921/1810/642
f 1217/1215/643 1919/1808/639 1219/1216/644
f 1213/1217/645 1917/1811/646 1217/1215/643
f 1214/1219/647 1921/1810/642 1914/1812/648
f 1215/1211/649 1918/1809/654 1915/1805/650
f 1216/1804/655 1920/1813/652 1220/1212/635
f 1224/1228/633 1923/1814/633 1223/1226/633
f 1226/1815/634 1925/1816/634 1926/1817/634
f 1230/1221/635 1932/1818/636 1232/1223/637
f 1228/1222/638 1929/1819/639 1928/1820/654
f 1231/1227/656 1932/1818/636 1931/1821/642
f 1227/1224/643 1929/1819/639 1229/1225/644
f 1223/1226/645 1927/1822/646 1227/1224/643
f 1224/1228/647 1931/1821/642 1924/1823/648
f 1225/1220/649 1928/1820/654 1925/1816/650
f 1226/1815/655 1930/1824/652 1230/1221/635
f 1234/1237/633 1933/1825/633 1233/1235/633
f 1236/1826/634 1935/1827/634 1936/1828/634
f 1240/1230/635 1942/1829/636 1242/1232/653
f 1238/1231/638 1939/1830/639 1938/1831/640
f 1241/1236/656 1942/1829/636 1941/1832/642
f 1237/1233/643 1939/1830/639 1239/1234/644
f 1233/1235/645 1937/1833/646 1237/1233/643
f 1234/1237/647 1941/1832/642 1934/1834/648
f 1235/1229/649 1938/1831/640 1935/1827/650
f 1236/1826/655 1940/1835/652 1240/1230/635
f 1244/1246/633 1943/1836/633 1243/1244/633
f 1246/1837/634 1945/1838/634 1946/1839/634
f 1250/1239/635 1952/1840/636 1252/1241/653
f 1248/1240/638 1949/1841/639 1948/1842/640
f 1251/1245/641 1952/1840/636 1951/1843/642
f 1247/1242/643 1949/1841/639 1249/1243/644
f 1243/1244/645 1947/1844/646 1247/1242/643
f 1244/1246/647 1951/1843/642 1944/1845/648
f 1245/1238/649 1948/1842/640 1945/1838/650
f 1246/1837/655 1950/1846/652 1250/1239/635
f 1254/1847/609 1953/1848/609 1954/1849/609
f 1256/1850/610 1955/1851/610 1255/1248/610
f 1260/1247/611 1962/1852/612 1960/1853/613
f 1258/1249/614 1959/1854/615 1259/1855/616
f 1261/1252/617 1962/1852/612 1262/1250/618
f 1257/1251/619 1959/1854/615 1957/1856/620
f 1253/1253/621 1957/1856/620 1953/1848/622
f 1254/1847/623 1961/1857/624 1261/1252/617
f 1255/1248/625 1958/1858/626 1258/1249/614
f 1256/1850/657 1960/1853/613 1956/1859/628
f 1264/1860/609 1963/1861/609 1964/1862/609
f 1266/1863/610 1965/1864/610 1265/1255/610
f 1270/1254/611 1972/1865/612 1970/1866/613
f 1268/1256/614 1969/1867/615 1269/1868/616
f 1271/1259/617 1972/1865/612 1272/1257/629
f 1267/1258/619 1969/1867/615 1967/1869/620
f 1263/1260/621 1967/1869/620 1963/1861/622
f 1264/1860/623 1971/1870/624 1271/1259/617
f 1265/1255/625 1968/1871/630 1268/1256/614
f 1266/1863/627 1970/1866/613 1966/1872/631
f 1274/1873/609 1973/1874/609 1974/1875/609
f 1276/1876/610 1975/1877/610 1275/1262/610
f 1280/1261/611 1982/1878/612 1980/1879/613
f 1278/1263/614 1979/1880/615 1279/1881/616
f 1281/1266/632 1982/1878/612 1282/1264/618
f 1277/1265/619 1979/1880/615 1977/1882/620
f 1273/1267/621 1977/1882/620 1973/1874/622
f 1274/1873/623 1981/1883/624 1281/1266/632
f 1275/1262/625 1978/1884/630 1278/1263/614
f 1276/1876/627 1980/1879/613 1976/1885/631
f 1284/1886/609 1983/1887/609 1984/1888/609
f 1286/1889/610 1985/1890/610 1285/1269/610
f 1290/1268/611 1992/1891/612 1990/1892/613
f 1288/1270/614 1989/1893/615 1289/1894/616
f 1291/1273/632 1992/1891/612 1292/1271/618
f 1287/1272/619 1989/1893/615 1987/1895/620
f 1283/1274/621 1987/1895/620 1983/1887/622
f 1284/1886/623 1991/1896/624 1291/1273/632
f 1285/1269/625 1988/1897/626 1288/1270/614
f 1286/1889/627 1990/1892/613 1986/1898/631
f 1294/1899/609 1993/1900/609 1994/1901/609
f 1296/1902/610 1995/1903/610 1295/1276/610
f 1300/1275/611 2002/1904/612 2000/1905/613
f 1298/1277/614 1999/1906/615 1299/1907/616
f 1301/1280/632 2002/1904/612 1302/1278/629
f 1297/1279/619 1999/1906/615 1997/1908/620
f 1293/1281/621 1997/1908/620 1993/1900/622
f 1294/1899/623 2001/1909/624 1301/1280/632
f 1295/1276/625 1998/1910/626 1298/1277/614
f 1296/1902/627 2000/1905/613 1996/1911/631
f 1304/1290/633 2003/1912/633 1303/1288/633
f 1306/1913/634 2005/1914/634 2006/1915/634
f 1310/1283/635 2012/1916/636 1312/1285/653
f 1308/1284/638 2009/1917/639 2008/1918/640
f 1311/1289/641 2012/1916/636 2011/1919/642
f 1307/1286/643 2009/1917/639 1309/1287/644
f 1303/1288/645 2007/1920/646 1307/1286/643
f 1304/1290/647 2011/1919/642 2004/1921/648
f 1305/1282/649 2008/1918/640 2005/1914/650
f 1306/1913/651 2010/1922/652 1310/1283/635
f 1314/1299/633 2013/1923/633 1313/1297/633
f 1316/1924/634 2015/1925/634 2016/1926/634
f 1320/1292/635 2022/1927/636 1322/1294/637
f 1318/1293/638 2019/1928/639 2018/1929/654
f 1321/1298/641 2022/1927/636 2021/1930/642
f 1317/1295/643 2019/1928/639 1319/1296/644
f 1313/1297/645 2017/1931/646 1317/1295/643
f 1314/1299/647 2021/1930/642 2014/1932/648
f 1315/1291/649 2018/1929/654 2015/1925/650
f 1316/1924/655 2020/1933/652 1320/1292/635
f 1324/1308/633 2023/1934/633 1323/1306/633
f 1326/1935/634 2025/1936/634 2026/1937/634
f 1330/1301/635 2032/1938/636 1332/1303/637
f 1328/1302/638 2029/1939/639 2028/1940/654
f 1331/1307/656 2032/1938/636 2031/1941/642
f 1327/1304/643 2029/1939/639 1329/1305/644
f 1323/1306/645 2027/1942/646 1327/1304/643
f 1324/1308/647 2031/1941/642 2024/1943/648
f 1325/1300/649 2028/1940/654 2025/1936/650
f 1326/1935/655 2030/1944/652 1330/1301/635
f 1334/1317/633 2033/1945/633 1333/1315/633
f 1336/1946/634 2035/1947/634 2036/1948/634
f 1340/1310/635 2042/1949/636 1342/1312/653
f 1338/1311/638 2039/1950/639 2038/1951/640
f 1341/1316/656 2042/1949/636 2041/1952/642
f 1337/1313/643 2039/1950/639 1339/1314/644
f 1333/1315/645 2037/1953/646 1337/1313/643
f 1334/1317/647 2041/1952/642 2034/1954/648
f 1335/1309/649 2038/1951/640 2035/1947/650
f 1336/1946/655 2040/1955/652 1340/1310/635
f 1344/1326/633 2043/1956/633 1343/1324/633
f 1346/1957/634 2045/1958/634 2046/1959/634
f 1350/1319/635 2052/1960/636 1352/1321/653
f 1348/1320/638 2049/1961/639 2048/1962/640
f 1351/1325/641 2052/1960/636 2051/1963/642
f 1347/1322/643 2049/1961/639 1349/1323/644
f 1343/1324/645 2047/1964/646 1347/1322/643
f 1344/1326/647 2051/1963/642 2044/1965/648
f 1345/1318/649 2048/1962/640 2045/1958/650
f 1346/1957/655 2050/1966/652 1350/1319/635
f 1354/1967/609 2053/1968/609 2054/1969/609
f 1356/1970/610 2055/1971/610 1355/1328/610
f 1360/1327/611 2062/1972/612 2060/1973/613
f 1358/1329/614 2059/1974/615 1359/1975/616
f 1361/1332/617 2062/1972/612 1362/1330/618
f 1357/1331/619 2059/1974/615 2057/1976/620
f 1353/1333/621 2057/1976/620 2053/1968/622
f 1354/1967/623 2061/1977/624 1361/1332/617
f 1355/1328/625 2058/1978/626 1358/1329/614
f 1356/1970/657 2060/1973/613 2056/1979/628
f 1364/1980/609 2063/1981/609 2064/1982/609
f 1366/1983/610 2065/1984/610 1365/1335/610
f 1370/1334/611 2072/1985/612 2070/1986/613
f 1368/1336/614 2069/1987/615 1369/1988/616
f 1371/1339/617 2072/1985/612 1372/1337/629
f 1367/1338/619 2069/1987/615 2067/1989/620
f 1363/1340/621 2067/1989/620 2063/1981/622
f 1364/1980/623 2071/1990/624 1371/1339/617
f 1365/1335/625 2068/1991/630 1368/1336/614
f 1366/1983/627 2070/1986/613 2066/1992/631
f 1374/1993/609 2073/1994/609 2074/1995/609
f 1376/1996/610 2075/1997/610 1375/1342/610
f 1380/1341/611 2082/1998/612 2080/1999/613
f 1378/1343/614 2079/2000/615 1379/2001/616
f 1381/1346/632 2082/1998/612 1382/1344/618
f 1377/1345/619 2079/2000/615 2077/2002/620
f 1373/1347/621 2077/2002/620 2073/1994/622
f 1374/1993/623 2081/2003/624 1381/1346/632
f 1375/1342/625 2078/2004/626 1378/1343/614
f 1376/1996/627 2080/1999/613 2076/2005/631
f 1384/2006/609 2083/2007/609 2084/2008/609
f 1386/2009/610 2085/2010/610 1385/1349/610
f 1390/1348/611 2092/2011/612 2090/2012/613
f 1388/1350/614 2089/2013/615 1389/2014/616
f 1391/1353/632 2092/2011/612 1392/1351/629
f 1387/1352/619 2089/2013/615 2087/2015/620
f 1383/1354/621 2087/2015/620 2083/2007/622
f 1384/2006/623 2091/2016/624 1391/1353/632
f 1385/1349/625 2088/2017/626 1388/1350/614
f 1386/2009/627 2090/2012/613 2086/2018/631
f 1394/2019/609 2093/2020/609 2094/2021/609
f 1396/2022/610 2095/2023/610 1395/1356/610
f 1400/1355/611 2102/2024/612 2100/2025/613
f 1398/1357/614 2099/2026/615 1399/2027/616
f 1401/1360/617 2102/2024/612 1402/1358/618
f 1397/1359/619 2099/2026/615 2097/2028/620
f 1393/1361/621 2097/2028/620 2093/2020/622
f 1394/2019/623 2101/2029/624 1401/1360/617
f 1395/1356/625 2098/2030/626 1398/1357/614
f 1396/2022/627 2100/2025/613 2096/2031/631
f 1404/1370/633 2103/2032/633 1403/1368/633
f 1406/2033/634 2105/2034/634 2106/2035/634
f 1410/1363/635 2112/2036/636 1412/1365/637
f 1408/1364/638 2109/2037/639 2108/2038/640
f 1411/1369/656 2112/2036/636 2111/2039/642
f 1407/1366/643 2109/2037/639 1409/1367/644
f 1403/1368/645 2107/2040/646 1407/1366/643
f 1404/1370/647 2111/2039/642 2104/2041/648
f 1405/1362/649 2108/2038/640 2105/2034/650
f 1406/2033/651 2110/2042/652 1410/1363/635
f 1414/1379/633 2113/2043/633 1413/1377/633
f 1416/2044/634 2115/2045/634 2116/2046/634
f 1420/1372/635 2122/2047/636 1422/1374/653
f 1418/1373/638 2119/2048/639 2118/2049/654
f 1421/1378/641 2122/2047/636 2121/2050/642
f 1417/1375/643 2119/2048/639 1419/1376/644
f 1413/1377/645 2117/2051/646 1417/1375/643
f 1414/1379/647 2121/2050/642 2114/2052/648
f 1415/1371/649 2118/2049/654 2115/2045/650
f 1416/2044/655 2120/2053/652 1420/1372/635
f 1424/1388/633 2123/2054/633 1423/1386/633
f 1426/2055/634 2125/2056/634 2126/2057/634
f 1430/1381/635 2132/2058/636 1432/1383/637
f 1428/1382/638 2129/2059/639 2128/2060/640
f 1431/1387/656 2132/2058/636 2131/2061/642
f 1427/1384/643 2129/2059/639 1429/1385/644
f 1423/1386/645 2127/2062/646 1427/1384/643
f 1424/1388/647 2131/2061/642 2124/2063/648
f 1425/1380/649 2128/2060/640 2125/2056/650
f 1426/2055/655 2130/2064/652 1430/1381/635
f 1434/1397/633 2133/2065/633 1433/1395/633
f 1436/2066/634 2135/2067/634 2136/2068/634
f 1440/1390/635 2142/2069/636 1442/1392/653
f 1438/1391/638 2139/2070/639 2138/2071/640
f 1441/1396/656 2142/2069/636 2141/2072/642
f 1437/1393/643 2139/2070/639 1439/1394/644
f 1433/1395/645 2137/2073/646 1437/1393/643
f 1434/1397/647 2141/2072/642 2134/2074/648
f 1435/1389/649 2138/2071/640 2135/2067/650
f 1436/2066/655 2140/2075/652 1440/1390/635
f 1444/1406/633 2143/2076/633 1443/1404/633
f 1446/2077/634 2145/2078/634 2146/2079/634
f 1450/1399/635 2152/2080/636 1452/1401/637
f 1448/1400/638 2149/2081/639 2148/2082/640
f 1451/1405/641 2152/2080/636 2151/2083/642
f 1447/1402/643 2149/2081/639 1449/1403/644
f 1443/1404/645 2147/2084/646 1447/1402/643
f 1444/1406/647 2151/2083/642 2144/2085/648
f 1445/1398/649 2148/2082/640 2145/2078/650
f 1446/2077/655 2150/2086/652 1450/1399/635
f 1454/2087/609 2153/2088/609 2154/2089/609
f 1456/2090/610 2155/2091/610 1455/1408/610
f 1460/1407/611 2162/2092/612 2160/2093/613
f 1458/1409/614 2159/2094/615 1459/2095/616
f 1461/1412/617 2162/2092/612 1462/1410/618
f 1457/1411/619 2159/2094/615 2157/2096/620
f 1453/1413/621 2157/2096/620 2153/2088/622
f 1454/2087/623 2161/2097/624 1461/1412/617
f 1455/1408/625 2158/2098/626 1458/1409/614
f 1456/2090/657 2160/2093/613 2156/2099/628
f 1464/2100/609 2163/2101/609 2164/2102/609
f 1466/2103/610 2165/2104/610 1465/1415/610
f 1470/1414/611 2172/2105/612 2170/2106/613
f 1468/1416/614 2169/2107/615 1469/2108/616
f 1471/1419/617 2172/2105/612 1472/1417/629
f 1467/1418/619 2169/2107/615 2167/2109/620
f 1463/1420/621 2167/2109/620 2163/2101/622
f 1464/2100/623 2171/2110/624 1471/1419/617
f 1465/1415/625 2168/2111/630 1468/1416/614
f 1466/2103/627 2170/2106/613 2166/2112/631
f 1474/2113/609 2173/2114/609 2174/2115/609
f 1476/2116/610 2175/2117/610 1475/1422/610
f 1480/1421/611 2182/2118/612 2180/2119/613
f 1478/1423/614 2179/2120/615 1479/2121/616
f 1481/1426/632 2182/2118/612 1482/1424/629
f 1477/1425/619 2179/2120/615 2177/2122/620
f 1473/1427/621 2177/2122/620 2173/2114/622
f 1474/2113/623 2181/2123/624 1481/1426/632
f 1475/1422/625 2178/2124/626 1478/1423/614
f 1476/2116/627 2180/2119/613 2176/2125/631
f 1484/2126/609 2183/2127/609 2184/2128/609
f 1486/2129/610 2185/2130/610 1485/1429/610
f 1490/1428/611 2192/2131/612 2190/2132/613
f 1488/1430/614 2189/2133/615 1489/2134/616
f 1491/1433/632 2192/2131/612 1492/1431/629
f 1487/1432/619 2189/2133/615 2187/2135/620
f 1483/1434/621 2187/2135/620 2183/2127/622
f 1484/2126/623 2191/2136/624 1491/1433/632
f 1485/1429/625 2188/2137/630 1488/1430/614
f 1486/2129/627 2190/2132/613 2186/2138/631
f 1494/2139/609 2193/2140/609 2194/2141/609
f 1496/2142/610 2195/2143/610 1495/1436/610
f 1500/1435/611 2202/2144/612 2200/2145/613
f 1498/1437/614 2199/2146/615 1499/2147/616
f 1501/1440/632 2202/2144/612 1502/1438/618
f 1497/1439/619 2199/2146/615 2197/2148/620
f 1493/1441/621 2197/2148/620 2193/2140/622
f 1494/2139/623 2201/2149/624 1501/1440/632
f 1495/1436/625 2198/2150/626 1498/1437/614
f 1496/2142/627 2200/2145/613 2196/2151/631
f 1504/1450/633 2203/2152/633 1503/1448/633
f 1506/2153/634 2205/2154/634 2206/2155/634
f 1510/1443/635 2212/2156/636 1512/1445/637
f 1508/1444/638 2209/2157/639 2208/2158/640
f 1511/1449/641 2212/2156/636 2211/2159/642
f 1507/1446/643 2209/2157/639 1509/1447/644
f 1503/1448/645 2207/2160/646 1507/1446/643
f 1504/1450/647 2211/2159/642 2204/2161/648
f 1505/1442/649 2208/2158/640 2205/2154/650
f 1506/2153/651 2210/2162/652 1510/1443/635
f 1514/1459/633 2213/2163/633 1513/1457/633
f 1516/2164/634 2215/2165/634 2216/2166/634
f 1520/1452/635 2222/2167/636 1522/1454/653
f 1518/1453/638 2219/2168/639 2218/2169/654
f 1521/1458/641 2222/2167/636 2221/2170/642
f 1517/1455/643 2219/2168/639 1519/1456/644
f 1513/1457/645 2217/2171/646 1517/1455/643
f 1514/1459/647 2221/2170/642 2214/2172/648
f 1515/1451/649 2218/2169/654 2215/2165/650
f 1516/2164/655 2220/2173/652 1520/1452/635
f 1524/1468/633 2223/2174/633 1523/1466/633
f 1526/2175/634 2225/2176/634 2226/2177/634
f 1530/1461/635 2232/2178/636 1532/1463/637
f 1528/1462/638 2229/2179/639 2228/2180/640
f 1531/1467/656 2232/2178/636 2231/2181/642
f 1527/1464/643 2229/2179/639 1529/1465/644
f 1523/1466/645 2227/2182/646 1527/1464/643
f 1524/1468/647 2231/2181/642 2224/2183/648
f 1525/1460/649 2228/2180/640 2225/2176/650
f 1526/2175/655 2230/2184/652 1530/1461/635
f 1534/1477/633 2233/2185/633 1533/1475/633
f 1536/2186/634 2235/2187/634 2236/2188/634
f 1540/1470/635 2242/2189/636 1542/1472/653
f 1538/1471/638 2239/2190/639 2238/2191/654
f 1541/1476/656 2242/2189/636 2241/2192/642
f 1537/1473/643 2239/2190/639 1539/1474/644
f 1533/1475/645 2237/2193/646 1537/1473/643
f 1534/1477/647 2241/2192/642 2234/2194/648
f 1535/1469/649 2238/2191/654 2235/2187/650
f 1536/2186/655 2240/2195/652 1540/1470/635
f 1544/1486/633 2243/2196/633 1543/1484/633
f 1546/2197/658 2245/2198/634 2246/2199/658
f 1550/1479/635 2252/2200/636 1552/1481/653
f 1548/1480/638 2249/2201/639 2248/2202/640
f 1551/1485/641 2252/2200/636 2251/2203/642
f 1547/1482/643 2249/2201/639 1549/1483/644
f 1543/1484/645 2247/2204/646 1547/1482/643
f 1544/1486/647 2251/2203/642 2244/2205/648
f 1545/1478/649 2248/2202/640 2245/2198/650
f 1546/2197/655 2250/2206/652 1550/1479/635
f 1554/2207/609 2253/2208/609 2254/2209/609
f 1556/2210/610 2255/2211/610 1555/1488/610
f 1560/1487/611 2262/2212/612 2260/2213/613
f 1558/1489/614 2259/2214/615 1559/2215/616
f 1561/1492/617 2262/2212/612 1562/1490/618
f 1557/1491/619 2259/2214/615 2257/2216/620
f 1553/1493/621 2257/2216/620 2253/2208/622
f 1554/2207/623 2261/2217/624 1561/1492/617
f 1555/1488/625 2258/2218/626 1558/1489/614
f 1556/2210/657 2260/2213/613 2256/2219/628
f 1564/2220/609 2263/2221/609 2264/2222/609
f 1566/2223/610 2265/2224/610 1565/1495/610
f 1570/1494/611 2272/2225/612 2270/2226/613
f 1568/1496/614 2269/2227/615 1569/2228/616
f 1571/1499/617 2272/2225/612 1572/1497/629
f 1567/1498/619 2269/2227/615 2267/2229/620
f 1563/1500/621 2267/2229/620 2263/2221/622
f 1564/2220/623 2271/2230/624 1571/1499/617
f 1565/1495/625 2268/2231/630 1568/1496/614
f 1566/2223/627 2270/2226/613 2266/2232/631
f 1574/2233/609 2273/2234/609 2274/2235/609
f 1576/2236/610 2275/2237/610 1575/1502/610
f 1580/1501/611 2282/2238/612 2280/2239/613
f 1578/1503/614 2279/2240/615 1579/2241/616
f 1581/1506/632 2282/2238/612 1582/1504/618
f 1577/1505/619 2279/2240/615 2277/2242/620
f 1573/1507/621 2277/2242/620 2273/2234/622
f 1574/2233/623 2281/2243/624 1581/1506/632
f 1575/1502/625 2278/2244/626 1578/1503/614
f 1576/2236/627 2280/2239/613 2276/2245/631
f 1584/2246/609 2283/2247/609 2284/2248/609
f 1586/2249/610 2285/2250/610 1585/1509/610
f 1590/1508/611 2292/2251/612 2290/2252/613
f 1588/1510/614 2289/2253/615 1589/2254/616
f 1591/1513/632 2292/2251/612 1592/1511/629
f 1587/1512/619 2289/2253/615 2287/2255/620
f 1583/1514/621 2287/2255/620 2283/2247/622
f 1584/2246/623 2291/2256/624 1591/1513/632
f 1585/1509/625 2288/2257/630 1588/1510/614
f 1586/2249/627 2290/2252/613 2286/2258/631
f 1594/2259/609 2293/2260/609 2294/2261/609
f 1596/2262/610 2295/2263/610 1595/1516/610
f 1600/1515/611 2302/2264/612 2300/2265/613
f 1598/1517/614 2299/2266/615 1599/2267/616
f 1601/1520/617 2302/2264/612 1602/1518/618
f 1597/1519/619 2299/2266/615 2297/2268/620
f 1593/1521/621 2297/2268/620 2293/2260/622
f 1594/2259/623 2301/2269/624 1601/1520/617
f 1595/1516/625 2298/2270/626 1598/1517/614
f 1596/2262/657 2300/2265/613 2296/2271/631
f 1604/1530/633 2303/2272/633 1603/1528/633
f 1606/2273/634 2305/2274/634 2306/2275/634
f 1610/1523/635 2312/2276/636 1612/1525/637
f 1608/1524/638 2309/2277/639 2308/2278/640
f 1611/1529/641 2312/2276/636 2311/2279/642
f 1607/1526/643 2309/2277/639 1609/1527/644
f 1603/1528/645 2307/2280/646 1607/1526/643
f 1604/1530/647 2311/2279/642 2304/2281/648
f 1605/1522/649 2308/2278/640 2305/2274/650
f 1606/2273/651 2310/2282/652 1610/1523/635
f 1614/1539/633 2313/2283/633 1613/1537/633
f 1616/2284/634 2315/2285/634 2316/2286/634
f 1620/1532/635 2322/2287/636 1622/1534/653
f 1618/1533/638 2319/2288/639 2318/2289/654
f 1621/1538/641 2322/2287/636 2321/2290/642
f 1617/1535/643 2319/2288/639 1619/1536/644
f 1613/1537/645 2317/2291/646 1617/1535/643
f 1614/1539/647 2321/2290/642 2314/2292/648
f 1615/1531/649 2318/2289/654 2315/2285/650
f 1616/2284/655 2320/2293/652 1620/1532/635
f 1624/1548/633 2323/2294/633 1623/1546/633
f 1626/2295/634 2325/2296/634 2326/2297/634
f 1630/1541/635 2332/2298/636 1632/1543/637
f 1628/1542/638 2329/2299/639 2328/2300/640
f 1631/1547/656 2332/2298/636 2331/2301/642
f 1627/1544/643 2329/2299/639 1629/1545/644
f 1623/1546/645 2327/2302/646 1627/1544/643
f 1624/1548/647 2331/2301/642 2324/2303/648
f 1625/1540/649 2328/2300/640 2325/2296/650
f 1626/2295/655 2330/2304/652 1630/1541/635
f 1634/1557/633 2333/2305/633 1633/1555/633
f 1636/2306/634 2335/2307/634 2336/2308/634
f 1640/1550/635 2342/2309/636 1642/1552/653
f 1638/1551/638 2339/2310/639 2338/2311/654
f 1641/1556/656 2342/2309/636 2341/2312/642
f 1637/1553/643 2339/2310/639 1639/1554/644
f 1633/1555/645 2337/2313/646 1637/1553/643
f 1634/1557/647 2341/2312/642 2334/2314/648
f 1635/1549/649 2338/2311/654 2335/2307/650
f 1636/2306/655 2340/2315/652 1640/1550/635
f 1644/1566/633 2343/2316/633 1643/1564/633
f 1646/2317/634 2345/2318/634 2346/2319/634
f 1650/1559/635 2352/2320/636 1652/1561/637
f 1648/1560/638 2349/2321/639 2348/2322/640
f 1651/1565/641 2352/2320/636 2351/2323/642
f 1647/1562/643 2349/2321/639 1649/1563/644
f 1643/1564/645 2347/2324/646 1647/1562/643
f 1644/1566/647 2351/2323/642 2344/2325/648
f 1645/1558/649 2348/2322/640 2345/2318/650
f 1646/2317/655 2350/2326/652 1650/1559/635
f 1654/2327/609 2353/2328/609 2354/2329/609
f 1656/2330/610 2355/2331/610 1655/1568/610
f 1660/1567/611 2362/2332/612 2360/2333/613
f 1658/1569/614 2359/2334/615 1659/2335/616
f 1661/1572/632 2362/2332/612 1662/1570/618
f 1657/1571/619 2359/2334/615 2357/2336/620
f 1653/1573/621 2357/2336/620 2353/2328/622
f 1654/2327/623 2361/2337/624 1661/1572/632
f 1655/1568/625 2358/2338/626 1658/1569/614
f 1656/2330/657 2360/2333/613 2356/2339/628
f 1664/2340/609 2363/2341/609 2364/2342/609
f 1666/2343/610 2365/2344/610 1665/1575/610
f 1670/1574/611 2372/2345/612 2370/2346/613
f 1668/1576/614 2369/2347/615 1669/2348/616
f 1671/1579/617 2372/2345/612 1672/1577/629
f 1667/1578/619 2369/2347/615 2367/2349/620
f 1663/1580/621 2367/2349/620 2363/2341/622
f 1664/2340/623 2371/2350/624 1671/1579/617
f 1665/1575/625 2368/2351/626 1668/1576/614
f 1666/2343/627 2370/2346/613 2366/2352/631
f 1674/2353/609 2373/2354/609 2374/2355/609
f 1676/2356/610 2375/2357/610 1675/1582/610
f 1680/1581/611 2382/2358/612 2380/2359/613
f 1678/1583/614 2379/2360/615 1679/2361/616
f 1681/1586/617 2382/2358/612 1682/1584/629
f 1677/1585/619 2379/2360/615 2377/2362/620
f 1673/1587/621 2377/2362/620 2373/2354/622
f 1674/2353/623 2381/2363/624 1681/1586/617
f 1675/1582/625 2378/2364/626 1678/1583/614
f 1676/2356/627 2380/2359/613 2376/2365/631
f 1684/2366/609 2383/2367/609 2384/2368/609
f 1686/2369/610 2385/2370/610 1685/1589/610
f 1690/1588/611 2392/2371/612 2390/2372/613
f 1688/1590/614 2389/2373/615 1689/2374/616
f 1691/1593/617 2392/2371/612 1692/1591/629
f 1687/1592/619 2389/2373/615 2387/2375/620
f 1683/1594/621 2387/2375/620 2383/2367/622
f 1684/2366/623 2391/2376/624 1691/1593/617
f 1685/1589/625 2388/2377/626 1688/1590/614
f 1686/2369/627 2390/2372/613 2386/2378/631
f 1694/2379/609 2393/2380/609 2394/2381/609
f 1696/2382/610 2395/2383/610 1695/1596/610
f 1700/1595/611 2402/2384/612 2400/2385/613
f 1698/1597/614 2399/2386/615 1699/2387/616
f 1701/1600/617 2402/2384/612 1702/1598/629
f 1697/1599/619 2399/2386/615 2397/2388/620
f 1693/1601/621 2397/2388/620 2393/2380/622
f 1694/2379/623 2401/2389/624 1701/1600/617
f 1695/1596/625 2398/2390/626 1698/1597/614
f 1696/2382/657 2400/2385/613 2396/2391/631
f 1704/1610/633 2403/2392/633 1703/1608/633
f 1706/2393/634 2405/2394/634 2406/2395/634
f 1710/1603/635 2412/2396/636 1712/1605/637
f 1708/1604/638 2409/2397/639 2408/2398/640
f 1711/1609/656 2412/2396/636 2411/2399/642
f 1707/1606/643 2409/2397/639 1709/1607/644
f 1703/1608/645 2407/2400/646 1707/1606/643
f 1704/1610/647 2411/2399/642 2404/2401/648
f 1705/1602/649 2408/2398/640 2405/2394/650
f 1706/2393/651 2410/2402/652 1710/1603/635
f 1714/1619/633 2413/2403/633 1713/1617/633
f 1716/2404/634 2415/2405/634 2416/2406/634
f 1720/1612/635 2422/2407/636 1722/1614/653
f 1718/1613/638 2419/2408/639 2418/2409/640
f 1721/1618/641 2422/2407/636 2421/2410/642
f 1717/1615/643 2419/2408/639 1719/1616/644
f 1713/1617/645 2417/2411/646 1717/1615/643
f 1714/1619/647 2421/2410/642 2414/2412/648
f 1715/1611/649 2418/2409/640 2415/2405/650
f 1716/2404/655 2420/2413/652 1720/1612/635
f 1724/1628/633 2423/2414/633 1723/1626/633
f 1726/2415/634 2425/2416/634 2426/2417/634
f 1730/1621/635 2432/2418/636 1732/1623/653
f 1728/1622/638 2429/2419/639 2428/2420/640
f 1731/1627/656 2432/2418/636 2431/2421/642
f 1727/1624/643 2429/2419/639 1729/1625/644
f 1723/1626/645 2427/2422/646 1727/1624/643
f 1724/1628/647 2431/2421/642 2424/2423/648
f 1725/1620/649 2428/2420/640 2425/2416/650
f 1726/2415/655 2430/2424/652 1730/1621/635
f 1734/1637/633 2433/2425/633 1733/1635/633
f 1736/2426/634 2435/2427/634 2436/2428/634
f 1740/1630/635 2442/2429/636 1742/1632/653
f 1738/1631/638 2439/2430/639 2438/2431/640
f 1741/1636/656 2442/2429/636 2441/2432/642
f 1737/1633/643 2439/2430/639 1739/1634/644
f 1733/1635/645 2437/2433/646 1737/1633/643
f 1734/1637/647 2441/2432/642 2434/2434/648
f 1735/1629/649 2438/2431/640 2435/2427/650
f 1736/2426/655 2440/2435/652 1740/1630/635
f 1744/1646/633 2443/2436/633 1743/1644/633
f 1746/2437/634 2445/2438/634 2446/2439/634
f 1750/1639/635 2452/2440/636 1752/1641/653
f 1748/1640/638 2449/2441/639 2448/2442/640
f 1751/1645/641 2452/2440/636 2451/2443/642
f 1747/1642/643 2449/2441/639 1749/1643/644
f 1743/1644/645 2447/2444/646 1747/1642/643
f 1744/1646/647 2451/2443/642 2444/2445/648
f 1745/1638/649 2448/2442/640 2445/2438/650
f 1746/2437/655 2450/2446/652 1750/1639/635
f 1754/2447/609 2453/2448/609 2454/2449/609
f 1756/2450/610 2455/2451/610 1755/1648/610
f 1760/1647/611 2462/2452/612 2460/2453/613
f 1758/1649/614 2459/2454/615 1759/2455/616
f 1761/1652/632 2462/2452/612 1762/1650/618
f 1757/1651/619 2459/2454/615 2457/2456/620
f 1753/1653/621 2457/2456/620 2453/2448/622
f 1754/2447/623 2461/2457/624 1761/1652/632
f 1755/1648/625 2458/2458/626 1758/1649/614
f 1756/2450/657 2460/2453/613 2456/2459/628
f 1764/2460/609 2463/2461/609 2464/2462/609
f 1766/2463/610 2465/2464/610 1765/1655/610
f 1770/1654/611 2472/2465/612 2470/2466/613
f 1768/1656/614 2469/2467/615 1769/2468/616
f 1771/1659/617 2472/2465/612 1772/1657/629
f 1767/1658/619 2469/2467/615 2467/2469/620
f 1763/1660/621 2467/2469/620 2463/2461/622
f 1764/2460/623 2471/2470/624 1771/1659/617
f 1765/1655/625 2468/2471/626 1768/1656/614
f 1766/2463/627 2470/2466/613 2466/2472/631
f 1774/2473/609 2473/2474/609 2474/2475/609
f 1776/2476/610 2475/2477/610 1775/1662/610
f 1780/1661/611 2482/2478/612 2480/2479/613
f 1778/1663/614 2479/2480/615 1779/2481/616
f 1781/1666/617 2482/2478/612 1782/1664/618
f 1777/1665/619 2479/2480/615 2477/2482/620
f 1773/1667/621 2477/2482/620 2473/2474/622
f 1774/2473/623 2481/2483/624 1781/1666/617
f 1775/1662/625 2478/2484/626 1778/1663/614
f 1776/2476/627 2480/2479/613 2476/2485/631
f 1784/2486/609 2483/2487/609 2484/2488/609
f 1786/2489/610 2485/2490/610 1785/1669/610
f 1790/1668/611 2492/2491/612 2490/2492/613
f 1788/1670/614 2489/2493/615 1789/2494/616
f 1791/1673/617 2492/2491/612 1792/1671/629
f 1787/1672/619 2489/2493/615 2487/2495/620
f 1783/1674/621 2487/2495/620 2483/2487/622
f 1784/2486/623 2491/2496/624 1791/1673/617
f 1785/1669/625 2488/2497/626 1788/1670/614
f 1786/2489/627 2490/2492/613 2486/2498/631
f 1794/2499/609 2493/2500/609 2494/2501/609
f 1796/2502/610 2495/2503/610 1795/1676/610
f 1800/1675/611 2502/2504/612 2500/2505/613
f 1798/1677/614 2499/2506/615 1799/2507/616
f 1801/1680/632 2502/2504/612 1802/1678/618
f 1797/1679/619 2499/2506/615 2497/2508/620
f 1793/1681/621 2497/2508/620 2493/2500/622
f 1794/2499/623 2501/2509/624 1801/1680/632
f 1795/1676/625 2498/2510/626 1798/1677/614
f 1796/2502/657 2500/2505/613 2496/2511/631
f 1804/1690/633 2503/2512/633 1803/1688/633
f 1806/2513/634 2505/2514/634 2506/2515/634
f 1810/1683/635 2512/2516/636 1812/1685/637
f 1808/1684/638 2509/2517/639 2508/2518/640
f 1811/1689/641 2512/2516/636 2511/2519/642
f 1807/1686/643 2509/2517/639 1809/1687/644
f 1803/1688/645 2507/2520/646 1807/1686/643
f 1804/1690/647 2511/2519/642 2504/2521/648
f 1805/1682/649 2508/2518/640 2505/2514/650
f 1806/2513/651 2510/2522/652 1810/1683/635
f 1814/1699/633 2513/2523/633 1813/1697/633
f 1816/2524/634 2515/2525/634 2516/2526/634
f 1820/1692/635 2522/2527/636 1822/1694/653
f 1818/1693/638 2519/2528/639 2518/2529/654
f 1821/1698/641 2522/2527/636 2521/2530/642
f 1817/1695/643 2519/2528/639 1819/1696/644
f 1813/1697/645 2517/2531/646 1817/1695/643
f 1814/1699/647 2521/2530/642 2514/2532/648
f 1815/1691/649 2518/2529/654 2515/2525/650
f 1816/2524/655 2520/2533/652 1820/1692/635
f 1824/1708/633 2523/2534/633 1823/1706/633
f 1826/2535/634 2525/2536/634 2526/2537/634
f 1830/1701/635 2532/2538/636 1832/1703/637
f 1828/1702/638 2529/2539/639 2528/2540/640
f 1831/1707/641 2532/2538/636 2531/2541/642
f 1827/1704/643 2529/2539/639 1829/1705/644
f 1823/1706/645 2527/2542/646 1827/1704/643
f 1824/1708/647 2531/2541/642 2524/2543/648
f 1825/1700/649 2528/2540/640 2525/2536/650
f 1826/2535/655 2530/2544/652 1830/1701/635
f 1834/1717/633 2533/2545/633 1833/1715/633
f 1836/2546/634 2535/2547/634 2536/2548/634
f 1840/1710/635 2542/2549/636 1842/1712/653
f 1838/1711/638 2539/2550/639 2538/2551/640
f 1841/1716/641 2542/2549/636 2541/2552/642
f 1837/1713/643 2539/2550/639 1839/1714/644
f 1833/1715/645 2537/2553/646 1837/1713/643
f 1834/1717/647 2541/2552/642 2534/2554/648
f 1835/1709/649 2538/2551/640 2535/2547/650
f 1836/2546/655 2540/2555/652 1840/1710/635
f 1844/1726/633 2543/2556/633 1843/1724/633
f 1846/2557/634 2545/2558/634 2546/2559/634
f 1850/1719/635 2552/2560/636 1852/1721/653
f 1848/1720/638 2549/2561/639 2548/2562/640
f 1851/1725/641 2552/2560/636 2551/2563/642
f 1847/1722/643 2549/2561/639 1849/1723/644
f 1843/1724/645 2547/2564/646 1847/1722/643
f 1844/1726/647 2551/2563/642 2544/2565/648
f 1845/1718/649 2548/2562/640 2545/2558/650
f 1846/2557/655 2550/2566/652 1850/1719/635
f 2561/1154/15 2555/1106/15 2562/2567/15
f 2563/2567/5 2559/1107/5 2557/2568/5
f 2560/1107/3 2554/2569/3 2556/2568/3
f 2563/1108/659 2553/2570/660 2561/2569/659
f 2557/1109/2 2555/2571/2 2553/2570/2
f 2564/1110/661 2556/2572/662 2562/2571/661
f 2559/1111/663 2562/2573/661 2555/2572/663
f 2558/1112/664 2561/2574/659 2554/2573/664
f 2560/1113/5 2563/2575/5 2558/2574/5
f 2561/1114/15 2556/2576/15 2554/2575/15
f 2605/2577/665 2659/2578/666 2606/2579/667
f 2607/2580/668 2663/1115/669 2661/2581/670
f 2566/2582/671 2567/1118/671 2565/2580/671
f 2607/1121/672 2657/2582/673 2605/2583/672
f 2608/1124/674 2566/2584/675 2606/2585/674
f 2569/1126/3 2572/2585/3 2570/2586/3
f 2576/1127/2 2573/2586/2 2574/2587/2
f 2576/1128/6 2570/2587/6 2572/2588/6
f 2574/1130/5 2569/2588/5 2570/2589/5
f 2573/1131/10 2571/2589/10 2569/2590/10
f 2575/1133/15 2572/2590/15 2571/2591/15
f 2577/1135/3 2676/2591/3 2578/2592/3
f 2680/1136/2 2579/2592/2 2580/2593/2
f 2680/1137/6 2578/2593/6 2676/2594/6
f 2580/1140/5 2577/2594/5 2578/2595/5
f 2579/1143/10 2675/2596/10 2577/2597/10
f 2581/2598/3 2684/2599/3 2682/2600/3
f 2688/2601/2 2583/2602/2 2686/2603/2
f 2686/2603/6 2581/2598/6 2682/2600/6
f 2584/2604/10 2684/2599/10 2582/2605/10
f 2585/1145/3 2588/2597/3 2586/2606/3
f 2592/2607/2 2589/2606/2 2590/2608/2
f 2592/2609/6 2586/2610/6 2588/2611/6
f 2590/2612/5 2585/2613/5 2586/2610/5
f 2585/2613/10 2591/1150/10 2587/2614/10
f 2591/1150/15 2588/2615/15 2587/2614/15
f 2593/2616/3 2596/2617/3 2594/2618/3
f 2600/2619/2 2597/2620/2 2598/2621/2
f 2598/2621/6 2593/2616/6 2594/2618/6
f 2599/2622/10 2596/2617/10 2595/2623/10
f 2645/2624/5 2602/2625/5 2601/2626/5
f 2604/2627/15 2649/2628/15 2603/2629/15
f 2603/2629/6 2645/2624/6 2601/2626/6
f 2651/2630/10 2602/2625/10 2647/2631/10
f 2663/1151/676 2606/2632/674 2659/2615/676
f 2567/1152/677 2605/2633/672 2565/2634/677
f 2567/2633/678 2608/1154/679 2607/2635/668
f 2565/2635/680 2606/2567/667 2566/2636/681
f 2653/2636/682 2715/2568/683 2713/2637/683
f 2655/2637/684 2719/2569/685 2656/2638/686
f 2610/2638/671 2611/2570/671 2612/2639/671
f 2713/2570/673 2655/2640/672 2653/2639/672
f 2610/2571/675 2656/2641/674 2654/2640/674
f 2616/2572/2 2613/2642/2 2614/2641/2
f 2617/2573/3 2620/2643/3 2618/2642/3
f 2614/2574/6 2620/2644/6 2616/2643/6
f 2613/2575/5 2618/2645/5 2614/2644/5
f 2615/2646/10 2617/2647/10 2613/2648/10
f 2616/2649/15 2619/2650/15 2615/2651/15
f 2732/2580/2 2621/2652/2 2622/2653/2
f 2623/2582/3 2736/2653/3 2624/2654/3
f 2622/2583/6 2736/2654/6 2732/2655/6
f 2621/2585/5 2624/2656/5 2622/2657/5
f 2621/2658/10 2735/2585/10 2623/2657/10
f 2740/2659/2 2625/2660/2 2738/2661/2
f 2627/2602/3 2744/2662/3 2742/2663/3
f 2625/2660/6 2742/2663/6 2738/2661/6
f 2740/2659/10 2628/2664/10 2626/2665/10
f 2632/2587/2 2629/2658/2 2630/2666/2
f 2633/2588/3 2636/2666/3 2634/2667/3
f 2630/2589/6 2636/2667/6 2632/2668/6
f 2629/2590/5 2634/2668/5 2630/2669/5
f 2631/2591/10 2633/2669/10 2629/2670/10
f 2632/2592/15 2635/2670/15 2631/2671/15
f 2640/2672/2 2637/2673/2 2638/2674/2
f 2641/2675/3 2644/2676/3 2642/2677/3
f 2637/2673/6 2642/2677/6 2638/2674/6
f 2640/2672/10 2643/2678/10 2639/2679/10
f 2648/2680/5 2645/2624/5 2646/2681/5
f 2649/2628/15 2652/2682/15 2650/2683/15
f 2645/2624/6 2650/2683/6 2646/2681/6
f 2647/2631/10 2652/2682/10 2651/2630/10
f 2654/2593/674 2719/2671/676 2715/2684/676
f 2653/2594/672 2611/2684/677 2609/2685/677
f 2611/2686/687 2656/2594/686 2612/2685/688
f 2609/2687/689 2654/2596/690 2653/2688/682
f 2709/2689/691 2659/2597/666 2657/2687/692
f 2711/2690/693 2663/2606/669 2712/2689/694
f 2660/2691/695 2662/2608/695 2664/2690/695
f 2657/2692/696 2711/2693/697 2709/2694/697
f 2660/2695/698 2712/2696/699 2710/2693/699
f 2668/2613/3 2665/2697/3 2666/2696/3
f 2669/2698/2 2672/2699/2 2670/2700/2
f 2666/2615/6 2672/2701/6 2668/2699/6
f 2665/2634/15 2670/2702/15 2666/2701/15
f 2667/2633/10 2669/2703/10 2665/2702/10
f 2668/2635/5 2671/2704/5 2667/2703/5
f 2676/2636/3 2673/2705/3 2674/2704/3
f 2677/2637/2 2680/2706/2 2678/2705/2
f 2674/2638/6 2680/2707/6 2676/2706/6
f 2673/2639/15 2678/2708/15 2674/2707/15
f 2675/2640/10 2677/2709/10 2673/2708/10
f 2684/2599/3 2681/2710/3 2682/2600/3
f 2685/2711/2 2688/2601/2 2686/2603/2
f 2681/2710/6 2686/2603/6 2682/2600/6
f 2684/2599/10 2687/2712/10 2683/2713/10
f 2692/2641/3 2689/2714/3 2690/2709/3
f 2693/2642/2 2696/2715/2 2694/2714/2
f 2690/2643/6 2696/2716/6 2692/2715/6
f 2689/2644/15 2694/2717/15 2690/2716/15
f 2691/2648/10 2693/2718/10 2689/2719/10
f 2692/2647/5 2695/2720/5 2691/2718/5
f 2700/2721/3 2697/2722/3 2698/2723/3
f 2701/2724/2 2704/2725/2 2702/2726/2
f 2697/2722/6 2702/2726/6 2698/2723/6
f 2700/2721/10 2703/2727/10 2699/2728/10
f 2706/2729/15 2761/2730/15 2705/2731/15
f 2765/2732/5 2708/2733/5 2707/2734/5
f 2761/2730/6 2707/2734/6 2705/2731/6
f 2706/2729/10 2767/2735/10 2763/2736/10
f 2710/2651/699 2663/2737/700 2659/2738/700
f 2709/2739/697 2662/2738/701 2658/2740/701
f 2662/2741/702 2712/2742/694 2664/2743/703
f 2658/2744/704 2710/2745/705 2709/2741/691
f 2769/2746/706 2715/2656/683 2770/2744/707
f 2771/2747/708 2719/2657/685 2717/2746/685
f 2716/2748/695 2718/2658/695 2714/2747/695
f 2771/2667/697 2713/2748/696 2769/2749/697
f 2772/2668/699 2716/2749/698 2770/2750/699
f 2721/2669/2 2724/2750/2 2722/2751/2
f 2728/2670/3 2725/2751/3 2726/2752/3
f 2728/2671/6 2722/2752/6 2724/2753/6
f 2726/2684/15 2721/2753/15 2722/2754/15
f 2725/2685/10 2723/2754/10 2721/2755/10
f 2727/2686/5 2724/2755/5 2723/2756/5
f 2729/2687/2 2732/2757/2 2730/2758/2
f 2736/2689/3 2733/2758/3 2734/2759/3
f 2736/2690/6 2730/2759/6 2732/2760/6
f 2734/2691/15 2729/2760/15 2730/2761/15
f 2733/2762/10 2731/2761/10 2729/2763/10
f 2737/2764/2 2740/2659/2 2738/2661/2
f 2744/2662/3 2741/2765/3 2742/2663/3
f 2742/2663/6 2737/2764/6 2738/2661/6
f 2743/2766/10 2740/2659/10 2739/2767/10
f 2745/2768/2 2748/2769/2 2746/2770/2
f 2752/2693/3 2749/2771/3 2750/2769/3
f 2752/2772/6 2746/2773/6 2748/2771/6
f 2750/2700/15 2745/2774/15 2746/2773/15
f 2749/2699/10 2747/2775/10 2745/2774/10
f 2751/2701/5 2748/2776/5 2747/2775/5
f 2753/2777/2 2756/2778/2 2754/2779/2
f 2760/2780/3 2757/2781/3 2758/2782/3
f 2758/2782/6 2753/2777/6 2754/2779/6
f 2759/2783/10 2756/2778/10 2755/2784/10
f 2761/2730/15 2764/2785/15 2762/2786/15
f 2768/2787/5 2765/2732/5 2766/2788/5
f 2766/2788/6 2761/2730/6 2762/2786/6
f 2767/2735/10 2764/2785/10 2763/2736/10
f 2719/2702/700 2770/2789/699 2715/2776/700
f 2718/2703/701 2769/2790/697 2714/2789/701
f 2718/2790/709 2772/2705/710 2771/2791/708
f 2714/2791/711 2770/2706/707 2716/2792/712
f 4/1/1 3/2793/1 16/2/1
f 3/4/2 1/2/2 14/5/2
f 13/7/3 2/2794/3 4/8/3
f 1/10/4 2/2795/4 13/11/4
f 27/13/2 28/2796/2 8/5/2
f 8/5/5 6/12/5 5/15/5
f 27/16/6 7/2797/6 5/17/6
f 26/19/7 6/16/7 8/18/7
f 6/21/3 26/2798/3 25/20/3
f 35/23/6 36/2799/6 12/14/6
f 10/25/8 12/15/8 36/26/8
f 10/26/9 9/15/9 11/27/9
f 9/18/10 10/17/10 34/29/10
f 9/31/11 33/20/11 35/18/11
f 1/22/12 3/2800/12 4/32/12
f 16/34/13 19/2801/13 20/35/13
f 14/37/2 17/24/2 19/38/2
f 13/38/3 15/2802/3 20/26/3
f 13/26/14 18/28/14 17/41/14
f 27/41/2 23/28/2 24/36/2
f 21/43/15 22/2803/15 24/44/15
f 21/46/6 23/2804/6 27/47/6
f 24/49/16 22/46/16 26/48/16
f 25/51/3 26/2805/3 22/52/3
f 31/54/6 32/51/6 36/53/6
f 36/56/8 32/38/8 30/57/8
f 32/38/17 31/40/17 29/59/17
f 34/40/10 30/41/10 29/60/10
f 29/60/11 31/41/11 35/42/11
f 20/42/18 19/2806/18 17/62/18
f 37/47/3 39/2807/3 40/63/3
f 44/48/2 43/47/2 41/64/2
f 44/50/6 42/48/6 38/65/6
f 42/67/5 41/50/5 37/66/5
f 41/69/10 43/2808/10 39/70/10
f 43/72/15 44/2809/15 40/73/15
f 46/75/10 72/57/10 70/76/10
f 74/57/6 76/59/6 48/78/6
f 48/79/2 76/2810/2 72/80/2
f 47/60/5 48/61/5 46/81/5
f 74/61/3 47/62/3 45/82/3
f 52/62/2 51/2811/2 49/83/2
f 53/84/3 55/2812/3 56/85/3
f 50/65/6 54/64/6 56/87/6
f 49/66/5 53/65/5 54/88/5
f 51/68/10 55/66/10 53/89/10
f 52/71/15 56/70/15 55/91/15
f 86/74/10 88/73/10 58/93/10
f 60/95/6 92/74/6 90/94/6
f 88/97/3 92/76/3 60/98/3
f 58/100/5 60/78/5 59/101/5
f 57/78/2 59/80/2 90/102/2
f 64/80/3 63/81/3 61/103/3
f 65/81/2 67/82/2 68/104/2
f 62/82/6 66/83/6 68/105/6
f 61/83/15 65/2813/15 66/107/15
f 61/108/10 63/2814/10 67/109/10
f 64/88/5 68/87/5 67/111/5
f 70/89/10 72/88/10 71/112/10
f 75/90/6 76/89/6 74/113/6
f 72/92/2 76/91/2 75/115/2
f 71/94/15 75/93/15 73/117/15
f 69/96/3 73/94/3 74/118/3
f 77/120/2 79/2815/2 80/121/2
f 84/123/3 83/98/3 81/124/3
f 84/126/6 82/101/6 78/127/6
f 82/101/15 81/102/15 77/128/15
f 81/129/10 83/103/10 79/130/10
f 83/103/5 84/106/5 80/132/5
f 87/106/10 88/105/10 86/133/10
f 90/105/6 92/107/6 91/134/6
f 91/107/3 92/122/3 88/135/3
f 89/108/15 91/110/15 87/136/15
f 90/138/2 89/108/2 85/137/2
f 96/140/19 94/147/713 93/141/20
f 97/143/22 98/146/714 99/144/23
f 96/140/25 99/144/25 98/146/25
f 104/148/26 102/155/26 101/149/26
f 105/151/27 106/154/27 107/152/27
f 104/148/25 107/152/25 106/154/25
f 110/156/25 112/166/25 111/157/25
f 114/159/25 116/164/25 115/160/25
f 109/158/28 118/2816/28 117/162/28
f 123/163/29 124/2817/29 115/160/29
f 119/165/30 120/2818/30 111/157/30
f 113/161/31 122/2819/31 121/167/31
f 128/168/32 126/175/32 125/169/32
f 129/171/33 130/174/33 131/172/33
f 128/168/34 131/172/34 130/174/34
f 134/176/34 136/180/34 135/177/34
f 139/179/35 140/2820/35 135/177/35
f 133/178/36 138/2821/36 137/181/36
f 144/182/37 142/191/715 141/183/38
f 148/185/40 145/2822/716 146/186/41
f 315/188/43 314/2823/43 310/189/43
f 147/187/10 146/186/10 142/191/10
f 152/192/44 150/198/44 149/193/44
f 153/195/45 154/2824/45 155/196/45
f 155/196/10 154/2824/10 150/198/10
f 160/199/10 159/213/10 157/200/10
f 162/202/10 164/209/10 163/203/10
f 166/205/46 165/2825/46 158/201/46
f 313/206/47 314/2823/47 315/188/47
f 171/208/48 172/2826/48 163/203/48
f 312/190/49 310/189/49 309/210/49
f 167/212/50 168/2827/50 159/213/50
f 170/214/51 169/2828/51 162/202/51
f 176/215/52 174/221/717 173/216/53
f 180/218/55 177/2829/718 178/219/56
f 179/220/58 178/219/58 174/221/58
f 184/222/59 182/229/59 181/223/59
f 185/225/60 186/228/60 187/226/60
f 184/222/58 187/226/58 186/228/58
f 192/230/58 191/240/58 189/231/58
f 194/233/58 196/238/58 195/234/58
f 198/236/61 197/2830/61 190/232/61
f 203/237/62 204/2831/62 195/234/62
f 199/239/63 200/2832/63 191/240/63
f 202/241/64 201/2833/64 194/233/64
f 208/242/65 206/2834/719 205/243/66
f 212/245/68 209/2835/720 210/246/69
f 205/243/6 209/2835/6 212/245/6
f 307/248/43 306/266/43 302/249/43
f 216/251/44 214/2836/44 213/252/44
f 217/254/45 218/2837/45 219/255/45
f 213/252/6 217/254/6 220/256/6
f 230/257/6 232/272/6 231/258/6
f 234/260/6 236/2838/6 235/261/6
f 230/257/71 229/259/71 222/263/71
f 308/265/72 305/2839/721 306/266/73
f 235/261/75 236/2838/75 227/267/75
f 304/250/76 302/249/722 301/269/77
f 224/271/79 231/258/79 232/272/79
f 234/260/80 233/262/80 226/274/80
f 240/276/81 238/2840/723 237/277/82
f 244/279/84 241/282/724 242/280/85
f 241/282/87 244/279/87 239/278/87
f 248/283/88 246/2841/88 245/284/88
f 249/286/89 250/2842/89 251/287/89
f 245/284/87 249/286/87 252/288/87
f 261/289/87 262/295/87 264/290/87
f 265/292/87 266/302/87 268/293/87
f 262/295/90 261/289/90 254/296/90
f 267/294/91 268/293/91 259/298/91
f 263/291/92 264/290/92 255/300/92
f 266/302/93 265/292/93 258/303/93
f 272/305/94 270/314/725 269/306/95
f 276/308/97 273/2843/726 274/309/98
f 330/311/100 329/2844/100 322/312/100
f 272/305/101 275/310/101 274/309/101
f 327/315/102 328/2845/102 319/316/102
f 280/318/103 278/328/103 277/319/103
f 281/321/104 282/327/104 283/322/104
f 331/324/105 332/2846/105 323/325/105
f 280/318/101 283/322/101 282/327/101
f 326/329/106 325/2847/106 318/330/106
f 286/332/101 288/342/101 287/333/101
f 290/335/101 292/340/101 291/336/101
f 294/338/107 293/2848/107 286/332/107
f 299/339/108 300/2849/108 291/336/108
f 295/341/109 296/2850/109 287/333/109
f 322/312/43 324/326/43 323/325/43
f 298/343/110 297/2851/110 290/335/110
f 320/317/43 319/316/43 317/331/43
f 385/344/10 387/2852/10 388/345/10
f 381/115/6 383/344/6 384/346/6
f 377/116/101 379/115/101 380/347/101
f 373/349/58 375/116/58 376/348/58
f 369/351/43 371/349/43 372/350/43
f 365/353/87 367/2853/87 368/354/87
f 352/356/111 376/353/111 375/355/111
f 334/358/112 342/2854/727 341/124/113
f 343/124/115 342/127/727 334/360/112
f 344/361/117 343/131/115 336/362/116
f 341/131/113 344/130/117 335/363/118
f 341/130/119 366/132/119 368/364/119
f 336/364/120 346/132/728 345/133/121
f 347/133/123 346/134/728 336/366/120
f 348/134/125 347/135/123 340/367/124
f 335/367/122 345/135/121 348/368/125
f 362/370/127 385/2855/127 386/371/127
f 340/373/128 350/139/132 349/137/129
f 338/375/131 351/346/729 350/345/132
f 352/347/133 351/346/729 338/375/131
f 349/348/129 352/347/133 337/377/134
f 354/379/135 355/350/135 379/348/135
f 354/352/136 353/350/730 337/379/137
f 355/355/139 354/354/136 338/381/138
f 356/357/141 355/355/139 334/382/140
f 337/384/137 353/2856/730 356/357/141
f 348/385/143 372/359/143 371/386/143
f 358/388/144 357/360/145 335/389/145
f 359/360/146 358/362/144 339/390/144
f 333/390/147 360/362/147 359/363/146
f 335/391/145 357/363/145 360/364/147
f 357/392/148 358/364/148 381/365/148
f 336/393/149 362/365/149 361/366/150
f 363/366/151 362/367/149 336/395/149
f 364/367/152 363/369/151 334/396/151
f 340/397/150 361/2857/150 364/398/152
f 359/400/153 383/2858/153 381/401/153
f 348/403/154 345/376/154 370/400/154
f 356/375/155 380/376/155 379/403/155
f 363/377/156 387/375/156 385/404/156
f 349/378/157 374/377/157 376/405/157
f 360/379/158 384/378/158 383/406/158
f 353/380/159 378/379/159 380/407/159
f 363/409/160 364/2859/160 388/380/160
f 357/410/161 382/2859/161 384/409/161
f 364/412/162 361/2860/162 386/410/162
f 342/413/163 365/2861/163 366/412/163
f 346/415/164 369/386/164 370/416/164
f 342/416/165 343/2862/165 367/389/165
f 350/389/166 373/390/166 374/419/166
f 347/390/167 371/391/167 369/420/167
f 354/391/168 377/392/168 378/421/169
f 344/392/170 368/393/170 367/422/170
f 350/422/171 351/393/171 375/394/171
f 392/424/172 390/433/731 389/425/173
f 396/427/175 393/2863/732 394/428/176
f 563/430/178 562/449/178 558/431/178
f 395/429/10 394/428/10 390/433/10
f 400/434/179 398/440/179 397/435/179
f 401/437/180 402/2864/180 403/438/180
f 403/438/10 402/2864/10 398/440/10
f 408/441/10 407/455/10 405/442/10
f 410/444/10 412/451/10 411/445/10
f 414/447/181 413/2865/181 406/443/181
f 564/448/182 561/2866/182 562/449/182
f 419/450/183 420/2867/183 411/445/183
f 560/432/184 558/431/184 557/452/184
f 415/454/185 416/2868/185 407/455/185
f 418/456/186 417/2869/186 410/444/186
f 424/457/187 422/463/733 421/458/188
f 428/460/190 425/2870/734 426/461/191
f 427/462/193 426/461/193 422/463/193
f 432/464/194 430/471/194 429/465/194
f 433/467/195 434/470/195 435/468/195
f 432/464/193 435/468/193 434/470/193
f 440/472/193 439/482/193 437/473/193
f 442/475/193 444/480/193 443/476/193
f 446/478/196 445/2871/196 438/474/196
f 451/479/197 452/2872/197 443/476/197
f 447/481/198 448/2873/198 439/482/198
f 450/483/199 449/2874/199 442/475/199
f 456/484/200 454/2875/735 453/485/201
f 460/487/203 457/2876/736 458/488/204
f 453/485/6 457/2876/6 460/487/6
f 555/490/178 554/508/178 550/491/178
f 464/493/179 462/2877/179 461/494/179
f 465/496/180 466/2878/180 467/497/180
f 461/494/6 465/496/6 468/498/6
f 478/499/6 480/2879/6 479/500/6
f 482/502/6 484/2880/6 483/503/6
f 478/499/206 477/501/206 470/505/206
f 556/507/207 553/2881/737 554/508/208
f 483/503/210 484/2880/210 475/509/210
f 552/492/211 550/491/738 549/511/212
f 479/500/214 480/2879/214 471/513/214
f 482/502/215 481/504/215 474/515/215
f 488/517/216 486/2882/739 485/518/217
f 492/520/219 489/523/740 490/521/220
f 489/523/222 492/520/222 487/519/222
f 496/524/223 494/2883/223 493/525/223
f 497/527/224 498/2884/224 499/528/224
f 493/525/222 497/527/222 500/529/222
f 509/530/222 510/536/222 512/531/222
f 513/533/222 514/543/222 516/534/222
f 510/536/225 509/530/225 502/537/225
f 515/535/226 516/534/226 507/539/226
f 511/532/227 512/531/227 503/541/227
f 514/543/228 513/533/228 506/544/228
f 520/546/229 518/556/741 517/547/230
f 521/549/232 522/555/742 523/550/233
f 578/552/235 577/2885/235 570/553/235
f 520/546/236 523/550/236 522/555/236
f 575/557/237 576/2886/237 567/558/237
f 528/560/238 526/570/238 525/561/238
f 529/563/239 530/569/239 531/564/239
f 579/566/240 580/2887/240 571/567/240
f 528/560/236 531/564/236 530/569/236
f 565/571/241 574/2888/241 573/572/241
f 534/574/236 536/584/236 535/575/236
f 538/577/236 540/582/236 539/578/236
f 542/580/242 541/2889/242 534/574/242
f 547/581/243 548/2890/243 539/578/243
f 543/583/244 544/2891/244 535/575/244
f 570/553/178 572/568/178 571/567/178
f 537/579/245 546/2892/245 545/585/245
f 568/559/178 567/558/178 565/571/178
f 633/394/10 635/395/10 636/586/10
f 629/395/6 631/396/6 632/587/6
f 625/397/236 627/399/236 628/588/236
f 621/399/193 623/2893/193 624/590/193
f 617/402/178 619/401/178 620/591/178
f 613/403/222 615/402/222 616/592/222
f 599/594/246 600/404/246 624/403/246
f 582/595/247 590/405/743 589/404/248
f 591/406/250 590/405/743 582/595/247
f 592/407/252 591/406/250 584/596/251
f 581/598/249 589/408/248 592/407/252
f 589/409/254 614/408/254 616/598/254
f 584/600/255 594/2894/744 593/601/256
f 595/603/258 594/2894/744 584/600/255
f 596/414/260 595/603/258 588/604/259
f 583/606/257 593/2895/256 596/607/260
f 610/609/262 633/416/262 634/610/262
f 588/610/263 598/2896/745 597/418/264
f 599/418/266 598/419/745 588/613/263
f 600/419/268 599/420/266 586/614/267
f 597/420/264 600/421/268 585/615/269
f 602/615/270 603/421/270 627/422/270
f 586/616/271 602/422/275 601/423/272
f 582/617/274 603/423/746 602/586/275
f 604/586/276 603/587/746 582/619/274
f 601/589/272 604/588/276 581/620/277
f 595/620/278 596/588/278 620/590/278
f 587/622/279 606/2897/279 605/606/280
f 607/624/281 606/2898/279 587/625/279
f 581/627/282 608/593/282 607/592/281
f 583/629/280 605/594/280 608/593/282
f 606/595/283 629/594/283 630/629/283
f 584/631/284 610/596/284 609/595/285
f 611/597/286 610/596/284 584/631/284
f 612/598/287 611/597/286 582/632/286
f 588/634/285 609/599/285 612/598/287
f 607/600/288 631/602/288 629/635/288
f 593/604/289 618/600/289 620/636/289
f 603/638/290 604/605/290 628/604/290
f 611/606/291 635/608/291 633/640/292
f 597/623/293 622/606/293 624/641/293
f 608/643/294 632/610/294 631/644/294
f 601/610/295 626/612/295 628/646/295
f 612/612/296 636/613/296 635/647/296
f 608/648/297 605/2899/297 630/614/297
f 612/649/298 609/614/298 634/650/298
f 590/615/299 613/616/299 614/652/299
f 594/616/300 617/617/300 618/654/300
f 590/654/301 591/617/302 615/618/302
f 598/618/303 621/619/303 622/656/303
f 595/619/304 619/620/304 617/657/304
f 602/620/305 625/621/305 626/658/306
f 591/659/307 592/622/307 616/623/307
f 598/660/308 599/623/308 623/661/308
f 640/663/309 638/672/747 637/664/310
f 644/666/312 641/2900/748 642/667/313
f 811/669/315 810/2901/315 806/670/315
f 643/668/10 642/667/10 638/672/10
f 648/673/316 646/679/316 645/674/316
f 649/676/317 650/2902/317 651/677/317
f 651/677/10 650/2902/10 646/679/10
f 656/680/10 655/694/10 653/681/10
f 658/683/10 660/690/10 659/684/10
f 662/686/318 661/2903/318 654/682/318
f 809/687/319 810/2901/319 811/669/319
f 667/689/320 668/2904/320 659/684/320
f 808/671/321 806/670/322 805/691/322
f 663/693/323 664/2905/323 655/694/323
f 666/695/324 665/2906/324 658/683/324
f 672/696/325 670/702/749 669/697/326
f 676/699/328 673/2907/750 674/700/329
f 675/701/331 674/700/331 670/702/331
f 680/703/332 678/710/332 677/704/332
f 681/706/333 682/709/333 683/707/333
f 680/703/331 683/707/331 682/709/331
f 688/711/331 687/721/331 685/712/331
f 692/714/331 691/719/331 689/715/331
f 694/717/334 693/2908/334 686/713/334
f 699/718/335 700/2909/335 691/719/335
f 695/720/336 696/2910/336 687/721/336
f 698/722/337 697/2911/337 690/716/337
f 704/723/338 702/2912/751 701/724/339
f 708/726/341 705/2913/752 706/727/342
f 701/724/6 705/2913/6 708/726/6
f 803/729/315 802/747/315 798/730/315
f 712/732/316 710/2914/316 709/733/316
f 713/735/317 714/2915/317 715/736/317
f 709/733/6 713/735/6 716/737/6
f 726/738/6 728/2916/6 727/739/6
f 730/741/6 732/749/6 731/742/6
f 726/738/344 725/740/344 718/744/344
f 804/746/345 801/2917/753 802/747/346
f 724/748/348 731/742/348 732/749/348
f 800/731/349 798/730/754 797/751/350
f 727/739/352 728/2916/352 719/753/352
f 730/741/353 729/743/353 722/755/353
f 736/757/354 734/2918/755 733/758/355
f 740/760/357 737/2919/756 738/761/358
f 733/758/360 737/2919/360 740/760/360
f 744/763/361 742/2920/361 741/764/361
f 745/766/362 746/2921/362 747/767/362
f 741/764/360 745/766/360 748/768/360
f 758/769/360 760/2922/360 759/770/360
f 761/772/360 762/781/360 764/773/360
f 758/769/363 757/771/363 750/775/363
f 763/774/364 764/773/364 755/777/364
f 759/770/365 760/2922/366 751/779/366
f 762/781/367 761/772/367 754/782/367
f 767/784/368 768/793/757 766/785/369
f 769/787/371 770/794/758 771/788/372
f 826/790/374 825/2923/374 818/791/374
f 768/793/375 771/788/375 770/794/375
f 823/795/376 824/2924/377 815/796/377
f 775/798/378 776/807/378 774/799/378
f 777/801/379 778/808/379 779/802/380
f 827/804/381 828/2925/381 819/805/381
f 776/807/375 779/802/375 778/808/375
f 822/809/382 821/2926/382 814/810/382
f 782/812/375 784/822/375 783/813/375
f 786/815/375 788/820/375 787/816/375
f 790/818/383 789/2927/384 782/812/384
f 795/819/385 796/2928/385 787/816/385
f 791/821/386 792/2929/386 783/813/386
f 820/806/315 819/805/315 817/792/315
f 794/823/387 793/2930/387 786/815/387
f 816/797/315 815/796/315 813/811/315
f 881/824/10 883/2931/10 884/825/10
f 877/827/6 879/824/6 880/826/6
f 873/829/375 875/827/375 876/828/375
f 869/630/331 871/629/331 872/831/331
f 865/631/315 867/630/315 868/832/315
f 861/632/360 863/631/360 864/833/360
f 847/835/388 848/633/388 872/632/388
f 830/836/389 838/634/759 837/633/390
f 839/636/392 838/635/759 830/837/389
f 840/637/394 839/636/392 832/838/393
f 837/638/390 840/639/394 831/840/395
f 840/842/396 837/641/396 862/640/396
f 832/844/397 842/642/760 841/641/398
f 843/845/400 842/642/760 832/844/397
f 844/847/402 843/644/400 836/848/401
f 831/848/399 841/2932/398 844/646/402
f 858/851/404 881/648/404 882/852/404
f 836/852/405 846/648/409 845/649/406
f 834/853/408 847/649/761 846/651/409
f 848/653/410 847/652/761 834/855/408
f 845/652/406 848/654/410 833/857/411
f 851/654/412 875/655/412 873/858/412
f 850/655/413 849/656/419 833/859/414
f 830/859/416 851/656/762 850/657/413
f 852/657/417 851/658/762 830/861/416
f 849/659/419 852/660/417 829/862/418
f 843/862/420 844/660/420 868/662/420
f 835/863/421 854/662/421 853/864/422
f 833/866/423 855/2933/423 854/867/421
f 829/869/424 856/828/424 855/826/423
f 831/871/422 853/830/422 856/872/424
f 853/874/425 854/832/425 877/831/425
f 858/833/426 857/832/427 836/874/427
f 859/834/428 858/833/426 832/876/426
f 860/835/429 859/834/428 830/877/428
f 857/836/427 860/835/429 834/878/429
f 854/880/430 855/838/431 879/837/431
f 841/839/432 866/838/432 868/880/432
f 851/883/433 852/841/433 876/840/433
f 859/842/434 883/843/434 881/885/435
f 848/887/436 845/844/436 870/842/436
f 855/888/437 856/846/437 880/844/437
f 852/889/438 849/2934/438 874/846/438
f 860/890/439 884/848/439 883/891/439
f 856/891/440 853/2935/441 878/850/441
f 860/893/442 857/850/443 882/852/443
f 838/852/444 861/853/444 862/895/444
f 842/853/445 865/854/445 866/896/445
f 839/856/446 863/855/446 861/897/446
f 846/855/447 869/857/447 870/899/447
f 842/899/448 843/857/448 867/858/448
f 850/858/449 873/859/449 874/901/449
f 839/901/450 840/859/450 864/860/450
f 847/860/451 871/861/451 869/903/451
f 888/904/452 886/913/763 885/905/453
f 892/907/455 889/2936/764 890/908/456
f 1056/910/458 1059/929/458 1058/911/458
f 891/909/10 890/908/10 886/913/10
f 896/914/459 894/920/459 893/915/459
f 897/917/460 898/2937/460 899/918/460
f 899/918/10 898/2937/10 894/920/10
f 904/921/10 903/936/10 901/922/10
f 906/924/10 908/932/10 907/925/10
f 910/927/461 909/2938/461 902/923/461
f 1057/928/462 1058/911/462 1059/929/462
f 915/931/463 916/2939/463 907/925/463
f 1056/910/464 1054/912/464 1053/933/464
f 911/935/465 912/2940/465 903/936/465
f 914/937/466 913/2941/466 906/924/466
f 920/938/467 918/944/765 917/939/468
f 924/941/470 921/2942/766 922/942/471
f 923/943/473 922/942/474 918/944/474
f 927/945/475 928/951/475 926/946/475
f 929/948/476 930/952/476 931/949/476
f 928/951/473 931/949/473 930/952/474
f 934/953/473 936/963/473 935/954/474
f 938/956/474 940/961/474 939/957/474
f 942/959/477 941/2943/477 934/953/477
f 947/960/478 948/2944/478 939/957/478
f 943/962/479 944/2945/479 935/954/479
f 946/964/480 945/2946/480 938/956/480
f 952/965/481 950/2947/767 949/966/482
f 956/968/484 953/2948/768 954/969/485
f 949/966/6 953/2948/6 956/968/6
f 1048/971/458 1051/989/458 1050/972/458
f 959/974/459 960/2949/459 958/975/459
f 961/977/460 962/2950/460 963/978/460
f 957/976/6 961/977/6 964/979/6
f 974/980/6 976/2951/6 975/981/6
f 978/983/6 980/2952/6 979/984/6
f 974/980/487 973/982/487 966/986/487
f 1052/988/488 1049/2953/769 1050/972/489
f 979/984/491 980/2952/491 971/990/491
f 1048/971/492 1046/973/770 1045/992/493
f 975/981/495 976/2951/495 967/994/495
f 978/983/496 977/985/496 970/996/496
f 984/998/497 982/2954/771 981/999/498
f 988/1001/500 985/1004/772 986/1002/501
f 985/1004/503 988/1001/503 983/1000/503
f 992/1005/504 990/2955/505 989/1006/505
f 996/1008/506 993/1011/507 994/1009/507
f 993/1011/503 996/1008/508 991/1007/508
f 1005/1012/508 1006/1018/503 1008/1013/503
f 1009/1015/503 1010/1025/503 1012/1016/503
f 1006/1018/509 1005/1012/509 998/1019/509
f 1011/1017/510 1012/1016/510 1003/1021/510
f 1007/1014/511 1008/1013/511 999/1023/511
f 1010/1025/512 1009/1015/512 1002/1026/512
f 1016/1028/513 1014/1037/773 1013/1029/514
f 1020/1031/516 1017/2956/774 1018/1032/517
f 1065/1034/519 1074/2957/519 1073/1035/519
f 1016/1028/520 1019/1033/520 1018/1032/520
f 1071/1038/521 1072/2958/775 1063/1039/521
f 1024/1041/522 1022/1051/522 1021/1042/522
f 1025/1044/523 1026/1050/523 1027/1045/523
f 1075/1047/524 1076/2959/524 1067/1048/524
f 1024/1041/520 1027/1045/520 1026/1050/520
f 1061/1052/525 1070/2960/525 1069/1053/525
f 1030/1055/520 1032/1065/520 1031/1056/520
f 1034/1058/520 1036/1062/520 1035/1059/520
f 1029/1057/526 1038/2961/526 1037/1061/527
f 1036/1062/528 1043/2962/528 1044/1063/528
f 1039/1064/529 1040/2963/530 1031/1056/530
f 1066/1036/458 1068/1049/458 1067/1048/458
f 1042/1066/531 1041/2964/531 1034/1058/531
f 1062/1054/458 1064/1040/458 1063/1039/458
f 1129/861/10 1131/862/10 1132/1067/10
f 1125/862/6 1127/1069/6 1128/1068/6
f 1121/1069/520 1123/1071/520 1124/1070/520
f 1117/1071/474 1119/2965/474 1120/1072/474
f 1113/866/458 1115/868/458 1116/1073/458
f 1109/873/503 1111/2966/503 1112/1075/503
f 1096/871/532 1120/873/532 1119/1076/532
f 1078/1078/533 1086/874/537 1085/875/534
f 1080/1080/536 1087/876/776 1086/874/537
f 1088/877/538 1087/876/776 1080/1080/536
f 1085/878/534 1088/877/538 1079/1081/539
f 1085/879/540 1110/878/540 1112/1082/540
f 1080/1084/541 1090/880/777 1089/881/542
f 1091/882/544 1090/880/777 1080/1084/541
f 1092/883/546 1091/884/544 1084/1087/545
f 1079/1089/543 1089/886/542 1092/885/546
f 1106/887/548 1129/886/548 1130/1089/548
f 1084/1092/549 1094/888/553 1093/887/550
f 1082/1093/552 1095/889/778 1094/888/553
f 1096/1072/554 1095/2967/778 1082/1094/552
f 1093/1096/550 1096/891/554 1081/1097/555
f 1099/891/556 1123/893/556 1121/1099/556
f 1082/1099/557 1098/893/779 1097/894/558
f 1099/894/560 1098/895/779 1082/1101/557
f 1100/895/562 1099/896/560 1078/1102/561
f 1081/1102/559 1097/2968/558 1100/1103/562
f 1092/1103/564 1116/2969/564 1115/1105/564
f 1083/1105/565 1102/2969/565 1101/900/566
f 1081/1106/567 1103/900/567 1102/901/565
f 1077/1107/568 1104/901/568 1103/902/567
f 1079/1108/566 1101/902/566 1104/903/568
f 1101/1109/569 1102/903/569 1125/1067/569
f 1106/1067/570 1105/1068/571 1084/1111/571
f 1107/1068/572 1106/1070/570 1080/1112/570
f 1108/1070/573 1107/1072/572 1078/1113/572
f 1105/1072/571 1108/1095/573 1082/1114/573
f 1102/1115/574 1103/1075/574 1127/1116/574
f 1092/1118/575 1089/1076/575 1114/1075/575
f 1100/1077/576 1124/1076/576 1123/1118/576
f 1107/1120/577 1131/1077/577 1129/1119/577
f 1093/1122/578 1118/2970/578 1120/1123/578
f 1104/1125/579 1128/1122/579 1127/1124/579
f 1100/1127/580 1097/1129/580 1122/1125/580
f 1107/1128/581 1108/1085/581 1132/1129/581
f 1101/1084/582 1126/1085/582 1128/1128/582
f 1105/1086/583 1130/1084/583 1132/1130/583
f 1086/1132/584 1109/1086/584 1110/1131/584
f 1090/1134/585 1113/1132/585 1114/1133/585
f 1086/1136/586 1087/1138/586 1111/1134/586
f 1093/1137/587 1094/2971/587 1117/1138/587
f 1091/1139/588 1115/2971/588 1113/1137/588
f 1098/1141/589 1121/2972/589 1122/1142/589
f 1088/1144/590 1112/1141/590 1111/1143/590
f 1094/1146/591 1095/2973/591 1119/1097/591
f 1135/1097/5 1136/1099/5 1134/1148/5
f 1139/1149/3 1140/2974/3 1136/1150/3
f 1137/1100/15 1138/1101/15 1140/1151/15
f 1133/1101/2 1134/1102/2 1138/1152/2
f 1133/1102/10 1137/1104/10 1139/1153/10
f 1138/1104/6 1134/1105/6 1136/1154/6
f 1142/1155/2 1150/1163/2 1152/1156/2
f 1145/1158/592 1148/1157/592 1152/1156/592
f 1142/1155/6 1148/1157/6 1145/1158/6
f 1144/1160/3 1145/1158/3 1151/1159/3
f 1141/1162/2 1147/1165/2 1152/1156/2
f 1143/1164/10 1146/1166/10 1147/1165/10
f 1143/1164/3 1149/1161/3 1151/1159/3
f 1151/1159/593 1152/1156/593 1147/1165/593
f 1160/1167/594 1156/1730/595 1155/1168/595
f 1158/1169/596 1159/1735/780 1162/1170/597
f 1162/1170/597 1159/1735/780 1157/1171/598
f 1153/1173/600 1154/1727/600 1161/1172/599
f 1170/1174/594 1166/1743/595 1165/1175/595
f 1168/1176/596 1169/1748/780 1172/1177/597
f 1172/1177/597 1169/1748/780 1167/1178/598
f 1163/1180/600 1164/1740/600 1171/1179/599
f 1180/1181/594 1176/1756/595 1175/1182/595
f 1178/1183/596 1179/1761/780 1182/1184/597
f 1182/1184/597 1179/1761/780 1177/1185/598
f 1173/1187/600 1174/1753/600 1181/1186/599
f 1190/1188/594 1186/1769/595 1185/1189/595
f 1188/1190/596 1189/1774/780 1192/1191/597
f 1192/1191/597 1189/1774/780 1187/1192/598
f 1183/1194/600 1184/1766/600 1191/1193/599
f 1200/1195/594 1196/1782/595 1195/1196/595
f 1198/1197/596 1199/1787/780 1202/1198/597
f 1202/1198/597 1199/1787/780 1197/1199/598
f 1193/1201/600 1194/1779/600 1201/1200/599
f 1205/1202/601 1206/1793/601 1210/1203/602
f 1212/1205/604 1209/1207/606 1208/1204/603
f 1212/1205/604 1211/1209/608 1207/1206/605
f 1203/1208/607 1207/1206/605 1211/1209/608
f 1215/1211/601 1216/1804/601 1220/1212/602
f 1222/1214/604 1219/1216/606 1218/1213/603
f 1222/1214/604 1221/1218/608 1217/1215/605
f 1213/1217/607 1217/1215/605 1221/1218/608
f 1225/1220/601 1226/1815/601 1230/1221/602
f 1232/1223/604 1229/1225/606 1228/1222/603
f 1232/1223/604 1231/1227/608 1227/1224/605
f 1223/1226/607 1227/1224/605 1231/1227/608
f 1235/1229/601 1236/1826/601 1240/1230/602
f 1242/1232/604 1239/1234/606 1238/1231/603
f 1242/1232/604 1241/1236/608 1237/1233/605
f 1233/1235/607 1237/1233/605 1241/1236/608
f 1245/1238/601 1246/1837/601 1250/1239/602
f 1252/1241/604 1249/1243/606 1248/1240/603
f 1252/1241/604 1251/1245/608 1247/1242/605
f 1243/1244/607 1247/1242/605 1251/1245/608
f 1260/1247/594 1256/1850/595 1255/1248/595
f 1258/1249/596 1259/1855/780 1262/1250/597
f 1262/1250/597 1259/1855/780 1257/1251/598
f 1253/1253/600 1254/1847/600 1261/1252/599
f 1270/1254/594 1266/1863/595 1265/1255/595
f 1268/1256/596 1269/1868/780 1272/1257/597
f 1272/1257/597 1269/1868/780 1267/1258/598
f 1263/1260/600 1264/1860/600 1271/1259/599
f 1280/1261/594 1276/1876/595 1275/1262/595
f 1278/1263/596 1279/1881/780 1282/1264/597
f 1282/1264/597 1279/1881/780 1277/1265/598
f 1273/1267/600 1274/1873/600 1281/1266/599
f 1290/1268/594 1286/1889/595 1285/1269/595
f 1288/1270/596 1289/1894/780 1292/1271/597
f 1292/1271/597 1289/1894/780 1287/1272/598
f 1283/1274/600 1284/1886/600 1291/1273/599
f 1300/1275/594 1296/1902/595 1295/1276/595
f 1298/1277/596 1299/1907/780 1302/1278/597
f 1302/1278/597 1299/1907/780 1297/1279/598
f 1293/1281/600 1294/1899/600 1301/1280/599
f 1305/1282/601 1306/1913/601 1310/1283/602
f 1312/1285/604 1309/1287/606 1308/1284/603
f 1312/1285/604 1311/1289/608 1307/1286/605
f 1303/1288/607 1307/1286/605 1311/1289/608
f 1315/1291/601 1316/1924/601 1320/1292/602
f 1322/1294/604 1319/1296/606 1318/1293/603
f 1322/1294/604 1321/1298/608 1317/1295/605
f 1313/1297/607 1317/1295/605 1321/1298/608
f 1325/1300/601 1326/1935/601 1330/1301/602
f 1332/1303/604 1329/1305/606 1328/1302/603
f 1332/1303/604 1331/1307/608 1327/1304/605
f 1323/1306/607 1327/1304/605 1331/1307/608
f 1335/1309/601 1336/1946/601 1340/1310/602
f 1342/1312/604 1339/1314/606 1338/1311/603
f 1342/1312/604 1341/1316/608 1337/1313/605
f 1333/1315/607 1337/1313/605 1341/1316/608
f 1345/1318/601 1346/1957/601 1350/1319/602
f 1352/1321/604 1349/1323/606 1348/1320/603
f 1352/1321/604 1351/1325/608 1347/1322/605
f 1343/1324/607 1347/1322/605 1351/1325/608
f 1360/1327/594 1356/1970/595 1355/1328/595
f 1358/1329/596 1359/1975/780 1362/1330/597
f 1362/1330/597 1359/1975/780 1357/1331/598
f 1353/1333/600 1354/1967/600 1361/1332/599
f 1370/1334/594 1366/1983/595 1365/1335/595
f 1368/1336/596 1369/1988/780 1372/1337/597
f 1372/1337/597 1369/1988/780 1367/1338/598
f 1363/1340/600 1364/1980/600 1371/1339/599
f 1380/1341/594 1376/1996/595 1375/1342/595
f 1378/1343/596 1379/2001/780 1382/1344/597
f 1382/1344/597 1379/2001/780 1377/1345/598
f 1373/1347/600 1374/1993/600 1381/1346/599
f 1390/1348/594 1386/2009/595 1385/1349/595
f 1388/1350/596 1389/2014/780 1392/1351/597
f 1392/1351/597 1389/2014/780 1387/1352/598
f 1383/1354/600 1384/2006/600 1391/1353/599
f 1400/1355/594 1396/2022/595 1395/1356/595
f 1398/1357/596 1399/2027/780 1402/1358/597
f 1402/1358/597 1399/2027/780 1397/1359/598
f 1393/1361/600 1394/2019/600 1401/1360/599
f 1405/1362/601 1406/2033/601 1410/1363/602
f 1412/1365/604 1409/1367/606 1408/1364/603
f 1412/1365/604 1411/1369/608 1407/1366/605
f 1403/1368/607 1407/1366/605 1411/1369/608
f 1415/1371/601 1416/2044/601 1420/1372/602
f 1422/1374/604 1419/1376/606 1418/1373/603
f 1422/1374/604 1421/1378/608 1417/1375/605
f 1413/1377/607 1417/1375/605 1421/1378/608
f 1425/1380/601 1426/2055/601 1430/1381/602
f 1432/1383/604 1429/1385/606 1428/1382/603
f 1432/1383/604 1431/1387/608 1427/1384/605
f 1423/1386/607 1427/1384/605 1431/1387/608
f 1435/1389/601 1436/2066/601 1440/1390/602
f 1442/1392/604 1439/1394/606 1438/1391/603
f 1442/1392/604 1441/1396/608 1437/1393/605
f 1433/1395/607 1437/1393/605 1441/1396/608
f 1445/1398/601 1446/2077/601 1450/1399/602
f 1452/1401/604 1449/1403/606 1448/1400/603
f 1452/1401/604 1451/1405/608 1447/1402/605
f 1443/1404/607 1447/1402/605 1451/1405/608
f 1460/1407/594 1456/2090/595 1455/1408/595
f 1458/1409/596 1459/2095/780 1462/1410/597
f 1462/1410/597 1459/2095/780 1457/1411/598
f 1453/1413/600 1454/2087/600 1461/1412/599
f 1470/1414/594 1466/2103/595 1465/1415/595
f 1468/1416/596 1469/2108/780 1472/1417/597
f 1472/1417/597 1469/2108/780 1467/1418/598
f 1463/1420/600 1464/2100/600 1471/1419/599
f 1480/1421/594 1476/2116/595 1475/1422/595
f 1478/1423/596 1479/2121/780 1482/1424/597
f 1482/1424/597 1479/2121/780 1477/1425/598
f 1473/1427/600 1474/2113/600 1481/1426/599
f 1490/1428/594 1486/2129/595 1485/1429/595
f 1488/1430/596 1489/2134/780 1492/1431/597
f 1492/1431/597 1489/2134/780 1487/1432/598
f 1483/1434/600 1484/2126/600 1491/1433/599
f 1500/1435/594 1496/2142/595 1495/1436/595
f 1498/1437/596 1499/2147/780 1502/1438/597
f 1502/1438/597 1499/2147/780 1497/1439/598
f 1493/1441/600 1494/2139/600 1501/1440/599
f 1505/1442/601 1506/2153/601 1510/1443/602
f 1512/1445/604 1509/1447/606 1508/1444/603
f 1512/1445/604 1511/1449/608 1507/1446/605
f 1503/1448/607 1507/1446/605 1511/1449/608
f 1515/1451/601 1516/2164/601 1520/1452/602
f 1522/1454/604 1519/1456/606 1518/1453/603
f 1522/1454/604 1521/1458/608 1517/1455/605
f 1513/1457/607 1517/1455/605 1521/1458/608
f 1525/1460/601 1526/2175/601 1530/1461/602
f 1532/1463/604 1529/1465/606 1528/1462/603
f 1532/1463/604 1531/1467/608 1527/1464/605
f 1523/1466/607 1527/1464/605 1531/1467/608
f 1535/1469/601 1536/2186/601 1540/1470/602
f 1542/1472/604 1539/1474/606 1538/1471/603
f 1542/1472/604 1541/1476/608 1537/1473/605
f 1533/1475/607 1537/1473/605 1541/1476/608
f 1545/1478/601 1546/2197/601 1550/1479/602
f 1552/1481/604 1549/1483/606 1548/1480/603
f 1552/1481/604 1551/1485/608 1547/1482/605
f 1543/1484/607 1547/1482/605 1551/1485/608
f 1560/1487/594 1556/2210/595 1555/1488/595
f 1558/1489/596 1559/2215/780 1562/1490/597
f 1562/1490/597 1559/2215/780 1557/1491/598
f 1553/1493/600 1554/2207/600 1561/1492/599
f 1570/1494/594 1566/2223/595 1565/1495/595
f 1568/1496/596 1569/2228/780 1572/1497/597
f 1572/1497/597 1569/2228/780 1567/1498/598
f 1563/1500/600 1564/2220/600 1571/1499/599
f 1580/1501/594 1576/2236/595 1575/1502/595
f 1578/1503/596 1579/2241/780 1582/1504/597
f 1582/1504/597 1579/2241/780 1577/1505/598
f 1573/1507/600 1574/2233/600 1581/1506/599
f 1590/1508/594 1586/2249/595 1585/1509/595
f 1588/1510/596 1589/2254/780 1592/1511/597
f 1592/1511/597 1589/2254/780 1587/1512/598
f 1583/1514/600 1584/2246/600 1591/1513/599
f 1600/1515/594 1596/2262/595 1595/1516/595
f 1598/1517/596 1599/2267/780 1602/1518/597
f 1602/1518/597 1599/2267/780 1597/1519/598
f 1593/1521/600 1594/2259/600 1601/1520/599
f 1605/1522/601 1606/2273/601 1610/1523/602
f 1612/1525/604 1609/1527/606 1608/1524/603
f 1612/1525/604 1611/1529/608 1607/1526/605
f 1603/1528/607 1607/1526/605 1611/1529/608
f 1615/1531/601 1616/2284/601 1620/1532/602
f 1622/1534/604 1619/1536/606 1618/1533/603
f 1622/1534/604 1621/1538/608 1617/1535/605
f 1613/1537/607 1617/1535/605 1621/1538/608
f 1625/1540/601 1626/2295/601 1630/1541/602
f 1632/1543/604 1629/1545/606 1628/1542/603
f 1632/1543/604 1631/1547/608 1627/1544/605
f 1623/1546/607 1627/1544/605 1631/1547/608
f 1635/1549/601 1636/2306/601 1640/1550/602
f 1642/1552/604 1639/1554/606 1638/1551/603
f 1642/1552/604 1641/1556/608 1637/1553/605
f 1633/1555/607 1637/1553/605 1641/1556/608
f 1645/1558/601 1646/2317/601 1650/1559/602
f 1652/1561/604 1649/1563/606 1648/1560/603
f 1652/1561/604 1651/1565/608 1647/1562/605
f 1643/1564/607 1647/1562/605 1651/1565/608
f 1660/1567/594 1656/2330/595 1655/1568/595
f 1658/1569/596 1659/2335/780 1662/1570/597
f 1662/1570/597 1659/2335/780 1657/1571/598
f 1653/1573/600 1654/2327/600 1661/1572/599
f 1670/1574/594 1666/2343/595 1665/1575/595
f 1668/1576/596 1669/2348/780 1672/1577/597
f 1672/1577/597 1669/2348/780 1667/1578/598
f 1663/1580/600 1664/2340/600 1671/1579/599
f 1680/1581/594 1676/2356/595 1675/1582/595
f 1678/1583/596 1679/2361/780 1682/1584/597
f 1682/1584/597 1679/2361/780 1677/1585/598
f 1673/1587/600 1674/2353/600 1681/1586/599
f 1690/1588/594 1686/2369/595 1685/1589/595
f 1688/1590/596 1689/2374/780 1692/1591/597
f 1692/1591/597 1689/2374/780 1687/1592/598
f 1683/1594/600 1684/2366/600 1691/1593/599
f 1700/1595/594 1696/2382/595 1695/1596/595
f 1698/1597/596 1699/2387/780 1702/1598/597
f 1702/1598/597 1699/2387/780 1697/1599/598
f 1693/1601/600 1694/2379/600 1701/1600/599
f 1705/1602/601 1706/2393/601 1710/1603/602
f 1712/1605/604 1709/1607/606 1708/1604/603
f 1712/1605/604 1711/1609/608 1707/1606/605
f 1703/1608/607 1707/1606/605 1711/1609/608
f 1715/1611/601 1716/2404/601 1720/1612/602
f 1722/1614/604 1719/1616/606 1718/1613/603
f 1722/1614/604 1721/1618/608 1717/1615/605
f 1713/1617/607 1717/1615/605 1721/1618/608
f 1725/1620/601 1726/2415/601 1730/1621/602
f 1732/1623/604 1729/1625/606 1728/1622/603
f 1732/1623/604 1731/1627/608 1727/1624/605
f 1723/1626/607 1727/1624/605 1731/1627/608
f 1735/1629/601 1736/2426/601 1740/1630/602
f 1742/1632/604 1739/1634/606 1738/1631/603
f 1742/1632/604 1741/1636/608 1737/1633/605
f 1733/1635/607 1737/1633/605 1741/1636/608
f 1745/1638/601 1746/2437/601 1750/1639/602
f 1752/1641/604 1749/1643/606 1748/1640/603
f 1752/1641/604 1751/1645/608 1747/1642/605
f 1743/1644/607 1747/1642/605 1751/1645/608
f 1760/1647/594 1756/2450/595 1755/1648/595
f 1758/1649/596 1759/2455/780 1762/1650/597
f 1762/1650/597 1759/2455/780 1757/1651/598
f 1753/1653/600 1754/2447/600 1761/1652/599
f 1770/1654/594 1766/2463/595 1765/1655/595
f 1768/1656/596 1769/2468/780 1772/1657/597
f 1772/1657/597 1769/2468/780 1767/1658/598
f 1763/1660/600 1764/2460/600 1771/1659/599
f 1780/1661/594 1776/2476/595 1775/1662/595
f 1778/1663/596 1779/2481/780 1782/1664/597
f 1782/1664/597 1779/2481/780 1777/1665/598
f 1773/1667/600 1774/2473/600 1781/1666/599
f 1790/1668/594 1786/2489/595 1785/1669/595
f 1788/1670/596 1789/2494/780 1792/1671/597
f 1792/1671/597 1789/2494/780 1787/1672/598
f 1783/1674/600 1784/2486/600 1791/1673/599
f 1800/1675/594 1796/2502/595 1795/1676/595
f 1798/1677/596 1799/2507/780 1802/1678/597
f 1802/1678/597 1799/2507/780 1797/1679/598
f 1793/1681/600 1794/2499/600 1801/1680/599
f 1805/1682/601 1806/2513/601 1810/1683/602
f 1812/1685/604 1809/1687/606 1808/1684/603
f 1812/1685/604 1811/1689/608 1807/1686/605
f 1803/1688/607 1807/1686/605 1811/1689/608
f 1815/1691/601 1816/2524/601 1820/1692/602
f 1822/1694/604 1819/1696/606 1818/1693/603
f 1822/1694/604 1821/1698/608 1817/1695/605
f 1813/1697/607 1817/1695/605 1821/1698/608
f 1825/1700/601 1826/2535/601 1830/1701/602
f 1832/1703/604 1829/1705/606 1828/1702/603
f 1832/1703/604 1831/1707/608 1827/1704/605
f 1823/1706/607 1827/1704/605 1831/1707/608
f 1835/1709/601 1836/2546/601 1840/1710/602
f 1842/1712/604 1839/1714/606 1838/1711/603
f 1842/1712/604 1841/1716/608 1837/1713/605
f 1833/1715/607 1837/1713/605 1841/1716/608
f 1845/1718/601 1846/2557/601 1850/1719/602
f 1852/1721/604 1849/1723/606 1848/1720/603
f 1852/1721/604 1851/1725/608 1847/1722/605
f 1843/1724/607 1847/1722/605 1851/1725/608
f 1154/1727/609 1153/1173/609 1853/1728/609
f 1156/1730/610 1856/1739/610 1855/1731/610
f 1160/1167/611 1162/1170/618 1862/1732/612
f 1158/1169/614 1858/1738/626 1859/1734/615
f 1161/1172/617 1861/1737/624 1862/1732/612
f 1157/1171/619 1159/1735/616 1859/1734/615
f 1153/1173/621 1157/1171/619 1857/1736/620
f 1154/1727/623 1854/1729/781 1861/1737/624
f 1155/1168/625 1855/1731/782 1858/1738/626
f 1156/1730/627 1160/1167/611 1860/1733/613
f 1164/1740/609 1163/1180/609 1863/1741/609
f 1166/1743/610 1866/1752/610 1865/1744/610
f 1170/1174/611 1172/1177/629 1872/1745/612
f 1168/1176/614 1868/1751/630 1869/1747/615
f 1171/1179/617 1871/1750/624 1872/1745/612
f 1167/1178/619 1169/1748/616 1869/1747/615
f 1163/1180/621 1167/1178/619 1867/1749/620
f 1164/1740/623 1864/1742/781 1871/1750/624
f 1165/1175/625 1865/1744/782 1868/1751/630
f 1166/1743/627 1170/1174/611 1870/1746/613
f 1174/1753/609 1173/1187/609 1873/1754/609
f 1176/1756/610 1876/1765/610 1875/1757/610
f 1180/1181/611 1182/1184/618 1882/1758/612
f 1178/1183/614 1878/1764/626 1879/1760/615
f 1181/1186/632 1881/1763/624 1882/1758/612
f 1177/1185/619 1179/1761/616 1879/1760/615
f 1173/1187/621 1177/1185/619 1877/1762/620
f 1174/1753/623 1874/1755/781 1881/1763/624
f 1175/1182/625 1875/1757/782 1878/1764/626
f 1176/1756/627 1180/1181/611 1880/1759/613
f 1184/1766/609 1183/1194/609 1883/1767/609
f 1186/1769/610 1886/1778/610 1885/1770/610
f 1190/1188/611 1192/1191/629 1892/1771/612
f 1188/1190/614 1888/1777/626 1889/1773/615
f 1191/1193/632 1891/1776/624 1892/1771/612
f 1187/1192/619 1189/1774/616 1889/1773/615
f 1183/1194/621 1187/1192/619 1887/1775/620
f 1184/1766/623 1884/1768/781 1891/1776/624
f 1185/1189/625 1885/1770/782 1888/1777/626
f 1186/1769/627 1190/1188/611 1890/1772/613
f 1194/1779/609 1193/1201/609 1893/1780/609
f 1196/1782/610 1896/1791/610 1895/1783/610
f 1200/1195/611 1202/1198/629 1902/1784/612
f 1198/1197/614 1898/1790/626 1899/1786/615
f 1201/1200/632 1901/1789/624 1902/1784/612
f 1197/1199/619 1199/1787/616 1899/1786/615
f 1193/1201/621 1197/1199/619 1897/1788/620
f 1194/1779/623 1894/1781/781 1901/1789/624
f 1195/1196/625 1895/1783/782 1898/1790/626
f 1196/1782/627 1200/1195/611 1900/1785/613
f 1204/1210/633 1904/1801/633 1903/1792/633
f 1206/1793/634 1205/1202/634 1905/1794/634
f 1210/1203/635 1910/1802/652 1912/1796/636
f 1208/1204/638 1209/1207/644 1909/1797/639
f 1211/1209/641 1212/1205/637 1912/1796/636
f 1207/1206/643 1907/1800/646 1909/1797/639
f 1203/1208/645 1903/1792/783 1907/1800/646
f 1204/1210/647 1211/1209/641 1911/1799/642
f 1205/1202/649 1208/1204/638 1908/1798/640
f 1206/1793/651 1906/1795/784 1910/1802/652
f 1214/1219/633 1914/1812/633 1913/1803/633
f 1216/1804/634 1215/1211/634 1915/1805/634
f 1220/1212/635 1920/1813/652 1922/1807/636
f 1218/1213/638 1219/1216/644 1919/1808/639
f 1221/1218/641 1222/1214/653 1922/1807/636
f 1217/1215/643 1917/1811/646 1919/1808/639
f 1213/1217/645 1913/1803/783 1917/1811/646
f 1214/1219/647 1221/1218/641 1921/1810/642
f 1215/1211/649 1218/1213/638 1918/1809/654
f 1216/1804/655 1916/1806/785 1920/1813/652
f 1224/1228/633 1924/1823/633 1923/1814/633
f 1226/1815/634 1225/1220/634 1925/1816/634
f 1230/1221/635 1930/1824/652 1932/1818/636
f 1228/1222/638 1229/1225/644 1929/1819/639
f 1231/1227/656 1232/1223/637 1932/1818/636
f 1227/1224/643 1927/1822/646 1929/1819/639
f 1223/1226/645 1923/1814/783 1927/1822/646
f 1224/1228/647 1231/1227/656 1931/1821/642
f 1225/1220/649 1228/1222/638 1928/1820/654
f 1226/1815/655 1926/1817/785 1930/1824/652
f 1234/1237/633 1934/1834/633 1933/1825/633
f 1236/1826/634 1235/1229/634 1935/1827/634
f 1240/1230/635 1940/1835/652 1942/1829/636
f 1238/1231/638 1239/1234/644 1939/1830/639
f 1241/1236/656 1242/1232/653 1942/1829/636
f 1237/1233/643 1937/1833/646 1939/1830/639
f 1233/1235/645 1933/1825/783 1937/1833/646
f 1234/1237/647 1241/1236/656 1941/1832/642
f 1235/1229/649 1238/1231/638 1938/1831/640
f 1236/1826/655 1936/1828/785 1940/1835/652
f 1244/1246/633 1944/1845/633 1943/1836/633
f 1246/1837/634 1245/1238/634 1945/1838/634
f 1250/1239/635 1950/1846/652 1952/1840/636
f 1248/1240/638 1249/1243/644 1949/1841/639
f 1251/1245/641 1252/1241/653 1952/1840/636
f 1247/1242/643 1947/1844/646 1949/1841/639
f 1243/1244/645 1943/1836/783 1947/1844/646
f 1244/1246/647 1251/1245/641 1951/1843/642
f 1245/1238/649 1248/1240/638 1948/1842/640
f 1246/1837/655 1946/1839/785 1950/1846/652
f 1254/1847/609 1253/1253/609 1953/1848/609
f 1256/1850/610 1956/1859/610 1955/1851/610
f 1260/1247/611 1262/1250/618 1962/1852/612
f 1258/1249/614 1958/1858/626 1959/1854/615
f 1261/1252/617 1961/1857/624 1962/1852/612
f 1257/1251/619 1259/1855/616 1959/1854/615
f 1253/1253/621 1257/1251/619 1957/1856/620
f 1254/1847/623 1954/1849/781 1961/1857/624
f 1255/1248/625 1955/1851/782 1958/1858/626
f 1256/1850/657 1260/1247/611 1960/1853/613
f 1264/1860/609 1263/1260/609 1963/1861/609
f 1266/1863/610 1966/1872/610 1965/1864/610
f 1270/1254/611 1272/1257/629 1972/1865/612
f 1268/1256/614 1968/1871/630 1969/1867/615
f 1271/1259/617 1971/1870/624 1972/1865/612
f 1267/1258/619 1269/1868/616 1969/1867/615
f 1263/1260/621 1267/1258/619 1967/1869/620
f 1264/1860/623 1964/1862/781 1971/1870/624
f 1265/1255/625 1965/1864/782 1968/1871/630
f 1266/1863/627 1270/1254/611 1970/1866/613
f 1274/1873/609 1273/1267/609 1973/1874/609
f 1276/1876/610 1976/1885/610 1975/1877/610
f 1280/1261/611 1282/1264/618 1982/1878/612
f 1278/1263/614 1978/1884/630 1979/1880/615
f 1281/1266/632 1981/1883/624 1982/1878/612
f 1277/1265/619 1279/1881/616 1979/1880/615
f 1273/1267/621 1277/1265/619 1977/1882/620
f 1274/1873/623 1974/1875/781 1981/1883/624
f 1275/1262/625 1975/1877/782 1978/1884/630
f 1276/1876/627 1280/1261/611 1980/1879/613
f 1284/1886/609 1283/1274/609 1983/1887/609
f 1286/1889/610 1986/1898/610 1985/1890/610
f 1290/1268/611 1292/1271/618 1992/1891/612
f 1288/1270/614 1988/1897/626 1989/1893/615
f 1291/1273/632 1991/1896/624 1992/1891/612
f 1287/1272/619 1289/1894/616 1989/1893/615
f 1283/1274/621 1287/1272/619 1987/1895/620
f 1284/1886/623 1984/1888/781 1991/1896/624
f 1285/1269/625 1985/1890/782 1988/1897/626
f 1286/1889/627 1290/1268/611 1990/1892/613
f 1294/1899/609 1293/1281/609 1993/1900/609
f 1296/1902/610 1996/1911/610 1995/1903/610
f 1300/1275/611 1302/1278/629 2002/1904/612
f 1298/1277/614 1998/1910/626 1999/1906/615
f 1301/1280/632 2001/1909/624 2002/1904/612
f 1297/1279/619 1299/1907/616 1999/1906/615
f 1293/1281/621 1297/1279/619 1997/1908/620
f 1294/1899/623 1994/1901/781 2001/1909/624
f 1295/1276/625 1995/1903/782 1998/1910/626
f 1296/1902/627 1300/1275/611 2000/1905/613
f 1304/1290/633 2004/1921/633 2003/1912/633
f 1306/1913/634 1305/1282/634 2005/1914/634
f 1310/1283/635 2010/1922/652 2012/1916/636
f 1308/1284/638 1309/1287/644 2009/1917/639
f 1311/1289/641 1312/1285/653 2012/1916/636
f 1307/1286/643 2007/1920/646 2009/1917/639
f 1303/1288/645 2003/1912/783 2007/1920/646
f 1304/1290/647 1311/1289/641 2011/1919/642
f 1305/1282/649 1308/1284/638 2008/1918/640
f 1306/1913/651 2006/1915/784 2010/1922/652
f 1314/1299/633 2014/1932/633 2013/1923/633
f 1316/1924/634 1315/1291/634 2015/1925/634
f 1320/1292/635 2020/1933/652 2022/1927/636
f 1318/1293/638 1319/1296/644 2019/1928/639
f 1321/1298/641 1322/1294/637 2022/1927/636
f 1317/1295/643 2017/1931/646 2019/1928/639
f 1313/1297/645 2013/1923/783 2017/1931/646
f 1314/1299/647 1321/1298/641 2021/1930/642
f 1315/1291/649 1318/1293/638 2018/1929/654
f 1316/1924/655 2016/1926/785 2020/1933/652
f 1324/1308/633 2024/1943/633 2023/1934/633
f 1326/1935/634 1325/1300/634 2025/1936/634
f 1330/1301/635 2030/1944/652 2032/1938/636
f 1328/1302/638 1329/1305/644 2029/1939/639
f 1331/1307/656 1332/1303/637 2032/1938/636
f 1327/1304/643 2027/1942/646 2029/1939/639
f 1323/1306/645 2023/1934/783 2027/1942/646
f 1324/1308/647 1331/1307/656 2031/1941/642
f 1325/1300/649 1328/1302/638 2028/1940/654
f 1326/1935/655 2026/1937/785 2030/1944/652
f 1334/1317/633 2034/1954/633 2033/1945/633
f 1336/1946/634 1335/1309/634 2035/1947/634
f 1340/1310/635 2040/1955/652 2042/1949/636
f 1338/1311/638 1339/1314/644 2039/1950/639
f 1341/1316/656 1342/1312/653 2042/1949/636
f 1337/1313/643 2037/1953/646 2039/1950/639
f 1333/1315/645 2033/1945/783 2037/1953/646
f 1334/1317/647 1341/1316/656 2041/1952/642
f 1335/1309/649 1338/1311/638 2038/1951/640
f 1336/1946/655 2036/1948/785 2040/1955/652
f 1344/1326/633 2044/1965/633 2043/1956/633
f 1346/1957/634 1345/1318/634 2045/1958/634
f 1350/1319/635 2050/1966/652 2052/1960/636
f 1348/1320/638 1349/1323/644 2049/1961/639
f 1351/1325/641 1352/1321/653 2052/1960/636
f 1347/1322/643 2047/1964/646 2049/1961/639
f 1343/1324/645 2043/1956/783 2047/1964/646
f 1344/1326/647 1351/1325/641 2051/1963/642
f 1345/1318/649 1348/1320/638 2048/1962/640
f 1346/1957/655 2046/1959/785 2050/1966/652
f 1354/1967/609 1353/1333/609 2053/1968/609
f 1356/1970/610 2056/1979/610 2055/1971/610
f 1360/1327/611 1362/1330/618 2062/1972/612
f 1358/1329/614 2058/1978/626 2059/1974/615
f 1361/1332/617 2061/1977/624 2062/1972/612
f 1357/1331/619 1359/1975/616 2059/1974/615
f 1353/1333/621 1357/1331/619 2057/1976/620
f 1354/1967/623 2054/1969/781 2061/1977/624
f 1355/1328/625 2055/1971/782 2058/1978/626
f 1356/1970/657 1360/1327/611 2060/1973/613
f 1364/1980/609 1363/1340/609 2063/1981/609
f 1366/1983/610 2066/1992/610 2065/1984/610
f 1370/1334/611 1372/1337/629 2072/1985/612
f 1368/1336/614 2068/1991/630 2069/1987/615
f 1371/1339/617 2071/1990/624 2072/1985/612
f 1367/1338/619 1369/1988/616 2069/1987/615
f 1363/1340/621 1367/1338/619 2067/1989/620
f 1364/1980/623 2064/1982/781 2071/1990/624
f 1365/1335/625 2065/1984/782 2068/1991/630
f 1366/1983/627 1370/1334/611 2070/1986/613
f 1374/1993/609 1373/1347/609 2073/1994/609
f 1376/1996/610 2076/2005/610 2075/1997/610
f 1380/1341/611 1382/1344/618 2082/1998/612
f 1378/1343/614 2078/2004/626 2079/2000/615
f 1381/1346/632 2081/2003/624 2082/1998/612
f 1377/1345/619 1379/2001/616 2079/2000/615
f 1373/1347/621 1377/1345/619 2077/2002/620
f 1374/1993/623 2074/1995/781 2081/2003/624
f 1375/1342/625 2075/1997/782 2078/2004/626
f 1376/1996/627 1380/1341/611 2080/1999/613
f 1384/2006/609 1383/1354/609 2083/2007/609
f 1386/2009/610 2086/2018/610 2085/2010/610
f 1390/1348/611 1392/1351/629 2092/2011/612
f 1388/1350/614 2088/2017/626 2089/2013/615
f 1391/1353/632 2091/2016/624 2092/2011/612
f 1387/1352/619 1389/2014/616 2089/2013/615
f 1383/1354/621 1387/1352/619 2087/2015/620
f 1384/2006/623 2084/2008/781 2091/2016/624
f 1385/1349/625 2085/2010/782 2088/2017/626
f 1386/2009/627 1390/1348/611 2090/2012/613
f 1394/2019/609 1393/1361/609 2093/2020/609
f 1396/2022/610 2096/2031/610 2095/2023/610
f 1400/1355/611 1402/1358/618 2102/2024/612
f 1398/1357/614 2098/2030/626 2099/2026/615
f 1401/1360/617 2101/2029/624 2102/2024/612
f 1397/1359/619 1399/2027/616 2099/2026/615
f 1393/1361/621 1397/1359/619 2097/2028/620
f 1394/2019/623 2094/2021/781 2101/2029/624
f 1395/1356/625 2095/2023/782 2098/2030/626
f 1396/2022/627 1400/1355/611 2100/2025/613
f 1404/1370/633 2104/2041/633 2103/2032/633
f 1406/2033/634 1405/1362/634 2105/2034/634
f 1410/1363/635 2110/2042/652 2112/2036/636
f 1408/1364/638 1409/1367/644 2109/2037/639
f 1411/1369/656 1412/1365/637 2112/2036/636
f 1407/1366/643 2107/2040/646 2109/2037/639
f 1403/1368/645 2103/2032/783 2107/2040/646
f 1404/1370/647 1411/1369/656 2111/2039/642
f 1405/1362/649 1408/1364/638 2108/2038/640
f 1406/2033/651 2106/2035/784 2110/2042/652
f 1414/1379/633 2114/2052/633 2113/2043/633
f 1416/2044/634 1415/1371/634 2115/2045/634
f 1420/1372/635 2120/2053/652 2122/2047/636
f 1418/1373/638 1419/1376/644 2119/2048/639
f 1421/1378/641 1422/1374/653 2122/2047/636
f 1417/1375/643 2117/2051/646 2119/2048/639
f 1413/1377/645 2113/2043/783 2117/2051/646
f 1414/1379/647 1421/1378/641 2121/2050/642
f 1415/1371/649 1418/1373/638 2118/2049/654
f 1416/2044/655 2116/2046/785 2120/2053/652
f 1424/1388/633 2124/2063/633 2123/2054/633
f 1426/2055/634 1425/1380/634 2125/2056/634
f 1430/1381/635 2130/2064/652 2132/2058/636
f 1428/1382/638 1429/1385/644 2129/2059/639
f 1431/1387/656 1432/1383/637 2132/2058/636
f 1427/1384/643 2127/2062/646 2129/2059/639
f 1423/1386/645 2123/2054/783 2127/2062/646
f 1424/1388/647 1431/1387/656 2131/2061/642
f 1425/1380/649 1428/1382/638 2128/2060/640
f 1426/2055/655 2126/2057/785 2130/2064/652
f 1434/1397/633 2134/2074/633 2133/2065/633
f 1436/2066/634 1435/1389/634 2135/2067/634
f 1440/1390/635 2140/2075/652 2142/2069/636
f 1438/1391/638 1439/1394/644 2139/2070/639
f 1441/1396/656 1442/1392/653 2142/2069/636
f 1437/1393/643 2137/2073/646 2139/2070/639
f 1433/1395/645 2133/2065/783 2137/2073/646
f 1434/1397/647 1441/1396/656 2141/2072/642
f 1435/1389/649 1438/1391/638 2138/2071/640
f 1436/2066/655 2136/2068/785 2140/2075/652
f 1444/1406/633 2144/2085/633 2143/2076/633
f 1446/2077/634 1445/1398/634 2145/2078/634
f 1450/1399/635 2150/2086/652 2152/2080/636
f 1448/1400/638 1449/1403/644 2149/2081/639
f 1451/1405/641 1452/1401/637 2152/2080/636
f 1447/1402/643 2147/2084/646 2149/2081/639
f 1443/1404/645 2143/2076/783 2147/2084/646
f 1444/1406/647 1451/1405/641 2151/2083/642
f 1445/1398/649 1448/1400/638 2148/2082/640
f 1446/2077/655 2146/2079/785 2150/2086/652
f 1454/2087/609 1453/1413/609 2153/2088/609
f 1456/2090/610 2156/2099/610 2155/2091/610
f 1460/1407/611 1462/1410/618 2162/2092/612
f 1458/1409/614 2158/2098/626 2159/2094/615
f 1461/1412/617 2161/2097/624 2162/2092/612
f 1457/1411/619 1459/2095/616 2159/2094/615
f 1453/1413/621 1457/1411/619 2157/2096/620
f 1454/2087/623 2154/2089/781 2161/2097/624
f 1455/1408/625 2155/2091/782 2158/2098/626
f 1456/2090/657 1460/1407/611 2160/2093/613
f 1464/2100/609 1463/1420/609 2163/2101/609
f 1466/2103/610 2166/2112/610 2165/2104/610
f 1470/1414/611 1472/1417/629 2172/2105/612
f 1468/1416/614 2168/2111/630 2169/2107/615
f 1471/1419/617 2171/2110/624 2172/2105/612
f 1467/1418/619 1469/2108/616 2169/2107/615
f 1463/1420/621 1467/1418/619 2167/2109/620
f 1464/2100/623 2164/2102/781 2171/2110/624
f 1465/1415/625 2165/2104/782 2168/2111/630
f 1466/2103/627 1470/1414/611 2170/2106/613
f 1474/2113/609 1473/1427/609 2173/2114/609
f 1476/2116/610 2176/2125/610 2175/2117/610
f 1480/1421/611 1482/1424/629 2182/2118/612
f 1478/1423/614 2178/2124/626 2179/2120/615
f 1481/1426/632 2181/2123/624 2182/2118/612
f 1477/1425/619 1479/2121/616 2179/2120/615
f 1473/1427/621 1477/1425/619 2177/2122/620
f 1474/2113/623 2174/2115/781 2181/2123/624
f 1475/1422/625 2175/2117/782 2178/2124/626
f 1476/2116/627 1480/1421/611 2180/2119/613
f 1484/2126/609 1483/1434/609 2183/2127/609
f 1486/2129/610 2186/2138/610 2185/2130/610
f 1490/1428/611 1492/1431/629 2192/2131/612
f 1488/1430/614 2188/2137/630 2189/2133/615
f 1491/1433/632 2191/2136/624 2192/2131/612
f 1487/1432/619 1489/2134/616 2189/2133/615
f 1483/1434/621 1487/1432/619 2187/2135/620
f 1484/2126/623 2184/2128/781 2191/2136/624
f 1485/1429/625 2185/2130/782 2188/2137/630
f 1486/2129/627 1490/1428/611 2190/2132/613
f 1494/2139/609 1493/1441/609 2193/2140/609
f 1496/2142/610 2196/2151/610 2195/2143/610
f 1500/1435/611 1502/1438/618 2202/2144/612
f 1498/1437/614 2198/2150/626 2199/2146/615
f 1501/1440/632 2201/2149/624 2202/2144/612
f 1497/1439/619 1499/2147/616 2199/2146/615
f 1493/1441/621 1497/1439/619 2197/2148/620
f 1494/2139/623 2194/2141/781 2201/2149/624
f 1495/1436/625 2195/2143/782 2198/2150/626
f 1496/2142/627 1500/1435/611 2200/2145/613
f 1504/1450/633 2204/2161/633 2203/2152/633
f 1506/2153/634 1505/1442/634 2205/2154/634
f 1510/1443/635 2210/2162/652 2212/2156/636
f 1508/1444/638 1509/1447/644 2209/2157/639
f 1511/1449/641 1512/1445/637 2212/2156/636
f 1507/1446/643 2207/2160/646 2209/2157/639
f 1503/1448/645 2203/2152/783 2207/2160/646
f 1504/1450/647 1511/1449/641 2211/2159/642
f 1505/1442/649 1508/1444/638 2208/2158/640
f 1506/2153/651 2206/2155/784 2210/2162/652
f 1514/1459/633 2214/2172/633 2213/2163/633
f 1516/2164/634 1515/1451/634 2215/2165/634
f 1520/1452/635 2220/2173/652 2222/2167/636
f 1518/1453/638 1519/1456/644 2219/2168/639
f 1521/1458/641 1522/1454/653 2222/2167/636
f 1517/1455/643 2217/2171/646 2219/2168/639
f 1513/1457/645 2213/2163/783 2217/2171/646
f 1514/1459/647 1521/1458/641 2221/2170/642
f 1515/1451/649 1518/1453/638 2218/2169/654
f 1516/2164/655 2216/2166/785 2220/2173/652
f 1524/1468/633 2224/2183/633 2223/2174/633
f 1526/2175/634 1525/1460/634 2225/2176/634
f 1530/1461/635 2230/2184/652 2232/2178/636
f 1528/1462/638 1529/1465/644 2229/2179/639
f 1531/1467/656 1532/1463/637 2232/2178/636
f 1527/1464/643 2227/2182/646 2229/2179/639
f 1523/1466/645 2223/2174/783 2227/2182/646
f 1524/1468/647 1531/1467/656 2231/2181/642
f 1525/1460/649 1528/1462/638 2228/2180/640
f 1526/2175/655 2226/2177/785 2230/2184/652
f 1534/1477/633 2234/2194/633 2233/2185/633
f 1536/2186/634 1535/1469/634 2235/2187/634
f 1540/1470/635 2240/2195/652 2242/2189/636
f 1538/1471/638 1539/1474/644 2239/2190/639
f 1541/1476/656 1542/1472/653 2242/2189/636
f 1537/1473/643 2237/2193/646 2239/2190/639
f 1533/1475/645 2233/2185/783 2237/2193/646
f 1534/1477/647 1541/1476/656 2241/2192/642
f 1535/1469/649 1538/1471/638 2238/2191/654
f 1536/2186/655 2236/2188/785 2240/2195/652
f 1544/1486/633 2244/2205/633 2243/2196/633
f 1546/2197/658 1545/1478/634 2245/2198/634
f 1550/1479/635 2250/2206/652 2252/2200/636
f 1548/1480/638 1549/1483/644 2249/2201/639
f 1551/1485/641 1552/1481/653 2252/2200/636
f 1547/1482/643 2247/2204/646 2249/2201/639
f 1543/1484/645 2243/2196/783 2247/2204/646
f 1544/1486/647 1551/1485/641 2251/2203/642
f 1545/1478/649 1548/1480/638 2248/2202/640
f 1546/2197/655 2246/2199/785 2250/2206/652
f 1554/2207/609 1553/1493/609 2253/2208/609
f 1556/2210/610 2256/2219/610 2255/2211/610
f 1560/1487/611 1562/1490/618 2262/2212/612
f 1558/1489/614 2258/2218/626 2259/2214/615
f 1561/1492/617 2261/2217/624 2262/2212/612
f 1557/1491/619 1559/2215/616 2259/2214/615
f 1553/1493/621 1557/1491/619 2257/2216/620
f 1554/2207/623 2254/2209/781 2261/2217/624
f 1555/1488/625 2255/2211/782 2258/2218/626
f 1556/2210/657 1560/1487/611 2260/2213/613
f 1564/2220/609 1563/1500/609 2263/2221/609
f 1566/2223/610 2266/2232/610 2265/2224/610
f 1570/1494/611 1572/1497/629 2272/2225/612
f 1568/1496/614 2268/2231/630 2269/2227/615
f 1571/1499/617 2271/2230/624 2272/2225/612
f 1567/1498/619 1569/2228/616 2269/2227/615
f 1563/1500/621 1567/1498/619 2267/2229/620
f 1564/2220/623 2264/2222/781 2271/2230/624
f 1565/1495/625 2265/2224/782 2268/2231/630
f 1566/2223/627 1570/1494/611 2270/2226/613
f 1574/2233/609 1573/1507/609 2273/2234/609
f 1576/2236/610 2276/2245/610 2275/2237/610
f 1580/1501/611 1582/1504/618 2282/2238/612
f 1578/1503/614 2278/2244/626 2279/2240/615
f 1581/1506/632 2281/2243/624 2282/2238/612
f 1577/1505/619 1579/2241/616 2279/2240/615
f 1573/1507/621 1577/1505/619 2277/2242/620
f 1574/2233/623 2274/2235/781 2281/2243/624
f 1575/1502/625 2275/2237/782 2278/2244/626
f 1576/2236/627 1580/1501/611 2280/2239/613
f 1584/2246/609 1583/1514/609 2283/2247/609
f 1586/2249/610 2286/2258/610 2285/2250/610
f 1590/1508/611 1592/1511/629 2292/2251/612
f 1588/1510/614 2288/2257/630 2289/2253/615
f 1591/1513/632 2291/2256/624 2292/2251/612
f 1587/1512/619 1589/2254/616 2289/2253/615
f 1583/1514/621 1587/1512/619 2287/2255/620
f 1584/2246/623 2284/2248/781 2291/2256/624
f 1585/1509/625 2285/2250/782 2288/2257/630
f 1586/2249/627 1590/1508/611 2290/2252/613
f 1594/2259/609 1593/1521/609 2293/2260/609
f 1596/2262/610 2296/2271/610 2295/2263/610
f 1600/1515/611 1602/1518/618 2302/2264/612
f 1598/1517/614 2298/2270/626 2299/2266/615
f 1601/1520/617 2301/2269/624 2302/2264/612
f 1597/1519/619 1599/2267/616 2299/2266/615
f 1593/1521/621 1597/1519/619 2297/2268/620
f 1594/2259/623 2294/2261/781 2301/2269/624
f 1595/1516/625 2295/2263/782 2298/2270/626
f 1596/2262/657 1600/1515/611 2300/2265/613
f 1604/1530/633 2304/2281/633 2303/2272/633
f 1606/2273/634 1605/1522/634 2305/2274/634
f 1610/1523/635 2310/2282/652 2312/2276/636
f 1608/1524/638 1609/1527/644 2309/2277/639
f 1611/1529/641 1612/1525/637 2312/2276/636
f 1607/1526/643 2307/2280/646 2309/2277/639
f 1603/1528/645 2303/2272/783 2307/2280/646
f 1604/1530/647 1611/1529/641 2311/2279/642
f 1605/1522/649 1608/1524/638 2308/2278/640
f 1606/2273/651 2306/2275/784 2310/2282/652
f 1614/1539/633 2314/2292/633 2313/2283/633
f 1616/2284/634 1615/1531/634 2315/2285/634
f 1620/1532/635 2320/2293/652 2322/2287/636
f 1618/1533/638 1619/1536/644 2319/2288/639
f 1621/1538/641 1622/1534/653 2322/2287/636
f 1617/1535/643 2317/2291/646 2319/2288/639
f 1613/1537/645 2313/2283/783 2317/2291/646
f 1614/1539/647 1621/1538/641 2321/2290/642
f 1615/1531/649 1618/1533/638 2318/2289/654
f 1616/2284/655 2316/2286/785 2320/2293/652
f 1624/1548/633 2324/2303/633 2323/2294/633
f 1626/2295/634 1625/1540/634 2325/2296/634
f 1630/1541/635 2330/2304/652 2332/2298/636
f 1628/1542/638 1629/1545/644 2329/2299/639
f 1631/1547/656 1632/1543/637 2332/2298/636
f 1627/1544/643 2327/2302/646 2329/2299/639
f 1623/1546/645 2323/2294/783 2327/2302/646
f 1624/1548/647 1631/1547/656 2331/2301/642
f 1625/1540/649 1628/1542/638 2328/2300/640
f 1626/2295/655 2326/2297/785 2330/2304/652
f 1634/1557/633 2334/2314/633 2333/2305/633
f 1636/2306/634 1635/1549/634 2335/2307/634
f 1640/1550/635 2340/2315/652 2342/2309/636
f 1638/1551/638 1639/1554/644 2339/2310/639
f 1641/1556/656 1642/1552/653 2342/2309/636
f 1637/1553/643 2337/2313/646 2339/2310/639
f 1633/1555/645 2333/2305/783 2337/2313/646
f 1634/1557/647 1641/1556/656 2341/2312/642
f 1635/1549/649 1638/1551/638 2338/2311/654
f 1636/2306/655 2336/2308/785 2340/2315/652
f 1644/1566/633 2344/2325/633 2343/2316/633
f 1646/2317/634 1645/1558/634 2345/2318/634
f 1650/1559/635 2350/2326/652 2352/2320/636
f 1648/1560/638 1649/1563/644 2349/2321/639
f 1651/1565/641 1652/1561/637 2352/2320/636
f 1647/1562/643 2347/2324/646 2349/2321/639
f 1643/1564/645 2343/2316/783 2347/2324/646
f 1644/1566/647 1651/1565/641 2351/2323/642
f 1645/1558/649 1648/1560/638 2348/2322/640
f 1646/2317/655 2346/2319/785 2350/2326/652
f 1654/2327/609 1653/1573/609 2353/2328/609
f 1656/2330/610 2356/2339/610 2355/2331/610
f 1660/1567/611 1662/1570/618 2362/2332/612
f 1658/1569/614 2358/2338/626 2359/2334/615
f 1661/1572/632 2361/2337/624 2362/2332/612
f 1657/1571/619 1659/2335/616 2359/2334/615
f 1653/1573/621 1657/1571/619 2357/2336/620
f 1654/2327/623 2354/2329/781 2361/2337/624
f 1655/1568/625 2355/2331/782 2358/2338/626
f 1656/2330/657 1660/1567/611 2360/2333/613
f 1664/2340/609 1663/1580/609 2363/2341/609
f 1666/2343/610 2366/2352/610 2365/2344/610
f 1670/1574/611 1672/1577/629 2372/2345/612
f 1668/1576/614 2368/2351/626 2369/2347/615
f 1671/1579/617 2371/2350/624 2372/2345/612
f 1667/1578/619 1669/2348/616 2369/2347/615
f 1663/1580/621 1667/1578/619 2367/2349/620
f 1664/2340/623 2364/2342/781 2371/2350/624
f 1665/1575/625 2365/2344/782 2368/2351/626
f 1666/2343/627 1670/1574/611 2370/2346/613
f 1674/2353/609 1673/1587/609 2373/2354/609
f 1676/2356/610 2376/2365/610 2375/2357/610
f 1680/1581/611 1682/1584/629 2382/2358/612
f 1678/1583/614 2378/2364/626 2379/2360/615
f 1681/1586/617 2381/2363/624 2382/2358/612
f 1677/1585/619 1679/2361/616 2379/2360/615
f 1673/1587/621 1677/1585/619 2377/2362/620
f 1674/2353/623 2374/2355/781 2381/2363/624
f 1675/1582/625 2375/2357/782 2378/2364/626
f 1676/2356/627 1680/1581/611 2380/2359/613
f 1684/2366/609 1683/1594/609 2383/2367/609
f 1686/2369/610 2386/2378/610 2385/2370/610
f 1690/1588/611 1692/1591/629 2392/2371/612
f 1688/1590/614 2388/2377/626 2389/2373/615
f 1691/1593/617 2391/2376/624 2392/2371/612
f 1687/1592/619 1689/2374/616 2389/2373/615
f 1683/1594/621 1687/1592/619 2387/2375/620
f 1684/2366/623 2384/2368/781 2391/2376/624
f 1685/1589/625 2385/2370/782 2388/2377/626
f 1686/2369/627 1690/1588/611 2390/2372/613
f 1694/2379/609 1693/1601/609 2393/2380/609
f 1696/2382/610 2396/2391/610 2395/2383/610
f 1700/1595/611 1702/1598/629 2402/2384/612
f 1698/1597/614 2398/2390/626 2399/2386/615
f 1701/1600/617 2401/2389/624 2402/2384/612
f 1697/1599/619 1699/2387/616 2399/2386/615
f 1693/1601/621 1697/1599/619 2397/2388/620
f 1694/2379/623 2394/2381/781 2401/2389/624
f 1695/1596/625 2395/2383/782 2398/2390/626
f 1696/2382/657 1700/1595/611 2400/2385/613
f 1704/1610/633 2404/2401/633 2403/2392/633
f 1706/2393/634 1705/1602/634 2405/2394/634
f 1710/1603/635 2410/2402/652 2412/2396/636
f 1708/1604/638 1709/1607/644 2409/2397/639
f 1711/1609/656 1712/1605/637 2412/2396/636
f 1707/1606/643 2407/2400/646 2409/2397/639
f 1703/1608/645 2403/2392/783 2407/2400/646
f 1704/1610/647 1711/1609/656 2411/2399/642
f 1705/1602/649 1708/1604/638 2408/2398/640
f 1706/2393/651 2406/2395/784 2410/2402/652
f 1714/1619/633 2414/2412/633 2413/2403/633
f 1716/2404/634 1715/1611/634 2415/2405/634
f 1720/1612/635 2420/2413/652 2422/2407/636
f 1718/1613/638 1719/1616/644 2419/2408/639
f 1721/1618/641 1722/1614/653 2422/2407/636
f 1717/1615/643 2417/2411/646 2419/2408/639
f 1713/1617/645 2413/2403/783 2417/2411/646
f 1714/1619/647 1721/1618/641 2421/2410/642
f 1715/1611/649 1718/1613/638 2418/2409/640
f 1716/2404/655 2416/2406/785 2420/2413/652
f 1724/1628/633 2424/2423/633 2423/2414/633
f 1726/2415/634 1725/1620/634 2425/2416/634
f 1730/1621/635 2430/2424/652 2432/2418/636
f 1728/1622/638 1729/1625/644 2429/2419/639
f 1731/1627/656 1732/1623/653 2432/2418/636
f 1727/1624/643 2427/2422/646 2429/2419/639
f 1723/1626/645 2423/2414/783 2427/2422/646
f 1724/1628/647 1731/1627/656 2431/2421/642
f 1725/1620/649 1728/1622/638 2428/2420/640
f 1726/2415/655 2426/2417/785 2430/2424/652
f 1734/1637/633 2434/2434/633 2433/2425/633
f 1736/2426/634 1735/1629/634 2435/2427/634
f 1740/1630/635 2440/2435/652 2442/2429/636
f 1738/1631/638 1739/1634/644 2439/2430/639
f 1741/1636/656 1742/1632/653 2442/2429/636
f 1737/1633/643 2437/2433/646 2439/2430/639
f 1733/1635/645 2433/2425/783 2437/2433/646
f 1734/1637/647 1741/1636/656 2441/2432/642
f 1735/1629/649 1738/1631/638 2438/2431/640
f 1736/2426/655 2436/2428/785 2440/2435/652
f 1744/1646/633 2444/2445/633 2443/2436/633
f 1746/2437/634 1745/1638/634 2445/2438/634
f 1750/1639/635 2450/2446/652 2452/2440/636
f 1748/1640/638 1749/1643/644 2449/2441/639
f 1751/1645/641 1752/1641/653 2452/2440/636
f 1747/1642/643 2447/2444/646 2449/2441/639
f 1743/1644/645 2443/2436/783 2447/2444/646
f 1744/1646/647 1751/1645/641 2451/2443/642
f 1745/1638/649 1748/1640/638 2448/2442/640
f 1746/2437/655 2446/2439/785 2450/2446/652
f 1754/2447/609 1753/1653/609 2453/2448/609
f 1756/2450/610 2456/2459/610 2455/2451/610
f 1760/1647/611 1762/1650/618 2462/2452/612
f 1758/1649/614 2458/2458/626 2459/2454/615
f 1761/1652/632 2461/2457/624 2462/2452/612
f 1757/1651/619 1759/2455/616 2459/2454/615
f 1753/1653/621 1757/1651/619 2457/2456/620
f 1754/2447/623 2454/2449/781 2461/2457/624
f 1755/1648/625 2455/2451/782 2458/2458/626
f 1756/2450/657 1760/1647/611 2460/2453/613
f 1764/2460/609 1763/1660/609 2463/2461/609
f 1766/2463/610 2466/2472/610 2465/2464/610
f 1770/1654/611 1772/1657/629 2472/2465/612
f 1768/1656/614 2468/2471/626 2469/2467/615
f 1771/1659/617 2471/2470/624 2472/2465/612
f 1767/1658/619 1769/2468/616 2469/2467/615
f 1763/1660/621 1767/1658/619 2467/2469/620
f 1764/2460/623 2464/2462/781 2471/2470/624
f 1765/1655/625 2465/2464/782 2468/2471/626
f 1766/2463/627 1770/1654/611 2470/2466/613
f 1774/2473/609 1773/1667/609 2473/2474/609
f 1776/2476/610 2476/2485/610 2475/2477/610
f 1780/1661/611 1782/1664/618 2482/2478/612
f 1778/1663/614 2478/2484/626 2479/2480/615
f 1781/1666/617 2481/2483/624 2482/2478/612
f 1777/1665/619 1779/2481/616 2479/2480/615
f 1773/1667/621 1777/1665/619 2477/2482/620
f 1774/2473/623 2474/2475/781 2481/2483/624
f 1775/1662/625 2475/2477/782 2478/2484/626
f 1776/2476/627 1780/1661/611 2480/2479/613
f 1784/2486/609 1783/1674/609 2483/2487/609
f 1786/2489/610 2486/2498/610 2485/2490/610
f 1790/1668/611 1792/1671/629 2492/2491/612
f 1788/1670/614 2488/2497/626 2489/2493/615
f 1791/1673/617 2491/2496/624 2492/2491/612
f 1787/1672/619 1789/2494/616 2489/2493/615
f 1783/1674/621 1787/1672/619 2487/2495/620
f 1784/2486/623 2484/2488/781 2491/2496/624
f 1785/1669/625 2485/2490/782 2488/2497/626
f 1786/2489/627 1790/1668/611 2490/2492/613
f 1794/2499/609 1793/1681/609 2493/2500/609
f 1796/2502/610 2496/2511/610 2495/2503/610
f 1800/1675/611 1802/1678/618 2502/2504/612
f 1798/1677/614 2498/2510/626 2499/2506/615
f 1801/1680/632 2501/2509/624 2502/2504/612
f 1797/1679/619 1799/2507/616 2499/2506/615
f 1793/1681/621 1797/1679/619 2497/2508/620
f 1794/2499/623 2494/2501/781 2501/2509/624
f 1795/1676/625 2495/2503/782 2498/2510/626
f 1796/2502/657 1800/1675/611 2500/2505/613
f 1804/1690/633 2504/2521/633 2503/2512/633
f 1806/2513/634 1805/1682/634 2505/2514/634
f 1810/1683/635 2510/2522/652 2512/2516/636
f 1808/1684/638 1809/1687/644 2509/2517/639
f 1811/1689/641 1812/1685/637 2512/2516/636
f 1807/1686/643 2507/2520/646 2509/2517/639
f 1803/1688/645 2503/2512/783 2507/2520/646
f 1804/1690/647 1811/1689/641 2511/2519/642
f 1805/1682/649 1808/1684/638 2508/2518/640
f 1806/2513/651 2506/2515/784 2510/2522/652
f 1814/1699/633 2514/2532/633 2513/2523/633
f 1816/2524/634 1815/1691/634 2515/2525/634
f 1820/1692/635 2520/2533/652 2522/2527/636
f 1818/1693/638 1819/1696/644 2519/2528/639
f 1821/1698/641 1822/1694/653 2522/2527/636
f 1817/1695/643 2517/2531/646 2519/2528/639
f 1813/1697/645 2513/2523/783 2517/2531/646
f 1814/1699/647 1821/1698/641 2521/2530/642
f 1815/1691/649 1818/1693/638 2518/2529/654
f 1816/2524/655 2516/2526/785 2520/2533/652
f 1824/1708/633 2524/2543/633 2523/2534/633
f 1826/2535/634 1825/1700/634 2525/2536/634
f 1830/1701/635 2530/2544/652 2532/2538/636
f 1828/1702/638 1829/1705/644 2529/2539/639
f 1831/1707/641 1832/1703/637 2532/2538/636
f 1827/1704/643 2527/2542/646 2529/2539/639
f 1823/1706/645 2523/2534/783 2527/2542/646
f 1824/1708/647 1831/1707/641 2531/2541/642
f 1825/1700/649 1828/1702/638 2528/2540/640
f 1826/2535/655 2526/2537/785 2530/2544/652
f 1834/1717/633 2534/2554/633 2533/2545/633
f 1836/2546/634 1835/1709/634 2535/2547/634
f 1840/1710/635 2540/2555/652 2542/2549/636
f 1838/1711/638 1839/1714/644 2539/2550/639
f 1841/1716/641 1842/1712/653 2542/2549/636
f 1837/1713/643 2537/2553/646 2539/2550/639
f 1833/1715/645 2533/2545/783 2537/2553/646
f 1834/1717/647 1841/1716/641 2541/2552/642
f 1835/1709/649 1838/1711/638 2538/2551/640
f 1836/2546/655 2536/2548/785 2540/2555/652
f 1844/1726/633 2544/2565/633 2543/2556/633
f 1846/2557/634 1845/1718/634 2545/2558/634
f 1850/1719/635 2550/2566/652 2552/2560/636
f 1848/1720/638 1849/1723/644 2549/2561/639
f 1851/1725/641 1852/1721/653 2552/2560/636
f 1847/1722/643 2547/2564/646 2549/2561/639
f 1843/1724/645 2543/2556/783 2547/2564/646
f 1844/1726/647 1851/1725/641 2551/2563/642
f 1845/1718/649 1848/1720/638 2548/2562/640
f 1846/2557/655 2546/2559/785 2550/2566/652
f 2561/1154/15 2553/1105/15 2555/1106/15
f 2563/2567/5 2564/1106/5 2559/1107/5
f 2560/1107/3 2558/1108/3 2554/2569/3
f 2563/1108/659 2557/1109/660 2553/2570/660
f 2557/1109/2 2559/1110/2 2555/2571/2
f 2564/1110/661 2560/1111/662 2556/2572/662
f 2559/1111/663 2564/1112/661 2562/2573/661
f 2558/1112/664 2563/1113/659 2561/2574/659
f 2560/1113/5 2564/1114/5 2563/2575/5
f 2561/1114/15 2562/2975/15 2556/2576/15
f 2605/2577/665 2657/2976/692 2659/2578/666
f 2607/2580/668 2608/1118/679 2663/1115/669
f 2566/2582/671 2568/1119/671 2567/1118/671
f 2607/1121/672 2661/1119/673 2657/2582/673
f 2608/1124/674 2568/1123/675 2566/2584/675
f 2569/1126/3 2571/1124/3 2572/2585/3
f 2576/1127/2 2575/1126/2 2573/2586/2
f 2576/1128/6 2574/1127/6 2570/2587/6
f 2574/1130/5 2573/1128/5 2569/2588/5
f 2573/1131/10 2575/1130/10 2571/2589/10
f 2575/1133/15 2576/1131/15 2572/2590/15
f 2577/1135/3 2675/1133/3 2676/2591/3
f 2680/1136/2 2679/1135/2 2579/2592/2
f 2680/1137/6 2580/1136/6 2578/2593/6
f 2580/1140/5 2579/1137/5 2577/2594/5
f 2579/1143/10 2679/1142/10 2675/2596/10
f 2581/2598/3 2582/2605/3 2684/2599/3
f 2688/2601/2 2584/2604/2 2583/2602/2
f 2686/2603/6 2583/2602/6 2581/2598/6
f 2584/2604/10 2688/2601/10 2684/2599/10
f 2585/1145/3 2587/1143/3 2588/2597/3
f 2592/2607/2 2591/1145/2 2589/2606/2
f 2592/2609/6 2590/1147/6 2586/2610/6
f 2590/2612/5 2589/1148/5 2585/2613/5
f 2585/2613/10 2589/1148/10 2591/1150/10
f 2591/1150/15 2592/1151/15 2588/2615/15
f 2593/2616/3 2595/2623/3 2596/2617/3
f 2600/2619/2 2599/2622/2 2597/2620/2
f 2598/2621/6 2597/2620/6 2593/2616/6
f 2599/2622/10 2600/2619/10 2596/2617/10
f 2645/2624/5 2647/2631/5 2602/2625/5
f 2604/2627/15 2651/2630/15 2649/2628/15
f 2603/2629/6 2649/2628/6 2645/2624/6
f 2651/2630/10 2604/2627/10 2602/2625/10
f 2663/1151/676 2608/1152/674 2606/2632/674
f 2567/1152/677 2607/1153/672 2605/2633/672
f 2567/2633/678 2568/1153/786 2608/1154/679
f 2565/2635/680 2605/1154/665 2606/2567/667
f 2653/2636/682 2654/2567/690 2715/2568/683
f 2655/2637/684 2717/2568/685 2719/2569/685
f 2610/2638/671 2609/2569/671 2611/2570/671
f 2713/2570/673 2717/2571/673 2655/2640/672
f 2610/2571/675 2612/2572/675 2656/2641/674
f 2616/2572/2 2615/2573/2 2613/2642/2
f 2617/2573/3 2619/2574/3 2620/2643/3
f 2614/2574/6 2618/2575/6 2620/2644/6
f 2613/2575/5 2617/2576/5 2618/2645/5
f 2615/2646/10 2619/2608/10 2617/2647/10
f 2616/2649/15 2620/2977/15 2619/2650/15
f 2732/2580/2 2731/2581/2 2621/2652/2
f 2623/2582/3 2735/2580/3 2736/2653/3
f 2622/2583/6 2624/2582/6 2736/2654/6
f 2621/2585/5 2623/2584/5 2624/2656/5
f 2621/2658/10 2731/2586/10 2735/2585/10
f 2740/2659/2 2626/2665/2 2625/2660/2
f 2627/2602/3 2628/2664/3 2744/2662/3
f 2625/2660/6 2627/2602/6 2742/2663/6
f 2740/2659/10 2744/2662/10 2628/2664/10
f 2632/2587/2 2631/2586/2 2629/2658/2
f 2633/2588/3 2635/2587/3 2636/2666/3
f 2630/2589/6 2634/2588/6 2636/2667/6
f 2629/2590/5 2633/2589/5 2634/2668/5
f 2631/2591/10 2635/2590/10 2633/2669/10
f 2632/2592/15 2636/2591/15 2635/2670/15
f 2640/2672/2 2639/2679/2 2637/2673/2
f 2641/2675/3 2643/2678/3 2644/2676/3
f 2637/2673/6 2641/2675/6 2642/2677/6
f 2640/2672/10 2644/2676/10 2643/2678/10
f 2648/2680/5 2647/2631/5 2645/2624/5
f 2649/2628/15 2651/2630/15 2652/2682/15
f 2645/2624/6 2649/2628/6 2650/2683/6
f 2647/2631/10 2648/2680/10 2652/2682/10
f 2654/2593/674 2656/2592/674 2719/2671/676
f 2653/2594/672 2655/2593/672 2611/2684/677
f 2611/2686/687 2655/2595/684 2656/2594/686
f 2609/2687/689 2610/2597/787 2654/2596/690
f 2709/2689/691 2710/2606/705 2659/2597/666
f 2711/2690/693 2661/2608/670 2663/2606/669
f 2660/2691/695 2658/2978/695 2662/2608/695
f 2657/2692/696 2661/2610/696 2711/2693/697
f 2660/2695/698 2664/2613/698 2712/2696/699
f 2668/2613/3 2667/2614/3 2665/2697/3
f 2669/2698/2 2671/2615/2 2672/2699/2
f 2666/2615/6 2670/2634/6 2672/2701/6
f 2665/2634/15 2669/2633/15 2670/2702/15
f 2667/2633/10 2671/2635/10 2669/2703/10
f 2668/2635/5 2672/2636/5 2671/2704/5
f 2676/2636/3 2675/2637/3 2673/2705/3
f 2677/2637/2 2679/2638/2 2680/2706/2
f 2674/2638/6 2678/2639/6 2680/2707/6
f 2673/2639/15 2677/2640/15 2678/2708/15
f 2675/2640/10 2679/2641/10 2677/2709/10
f 2684/2599/3 2683/2713/3 2681/2710/3
f 2685/2711/2 2687/2712/2 2688/2601/2
f 2681/2710/6 2685/2711/6 2686/2603/6
f 2684/2599/10 2688/2601/10 2687/2712/10
f 2692/2641/3 2691/2642/3 2689/2714/3
f 2693/2642/2 2695/2643/2 2696/2715/2
f 2690/2643/6 2694/2644/6 2696/2716/6
f 2689/2644/15 2693/2645/15 2694/2717/15
f 2691/2648/10 2695/2647/10 2693/2718/10
f 2692/2647/5 2696/2979/5 2695/2720/5
f 2700/2721/3 2699/2728/3 2697/2722/3
f 2701/2724/2 2703/2727/2 2704/2725/2
f 2697/2722/6 2701/2724/6 2702/2726/6
f 2700/2721/10 2704/2725/10 2703/2727/10
f 2706/2729/15 2763/2736/15 2761/2730/15
f 2765/2732/5 2767/2735/5 2708/2733/5
f 2761/2730/6 2765/2732/6 2707/2734/6
f 2706/2729/10 2708/2733/10 2767/2735/10
f 2710/2651/699 2712/2650/699 2663/2737/700
f 2709/2739/697 2711/2651/697 2662/2738/701
f 2662/2741/702 2711/2745/693 2712/2742/694
f 2658/2744/704 2660/2656/788 2710/2745/705
f 2769/2746/706 2713/2657/683 2715/2656/683
f 2771/2747/708 2772/2658/710 2719/2657/685
f 2716/2748/695 2720/2666/695 2718/2658/695
f 2771/2667/697 2717/2666/696 2713/2748/696
f 2772/2668/699 2720/2667/698 2716/2749/698
f 2721/2669/2 2723/2668/2 2724/2750/2
f 2728/2670/3 2727/2669/3 2725/2751/3
f 2728/2671/6 2726/2670/6 2722/2752/6
f 2726/2684/15 2725/2671/15 2721/2753/15
f 2725/2685/10 2727/2684/10 2723/2754/10
f 2727/2686/5 2728/2685/5 2724/2755/5
f 2729/2687/2 2731/2688/2 2732/2757/2
f 2736/2689/3 2735/2687/3 2733/2758/3
f 2736/2690/6 2734/2689/6 2730/2759/6
f 2734/2691/15 2733/2690/15 2729/2760/15
f 2733/2762/10 2735/2691/10 2731/2761/10
f 2737/2764/2 2739/2767/2 2740/2659/2
f 2744/2662/3 2743/2766/3 2741/2765/3
f 2742/2663/6 2741/2765/6 2737/2764/6
f 2743/2766/10 2744/2662/10 2740/2659/10
f 2745/2768/2 2747/2693/2 2748/2769/2
f 2752/2693/3 2751/2696/3 2749/2771/3
f 2752/2772/6 2750/2700/6 2746/2773/6
f 2750/2700/15 2749/2699/15 2745/2774/15
f 2749/2699/10 2751/2701/10 2747/2775/10
f 2751/2701/5 2752/2702/5 2748/2776/5
f 2753/2777/2 2755/2784/2 2756/2778/2
f 2760/2780/3 2759/2783/3 2757/2781/3
f 2758/2782/6 2757/2781/6 2753/2777/6
f 2759/2783/10 2760/2780/10 2756/2778/10
f 2761/2730/15 2763/2736/15 2764/2785/15
f 2768/2787/5 2767/2735/5 2765/2732/5
f 2766/2788/6 2765/2732/6 2761/2730/6
f 2767/2735/10 2768/2787/10 2764/2785/10
f 2719/2702/700 2772/2703/699 2770/2789/699
f 2718/2703/701 2771/2704/697 2769/2790/697
f 2718/2790/709 2720/2704/789 2772/2705/710
f 2714/2791/711 2769/2705/706 2770/2706/707
o Houses_SecondAge_1_Level2.001
v -0.570583 2.566721 -33.507236
v -0.570582 4.551305 -28.054638
v -0.365217 2.694882 -33.553883
v -0.365217 4.679466 -28.101286
v -1.082847 3.448892 -27.768250
v -1.082847 5.308088 -28.444942
v -1.082847 1.538137 -33.018005
v -1.082847 3.397334 -33.694698
v -0.967137 3.626902 -27.744320
v -0.967137 1.659118 -33.150761
v -0.946160 3.170710 -27.545616
v -0.946160 1.181930 -33.009743
v -2.933155 7.161051 -29.004509
v -2.933155 5.176467 -34.457108
v -2.933155 7.475671 -29.119020
v -2.933155 5.491087 -34.571617
v -5.295728 2.566721 -33.507236
v -5.295728 4.551305 -28.054638
v -5.501094 2.694882 -33.553883
v -5.501093 4.679466 -28.101284
v -4.783463 3.448892 -27.768250
v -4.783463 5.308088 -28.444942
v -4.783463 1.538137 -33.018005
v -4.783463 3.397334 -33.694698
v -2.933155 3.448892 -27.768250
v -2.933155 7.161207 -29.119423
v -2.933155 1.538137 -33.018005
v -2.933155 5.250452 -34.369179
v -4.899173 3.626902 -27.744320
v -4.899174 1.659118 -33.150761
v -4.920150 3.170710 -27.545614
v -4.920150 1.181930 -33.009743
v -2.933155 3.626902 -27.744320
v -2.933155 1.659118 -33.150761
v -2.933155 3.170710 -27.545616
v -2.933155 1.181930 -33.009743
v -2.210391 4.799403 -28.019787
v -2.210391 3.211470 -27.441826
v -2.450939 4.799403 -28.019787
v -2.450939 3.211470 -27.441826
v -2.210391 4.711210 -28.262093
v -2.210391 3.123278 -27.684132
v -2.450940 4.711210 -28.262093
v -2.450940 3.123278 -27.684132
v -2.145003 5.021126 -27.842875
v -2.145003 4.823049 -28.387087
v -2.145003 4.797848 -27.761608
v -2.145003 4.599771 -28.305820
v -2.210392 2.734372 -33.693409
v -2.210392 1.146440 -33.115448
v -2.450940 2.734372 -33.693409
v -2.450940 1.146440 -33.115448
v -2.210392 2.822565 -33.451103
v -2.210392 1.234632 -32.873142
v -2.450940 2.822565 -33.451103
v -2.450940 1.234632 -32.873142
v -2.145003 2.790506 -33.971451
v -2.145003 2.988583 -33.427238
v -2.145003 2.567228 -33.890186
v -2.145003 2.765305 -33.345974
v -3.655916 4.799403 -28.019785
v -3.655916 3.211470 -27.441826
v -3.415368 4.799403 -28.019785
v -3.415368 3.211470 -27.441826
v -3.655916 4.711210 -28.262093
v -3.655916 3.123278 -27.684132
v -3.415368 4.711210 -28.262093
v -3.415368 3.123278 -27.684132
v -3.721304 5.021126 -27.842875
v -2.933154 5.021126 -27.842875
v -3.721304 4.823049 -28.387087
v -2.933154 4.823049 -28.387087
v -3.721304 4.797848 -27.761608
v -2.933154 4.797848 -27.761608
v -3.721304 4.599771 -28.305820
v -2.933154 4.599771 -28.305820
v -3.655916 2.734372 -33.693409
v -3.655916 1.146440 -33.115448
v -3.415368 2.734372 -33.693409
v -3.415368 1.146440 -33.115448
v -3.655916 2.822565 -33.451103
v -3.655916 1.234632 -32.873142
v -3.415368 2.822565 -33.451103
v -3.415368 1.234632 -32.873142
v -3.721305 2.790506 -33.971451
v -2.933154 2.790506 -33.971451
v -3.721305 2.988583 -33.427238
v -2.933154 2.988583 -33.427238
v -3.721305 2.567228 -33.890186
v -2.933154 2.567228 -33.890186
v -3.721305 2.765305 -33.345974
v -2.933154 2.765305 -33.345974
v -3.088898 4.743082 -28.099556
v -3.085387 4.767112 -28.033531
v -3.080605 3.170327 -27.527191
v -3.083380 3.194375 -27.461119
v -2.976510 4.742773 -28.100403
v -2.972991 4.766804 -28.034378
v -2.970984 3.194067 -27.461966
v -2.968218 3.170019 -27.528038
v -2.651315 4.741881 -28.102854
v -2.650943 4.765920 -28.036806
v -2.636575 3.169109 -27.530539
v -2.636203 3.193148 -27.464491
v -2.480822 4.741413 -28.104139
v -2.480450 4.765452 -28.038092
v -2.465710 3.192680 -27.465776
v -2.466082 3.168641 -27.531824
v -2.828321 3.193675 -27.463041
v -2.830755 4.766414 -28.035452
v -2.951993 3.194015 -27.462109
v -2.954427 4.766753 -28.034519
v -2.661977 3.193219 -27.464296
v -2.665278 4.765960 -28.036699
v -2.817590 3.193646 -27.463123
v -2.820891 4.766387 -28.035526
v -2.831055 4.744892 -28.094580
v -2.828621 3.172154 -27.522171
v -2.954727 4.745232 -28.093649
v -2.952293 3.172493 -27.521238
v -2.665579 4.744438 -28.095829
v -2.662277 3.171697 -27.523426
v -2.821191 4.744865 -28.094654
v -2.817890 3.172124 -27.522253
v -3.259749 4.741881 -28.102854
v -3.259423 4.765920 -28.036806
v -3.246860 3.169109 -27.530539
v -3.246534 3.193148 -27.464491
v -3.110666 4.741413 -28.104139
v -3.110340 4.765452 -28.038092
v -3.097451 3.192680 -27.465776
v -3.097777 3.168641 -27.531824
v -3.269072 3.193219 -27.464296
v -3.271958 4.765960 -28.036699
v -3.405143 3.193646 -27.463123
v -3.408030 4.766387 -28.035526
v -3.272221 4.744438 -28.095829
v -3.269335 3.171697 -27.523426
v -3.408293 4.744865 -28.094654
v -3.405406 3.172124 -27.522253
v 0.347402 3.530817 -28.120790
v 0.346826 3.568026 -28.136343
v 0.900373 3.520486 -28.149172
v 0.900006 3.559004 -28.161129
v 0.342312 3.501896 -28.200249
v 0.342678 3.539089 -28.215847
v 0.895858 3.530067 -28.240635
v 0.895282 3.491566 -28.228630
v 0.345705 3.420455 -28.424006
v 0.345705 3.458310 -28.437784
v 0.898417 3.408783 -28.456074
v 0.898417 3.446639 -28.469852
v 0.338774 3.384984 -28.521463
v 0.338774 3.422838 -28.535242
v 0.891486 3.411167 -28.567310
v 0.891486 3.373312 -28.553532
v 0.885661 3.492297 -28.344404
v 0.332494 3.501408 -28.319372
v 0.890533 3.526186 -28.251295
v 0.337366 3.535297 -28.226263
v 0.881026 3.450804 -28.458405
v 0.327883 3.460096 -28.432877
v 0.886609 3.490043 -28.350597
v 0.333466 3.499335 -28.325069
v 0.332494 3.472508 -28.308853
v 0.885661 3.463397 -28.333885
v 0.337366 3.506397 -28.215744
v 0.890533 3.497286 -28.240776
v 0.327883 3.431195 -28.422358
v 0.881026 3.421904 -28.447886
v 0.333466 3.470434 -28.314550
v 0.886609 3.461143 -28.340078
v 0.870361 2.869622 -28.374950
v 0.929784 2.868987 -28.375221
v 0.870629 3.385401 -28.556421
v 0.929849 3.383276 -28.560892
v 0.873984 2.895668 -28.299641
v 0.933408 2.895948 -28.300238
v 0.933472 3.410237 -28.485910
v 0.874251 3.411447 -28.481112
v 0.884820 2.976971 -28.075623
v 0.944143 2.976048 -28.078157
v 0.885058 3.492549 -28.257719
v 0.944380 3.491627 -28.260254
v 0.890317 3.017737 -27.961819
v 0.949640 3.016815 -27.964354
v 0.949877 3.532393 -28.146450
v 0.890555 3.533316 -28.143915
v 0.938072 3.439824 -28.389048
v 0.937993 2.925433 -28.203661
v 0.934084 3.410191 -28.471565
v 0.934006 2.895799 -28.286179
v 0.943434 3.481009 -28.278542
v 0.943328 2.966408 -28.093733
v 0.938417 3.443631 -28.382338
v 0.938311 2.929030 -28.197529
v 0.885962 2.926242 -28.201437
v 0.886040 3.440633 -28.386824
v 0.881976 2.896609 -28.283955
v 0.882054 3.411000 -28.469341
v 0.891296 2.967217 -28.091509
v 0.891403 3.481819 -28.276318
v 0.886280 2.929839 -28.195305
v 0.886387 3.444441 -28.380114
v 0.344594 2.997472 -27.930468
v 0.343970 3.035889 -27.946447
v 0.927900 2.986678 -27.960123
v 0.927487 3.026398 -27.972527
v 0.339397 2.968689 -28.009546
v 0.339809 3.007089 -28.025578
v 0.923327 2.997597 -28.051655
v 0.922702 2.957895 -28.039204
v 0.344263 2.887608 -28.232315
v 0.344263 2.926668 -28.246532
v 0.894716 2.875985 -28.264248
v 0.894716 2.915045 -28.278463
v 0.337133 2.852306 -28.329306
v 0.337133 2.891366 -28.343521
v 0.887587 2.879744 -28.375454
v 0.887587 2.840684 -28.361238
v 0.912637 2.960013 -28.154915
v 0.329132 2.969594 -28.128593
v 0.917524 2.993743 -28.062244
v 0.334019 3.003323 -28.035923
v 0.908115 2.918714 -28.268383
v 0.324635 2.928474 -28.241568
v 0.913709 2.957768 -28.161085
v 0.330229 2.967528 -28.134270
v 0.329132 2.930534 -28.114376
v 0.912637 2.920954 -28.140699
v 0.334019 2.964263 -28.021706
v 0.917523 2.954683 -28.048029
v 0.324635 2.889414 -28.227352
v 0.908115 2.879654 -28.254168
v 0.330229 2.928468 -28.120052
v 0.913709 2.918708 -28.146868
v 0.274100 2.881314 -28.360336
v 0.307795 2.881469 -28.359911
v 0.274338 3.375395 -28.534599
v 0.307852 3.373759 -28.537743
v 0.278087 2.911306 -28.277933
v 0.311783 2.911463 -28.277504
v 0.311840 3.403465 -28.455231
v 0.278325 3.404198 -28.451763
v 0.289278 2.993069 -28.045794
v 0.322883 2.992547 -28.047230
v 0.289701 3.503262 -28.221590
v 0.323306 3.502739 -28.223024
v 0.293306 3.021251 -27.961786
v 0.326911 3.020728 -27.963223
v 0.327334 3.530921 -28.139019
v 0.293729 3.531443 -28.137583
v 0.317055 3.437751 -28.345659
v 0.316985 2.950596 -28.169985
v 0.312385 3.402973 -28.442297
v 0.312315 2.915469 -28.266495
v 0.322488 3.479456 -28.233692
v 0.322403 2.991347 -28.058023
v 0.317636 3.443307 -28.334099
v 0.317550 2.954848 -28.158302
v 0.290738 2.951005 -28.168863
v 0.290808 3.438159 -28.344538
v 0.286068 2.915877 -28.265373
v 0.286138 3.403382 -28.441175
v 0.296156 2.991755 -28.056902
v 0.296241 3.479865 -28.232571
v 0.291303 2.955256 -28.157181
v 0.291388 3.443715 -28.332977
v 0.415471 3.553303 -28.058376
v 0.418931 3.563117 -28.031414
v 0.421153 3.044648 -27.873518
v 0.420305 3.054529 -27.846371
v 0.492476 3.552105 -28.061668
v 0.495941 3.561919 -28.034704
v 0.497316 3.053331 -27.849661
v 0.498157 3.043451 -27.876808
v 0.715289 3.548640 -28.071188
v 0.716598 3.558487 -28.044134
v 0.725388 3.039917 -27.886517
v 0.726698 3.049764 -27.859463
v 0.832106 3.546823 -28.076180
v 0.833415 3.556670 -28.049126
v 0.843514 3.047947 -27.864454
v 0.842205 3.038100 -27.891508
v 0.595064 3.051811 -27.853838
v 0.593396 3.560403 -28.038870
v 0.510328 3.053129 -27.850218
v 0.508660 3.561721 -28.035248
v 0.709038 3.050038 -27.858707
v 0.706776 3.558640 -28.043715
v 0.602417 3.051697 -27.854153
v 0.600155 3.560298 -28.039158
v 0.592341 3.552462 -28.060686
v 0.594009 3.043870 -27.875654
v 0.507604 3.553780 -28.057066
v 0.509273 3.045188 -27.872034
v 0.705720 3.550699 -28.065531
v 0.707982 3.042098 -27.880526
v 0.599099 3.552357 -28.060976
v 0.601361 3.043756 -27.875969
v 0.372814 2.852648 -28.419077
v 0.373053 2.838850 -28.455582
v 0.378123 3.362809 -28.605017
v 0.374338 3.349107 -28.641361
v 0.461788 2.850117 -28.422461
v 0.462034 2.837189 -28.459282
v 0.463318 3.347446 -28.645063
v 0.467098 3.360279 -28.608402
v 0.714520 2.846612 -28.433414
v 0.712750 2.833297 -28.469997
v 0.723957 3.356636 -28.619505
v 0.722188 3.343321 -28.656088
v 0.823682 2.842876 -28.437338
v 0.821913 2.829561 -28.473921
v 0.831350 3.339585 -28.660011
v 0.833120 3.352900 -28.623428
v 0.579686 3.340873 -28.648302
v 0.578127 2.830621 -28.462509
v 0.475478 3.342830 -28.643970
v 0.473919 2.832579 -28.458179
v 0.707211 3.339700 -28.654045
v 0.705098 2.829458 -28.468229
v 0.586556 3.341913 -28.649014
v 0.584442 2.831671 -28.463198
v 0.579479 2.840787 -28.434580
v 0.581037 3.351038 -28.620373
v 0.475271 2.842744 -28.430250
v 0.476829 3.352995 -28.616041
v 0.706449 2.839623 -28.440300
v 0.708562 3.349866 -28.626116
v 0.585794 2.841836 -28.435268
v 0.587908 3.352079 -28.621084
v 0.299008 3.035448 -27.824341
v 0.299008 3.599455 -28.029623
v 0.269023 2.809915 -28.443989
v 0.269023 3.373921 -28.649271
v 0.958424 3.025192 -27.852518
v 0.958424 3.589200 -28.057800
v 0.928439 2.799659 -28.472166
v 0.928439 3.363666 -28.677448
v 0.277760 3.077807 -27.926168
v 0.277760 3.501553 -28.080399
v 0.255232 3.332107 -28.545948
v 0.255232 2.908361 -28.391718
v 0.350221 2.872778 -28.489481
v 0.350221 3.296524 -28.643713
v 0.845648 3.288819 -28.664881
v 0.845648 2.865073 -28.510651
v 0.949687 2.897561 -28.421391
v 0.949687 3.321307 -28.575621
v 0.972215 3.490753 -28.110071
v 0.972215 3.067007 -27.955841
v 0.877227 3.102591 -27.858076
v 0.877227 3.526336 -28.012308
v 0.381799 3.534041 -27.991138
v 0.381799 3.110296 -27.836908
v 0.354746 2.821698 -28.364990
v 0.850173 2.813993 -28.386158
v 0.872701 2.983439 -27.920610
v 0.377274 2.991144 -27.899441
v 0.850173 3.407970 -28.602348
v 0.354746 3.415675 -28.581179
v 0.377274 3.585121 -28.115629
v 0.872701 3.577416 -28.136799
v 0.303868 3.478085 -28.093647
v 0.303868 3.087269 -27.951403
v 0.283090 3.321807 -28.523020
v 0.283090 2.930990 -28.380774
v 0.370698 3.288988 -28.613186
v 0.370698 2.898172 -28.470942
v 0.827626 3.281882 -28.632711
v 0.827626 2.891066 -28.490465
v 0.923579 3.311846 -28.550386
v 0.923579 2.921029 -28.408142
v 0.944357 3.468124 -28.121016
v 0.944357 3.077308 -27.978769
v 0.856750 3.500942 -28.030848
v 0.856750 3.110126 -27.888603
v 0.399822 3.508049 -28.011324
v 0.399822 3.117232 -27.869078
v 0.831799 2.843955 -28.375647
v 0.374871 2.851061 -28.356123
v 0.852576 3.000234 -27.946276
v 0.395648 3.007340 -27.926752
v 0.374871 3.398881 -28.555513
v 0.831799 3.391774 -28.575037
v 0.395648 3.555159 -28.126143
v 0.852576 3.548053 -28.145666
v 0.565529 4.080956 -29.418325
v 0.564708 4.111537 -29.430943
v 1.000916 4.036503 -29.540459
v 1.000994 4.068114 -29.550245
v 0.545278 4.058216 -29.480803
v 0.545199 4.088722 -29.493626
v 0.981485 4.045300 -29.612928
v 0.980665 4.013762 -29.602936
v 0.502394 3.993019 -29.659931
v 0.502394 4.024077 -29.671234
v 0.936823 3.947512 -29.784958
v 0.936823 3.978571 -29.796263
v 0.477007 3.965172 -29.736437
v 0.477007 3.996231 -29.747742
v 0.911437 3.950725 -29.872770
v 0.911437 3.919666 -29.861465
v 0.952206 4.015834 -29.693884
v 0.515981 4.059327 -29.574389
v 0.975064 4.042552 -29.620476
v 0.538839 4.086045 -29.500980
v 0.925280 3.983034 -29.784002
v 0.489175 4.026670 -29.664114
v 0.951700 4.013973 -29.698996
v 0.515595 4.057609 -29.579109
v 0.515981 4.035615 -29.565758
v 0.952206 3.992122 -29.685253
v 0.538839 4.062333 -29.492350
v 0.975064 4.018840 -29.611847
v 0.489175 4.002957 -29.655483
v 0.925280 3.959322 -29.775372
v 0.515595 4.033897 -29.570478
v 0.951700 3.990262 -29.690365
v 0.893728 3.488894 -29.704159
v 0.941047 3.484486 -29.715063
v 0.895068 3.930940 -29.860115
v 0.941371 3.925356 -29.874332
v 0.911874 3.509410 -29.644718
v 0.959194 3.505752 -29.655891
v 0.959518 3.946622 -29.815159
v 0.913213 3.951455 -29.800673
v 0.966148 3.573560 -29.467941
v 1.012960 3.568939 -29.480637
v 0.967338 4.015449 -29.624390
v 1.014150 4.010828 -29.637085
v 0.993679 3.605711 -29.378132
v 1.040491 3.601091 -29.390827
v 1.041681 4.042979 -29.547274
v 0.994869 4.047600 -29.534578
v 0.982553 3.969813 -29.738667
v 0.982159 3.528862 -29.579624
v 0.962584 3.946440 -29.803787
v 0.962192 3.505489 -29.644743
v 1.009410 4.002340 -29.651476
v 1.008876 3.561223 -29.492887
v 0.984284 3.972855 -29.733385
v 0.983752 3.531738 -29.574799
v 0.941101 3.532914 -29.568487
v 0.941494 3.973866 -29.727531
v 0.921133 3.509542 -29.633608
v 0.921527 3.950493 -29.792652
v 0.967819 3.565275 -29.481752
v 0.968351 4.006392 -29.640341
v 0.942693 3.535791 -29.563663
v 0.943227 3.976908 -29.722250
v 0.562605 3.624646 -29.254702
v 0.561748 3.656222 -29.267660
v 1.021934 3.577837 -29.383308
v 1.021975 3.610438 -29.393452
v 0.542346 3.602023 -29.316856
v 0.542306 3.633517 -29.330042
v 1.002532 3.587733 -29.455833
v 1.001675 3.555214 -29.445465
v 0.500838 3.537017 -29.495461
v 0.500838 3.569064 -29.507126
v 0.933493 3.491698 -29.619974
v 0.933493 3.523745 -29.631638
v 0.475388 3.509319 -29.571558
v 0.475388 3.541367 -29.583223
v 0.908043 3.496048 -29.707737
v 0.908043 3.464000 -29.696072
v 0.972964 3.558448 -29.536293
v 0.512797 3.604302 -29.410309
v 0.995744 3.585038 -29.463238
v 0.535578 3.630892 -29.337255
v 0.946238 3.525795 -29.626007
v 0.486190 3.571791 -29.499634
v 0.972563 3.556586 -29.541409
v 0.512516 3.602582 -29.415035
v 0.512797 3.572255 -29.398645
v 0.972964 3.526401 -29.524630
v 0.535578 3.598845 -29.325590
v 0.995744 3.552990 -29.451574
v 0.486190 3.539743 -29.487968
v 0.946238 3.493747 -29.614342
v 0.512516 3.570535 -29.403372
v 0.972563 3.524539 -29.529743
v 0.421416 3.537396 -29.585270
v 0.448385 3.535313 -29.590992
v 0.422607 3.961646 -29.735289
v 0.448673 3.958136 -29.743824
v 0.441387 3.561063 -29.520245
v 0.468357 3.558982 -29.525963
v 0.468646 3.981569 -29.678709
v 0.442579 3.984338 -29.669909
v 0.497436 3.625508 -29.337030
v 0.523954 3.622890 -29.344223
v 0.499554 4.062933 -29.488430
v 0.526072 4.060316 -29.495621
v 0.517609 3.647680 -29.270718
v 0.544127 3.645062 -29.277908
v 0.546246 4.082488 -29.429308
v 0.519727 4.085105 -29.422115
v 0.494765 4.008470 -29.592190
v 0.494416 3.589862 -29.441118
v 0.471375 3.981037 -29.668451
v 0.471025 3.562143 -29.517277
v 0.521976 4.041406 -29.503843
v 0.521549 3.622019 -29.352770
v 0.497672 4.012891 -29.583078
v 0.497247 3.593218 -29.431900
v 0.473703 3.591907 -29.435501
v 0.474053 4.010514 -29.586571
v 0.450313 3.564188 -29.511660
v 0.450663 3.983081 -29.662834
v 0.500838 3.624063 -29.347153
v 0.501264 4.043450 -29.498226
v 0.476534 3.595262 -29.426283
v 0.476960 4.014935 -29.577461
v 0.632537 4.094433 -29.380777
v 0.640791 4.102036 -29.359888
v 0.637021 3.657800 -29.223232
v 0.641876 3.665739 -29.201422
v 0.693302 4.088435 -29.397257
v 0.701560 4.096038 -29.376369
v 0.702646 3.659740 -29.217903
v 0.697786 3.651802 -29.239712
v 0.869128 4.071080 -29.444941
v 0.875685 4.078850 -29.423592
v 0.877097 3.634102 -29.288342
v 0.883654 3.641873 -29.266993
v 0.961308 4.061980 -29.469940
v 0.967865 4.069751 -29.448591
v 0.975835 3.632774 -29.291992
v 0.969278 3.625003 -29.313341
v 0.779781 3.652126 -29.238821
v 0.778464 4.088447 -29.397224
v 0.712914 3.658726 -29.220688
v 0.711598 4.095047 -29.379091
v 0.869718 3.643248 -29.263212
v 0.867934 4.079615 -29.421490
v 0.785583 3.651553 -29.240395
v 0.783797 4.087920 -29.398672
v 0.773176 4.082181 -29.414442
v 0.774493 3.645860 -29.256039
v 0.706310 4.088781 -29.396307
v 0.707627 3.652460 -29.237904
v 0.862646 4.073349 -29.438705
v 0.864430 3.636982 -29.280430
v 0.778510 4.081654 -29.415888
v 0.780295 3.645287 -29.257610
v 0.487725 3.507915 -29.649839
v 0.480445 3.496882 -29.679003
v 0.491915 3.945070 -29.810238
v 0.481459 3.934376 -29.838549
v 0.557937 3.500044 -29.668539
v 0.550660 3.489724 -29.697964
v 0.551674 3.927217 -29.857510
v 0.562126 3.937198 -29.828938
v 0.757369 3.480707 -29.722754
v 0.748503 3.470201 -29.751621
v 0.764817 3.917479 -29.884012
v 0.755951 3.906972 -29.912880
v 0.843511 3.470532 -29.745506
v 0.834645 3.460025 -29.774374
v 0.842092 3.896796 -29.935633
v 0.850958 3.907304 -29.906765
v 0.643501 3.914245 -29.880991
v 0.642271 3.476774 -29.721386
v 0.561270 3.922638 -29.858789
v 0.560040 3.485167 -29.699184
v 0.744133 3.904977 -29.908524
v 0.742465 3.467549 -29.748800
v 0.648922 3.914651 -29.882803
v 0.647255 3.477223 -29.723080
v 0.649040 3.484795 -29.699347
v 0.650270 3.922267 -29.858952
v 0.566808 3.493188 -29.677145
v 0.568038 3.930660 -29.836750
v 0.749234 3.475570 -29.726761
v 0.750902 3.912999 -29.886484
v 0.654024 3.485245 -29.701040
v 0.655692 3.922673 -29.860764
v 0.547817 3.657917 -29.161825
v 0.547817 4.139595 -29.337143
v 0.397639 3.479946 -29.650797
v 0.397639 3.961624 -29.826113
v 1.068170 3.606553 -29.302946
v 1.068170 4.088231 -29.478264
v 0.917992 3.428582 -29.791918
v 0.917992 3.910260 -29.967234
v 0.515318 3.694692 -29.239820
v 0.515318 4.061290 -29.373251
v 0.402488 3.927578 -29.740620
v 0.402488 3.560980 -29.607189
v 0.458351 3.526371 -29.702278
v 0.458351 3.892968 -29.835709
v 0.849299 3.854378 -29.941734
v 0.849299 3.487781 -29.808304
v 0.950490 3.506887 -29.755810
v 0.950490 3.873485 -29.889240
v 1.063321 4.007196 -29.521870
v 1.063321 3.640599 -29.388439
v 1.007457 3.675208 -29.293350
v 1.007457 4.041806 -29.426781
v 0.616509 4.080396 -29.320755
v 0.616509 3.713799 -29.187325
v 0.481015 3.483394 -29.603069
v 0.871963 3.444804 -29.709095
v 0.984793 3.578516 -29.341724
v 0.593845 3.617106 -29.235699
v 0.871963 3.951071 -29.893360
v 0.481015 3.989661 -29.787334
v 0.593845 4.123373 -29.419966
v 0.984793 4.084783 -29.525991
v 0.532227 4.040484 -29.388382
v 0.532227 3.700903 -29.264786
v 0.428164 3.917163 -29.727205
v 0.428164 3.577582 -29.603607
v 0.479687 3.885243 -29.814903
v 0.479687 3.545662 -29.691307
v 0.840254 3.849652 -29.912691
v 0.840254 3.510071 -29.789093
v 0.933582 3.867273 -29.864275
v 0.933582 3.527693 -29.740677
v 1.037644 3.990594 -29.525454
v 1.037644 3.651014 -29.401855
v 0.986122 4.022514 -29.437754
v 0.986122 3.682934 -29.314156
v 0.625554 4.058106 -29.339966
v 0.625554 3.718525 -29.216370
v 0.861157 3.470434 -29.697594
v 0.500589 3.506025 -29.599806
v 0.965219 3.593755 -29.358770
v 0.604652 3.629346 -29.260984
v 0.500589 3.974422 -29.770288
v 0.861157 3.938830 -29.868076
v 0.604652 4.097743 -29.431467
v 0.965219 4.062152 -29.529253
v 0.377315 3.496492 -29.460808
v 0.378157 3.533736 -29.476263
v 0.807429 3.615803 -29.133003
v 0.805857 3.654065 -29.145664
v 0.430309 3.473888 -29.522911
v 0.431881 3.511336 -29.537806
v 0.859581 3.631665 -29.207205
v 0.860423 3.593199 -29.195107
v 0.592680 3.414307 -29.686607
v 0.592680 3.452162 -29.700386
v 1.025236 3.532564 -29.361698
v 1.025236 3.570419 -29.375477
v 0.657170 3.386425 -29.763212
v 0.657170 3.424281 -29.776989
v 1.089725 3.542538 -29.452080
v 1.089725 3.504683 -29.438303
v 0.926160 3.601331 -29.290548
v 0.498294 3.481071 -29.620958
v 0.863252 3.627566 -29.218466
v 0.435386 3.507307 -29.548878
v 1.004169 3.569514 -29.377964
v 0.575966 3.449394 -29.707993
v 0.931287 3.599878 -29.294540
v 0.503085 3.479757 -29.624569
v 0.498294 3.452171 -29.610439
v 0.926160 3.572430 -29.280029
v 0.435386 3.478406 -29.538359
v 0.863252 3.598666 -29.207947
v 0.575966 3.420493 -29.697474
v 1.004169 3.540613 -29.367445
v 0.503085 3.450857 -29.614050
v 0.931287 3.570977 -29.284021
v 1.077062 2.596174 -29.126242
v 1.121421 2.609225 -29.088911
v 1.073313 3.511858 -29.454695
v 1.120514 3.523766 -29.420609
v 1.026258 2.615998 -29.068027
v 1.070613 2.629964 -29.031025
v 1.069705 3.544505 -29.362722
v 1.022509 3.531682 -29.396481
v 0.874301 2.678691 -28.895140
v 0.920079 2.691628 -28.859596
v 0.870970 3.594225 -29.224077
v 0.916748 3.607162 -29.188534
v 0.797222 2.710018 -28.807272
v 0.843000 2.722955 -28.771727
v 0.839669 3.638489 -29.100664
v 0.793891 3.625552 -29.136209
v 1.005216 3.566194 -29.287558
v 1.006316 2.651574 -28.956081
v 1.061121 3.543407 -29.351265
v 1.062222 2.628787 -29.019789
v 0.930021 3.598171 -29.202354
v 0.931513 2.683389 -28.871323
v 1.000365 3.569407 -29.282480
v 1.001857 2.654625 -28.951448
v 0.966165 2.640227 -28.987257
v 0.965064 3.554847 -29.318735
v 1.022070 2.617440 -29.050964
v 1.020969 3.532060 -29.382441
v 0.891362 2.672041 -28.902498
v 0.889870 3.586824 -29.233530
v 0.961706 2.643278 -28.982626
v 0.960214 3.558060 -29.313656
v 0.377630 2.562454 -29.125668
v 0.378428 2.600895 -29.141586
v 0.831137 2.688387 -28.779671
v 0.829536 2.727841 -28.792803
v 0.430274 2.539928 -29.187557
v 0.431876 2.578594 -29.202858
v 0.882984 2.705540 -28.854074
v 0.883781 2.665861 -28.841558
v 0.593031 2.480952 -29.349592
v 0.593031 2.520012 -29.363810
v 1.023815 2.598727 -29.026007
v 1.023815 2.637787 -29.040224
v 0.657038 2.453151 -29.425976
v 0.657038 2.492211 -29.440191
v 1.087823 2.609987 -29.116606
v 1.087823 2.570926 -29.102390
v 0.948832 2.675231 -28.937349
v 0.497559 2.548353 -29.285944
v 0.886248 2.701351 -28.865585
v 0.434976 2.574473 -29.214178
v 1.026545 2.643583 -29.024300
v 0.574937 2.516844 -29.372513
v 0.954034 2.673813 -28.941246
v 0.502427 2.547074 -29.289459
v 0.497559 2.509293 -29.271727
v 0.948832 2.636170 -28.923134
v 0.434976 2.535413 -29.199961
v 0.886248 2.662291 -28.851368
v 0.574937 2.477784 -29.358295
v 1.026545 2.604523 -29.010084
v 0.502427 2.508013 -29.275242
v 0.954034 2.634753 -28.927029
v 0.623237 2.469389 -29.492092
v 0.647907 2.477240 -29.470520
v 0.619900 3.363425 -29.813196
v 0.647099 3.369796 -29.794344
v 0.567322 2.492533 -29.428503
v 0.591988 2.500386 -29.406927
v 0.591181 3.392654 -29.730646
v 0.563986 3.385380 -29.749176
v 0.410397 2.555078 -29.249163
v 0.436329 2.562407 -29.229029
v 0.404466 3.464908 -29.572676
v 0.430398 3.472237 -29.552540
v 0.353916 2.576343 -29.184162
v 0.379848 2.583671 -29.164026
v 0.373917 3.493501 -29.487539
v 0.347985 3.486173 -29.507673
v 0.518051 3.417984 -29.645681
v 0.519030 2.530585 -29.323957
v 0.583539 3.391226 -29.720285
v 0.584518 2.503478 -29.398432
v 0.441867 3.450358 -29.559349
v 0.443059 2.562031 -29.237558
v 0.509912 3.422543 -29.636858
v 0.511104 2.533866 -29.314941
v 0.498776 2.524861 -29.339684
v 0.497796 3.412260 -29.661409
v 0.564264 2.497754 -29.414160
v 0.563284 3.385502 -29.736012
v 0.422804 2.556307 -29.253286
v 0.421612 3.444634 -29.575075
v 0.490849 2.528142 -29.330669
v 0.489657 3.416819 -29.652586
v 0.383229 3.528734 -29.371590
v 0.366530 3.536802 -29.349424
v 0.387614 2.621043 -29.037363
v 0.367591 2.628172 -29.017776
v 0.442652 3.545527 -29.325451
v 0.425958 3.553596 -29.303282
v 0.427019 2.644966 -28.971634
v 0.447036 2.637836 -28.991222
v 0.614593 3.594119 -29.191946
v 0.596235 3.601718 -29.171068
v 0.622387 2.687392 -28.855070
v 0.604029 2.694991 -28.834192
v 0.704738 3.619595 -29.121952
v 0.686380 3.627194 -29.101074
v 0.694174 2.720466 -28.764198
v 0.712532 2.712868 -28.785076
v 0.502450 2.666284 -28.913065
v 0.501163 3.574850 -29.244888
v 0.437061 2.647804 -28.963837
v 0.435773 3.556370 -29.295660
v 0.590401 2.691139 -28.844774
v 0.588656 3.599576 -29.176952
v 0.508123 2.667887 -28.908659
v 0.506378 3.576324 -29.240839
v 0.515966 3.568722 -29.261724
v 0.517254 2.660156 -28.929901
v 0.450577 3.550242 -29.312496
v 0.451864 2.641676 -28.980673
v 0.603459 3.593448 -29.193789
v 0.605205 2.685012 -28.861610
v 0.521182 3.570196 -29.257673
v 0.522927 2.661759 -28.925495
v 0.740037 2.469143 -29.472748
v 0.766411 2.458855 -29.499609
v 0.744134 3.380909 -29.801001
v 0.767403 3.369776 -29.830286
v 0.808697 2.487400 -29.419018
v 0.835076 2.477983 -29.446194
v 0.836067 3.388904 -29.776869
v 0.812795 3.399166 -29.747271
v 1.003725 2.542942 -29.267742
v 1.028549 2.532667 -29.295973
v 1.011009 3.455534 -29.593494
v 1.035831 3.445260 -29.621725
v 1.087964 2.564710 -29.201591
v 1.112788 2.554435 -29.229822
v 1.120070 3.467027 -29.555574
v 1.095247 3.477302 -29.527344
v 0.925866 3.409518 -29.705410
v 0.924663 2.498539 -29.374899
v 0.845451 3.387129 -29.767973
v 0.844248 2.476150 -29.437462
v 1.024275 3.438140 -29.629295
v 1.022644 2.527040 -29.299116
v 0.931168 3.412164 -29.701712
v 0.929537 2.501064 -29.371532
v 0.905712 2.506383 -29.353348
v 0.906915 3.417362 -29.683859
v 0.825296 2.483994 -29.415909
v 0.826499 3.394973 -29.746420
v 1.003693 2.534884 -29.277563
v 1.005323 3.445984 -29.607742
v 0.910586 2.508908 -29.349979
v 0.912217 3.420008 -29.680159
v 0.268176 2.579985 -29.075716
v 0.268176 3.544355 -29.426718
v 0.688640 2.405945 -29.553886
v 0.688640 3.370316 -29.904888
v 0.777035 2.723792 -28.680609
v 0.777035 3.688163 -29.031610
v 1.197500 2.549752 -29.158779
v 1.197500 3.514123 -29.509781
v 0.306938 2.624654 -29.171196
v 0.306938 3.448763 -29.471148
v 0.622838 3.318005 -29.830402
v 0.622838 2.493896 -29.530453
v 0.763085 2.489333 -29.542988
v 0.763085 3.313442 -29.842937
v 1.145397 3.421487 -29.546089
v 1.145397 2.597378 -29.246138
v 1.158736 2.645345 -29.114349
v 1.158736 3.469454 -29.414301
v 0.842836 3.600212 -29.055044
v 0.842836 2.776103 -28.755095
v 0.702590 2.780666 -28.742558
v 0.702590 3.604775 -29.042509
v 0.320278 3.496730 -29.339359
v 0.320278 2.672621 -29.039408
v 0.699632 2.430483 -29.439846
v 1.081944 2.538527 -29.142996
v 0.766043 2.669285 -28.783741
v 0.383731 2.561241 -29.080589
v 1.081944 3.532867 -29.504906
v 0.699632 3.424823 -29.801756
v 0.383731 3.555581 -29.442501
v 0.766043 3.663625 -29.145651
v 0.340035 3.433103 -29.462946
v 0.340035 2.641922 -29.174980
v 0.631387 3.312505 -29.794285
v 0.631387 2.521325 -29.506319
v 0.760734 3.308298 -29.805845
v 0.760734 2.517118 -29.517879
v 1.113337 3.407946 -29.532064
v 1.113337 2.616766 -29.244099
v 1.125640 3.452186 -29.410517
v 1.125640 2.661005 -29.122551
v 0.834288 3.572783 -29.079178
v 0.834288 2.781603 -28.791212
v 0.704941 3.576991 -29.067617
v 0.704941 2.785810 -28.779652
v 0.352338 3.477342 -29.341398
v 0.352338 2.686162 -29.053432
v 1.054815 2.562488 -29.148972
v 0.702212 2.462840 -29.422752
v 0.763463 2.683085 -28.817633
v 0.410860 2.583437 -29.091415
v 0.702212 3.411023 -29.767864
v 1.054815 3.510671 -29.494081
v 0.410860 3.531620 -29.436525
v 0.763463 3.631269 -29.162745
v 0.572678 3.884836 -28.193325
v 0.571335 3.915062 -28.205238
v 0.895688 3.779413 -28.482971
v 0.896478 3.810404 -28.492783
v 0.525254 3.868027 -28.239508
v 0.524464 3.898075 -28.251911
v 0.849607 3.793417 -28.539457
v 0.848264 3.762604 -28.529154
v 0.402573 3.817515 -28.378286
v 0.402573 3.848035 -28.389395
v 0.723369 3.711317 -28.670063
v 0.723369 3.741837 -28.681171
v 0.343986 3.797022 -28.434591
v 0.343986 3.827541 -28.445700
v 0.664783 3.721343 -28.737476
v 0.664783 3.690824 -28.726370
v 0.785499 3.772100 -28.598022
v 0.460501 3.876811 -28.310333
v 0.840399 3.791993 -28.543369
v 0.515401 3.896703 -28.255680
v 0.719095 3.747506 -28.665596
v 0.394387 3.852323 -28.377613
v 0.782626 3.770549 -28.602283
v 0.457919 3.875366 -28.314302
v 0.460501 3.853510 -28.301853
v 0.785499 3.748800 -28.589542
v 0.515401 3.873403 -28.247198
v 0.840399 3.768693 -28.534887
v 0.394387 3.829022 -28.369133
v 0.719095 3.724206 -28.657114
v 0.457919 3.852066 -28.305822
v 0.782626 3.747249 -28.593803
v 0.649501 3.421947 -28.619635
v 0.685666 3.410817 -28.649025
v 0.652745 3.704214 -28.718687
v 0.686451 3.692214 -28.750553
v 0.693467 3.437024 -28.575188
v 0.729635 3.426632 -28.604843
v 0.730420 3.708029 -28.706371
v 0.696711 3.719292 -28.674240
v 0.824971 3.484861 -28.443241
v 0.859908 3.473665 -28.474001
v 0.827854 3.767016 -28.542664
v 0.862791 3.755820 -28.573423
v 0.891676 3.508744 -28.376173
v 0.926612 3.497549 -28.406933
v 0.929495 3.779703 -28.506355
v 0.894558 3.790899 -28.475595
v 0.786230 3.724366 -28.648930
v 0.785278 3.442909 -28.547569
v 0.737850 3.706991 -28.697556
v 0.736897 3.425534 -28.596195
v 0.851304 3.748807 -28.583918
v 0.850013 3.467226 -28.482897
v 0.790429 3.726871 -28.645073
v 0.789137 3.445290 -28.544054
v 0.754635 3.452729 -28.520590
v 0.755588 3.734186 -28.621950
v 0.706255 3.435354 -28.569216
v 0.707207 3.716811 -28.670576
v 0.819370 3.477046 -28.455917
v 0.820662 3.758627 -28.556938
v 0.758494 3.455110 -28.517075
v 0.759786 3.736691 -28.618093
v 0.569086 3.588709 -28.086306
v 0.567720 3.619918 -28.098541
v 0.909975 3.477566 -28.391668
v 0.910733 3.509535 -28.401815
v 0.521809 3.572003 -28.132204
v 0.521050 3.603016 -28.144979
v 0.864063 3.492633 -28.448254
v 0.862697 3.460861 -28.437565
v 0.400581 3.521448 -28.271101
v 0.400581 3.552939 -28.282564
v 0.720069 3.415685 -28.561684
v 0.720069 3.447176 -28.573145
v 0.342134 3.501095 -28.327023
v 0.342134 3.532586 -28.338484
v 0.661621 3.426823 -28.629066
v 0.661621 3.395332 -28.617603
v 0.799938 3.471519 -28.506264
v 0.457069 3.581954 -28.202847
v 0.854603 3.491311 -28.451885
v 0.511734 3.601746 -28.148468
v 0.733900 3.447023 -28.573565
v 0.391321 3.557564 -28.269857
v 0.797155 3.469951 -28.510572
v 0.454576 3.580492 -28.206865
v 0.457069 3.550463 -28.191385
v 0.799938 3.440028 -28.494801
v 0.511734 3.570255 -28.137007
v 0.854603 3.459821 -28.440424
v 0.391321 3.526073 -28.258396
v 0.733900 3.415533 -28.562103
v 0.454576 3.549001 -28.195402
v 0.797155 3.438460 -28.499109
v 0.293429 3.537050 -28.317509
v 0.314313 3.531106 -28.333838
v 0.296317 3.801872 -28.410618
v 0.315012 3.794780 -28.429014
v 0.341818 3.554713 -28.268980
v 0.362705 3.548771 -28.285305
v 0.363404 3.812212 -28.380396
v 0.344706 3.818577 -28.361738
v 0.477622 3.602342 -28.132074
v 0.497413 3.596000 -28.149500
v 0.482755 3.879852 -28.227249
v 0.502545 3.873509 -28.244675
v 0.526500 3.618480 -28.082434
v 0.546291 3.612138 -28.099857
v 0.551424 3.889647 -28.195034
v 0.531633 3.895989 -28.177608
v 0.426691 3.831331 -28.315477
v 0.425843 3.571818 -28.221985
v 0.370017 3.810925 -28.372417
v 0.369169 3.551131 -28.278822
v 0.492620 3.856075 -28.249601
v 0.491589 3.595817 -28.156048
v 0.433734 3.834862 -28.308762
v 0.432703 3.574322 -28.215105
v 0.410385 3.576772 -28.208374
v 0.411233 3.836285 -28.301867
v 0.353712 3.556084 -28.265213
v 0.354559 3.815879 -28.358807
v 0.476131 3.600771 -28.142437
v 0.477163 3.861029 -28.235992
v 0.417245 3.579276 -28.201494
v 0.418276 3.839815 -28.295151
v 0.649145 3.886377 -28.188581
v 0.666299 3.891770 -28.173763
v 0.652491 3.608415 -28.090748
v 0.667108 3.614621 -28.073696
v 0.694495 3.871844 -28.228510
v 0.711652 3.877236 -28.213696
v 0.712462 3.600087 -28.113628
v 0.697841 3.593882 -28.130676
v 0.825717 3.829792 -28.344046
v 0.841604 3.835592 -28.328114
v 0.831665 3.550997 -28.248503
v 0.847552 3.556796 -28.232571
v 0.894514 3.807745 -28.404619
v 0.910401 3.813545 -28.388685
v 0.916349 3.534749 -28.293144
v 0.900462 3.528950 -28.309076
v 0.770029 3.581639 -28.164314
v 0.769047 3.858843 -28.264229
v 0.720125 3.597631 -28.120377
v 0.719143 3.874835 -28.220291
v 0.837151 3.560129 -28.223413
v 0.835820 3.837445 -28.323019
v 0.774359 3.580252 -28.168127
v 0.773027 3.857568 -28.267733
v 0.756235 3.854167 -28.277077
v 0.757218 3.576963 -28.177162
v 0.706331 3.870159 -28.233139
v 0.707314 3.592955 -28.133224
v 0.823008 3.832769 -28.335869
v 0.824340 3.555452 -28.236261
v 0.760215 3.852891 -28.280582
v 0.761548 3.575575 -28.180975
v 0.319859 3.500550 -28.401651
v 0.299560 3.491966 -28.424105
v 0.322986 3.777791 -28.505676
v 0.300317 3.769992 -28.526052
v 0.372259 3.482833 -28.447451
v 0.351963 3.474949 -28.470163
v 0.352720 3.752975 -28.572111
v 0.375386 3.760074 -28.551476
v 0.521100 3.435479 -28.578625
v 0.499618 3.427637 -28.600168
v 0.526658 3.711880 -28.684769
v 0.505176 3.704039 -28.706312
v 0.585389 3.413233 -28.634630
v 0.563907 3.405391 -28.656176
v 0.569465 3.681793 -28.762320
v 0.590948 3.689634 -28.740774
v 0.421252 3.727172 -28.631052
v 0.420334 3.449199 -28.528963
v 0.359881 3.747111 -28.577116
v 0.358964 3.469138 -28.475027
v 0.496356 3.703758 -28.697416
v 0.495111 3.425890 -28.595039
v 0.425299 3.726801 -28.634953
v 0.424054 3.448933 -28.532576
v 0.436735 3.455186 -28.512516
v 0.437653 3.733159 -28.614605
v 0.375364 3.475125 -28.458578
v 0.376282 3.753098 -28.560669
v 0.511512 3.431877 -28.578590
v 0.512757 3.709745 -28.680967
v 0.440454 3.454919 -28.516127
v 0.441699 3.732788 -28.618504
v 0.600209 3.620037 -27.998793
v 0.600209 3.941623 -28.115841
v 0.236337 3.487213 -28.363722
v 0.236337 3.808800 -28.480770
v 0.988559 3.495585 -28.340719
v 0.988559 3.817172 -28.457767
v 0.624687 3.362762 -28.705650
v 0.624687 3.684349 -28.822697
v 0.544647 3.663368 -28.055664
v 0.544647 3.871873 -28.131554
v 0.271265 3.772082 -28.405729
v 0.271265 3.563576 -28.329840
v 0.274959 3.524750 -28.436514
v 0.274959 3.733256 -28.512403
v 0.566730 3.639754 -28.769297
v 0.566730 3.431249 -28.693407
v 0.680250 3.432512 -28.689936
v 0.680250 3.641017 -28.765825
v 0.953631 3.740809 -28.491650
v 0.953631 3.532304 -28.415760
v 0.949938 3.571130 -28.309088
v 0.949938 3.779635 -28.384977
v 0.658166 3.873137 -28.128082
v 0.658166 3.664632 -28.052193
v 0.329872 3.476173 -28.356464
v 0.621644 3.382672 -28.613359
v 0.895025 3.482463 -28.339184
v 0.603253 3.575965 -28.082289
v 0.621644 3.728420 -28.739201
v 0.329872 3.821922 -28.482307
v 0.603253 3.921714 -28.208130
v 0.895025 3.828212 -28.465025
v 0.549915 3.849630 -28.151367
v 0.549915 3.667672 -28.085140
v 0.297778 3.757593 -28.404236
v 0.297778 3.575635 -28.338009
v 0.301185 3.721784 -28.502621
v 0.301185 3.539826 -28.436394
v 0.570283 3.635548 -28.739552
v 0.570283 3.453590 -28.673325
v 0.674981 3.636713 -28.736351
v 0.674981 3.454756 -28.670122
v 0.927118 3.728750 -28.483480
v 0.927118 3.546793 -28.417253
v 0.923712 3.764559 -28.385098
v 0.923712 3.582602 -28.318869
v 0.654613 3.850795 -28.148165
v 0.654613 3.668838 -28.081938
v 0.620929 3.408788 -28.599497
v 0.351830 3.495024 -28.362566
v 0.873066 3.500825 -28.346626
v 0.603967 3.587061 -28.109695
v 0.351830 3.803560 -28.474863
v 0.620929 3.717324 -28.711794
v 0.603967 3.895597 -28.221992
v 0.873066 3.809361 -28.458925
v -2.883079 8.778683 -29.341000
v -2.883079 7.641067 -28.926943
v -2.883079 8.800920 -29.279905
v -2.883079 7.663304 -28.865847
v -2.948095 8.778683 -29.341000
v -2.948095 7.641067 -28.926943
v -2.948095 8.800920 -29.279905
v -2.948095 7.663304 -28.865847
v -2.915948 8.646097 -29.267302
v -2.915948 8.364109 -29.164665
v -2.915948 8.651979 -29.251137
v -2.915948 8.369991 -29.148502
v -2.384390 8.369991 -29.148502
v -2.384390 8.651979 -29.251137
v -2.384390 8.646097 -29.267302
v -2.384390 8.364109 -29.164665
v -2.915948 8.510986 -29.199820
v -2.915948 8.505103 -29.215984
v -2.542532 8.510986 -29.199820
v -2.542532 8.505103 -29.215984
v -2.851687 7.175349 -29.275087
v -2.169401 6.715013 -29.107538
v -2.858154 6.925074 -29.951025
v -2.175869 6.464737 -29.783476
v -2.779855 7.246044 -29.481256
v -2.782524 7.115422 -29.838047
v -2.747150 7.240742 -29.681870
v -2.100238 6.655086 -29.670496
v -2.097569 6.785707 -29.313707
v -2.064864 6.780405 -29.514320
v -2.375713 6.653290 -29.085073
v -1.693427 6.192954 -28.917524
v -2.382180 6.403015 -29.761011
v -1.699895 5.942678 -29.593462
v -2.303881 6.723985 -29.291243
v -2.306550 6.593363 -29.648033
v -2.271177 6.718683 -29.491856
v -1.624264 6.133027 -29.480482
v -1.621595 6.263649 -29.123693
v -1.588891 6.258347 -29.324306
v -1.899739 6.131231 -28.895060
v -1.217453 5.670895 -28.727510
v -1.906206 5.880956 -29.570997
v -1.223921 5.420619 -29.403448
v -1.827907 6.201926 -29.101229
v -1.830576 6.071304 -29.458019
v -1.795202 6.196624 -29.301842
v -1.148290 5.610968 -29.290468
v -1.145621 5.741590 -28.933680
v -1.112916 5.736287 -29.134293
v -1.423765 5.609172 -28.705046
v -0.741480 5.148836 -28.537497
v -1.430232 5.358897 -29.380983
v -0.747947 4.898561 -29.213434
v -1.351933 5.679867 -28.911215
v -1.354602 5.549245 -29.268003
v -1.319229 5.674565 -29.111828
v -0.672316 5.088908 -29.100454
v -0.669648 5.219530 -28.743666
v -0.636943 5.214228 -28.944279
v -0.947791 5.087113 -28.515032
v -0.265506 4.626777 -28.347483
v -0.954259 4.836838 -29.190969
v -0.271973 4.376502 -29.023420
v -0.875960 5.157808 -28.721201
v -0.878628 5.027186 -29.077990
v -0.843255 5.152506 -28.921814
v -0.196342 4.566850 -28.910440
v -0.193674 4.697472 -28.553652
v -0.160969 4.692169 -28.754265
v -3.014620 7.175349 -29.275087
v -3.696906 6.715013 -29.107538
v -3.008153 6.925074 -29.951025
v -3.690439 6.464737 -29.783476
v -3.086452 7.246044 -29.481256
v -3.083783 7.115422 -29.838047
v -3.119157 7.240742 -29.681870
v -3.766069 6.655086 -29.670496
v -3.768738 6.785707 -29.313707
v -3.801443 6.780405 -29.514320
v -3.490594 6.653290 -29.085073
v -4.172880 6.192954 -28.917524
v -3.484127 6.403015 -29.761011
v -4.166413 5.942678 -29.593462
v -3.562426 6.723985 -29.291243
v -3.559757 6.593363 -29.648033
v -3.595131 6.718683 -29.491856
v -4.242043 6.133027 -29.480482
v -4.244712 6.263649 -29.123693
v -4.277417 6.258347 -29.324306
v -3.966568 6.131231 -28.895060
v -4.648854 5.670895 -28.727510
v -3.960101 5.880956 -29.570997
v -4.642386 5.420619 -29.403448
v -4.038400 6.201926 -29.101229
v -4.035731 6.071304 -29.458019
v -4.071105 6.196624 -29.301842
v -4.718018 5.610968 -29.290468
v -4.720686 5.741590 -28.933680
v -4.753391 5.736287 -29.134293
v -4.442542 5.609172 -28.705046
v -5.124827 5.148836 -28.537497
v -4.436075 5.358897 -29.380983
v -5.118361 4.898561 -29.213434
v -4.514374 5.679867 -28.911215
v -4.511705 5.549245 -29.268003
v -4.547079 5.674565 -29.111828
v -5.193991 5.088908 -29.100454
v -5.196660 5.219531 -28.743666
v -5.229364 5.214228 -28.944279
v -4.918516 5.087113 -28.515032
v -5.600801 4.626777 -28.347483
v -4.912048 4.836838 -29.190969
v -5.594335 4.376502 -29.023420
v -4.990348 5.157808 -28.721201
v -4.987679 5.027186 -29.077990
v -5.023052 5.152506 -28.921814
v -5.669965 4.566850 -28.910440
v -5.672633 4.697472 -28.553652
v -5.705338 4.692169 -28.754265
v -2.851687 6.916504 -29.986258
v -2.169401 6.456167 -29.818708
v -2.858154 6.666229 -30.662197
v -2.175869 6.205893 -30.494648
v -2.779855 6.987199 -30.192427
v -2.782524 6.856576 -30.549217
v -2.747150 6.981897 -30.393042
v -2.100238 6.396240 -30.381668
v -2.097569 6.526862 -30.024879
v -2.064864 6.521560 -30.225492
v -2.375713 6.394445 -29.796244
v -1.693427 5.934109 -29.628695
v -2.382180 6.144170 -30.472183
v -1.699895 5.683833 -30.304634
v -2.303881 6.465140 -30.002413
v -2.306550 6.334518 -30.359203
v -2.271177 6.459838 -30.203028
v -1.624264 5.874182 -30.191654
v -1.621595 6.004804 -29.834866
v -1.588891 5.999501 -30.035479
v -1.899739 5.872386 -29.606230
v -1.217453 5.412049 -29.438681
v -1.906206 5.622111 -30.282169
v -1.223921 5.161775 -30.114620
v -1.827907 5.943081 -29.812399
v -1.830576 5.812459 -30.169189
v -1.795202 5.937779 -30.013014
v -1.148290 5.352122 -30.001640
v -1.145621 5.482745 -29.644852
v -1.112916 5.477442 -29.845465
v -1.423765 5.350327 -29.416216
v -0.741480 4.889991 -29.248667
v -1.430232 5.100052 -30.092155
v -0.747947 4.639715 -29.924606
v -1.351933 5.421021 -29.622385
v -1.354602 5.290400 -29.979176
v -1.319229 5.415720 -29.823000
v -0.672316 4.830063 -29.811626
v -0.669648 4.960686 -29.454838
v -0.636943 4.955383 -29.655451
v -0.947791 4.828268 -29.226202
v -0.265506 4.367932 -29.058653
v -0.954259 4.577993 -29.902142
v -0.271973 4.117657 -29.734592
v -0.875960 4.898963 -29.432371
v -0.878628 4.768341 -29.789162
v -0.843255 4.893661 -29.632986
v -0.196342 4.308004 -29.621613
v -0.193674 4.438627 -29.264824
v -0.160969 4.433324 -29.465437
v -3.014620 6.916504 -29.986258
v -3.696906 6.456167 -29.818708
v -3.008153 6.666229 -30.662197
v -3.690439 6.205893 -30.494648
v -3.086452 6.987199 -30.192427
v -3.083783 6.856576 -30.549217
v -3.119157 6.981897 -30.393042
v -3.766069 6.396240 -30.381668
v -3.768738 6.526862 -30.024879
v -3.801443 6.521560 -30.225492
v -3.490594 6.394445 -29.796244
v -4.172880 5.934109 -29.628695
v -3.484127 6.144170 -30.472183
v -4.166413 5.683833 -30.304634
v -3.562426 6.465140 -30.002413
v -3.559757 6.334518 -30.359203
v -3.595131 6.459838 -30.203028
v -4.242043 5.874182 -30.191654
v -4.244712 6.004804 -29.834866
v -4.277417 5.999501 -30.035479
v -3.966568 5.872386 -29.606230
v -4.648854 5.412050 -29.438681
v -3.960101 5.622111 -30.282167
v -4.642386 5.161775 -30.114620
v -4.038400 5.943081 -29.812399
v -4.035731 5.812459 -30.169189
v -4.071105 5.937779 -30.013014
v -4.718018 5.352122 -30.001640
v -4.720686 5.482745 -29.644852
v -4.753391 5.477442 -29.845463
v -4.442542 5.350327 -29.416216
v -5.124827 4.889991 -29.248667
v -4.436075 5.100052 -30.092154
v -5.118361 4.639715 -29.924606
v -4.514374 5.421021 -29.622385
v -4.511705 5.290400 -29.979176
v -4.547079 5.415720 -29.823000
v -5.193991 4.830064 -29.811626
v -5.196660 4.960686 -29.454836
v -5.229364 4.955383 -29.655449
v -4.918516 4.828269 -29.226202
v -5.600801 4.367932 -29.058653
v -4.912048 4.577993 -29.902140
v -5.594335 4.117657 -29.734592
v -4.990348 4.898963 -29.432371
v -4.987679 4.768341 -29.789162
v -5.023052 4.893661 -29.632986
v -5.669965 4.308004 -29.621613
v -5.672633 4.438627 -29.264822
v -5.705338 4.433324 -29.465435
v -2.851687 6.657660 -30.697430
v -2.169401 6.197323 -30.529881
v -2.858154 6.407384 -31.373367
v -2.175869 5.947047 -31.205818
v -2.779855 6.728354 -30.903599
v -2.782524 6.597732 -31.260387
v -2.747150 6.723052 -31.104212
v -2.100238 6.137395 -31.092838
v -2.097569 6.268017 -30.736050
v -2.064864 6.262715 -30.936663
v -2.375713 6.135600 -30.507416
v -1.693427 5.675264 -30.339867
v -2.382180 5.885325 -31.183353
v -1.699895 5.424988 -31.015804
v -2.303881 6.206295 -30.713585
v -2.306550 6.075673 -31.070374
v -2.271177 6.200993 -30.914198
v -1.624264 5.615336 -30.902824
v -1.621596 5.745959 -30.546036
v -1.588891 5.740656 -30.746649
v -1.899739 5.613542 -30.317402
v -1.217453 5.153205 -30.149853
v -1.906206 5.363266 -30.993340
v -1.223921 4.902929 -30.825790
v -1.827907 5.684236 -30.523571
v -1.830576 5.553614 -30.880360
v -1.795203 5.678934 -30.724184
v -1.148290 5.093277 -30.712811
v -1.145621 5.223900 -30.356022
v -1.112917 5.218597 -30.556635
v -1.423765 5.091482 -30.127386
v -0.741480 4.631145 -29.959839
v -1.430233 4.841207 -30.803326
v -0.747947 4.380870 -30.635777
v -1.351933 5.162177 -30.333557
v -1.354602 5.031555 -30.690346
v -1.319229 5.156875 -30.534170
v -0.672316 4.571218 -30.522797
v -0.669648 4.701840 -30.166008
v -0.636943 4.696538 -30.366621
v -0.947791 4.569424 -29.937372
v -0.265506 4.109087 -29.769825
v -0.954259 4.319148 -30.613312
v -0.271973 3.858811 -30.445763
v -0.875960 4.640118 -30.143543
v -0.878628 4.509496 -30.500332
v -0.843255 4.634816 -30.344156
v -0.196342 4.049160 -30.332783
v -0.193674 4.179782 -29.975994
v -0.160969 4.174479 -30.176607
v -3.014620 6.657660 -30.697430
v -3.696906 6.197323 -30.529881
v -3.008153 6.407384 -31.373367
v -3.690439 5.947047 -31.205818
v -3.086452 6.728354 -30.903599
v -3.083783 6.597732 -31.260387
v -3.119157 6.723052 -31.104212
v -3.766069 6.137395 -31.092838
v -3.768738 6.268018 -30.736050
v -3.801443 6.262715 -30.936663
v -3.490594 6.135600 -30.507416
v -4.172880 5.675264 -30.339867
v -3.484127 5.885325 -31.183353
v -4.166413 5.424988 -31.015804
v -3.562426 6.206295 -30.713585
v -3.559757 6.075673 -31.070374
v -3.595131 6.200993 -30.914198
v -4.242043 5.615336 -30.902824
v -4.244712 5.745959 -30.546036
v -4.277417 5.740656 -30.746649
v -3.966568 5.613542 -30.317400
v -4.648854 5.153205 -30.149853
v -3.960101 5.363266 -30.993340
v -4.642386 4.902929 -30.825790
v -4.038400 5.684236 -30.523571
v -4.035731 5.553615 -30.880360
v -4.071105 5.678934 -30.724184
v -4.718018 5.093277 -30.712811
v -4.720686 5.223900 -30.356022
v -4.753391 5.218597 -30.556635
v -4.442542 5.091482 -30.127386
v -5.124827 4.631145 -29.959839
v -4.436075 4.841207 -30.803326
v -5.118361 4.380870 -30.635777
v -4.514374 5.162177 -30.333557
v -4.511705 5.031555 -30.690346
v -4.547079 5.156875 -30.534170
v -5.193991 4.571218 -30.522797
v -5.196660 4.701840 -30.166008
v -5.229364 4.696538 -30.366621
v -4.918516 4.569424 -29.937372
v -5.600801 4.109087 -29.769825
v -4.912048 4.319148 -30.613312
v -5.594335 3.858812 -30.445763
v -4.990348 4.640118 -30.143543
v -4.987679 4.509496 -30.500332
v -5.023052 4.634816 -30.344156
v -5.669965 4.049160 -30.332783
v -5.672633 4.179782 -29.975994
v -5.705338 4.174479 -30.176607
v -2.851687 6.398814 -31.408600
v -2.169401 5.938478 -31.241051
v -2.858154 6.148539 -32.084538
v -2.175869 5.688202 -31.916988
v -2.779855 6.469509 -31.614769
v -2.782524 6.338887 -31.971558
v -2.747150 6.464207 -31.815382
v -2.100238 5.878551 -31.804008
v -2.097569 6.009172 -31.447220
v -2.064864 6.003870 -31.647833
v -2.375713 5.876755 -31.218586
v -1.693427 5.416419 -31.051037
v -2.382180 5.626480 -31.894524
v -1.699895 5.166143 -31.726974
v -2.303881 5.947450 -31.424755
v -2.306550 5.816828 -31.781544
v -2.271177 5.942148 -31.625368
v -1.624264 5.356492 -31.613995
v -1.621596 5.487114 -31.257206
v -1.588891 5.481812 -31.457819
v -1.899739 5.354697 -31.028572
v -1.217454 4.894360 -30.861023
v -1.906206 5.104421 -31.704510
v -1.223921 4.644084 -31.536961
v -1.827907 5.425391 -31.234741
v -1.830576 5.294769 -31.591530
v -1.795203 5.420089 -31.435354
v -1.148290 4.834433 -31.423981
v -1.145622 4.965055 -31.067192
v -1.112917 4.959752 -31.267805
v -1.423765 4.832637 -30.838558
v -0.741480 4.372301 -30.671009
v -1.430233 4.582362 -31.514496
v -0.747947 4.122025 -31.346947
v -1.351933 4.903332 -31.044727
v -1.354602 4.772710 -31.401516
v -1.319229 4.898030 -31.245340
v -0.672316 4.312374 -31.233967
v -0.669648 4.442996 -30.877178
v -0.636943 4.437693 -31.077791
v -0.947791 4.310578 -30.648544
v -0.265506 3.850242 -30.480995
v -0.954259 4.060303 -31.324482
v -0.271973 3.599967 -31.156933
v -0.875960 4.381273 -30.854713
v -0.878628 4.250651 -31.211502
v -0.843255 4.375971 -31.055326
v -0.196342 3.790315 -31.043953
v -0.193674 3.920937 -30.687164
v -0.160969 3.915634 -30.887777
v -3.014620 6.398814 -31.408600
v -3.696906 5.938478 -31.241051
v -3.008153 6.148539 -32.084538
v -3.690439 5.688202 -31.916988
v -3.086452 6.469509 -31.614769
v -3.083783 6.338887 -31.971558
v -3.119157 6.464207 -31.815382
v -3.766069 5.878551 -31.804008
v -3.768738 6.009172 -31.447220
v -3.801443 6.003870 -31.647833
v -3.490594 5.876756 -31.218586
v -4.172880 5.416419 -31.051037
v -3.484127 5.626480 -31.894524
v -4.166413 5.166143 -31.726974
v -3.562426 5.947450 -31.424755
v -3.559757 5.816828 -31.781544
v -3.595131 5.942148 -31.625368
v -4.242043 5.356492 -31.613995
v -4.244712 5.487114 -31.257206
v -4.277417 5.481812 -31.457819
v -3.966568 5.354697 -31.028572
v -4.648854 4.894360 -30.861023
v -3.960101 5.104421 -31.704510
v -4.642386 4.644084 -31.536961
v -4.038400 5.425391 -31.234741
v -4.035731 5.294769 -31.591530
v -4.071105 5.420089 -31.435354
v -4.718018 4.834433 -31.423981
v -4.720686 4.965055 -31.067192
v -4.753391 4.959752 -31.267805
v -4.442542 4.832638 -30.838558
v -5.124827 4.372301 -30.671009
v -4.436075 4.582362 -31.514496
v -5.118361 4.122025 -31.346947
v -4.514374 4.903332 -31.044727
v -4.511705 4.772710 -31.401516
v -4.547079 4.898030 -31.245340
v -5.193991 4.312374 -31.233967
v -5.196660 4.442996 -30.877178
v -5.229364 4.437694 -31.077791
v -4.918516 4.310578 -30.648544
v -5.600801 3.850242 -30.480995
v -4.912049 4.060303 -31.324482
v -5.594335 3.599967 -31.156933
v -4.990348 4.381273 -30.854713
v -4.987679 4.250651 -31.211502
v -5.023052 4.375971 -31.055326
v -5.669965 3.790315 -31.043953
v -5.672633 3.920937 -30.687164
v -5.705338 3.915634 -30.887777
v -2.851687 6.139969 -32.119770
v -2.169401 5.679633 -31.952221
v -2.858154 5.889694 -32.795708
v -2.175869 5.429358 -32.628159
v -2.779855 6.210664 -32.325939
v -2.782524 6.080042 -32.682728
v -2.747150 6.205362 -32.526554
v -2.100238 5.619705 -32.515179
v -2.097569 5.750328 -32.158390
v -2.064865 5.745025 -32.359005
v -2.375713 5.617910 -31.929756
v -1.693427 5.157574 -31.762207
v -2.382180 5.367635 -32.605694
v -1.699895 4.907298 -32.438145
v -2.303881 5.688605 -32.135925
v -2.306550 5.557983 -32.492714
v -2.271177 5.683303 -32.336540
v -1.624264 5.097647 -32.325165
v -1.621596 5.228269 -31.968376
v -1.588891 5.222966 -32.168991
v -1.899739 5.095852 -31.739742
v -1.217454 4.635515 -31.572193
v -1.906206 4.845576 -32.415680
v -1.223921 4.385240 -32.248131
v -1.827907 5.166546 -31.945911
v -1.830576 5.035924 -32.302700
v -1.795203 5.161244 -32.146526
v -1.148290 4.575587 -32.135151
v -1.145622 4.706210 -31.778362
v -1.112917 4.700907 -31.978977
v -1.423765 4.573792 -31.549728
v -0.741480 4.113456 -31.382179
v -1.430233 4.323517 -32.225666
v -0.747947 3.863180 -32.058117
v -1.351933 4.644487 -31.755898
v -1.354602 4.513865 -32.112686
v -1.319229 4.639185 -31.956512
v -0.672316 4.053529 -31.945139
v -0.669648 4.184151 -31.588348
v -0.636943 4.178848 -31.788961
v -0.947791 4.051733 -31.359715
v -0.265506 3.591397 -31.192165
v -0.954259 3.801458 -32.035652
v -0.271973 3.341122 -31.868103
v -0.875960 4.122428 -31.565884
v -0.878628 3.991806 -31.922674
v -0.843255 4.117126 -31.766499
v -0.196342 3.531470 -31.755125
v -0.193674 3.662092 -31.398335
v -0.160969 3.656789 -31.598948
v -3.014620 6.139969 -32.119770
v -3.696906 5.679633 -31.952221
v -3.008153 5.889694 -32.795708
v -3.690439 5.429358 -32.628159
v -3.086452 6.210664 -32.325939
v -3.083783 6.080042 -32.682728
v -3.119157 6.205362 -32.526554
v -3.766069 5.619705 -32.515179
v -3.768738 5.750328 -32.158390
v -3.801443 5.745025 -32.359005
v -3.490594 5.617910 -31.929756
v -4.172880 5.157574 -31.762207
v -3.484127 5.367635 -32.605694
v -4.166413 4.907298 -32.438145
v -3.562426 5.688605 -32.135925
v -3.559757 5.557983 -32.492714
v -3.595131 5.683303 -32.336540
v -4.242043 5.097647 -32.325165
v -4.244712 5.228269 -31.968376
v -4.277417 5.222966 -32.168991
v -3.966568 5.095852 -31.739742
v -4.648854 4.635515 -31.572193
v -3.960101 4.845576 -32.415680
v -4.642386 4.385240 -32.248131
v -4.038400 5.166546 -31.945911
v -4.035731 5.035924 -32.302700
v -4.071105 5.161244 -32.146526
v -4.718018 4.575587 -32.135151
v -4.720686 4.706210 -31.778362
v -4.753391 4.700907 -31.978975
v -4.442542 4.573792 -31.549728
v -5.124828 4.113456 -31.382179
v -4.436075 4.323517 -32.225666
v -5.118361 3.863181 -32.058117
v -4.514374 4.644487 -31.755898
v -4.511705 4.513865 -32.112686
v -4.547079 4.639185 -31.956511
v -5.193992 4.053529 -31.945137
v -5.196660 4.184151 -31.588348
v -5.229364 4.178848 -31.788961
v -4.918516 4.051733 -31.359715
v -5.600801 3.591397 -31.192165
v -4.912049 3.801458 -32.035652
v -5.594335 3.341122 -31.868103
v -4.990348 4.122428 -31.565884
v -4.987679 3.991806 -31.922672
v -5.023053 4.117126 -31.766497
v -5.669965 3.531470 -31.755123
v -5.672633 3.662092 -31.398335
v -5.705338 3.656789 -31.598948
v -2.851687 5.881124 -32.830940
v -2.169401 5.420788 -32.663391
v -2.858154 5.630849 -33.506878
v -2.175869 5.170512 -33.339333
v -2.779855 5.951819 -33.037109
v -2.782524 5.821197 -33.393898
v -2.747150 5.946517 -33.237724
v -2.100238 5.360860 -33.226349
v -2.097569 5.491483 -32.869560
v -2.064865 5.486180 -33.070175
v -2.375713 5.359066 -32.640926
v -1.693427 4.898729 -32.473377
v -2.382180 5.108790 -33.316864
v -1.699895 4.648453 -33.149315
v -2.303881 5.429760 -32.847095
v -2.306550 5.299138 -33.203888
v -2.271177 5.424458 -33.047710
v -1.624264 4.838801 -33.036339
v -1.621596 4.969424 -32.679546
v -1.588891 4.964121 -32.880161
v -1.899739 4.837007 -32.450912
v -1.217454 4.376670 -32.283363
v -1.906207 4.586731 -33.126850
v -1.223921 4.126394 -32.959301
v -1.827908 4.907701 -32.657082
v -1.830576 4.777079 -33.013870
v -1.795203 4.902399 -32.857697
v -1.148290 4.316742 -32.846321
v -1.145622 4.447365 -32.489532
v -1.112917 4.442062 -32.690147
v -1.423765 4.314948 -32.260899
v -0.741480 3.854611 -32.093349
v -1.430233 4.064672 -32.936836
v -0.747947 3.604335 -32.769287
v -1.351933 4.385642 -32.467068
v -1.354602 4.255020 -32.823860
v -1.319229 4.380340 -32.667683
v -0.672316 3.794683 -32.656311
v -0.669648 3.925306 -32.299519
v -0.636943 3.920003 -32.500134
v -0.947791 3.792889 -32.070885
v -0.265506 3.332552 -31.903336
v -0.954259 3.542613 -32.746822
v -0.271973 3.082277 -32.579273
v -0.875960 3.863583 -32.277054
v -0.878628 3.732961 -32.633842
v -0.843255 3.858281 -32.477669
v -0.196342 3.272624 -32.466293
v -0.193674 3.403247 -32.109505
v -0.160969 3.397944 -32.310120
v -3.014620 5.881124 -32.830940
v -3.696906 5.420788 -32.663391
v -3.008153 5.630849 -33.506878
v -3.690439 5.170512 -33.339333
v -3.086452 5.951819 -33.037109
v -3.083783 5.821197 -33.393898
v -3.119157 5.946517 -33.237724
v -3.766070 5.360860 -33.226349
v -3.768738 5.491483 -32.869560
v -3.801443 5.486180 -33.070175
v -3.490594 5.359066 -32.640926
v -4.172880 4.898729 -32.473377
v -3.484127 5.108790 -33.316864
v -4.166413 4.648453 -33.149315
v -3.562426 5.429760 -32.847095
v -3.559757 5.299138 -33.203888
v -3.595131 5.424458 -33.047710
v -4.242043 4.838801 -33.036339
v -4.244712 4.969424 -32.679546
v -4.277417 4.964121 -32.880161
v -3.966568 4.837007 -32.450912
v -4.648854 4.376670 -32.283363
v -3.960101 4.586731 -33.126850
v -4.642386 4.126394 -32.959301
v -4.038400 4.907701 -32.657082
v -4.035731 4.777079 -33.013870
v -4.071105 4.902399 -32.857697
v -4.718018 4.316742 -32.846321
v -4.720686 4.447365 -32.489532
v -4.753391 4.442062 -32.690147
v -4.442542 4.314948 -32.260899
v -5.124828 3.854611 -32.093349
v -4.436075 4.064672 -32.936836
v -5.118361 3.604335 -32.769287
v -4.514374 4.385642 -32.467068
v -4.511705 4.255020 -32.823860
v -4.547079 4.380340 -32.667683
v -5.193992 3.794683 -32.656311
v -5.196660 3.925306 -32.299519
v -5.229364 3.920003 -32.500134
v -4.918516 3.792889 -32.070885
v -5.600801 3.332552 -31.903336
v -4.912049 3.542613 -32.746822
v -5.594335 3.082277 -32.579273
v -4.990348 3.863583 -32.277054
v -4.987679 3.732961 -32.633842
v -5.023053 3.858281 -32.477669
v -5.669965 3.272624 -32.466293
v -5.672633 3.403247 -32.109505
v -5.705338 3.397944 -32.310120
v -2.851687 5.622279 -33.542110
v -2.169401 5.161942 -33.374565
v -2.858154 5.372004 -34.218048
v -2.175869 4.911667 -34.050503
v -2.779855 5.692974 -33.748280
v -2.782524 5.562352 -34.105072
v -2.747150 5.687672 -33.948895
v -2.100238 5.102015 -33.937523
v -2.097569 5.232637 -33.580734
v -2.064865 5.227335 -33.781345
v -2.375713 5.100220 -33.352097
v -1.693428 4.639884 -33.184547
v -2.382180 4.849945 -34.028038
v -1.699895 4.389608 -33.860489
v -2.303881 5.170915 -33.558266
v -2.306550 5.040293 -33.915058
v -2.271177 5.165613 -33.758881
v -1.624264 4.579957 -33.747509
v -1.621596 4.710579 -33.390717
v -1.588891 4.705276 -33.591331
v -1.899739 4.578162 -33.162083
v -1.217454 4.117825 -32.994537
v -1.906207 4.327886 -33.838020
v -1.223921 3.867549 -33.670475
v -1.827908 4.648856 -33.368256
v -1.830576 4.518234 -33.725044
v -1.795203 4.643554 -33.568867
v -1.148290 4.057898 -33.557495
v -1.145622 4.188519 -33.200706
v -1.112917 4.183217 -33.401318
v -1.423765 4.056102 -32.972069
v -0.741480 3.595766 -32.804520
v -1.430233 3.805827 -33.648010
v -0.747947 3.345490 -33.480461
v -1.351933 4.126797 -33.178238
v -1.354602 3.996175 -33.535030
v -1.319229 4.121495 -33.378853
v -0.672316 3.535839 -33.367481
v -0.669648 3.666461 -33.010689
v -0.636943 3.661158 -33.211304
v -0.947792 3.534043 -32.782055
v -0.265506 3.073707 -32.614506
v -0.954259 3.283768 -33.457993
v -0.271973 2.823431 -33.290447
v -0.875960 3.604738 -32.988224
v -0.878628 3.474116 -33.345016
v -0.843255 3.599436 -33.188839
v -0.196342 3.013780 -33.177467
v -0.193674 3.144402 -32.820679
v -0.160969 3.139099 -33.021290
v -3.014621 5.622279 -33.542110
v -3.696906 5.161942 -33.374565
v -3.008153 5.372004 -34.218048
v -3.690439 4.911667 -34.050503
v -3.086452 5.692974 -33.748280
v -3.083783 5.562352 -34.105072
v -3.119157 5.687672 -33.948895
v -3.766070 5.102015 -33.937523
v -3.768738 5.232637 -33.580734
v -3.801443 5.227335 -33.781345
v -3.490594 5.100220 -33.352097
v -4.172880 4.639884 -33.184547
v -3.484127 4.849945 -34.028038
v -4.166413 4.389608 -33.860489
v -3.562426 5.170915 -33.558266
v -3.559757 5.040293 -33.915058
v -3.595131 5.165613 -33.758881
v -4.242043 4.579957 -33.747509
v -4.244712 4.710579 -33.390717
v -4.277417 4.705276 -33.591331
v -3.966568 4.578162 -33.162083
v -4.648854 4.117825 -32.994537
v -3.960101 4.327886 -33.838020
v -4.642386 3.867549 -33.670475
v -4.038400 4.648856 -33.368256
v -4.035731 4.518234 -33.725044
v -4.071105 4.643554 -33.568867
v -4.718018 4.057898 -33.557495
v -4.720686 4.188519 -33.200706
v -4.753391 4.183217 -33.401318
v -4.442542 4.056102 -32.972069
v -5.124828 3.595766 -32.804520
v -4.436075 3.805827 -33.648010
v -5.118361 3.345490 -33.480461
v -4.514374 4.126797 -33.178238
v -4.511705 3.996175 -33.535030
v -4.547079 4.121495 -33.378853
v -5.193992 3.535839 -33.367481
v -5.196660 3.666461 -33.010689
v -5.229364 3.661158 -33.211304
v -4.918516 3.534043 -32.782055
v -5.600801 3.073707 -32.614506
v -4.912049 3.283768 -33.457993
v -5.594335 2.823431 -33.290447
v -4.990348 3.604738 -32.988224
v -4.987679 3.474116 -33.345016
v -5.023053 3.599436 -33.188839
v -5.669966 3.013780 -33.177467
v -5.672633 3.144402 -32.820679
v -5.705338 3.139099 -33.021290
v -2.878651 7.125777 -29.301479
v -2.196365 6.665440 -29.133932
v -2.884858 6.904572 -29.898607
v -2.202572 6.444236 -29.731058
v -2.811090 7.194280 -29.496286
v -2.813536 7.085935 -29.792772
v -2.783484 7.193329 -29.664177
v -2.130945 6.626284 -29.624578
v -2.128469 6.734057 -29.329788
v -2.101198 6.732948 -29.496748
v -2.402677 6.603718 -29.111465
v -1.720391 6.143381 -28.943918
v -2.408884 6.382514 -29.708593
v -1.726598 5.922177 -29.541044
v -2.335116 6.672221 -29.306273
v -2.337562 6.563876 -29.602758
v -2.307510 6.671270 -29.474163
v -1.654972 6.104225 -29.434565
v -1.652495 6.211998 -29.139774
v -1.625224 6.210890 -29.306734
v -1.926703 6.081659 -28.921452
v -1.244418 5.621322 -28.753904
v -1.932910 5.860455 -29.518579
v -1.250624 5.400118 -29.351030
v -1.859142 6.150163 -29.116259
v -1.861588 6.041817 -29.412745
v -1.831536 6.149212 -29.284149
v -1.178998 5.582166 -29.244551
v -1.176521 5.689939 -28.949760
v -1.149250 5.688830 -29.116720
v -1.450729 5.559599 -28.731438
v -0.768444 5.099263 -28.563890
v -1.456936 5.338395 -29.328566
v -0.774650 4.878059 -29.161016
v -1.383168 5.628102 -28.926247
v -1.385614 5.519758 -29.222731
v -1.355562 5.627152 -29.094135
v -0.703024 5.060107 -29.054537
v -0.700547 5.167880 -28.759747
v -0.673276 5.166771 -28.926706
v -0.974755 5.037540 -28.541424
v -0.292470 4.577204 -28.373877
v -0.980962 4.816337 -29.138552
v -0.298676 4.356000 -28.971003
v -0.907194 5.106044 -28.736231
v -0.909640 4.997699 -29.032717
v -0.879588 5.105093 -28.904121
v -0.227050 4.538048 -28.864523
v -0.224574 4.645821 -28.569733
v -0.197302 4.644712 -28.736692
v -2.987656 7.125777 -29.301479
v -3.669942 6.665440 -29.133932
v -2.981449 6.904572 -29.898607
v -3.663735 6.444236 -29.731058
v -3.055218 7.194280 -29.496286
v -3.052771 7.085935 -29.792772
v -3.082823 7.193329 -29.664177
v -3.735362 6.626284 -29.624578
v -3.737838 6.734057 -29.329788
v -3.765109 6.732948 -29.496748
v -3.463630 6.603718 -29.111465
v -4.145916 6.143381 -28.943918
v -3.457423 6.382514 -29.708593
v -4.139709 5.922177 -29.541044
v -3.531192 6.672221 -29.306273
v -3.528745 6.563876 -29.602758
v -3.558797 6.671271 -29.474163
v -4.211336 6.104225 -29.434565
v -4.213812 6.211998 -29.139774
v -4.241083 6.210890 -29.306734
v -3.939604 6.081659 -28.921452
v -4.621890 5.621322 -28.753902
v -3.933397 5.860455 -29.518579
v -4.615683 5.400118 -29.351030
v -4.007165 6.150163 -29.116259
v -4.004719 6.041817 -29.412745
v -4.034771 6.149212 -29.284149
v -4.687310 5.582166 -29.244551
v -4.689786 5.689939 -28.949760
v -4.717057 5.688830 -29.116720
v -4.415578 5.559599 -28.731438
v -5.097863 5.099263 -28.563889
v -4.409371 5.338395 -29.328566
v -5.091657 4.878059 -29.161016
v -4.483140 5.628103 -28.926245
v -4.480693 5.519758 -29.222731
v -4.510745 5.627152 -29.094135
v -5.163283 5.060107 -29.054537
v -5.165760 5.167880 -28.759747
v -5.193031 5.166772 -28.926706
v -4.891552 5.037540 -28.541424
v -5.573837 4.577204 -28.373875
v -4.885345 4.816337 -29.138552
v -5.567631 4.356000 -28.971003
v -4.959113 5.106044 -28.736231
v -4.956667 4.997699 -29.032717
v -4.986719 5.105094 -28.904121
v -5.639257 4.538048 -28.864523
v -5.641734 4.645822 -28.569733
v -5.669004 4.644713 -28.736692
v -2.878651 6.866931 -30.012651
v -2.196365 6.406595 -29.845102
v -2.884858 6.645727 -30.609777
v -2.202572 6.185390 -30.442230
v -2.811090 6.935435 -30.207457
v -2.813536 6.827090 -30.503942
v -2.783484 6.934484 -30.375347
v -2.130945 6.367439 -30.335749
v -2.128469 6.475212 -30.040958
v -2.101198 6.474103 -30.207920
v -2.402677 6.344873 -29.822638
v -1.720391 5.884536 -29.655088
v -2.408884 6.123669 -30.419765
v -1.726598 5.663332 -30.252216
v -2.335116 6.413376 -30.017443
v -2.337562 6.305031 -30.313929
v -2.307510 6.412426 -30.185333
v -1.654972 5.845380 -30.145735
v -1.652495 5.953153 -29.850945
v -1.625224 5.952044 -30.017906
v -1.926703 5.822814 -29.632624
v -1.244418 5.362477 -29.465075
v -1.932910 5.601609 -30.229750
v -1.250624 5.141273 -30.062202
v -1.859142 5.891317 -29.827429
v -1.861588 5.782972 -30.123915
v -1.831536 5.890367 -29.995319
v -1.178998 5.323321 -29.955721
v -1.176521 5.431094 -29.660931
v -1.149250 5.429986 -29.827892
v -1.450729 5.300755 -29.442610
v -0.768444 4.840418 -29.275061
v -1.456936 5.079550 -30.039736
v -0.774650 4.619214 -29.872189
v -1.383168 5.369257 -29.637417
v -1.385614 5.260913 -29.933901
v -1.355562 5.368308 -29.805305
v -0.703024 4.801262 -29.765707
v -0.700547 4.909035 -29.470917
v -0.673276 4.907927 -29.637878
v -0.974755 4.778696 -29.252596
v -0.292470 4.318359 -29.085047
v -0.980962 4.557492 -29.849722
v -0.298676 4.097155 -29.682175
v -0.907194 4.847199 -29.447401
v -0.909640 4.738854 -29.743887
v -0.879588 4.846249 -29.615292
v -0.227050 4.279203 -29.575693
v -0.224574 4.386976 -29.280903
v -0.197302 4.385868 -29.447865
v -2.987656 6.866931 -30.012651
v -3.669942 6.406595 -29.845102
v -2.981450 6.645727 -30.609777
v -3.663735 6.185390 -30.442230
v -3.055218 6.935435 -30.207457
v -3.052771 6.827090 -30.503942
v -3.082823 6.934484 -30.375347
v -3.735362 6.367439 -30.335749
v -3.737838 6.475212 -30.040958
v -3.765109 6.474103 -30.207920
v -3.463630 6.344873 -29.822638
v -4.145916 5.884536 -29.655088
v -3.457423 6.123669 -30.419765
v -4.139709 5.663332 -30.252216
v -3.531192 6.413376 -30.017443
v -3.528745 6.305031 -30.313929
v -3.558797 6.412426 -30.185333
v -4.211336 5.845380 -30.145735
v -4.213812 5.953153 -29.850945
v -4.241083 5.952044 -30.017906
v -3.939604 5.822814 -29.632624
v -4.621890 5.362477 -29.465075
v -3.933397 5.601610 -30.229750
v -4.615683 5.141273 -30.062202
v -4.007165 5.891317 -29.827429
v -4.004719 5.782972 -30.123915
v -4.034771 5.890367 -29.995319
v -4.687310 5.323321 -29.955721
v -4.689786 5.431094 -29.660931
v -4.717057 5.429986 -29.827892
v -4.415578 5.300755 -29.442610
v -5.097863 4.840418 -29.275061
v -4.409371 5.079551 -30.039736
v -5.091657 4.619214 -29.872189
v -4.483140 5.369258 -29.637415
v -4.480693 5.260913 -29.933901
v -4.510745 5.368308 -29.805305
v -5.163283 4.801262 -29.765707
v -5.165760 4.909035 -29.470917
v -5.193031 4.907927 -29.637878
v -4.891552 4.778696 -29.252596
v -5.573837 4.318359 -29.085047
v -4.885345 4.557492 -29.849722
v -5.567631 4.097155 -29.682175
v -4.959113 4.847199 -29.447401
v -4.956667 4.738854 -29.743887
v -4.986719 4.846249 -29.615292
v -5.639257 4.279203 -29.575693
v -5.641734 4.386976 -29.280903
v -5.669004 4.385868 -29.447865
v -2.878651 6.608087 -30.723822
v -2.196365 6.147750 -30.556273
v -2.884858 6.386882 -31.320950
v -2.202572 5.926546 -31.153400
v -2.811090 6.676590 -30.918629
v -2.813536 6.568245 -31.215113
v -2.783484 6.675639 -31.086517
v -2.130945 6.108594 -31.046919
v -2.128469 6.216367 -30.752131
v -2.101198 6.215259 -30.919090
v -2.402677 6.086028 -30.533808
v -1.720392 5.625691 -30.366259
v -2.408884 5.864824 -31.130936
v -1.726598 5.404487 -30.963387
v -2.335116 6.154531 -30.728615
v -2.337562 6.046186 -31.025099
v -2.307510 6.153581 -30.896503
v -1.654972 5.586535 -30.856905
v -1.652495 5.694308 -30.562117
v -1.625224 5.693200 -30.729076
v -1.926703 5.563969 -30.343794
v -1.244418 5.103632 -30.176245
v -1.932910 5.342765 -30.940922
v -1.250624 4.882428 -30.773373
v -1.859142 5.632473 -30.538601
v -1.861588 5.524127 -30.835085
v -1.831536 5.631522 -30.706490
v -1.178998 5.064476 -30.666891
v -1.176521 5.172249 -30.372103
v -1.149250 5.171141 -30.539062
v -1.450729 5.041909 -30.153780
v -0.768444 4.581573 -29.986231
v -1.456936 4.820705 -30.750908
v -0.774650 4.360369 -30.583359
v -1.383168 5.110413 -30.348587
v -1.385614 5.002068 -30.645071
v -1.355562 5.109463 -30.516476
v -0.703024 4.542417 -30.476877
v -0.700547 4.650190 -30.182089
v -0.673276 4.649081 -30.349049
v -0.974755 4.519851 -29.963766
v -0.292470 4.059514 -29.796217
v -0.980962 4.298646 -30.560894
v -0.298676 3.838310 -30.393345
v -0.907194 4.588354 -30.158573
v -0.909640 4.480009 -30.455057
v -0.879588 4.587403 -30.326462
v -0.227050 4.020358 -30.286863
v -0.224574 4.128131 -29.992075
v -0.197302 4.127023 -30.159035
v -2.987656 6.608087 -30.723822
v -3.669942 6.147750 -30.556273
v -2.981450 6.386882 -31.320950
v -3.663735 5.926546 -31.153400
v -3.055218 6.676590 -30.918629
v -3.052771 6.568245 -31.215113
v -3.082823 6.675639 -31.086517
v -3.735362 6.108594 -31.046919
v -3.737838 6.216367 -30.752131
v -3.765109 6.215259 -30.919090
v -3.463630 6.086028 -30.533808
v -4.145916 5.625691 -30.366259
v -3.457423 5.864824 -31.130936
v -4.139709 5.404487 -30.963387
v -3.531192 6.154531 -30.728615
v -3.528745 6.046186 -31.025099
v -3.558797 6.153581 -30.896503
v -4.211336 5.586535 -30.856905
v -4.213812 5.694308 -30.562117
v -4.241083 5.693200 -30.729076
v -3.939604 5.563969 -30.343794
v -4.621890 5.103632 -30.176245
v -3.933397 5.342765 -30.940922
v -4.615683 4.882428 -30.773373
v -4.007165 5.632473 -30.538601
v -4.004719 5.524127 -30.835085
v -4.034771 5.631522 -30.706490
v -4.687310 5.064476 -30.666891
v -4.689786 5.172249 -30.372103
v -4.717057 5.171141 -30.539062
v -4.415578 5.041909 -30.153780
v -5.097863 4.581573 -29.986231
v -4.409371 4.820705 -30.750908
v -5.091657 4.360369 -30.583359
v -4.483140 5.110414 -30.348585
v -4.480693 5.002068 -30.645071
v -4.510745 5.109463 -30.516476
v -5.163283 4.542418 -30.476877
v -5.165760 4.650190 -30.182089
v -5.193031 4.649082 -30.349049
v -4.891552 4.519851 -29.963766
v -5.573837 4.059514 -29.796217
v -4.885345 4.298647 -30.560894
v -5.567631 3.838310 -30.393345
v -4.959113 4.588354 -30.158571
v -4.956667 4.480009 -30.455057
v -4.986719 4.587404 -30.326462
v -5.639257 4.020359 -30.286863
v -5.641734 4.128131 -29.992075
v -5.669004 4.127023 -30.159035
v -2.878651 6.349242 -31.434992
v -2.196365 5.888906 -31.267445
v -2.884858 6.128037 -32.032120
v -2.202572 5.667701 -31.864571
v -2.811090 6.417745 -31.629799
v -2.813536 6.309400 -31.926285
v -2.783484 6.416795 -31.797688
v -2.130946 5.849749 -31.758091
v -2.128469 5.957522 -31.463301
v -2.101198 5.956413 -31.630260
v -2.402677 5.827183 -31.244978
v -1.720392 5.366846 -31.077431
v -2.408884 5.605979 -31.842106
v -1.726598 5.145642 -31.674557
v -2.335116 5.895686 -31.439785
v -2.337562 5.787341 -31.736271
v -2.307510 5.894736 -31.607674
v -1.654972 5.327690 -31.568077
v -1.652495 5.435463 -31.273287
v -1.625224 5.434355 -31.440247
v -1.926703 5.305124 -31.054964
v -1.244418 4.844787 -30.887415
v -1.932910 5.083920 -31.652092
v -1.250624 4.623583 -31.484543
v -1.859142 5.373628 -31.249771
v -1.861588 5.265282 -31.546257
v -1.831536 5.372677 -31.417660
v -1.178998 4.805631 -31.378063
v -1.176521 4.913404 -31.083273
v -1.149250 4.912295 -31.250233
v -1.450729 4.783065 -30.864950
v -0.768444 4.322728 -30.697401
v -1.456936 4.561860 -31.462078
v -0.774651 4.101524 -31.294529
v -1.383168 4.851567 -31.059759
v -1.385614 4.743223 -31.356243
v -1.355562 4.850617 -31.227646
v -0.703024 4.283572 -31.188049
v -0.700547 4.391345 -30.893259
v -0.673276 4.390237 -31.060219
v -0.974756 4.261005 -30.674936
v -0.292470 3.800669 -30.507387
v -0.980962 4.039802 -31.272064
v -0.298677 3.579465 -31.104515
v -0.907194 4.329509 -30.869743
v -0.909640 4.221164 -31.166229
v -0.879588 4.328559 -31.037632
v -0.227050 3.761513 -30.998035
v -0.224574 3.869286 -30.703245
v -0.197302 3.868178 -30.870205
v -2.987656 6.349242 -31.434992
v -3.669942 5.888906 -31.267445
v -2.981450 6.128037 -32.032120
v -3.663735 5.667701 -31.864571
v -3.055218 6.417745 -31.629799
v -3.052771 6.309400 -31.926285
v -3.082823 6.416795 -31.797688
v -3.735362 5.849749 -31.758091
v -3.737838 5.957522 -31.463301
v -3.765109 5.956413 -31.630260
v -3.463630 5.827183 -31.244978
v -4.145916 5.366846 -31.077431
v -3.457423 5.605979 -31.842106
v -4.139709 5.145642 -31.674557
v -3.531192 5.895686 -31.439785
v -3.528745 5.787341 -31.736271
v -3.558797 5.894736 -31.607674
v -4.211336 5.327690 -31.568077
v -4.213812 5.435463 -31.273287
v -4.241083 5.434355 -31.440247
v -3.939604 5.305124 -31.054964
v -4.621890 4.844787 -30.887415
v -3.933397 5.083920 -31.652092
v -4.615683 4.623583 -31.484543
v -4.007165 5.373628 -31.249771
v -4.004719 5.265282 -31.546257
v -4.034771 5.372677 -31.417660
v -4.687310 4.805631 -31.378063
v -4.689786 4.913404 -31.083273
v -4.717057 4.912296 -31.250233
v -4.415578 4.783065 -30.864950
v -5.097863 4.322728 -30.697401
v -4.409371 4.561860 -31.462078
v -5.091657 4.101524 -31.294529
v -4.483140 4.851568 -31.059757
v -4.480693 4.743223 -31.356241
v -4.510745 4.850617 -31.227646
v -5.163283 4.283572 -31.188047
v -5.165760 4.391346 -30.893259
v -5.193031 4.390237 -31.060219
v -4.891552 4.261006 -30.674936
v -5.573837 3.800669 -30.507387
v -4.885345 4.039802 -31.272064
v -5.567631 3.579465 -31.104515
v -4.959113 4.329509 -30.869743
v -4.956667 4.221164 -31.166227
v -4.986719 4.328559 -31.037632
v -5.639257 3.761513 -30.998034
v -5.641734 3.869287 -30.703245
v -5.669004 3.868178 -30.870205
v -2.878651 6.090397 -32.146164
v -2.196365 5.630060 -31.978615
v -2.884858 5.869192 -32.743290
v -2.202572 5.408855 -32.575741
v -2.811090 6.158900 -32.340969
v -2.813536 6.050555 -32.637455
v -2.783484 6.157949 -32.508858
v -2.130946 5.590904 -32.469261
v -2.128469 5.698677 -32.174473
v -2.101198 5.697568 -32.341431
v -2.402677 5.568338 -31.956150
v -1.720392 5.108001 -31.788601
v -2.408884 5.347134 -32.553276
v -1.726598 4.886797 -32.385727
v -2.335116 5.636841 -32.150955
v -2.337562 5.528496 -32.447441
v -2.307510 5.635891 -32.318844
v -1.654972 5.068845 -32.279247
v -1.652495 5.176618 -31.984457
v -1.625224 5.175509 -32.151417
v -1.926703 5.046279 -31.766136
v -1.244418 4.585942 -31.598587
v -1.932910 4.825075 -32.363262
v -1.250624 4.364738 -32.195713
v -1.859142 5.114782 -31.960941
v -1.861588 5.006437 -32.257427
v -1.831536 5.113832 -32.128830
v -1.178998 4.546786 -32.089233
v -1.176521 4.654559 -31.794443
v -1.149250 4.653450 -31.961403
v -1.450729 4.524220 -31.576122
v -0.768444 4.063883 -31.408573
v -1.456936 4.303015 -32.173248
v -0.774651 3.842679 -32.005699
v -1.383168 4.592723 -31.770929
v -1.385614 4.484378 -32.067413
v -1.355562 4.591773 -31.938818
v -0.703024 4.024727 -31.899220
v -0.700548 4.132500 -31.604429
v -0.673276 4.131392 -31.771389
v -0.974756 4.002161 -31.386108
v -0.292470 3.541824 -31.218559
v -0.980962 3.780957 -31.983234
v -0.298677 3.320620 -31.815685
v -0.907194 4.070664 -31.580914
v -0.909640 3.962319 -31.877399
v -0.879588 4.069714 -31.748804
v -0.227050 3.502668 -31.709206
v -0.224574 3.610441 -31.414415
v -0.197303 3.609333 -31.581377
v -2.987656 6.090397 -32.146164
v -3.669942 5.630060 -31.978615
v -2.981450 5.869192 -32.743290
v -3.663735 5.408855 -32.575741
v -3.055218 6.158900 -32.340969
v -3.052772 6.050555 -32.637455
v -3.082823 6.157949 -32.508858
v -3.735362 5.590904 -32.469261
v -3.737838 5.698677 -32.174473
v -3.765109 5.697568 -32.341431
v -3.463630 5.568338 -31.956150
v -4.145916 5.108001 -31.788601
v -3.457423 5.347134 -32.553276
v -4.139709 4.886797 -32.385727
v -3.531192 5.636841 -32.150955
v -3.528745 5.528496 -32.447441
v -3.558797 5.635891 -32.318844
v -4.211336 5.068845 -32.279247
v -4.213812 5.176618 -31.984457
v -4.241083 5.175509 -32.151417
v -3.939604 5.046279 -31.766136
v -4.621890 4.585942 -31.598587
v -3.933397 4.825075 -32.363262
v -4.615683 4.364738 -32.195713
v -4.007165 5.114782 -31.960941
v -4.004719 5.006437 -32.257427
v -4.034771 5.113832 -32.128830
v -4.687310 4.546786 -32.089233
v -4.689786 4.654559 -31.794443
v -4.717057 4.653450 -31.961403
v -4.415578 4.524220 -31.576122
v -5.097864 4.063883 -31.408573
v -4.409371 4.303015 -32.173248
v -5.091657 3.842679 -32.005699
v -4.483140 4.592723 -31.770927
v -4.480694 4.484378 -32.067413
v -4.510745 4.591773 -31.938818
v -5.163284 4.024727 -31.899220
v -5.165760 4.132501 -31.604429
v -5.193031 4.131392 -31.771389
v -4.891552 4.002161 -31.386108
v -5.573837 3.541824 -31.218559
v -4.885345 3.780957 -31.983234
v -5.567631 3.320620 -31.815685
v -4.959113 4.070664 -31.580914
v -4.956667 3.962319 -31.877399
v -4.986719 4.069714 -31.748804
v -5.639257 3.502669 -31.709206
v -5.641734 3.610441 -31.414415
v -5.669004 3.609333 -31.581375
v -2.878651 5.831552 -32.857334
v -2.196365 5.371215 -32.689785
v -2.884858 5.610347 -33.454460
v -2.202572 5.150011 -33.286911
v -2.811090 5.900055 -33.052139
v -2.813536 5.791710 -33.348625
v -2.783484 5.899105 -33.220032
v -2.130946 5.332059 -33.180431
v -2.128469 5.439832 -32.885643
v -2.101198 5.438724 -33.052605
v -2.402677 5.309493 -32.667320
v -1.720392 4.849156 -32.499771
v -2.408884 5.088289 -33.264446
v -1.726598 4.627952 -33.096897
v -2.335116 5.377996 -32.862125
v -2.337562 5.269651 -33.158611
v -2.307510 5.377046 -33.030018
v -1.654972 4.810000 -32.990417
v -1.652495 4.917773 -32.695629
v -1.625224 4.916665 -32.862587
v -1.926703 4.787434 -32.477306
v -1.244418 4.327097 -32.309757
v -1.932910 4.566230 -33.074432
v -1.250624 4.105893 -32.906883
v -1.859142 4.855937 -32.672112
v -1.861588 4.747592 -32.968597
v -1.831536 4.854987 -32.840004
v -1.178998 4.287941 -32.800404
v -1.176521 4.395714 -32.505615
v -1.149250 4.394606 -32.672577
v -1.450729 4.265375 -32.287292
v -0.768444 3.805038 -32.119743
v -1.456936 4.044170 -32.884418
v -0.774651 3.583834 -32.716869
v -1.383168 4.333878 -32.482101
v -1.385614 4.225533 -32.778584
v -1.355562 4.332928 -32.649990
v -0.703024 3.765882 -32.610390
v -0.700548 3.873655 -32.315601
v -0.673276 3.872547 -32.482559
v -0.974756 3.743316 -32.097279
v -0.292470 3.282979 -31.929729
v -0.980962 3.522112 -32.694405
v -0.298677 3.061775 -32.526855
v -0.907194 3.811819 -32.292084
v -0.909640 3.703474 -32.588570
v -0.879589 3.810869 -32.459976
v -0.227050 3.243824 -32.420376
v -0.224574 3.351596 -32.125587
v -0.197303 3.350488 -32.292549
v -2.987656 5.831552 -32.857334
v -3.669942 5.371215 -32.689785
v -2.981450 5.610347 -33.454460
v -3.663735 5.150011 -33.286911
v -3.055218 5.900055 -33.052139
v -3.052772 5.791710 -33.348625
v -3.082823 5.899105 -33.220032
v -3.735362 5.332059 -33.180431
v -3.737838 5.439832 -32.885643
v -3.765109 5.438724 -33.052605
v -3.463630 5.309493 -32.667320
v -4.145916 4.849156 -32.499771
v -3.457424 5.088289 -33.264446
v -4.139709 4.627952 -33.096897
v -3.531192 5.377996 -32.862125
v -3.528745 5.269651 -33.158611
v -3.558797 5.377046 -33.030018
v -4.211336 4.810000 -32.990417
v -4.213812 4.917773 -32.695629
v -4.241083 4.916665 -32.862587
v -3.939604 4.787434 -32.477306
v -4.621890 4.327097 -32.309757
v -3.933397 4.566230 -33.074432
v -4.615683 4.105893 -32.906883
v -4.007165 4.855937 -32.672112
v -4.004719 4.747592 -32.968597
v -4.034771 4.854987 -32.840004
v -4.687310 4.287941 -32.800404
v -4.689786 4.395714 -32.505615
v -4.717057 4.394606 -32.672577
v -4.415578 4.265375 -32.287292
v -5.097864 3.805038 -32.119743
v -4.409371 4.044170 -32.884418
v -5.091657 3.583834 -32.716869
v -4.483140 4.333879 -32.482098
v -4.480694 4.225533 -32.778584
v -4.510745 4.332928 -32.649990
v -5.163284 3.765882 -32.610390
v -5.165760 3.873655 -32.315601
v -5.193031 3.872547 -32.482559
v -4.891552 3.743316 -32.097279
v -5.573837 3.282979 -31.929729
v -4.885345 3.522112 -32.694405
v -5.567631 3.061775 -32.526855
v -4.959113 3.811819 -32.292084
v -4.956667 3.703474 -32.588570
v -4.986719 3.810869 -32.459976
v -5.639257 3.243824 -32.420376
v -5.641734 3.351596 -32.125587
v -5.669004 3.350488 -32.292549
v -2.878651 5.572707 -33.568504
v -2.196366 5.112370 -33.400955
v -2.884858 5.351502 -34.165634
v -2.202572 4.891166 -33.998085
v -2.811090 5.641210 -33.763309
v -2.813536 5.532865 -34.059795
v -2.783484 5.640260 -33.931202
v -2.130946 5.073214 -33.891602
v -2.128469 5.180987 -33.596813
v -2.101198 5.179878 -33.763775
v -2.402677 5.050648 -33.378490
v -1.720392 4.590311 -33.210941
v -2.408884 4.829444 -33.975616
v -1.726598 4.369107 -33.808071
v -2.335116 5.119151 -33.573296
v -2.337562 5.010806 -33.869781
v -2.307510 5.118201 -33.741188
v -1.654972 4.551155 -33.701588
v -1.652495 4.658928 -33.406799
v -1.625224 4.657820 -33.573761
v -1.926703 4.528589 -33.188477
v -1.244418 4.068252 -33.020927
v -1.932910 4.307384 -33.785606
v -1.250624 3.847048 -33.618057
v -1.859142 4.597093 -33.383282
v -1.861588 4.488747 -33.679768
v -1.831536 4.596142 -33.551174
v -1.178998 4.029096 -33.511574
v -1.176521 4.136869 -33.216785
v -1.149250 4.135760 -33.383747
v -1.450729 4.006530 -32.998463
v -0.768444 3.546193 -32.830914
v -1.456936 3.785326 -33.595589
v -0.774651 3.324989 -33.428040
v -1.383168 4.075033 -33.193272
v -1.385614 3.966688 -33.489754
v -1.355562 4.074082 -33.361160
v -0.703024 3.507037 -33.321560
v -0.700548 3.614810 -33.026772
v -0.673276 3.613702 -33.193733
v -0.974756 3.484471 -32.808449
v -0.292470 3.024134 -32.640900
v -0.980962 3.263267 -33.405579
v -0.298677 2.802930 -33.238029
v -0.907194 3.552974 -33.003254
v -0.909640 3.444629 -33.299740
v -0.879589 3.552024 -33.171146
v -0.227050 2.984978 -33.131546
v -0.224574 3.092751 -32.836758
v -0.197303 3.091643 -33.003716
v -2.987656 5.572707 -33.568504
v -3.669942 5.112370 -33.400955
v -2.981450 5.351502 -34.165634
v -3.663735 4.891166 -33.998085
v -3.055218 5.641210 -33.763309
v -3.052772 5.532865 -34.059795
v -3.082823 5.640260 -33.931202
v -3.735362 5.073214 -33.891602
v -3.737838 5.180987 -33.596813
v -3.765109 5.179878 -33.763775
v -3.463630 5.050648 -33.378490
v -4.145916 4.590311 -33.210941
v -3.457424 4.829444 -33.975616
v -4.139709 4.369107 -33.808071
v -3.531192 5.119151 -33.573296
v -3.528745 5.010806 -33.869781
v -3.558797 5.118201 -33.741188
v -4.211336 4.551155 -33.701588
v -4.213812 4.658928 -33.406799
v -4.241083 4.657820 -33.573761
v -3.939604 4.528589 -33.188477
v -4.621890 4.068252 -33.020927
v -3.933397 4.307384 -33.785606
v -4.615683 3.847048 -33.618057
v -4.007165 4.597093 -33.383282
v -4.004719 4.488747 -33.679768
v -4.034771 4.596142 -33.551174
v -4.687310 4.029096 -33.511574
v -4.689786 4.136869 -33.216785
v -4.717057 4.135760 -33.383747
v -4.415578 4.006530 -32.998463
v -5.097864 3.546193 -32.830914
v -4.409371 3.785326 -33.595589
v -5.091657 3.324989 -33.428040
v -4.483140 4.075033 -33.193272
v -4.480694 3.966688 -33.489754
v -4.510745 4.074082 -33.361160
v -5.163284 3.507037 -33.321560
v -5.165760 3.614810 -33.026772
v -5.193031 3.613702 -33.193733
v -4.891552 3.484471 -32.808449
v -5.573837 3.024134 -32.640900
v -4.885345 3.263267 -33.405579
v -5.567631 2.802930 -33.238029
v -4.959113 3.552974 -33.003254
v -4.956667 3.444629 -33.299740
v -4.986719 3.552024 -33.171146
v -5.639257 2.984978 -33.131546
v -5.641734 3.092751 -32.836758
v -5.669004 3.091643 -33.003716
v -3.132954 5.400537 -35.345558
v -3.132953 7.898693 -28.481930
v -3.132954 5.036186 -35.212944
v -3.132953 7.534342 -28.349318
v -2.727735 5.400537 -35.345558
v -2.727734 7.898693 -28.481930
v -2.727735 5.036186 -35.212944
v -2.727734 7.534342 -28.349318
v -3.132954 6.537579 -31.858536
v -3.132954 6.173228 -31.725924
v -2.727734 6.537579 -31.858536
v -2.727734 6.173228 -31.725924
v -0.225275 4.717484 -27.966766
v -0.513482 4.422063 -27.869383
v -0.225275 4.591518 -28.312857
v -0.513482 4.296096 -28.215473
v -0.980749 5.267216 -28.370304
v -0.980749 3.420098 -27.698008
v -1.223745 5.267216 -28.370304
v -1.223745 3.420098 -27.698008
v -0.980749 5.178126 -28.615076
v -0.980749 3.331008 -27.942780
v -1.223745 5.178126 -28.615076
v -1.223745 3.331008 -27.942780
v -2.413913 4.712769 -28.057114
v -2.413913 3.189339 -27.502630
v -2.413913 4.643103 -28.248520
v -2.413913 3.119673 -27.694036
v -0.992779 5.057228 -28.194836
v -0.992779 5.285570 -28.277946
v -0.992779 4.927145 -28.552238
v -0.992779 5.155487 -28.635347
v -1.652446 5.941513 -28.615728
v -1.652446 5.111338 -28.313568
v -1.895442 5.941513 -28.615728
v -1.895442 5.111338 -28.313568
v -1.652446 5.852423 -28.860500
v -1.652446 5.022248 -28.558342
v -1.895442 5.852423 -28.860500
v -1.895442 5.022248 -28.558342
v -1.167662 3.992384 -27.916500
v -2.267955 3.992384 -27.916500
v -1.167662 4.220726 -27.999609
v -2.267955 4.220726 -27.999609
v -1.167662 3.903295 -28.161272
v -2.267955 3.903295 -28.161272
v -1.167662 4.131637 -28.244383
v -2.267955 4.131637 -28.244383
v -1.022627 3.920527 -28.113928
v -1.022627 4.148869 -28.197039
v -1.283109 3.920527 -28.113928
v -1.283109 4.148869 -28.197039
v -1.588732 6.120664 -28.514891
v -1.706363 5.750120 -28.388277
v -1.588732 6.018136 -28.796581
v -1.706363 5.647593 -28.669970
v -0.225275 2.637539 -33.681370
v -0.513483 2.348637 -33.566074
v -0.225275 2.763505 -33.335281
v -0.513483 2.474603 -33.219986
v -0.980749 3.318047 -33.725601
v -0.980749 1.470929 -33.053307
v -1.223745 3.318047 -33.725601
v -1.223745 1.470929 -33.053307
v -0.980749 3.407137 -33.480831
v -0.980749 1.560019 -32.808533
v -1.223745 3.407137 -33.480831
v -1.223745 1.560019 -32.808533
v -2.413913 2.692001 -33.609127
v -2.413913 1.168571 -33.054646
v -2.413913 2.761667 -33.417721
v -2.413913 1.238237 -32.863239
v -0.992779 3.044398 -33.725040
v -0.992779 3.272741 -33.808151
v -0.992779 3.174482 -33.367638
v -0.992779 3.402824 -33.450748
v -1.652446 3.992343 -33.971027
v -1.652446 3.162169 -33.668869
v -1.895443 3.992343 -33.971027
v -1.895443 3.162169 -33.668869
v -1.652446 4.081433 -33.726254
v -1.652446 3.251258 -33.424095
v -1.895443 4.081433 -33.726254
v -1.895443 3.251258 -33.424095
v -1.167662 2.049769 -33.253792
v -2.267955 2.049769 -33.253792
v -1.167662 2.278111 -33.336899
v -2.267955 2.278111 -33.336899
v -1.167662 2.138860 -33.009018
v -2.267955 2.138860 -33.009018
v -1.167662 2.367202 -33.092129
v -2.267955 2.367202 -33.092129
v -1.022628 3.021077 -30.585144
v -1.022628 2.121628 -33.056362
v -1.022628 3.249419 -30.668255
v -1.022628 2.349970 -33.139473
v -1.283109 3.021077 -30.585144
v -1.283109 2.121628 -33.056362
v -1.283109 3.249419 -30.668255
v -1.283109 2.349970 -33.139473
v -1.588732 4.064764 -34.163429
v -1.706363 3.699526 -34.022240
v -1.588732 4.167291 -33.881737
v -1.706363 3.802053 -33.740547
v -2.933154 7.571440 -29.042929
v -5.641032 4.717484 -27.966766
v -2.933154 7.070047 -28.868692
v -5.352825 4.422063 -27.869383
v -2.933154 7.468913 -29.324621
v -5.641032 4.591518 -28.312855
v -2.933154 6.967520 -29.150383
v -5.352825 4.296097 -28.215473
v -4.885558 5.267216 -28.370304
v -4.885558 3.420098 -27.698008
v -4.642562 5.267216 -28.370304
v -4.642562 3.420098 -27.698008
v -4.885558 5.178126 -28.615076
v -4.885558 3.331008 -27.942780
v -4.642562 5.178126 -28.615076
v -4.642562 3.331008 -27.942780
v -3.452394 4.712769 -28.057114
v -3.452394 3.189339 -27.502630
v -2.933154 4.712769 -28.057114
v -2.933154 3.189339 -27.502630
v -3.452394 4.643103 -28.248520
v -3.452394 3.119673 -27.694036
v -2.933154 4.643103 -28.248520
v -2.933154 3.119673 -27.694036
v -4.873528 5.057228 -28.194836
v -2.933154 5.057228 -28.194836
v -4.873528 5.285570 -28.277946
v -2.933154 5.285570 -28.277946
v -4.873528 4.927145 -28.552238
v -2.933154 4.927145 -28.552238
v -4.873528 5.155487 -28.635347
v -2.933154 5.155487 -28.635347
v -4.213861 5.941513 -28.615726
v -4.213861 5.111338 -28.313568
v -3.970865 5.941513 -28.615726
v -3.970865 5.111338 -28.313568
v -4.213861 5.852423 -28.860500
v -4.213861 5.022248 -28.558342
v -3.970865 5.852423 -28.860500
v -3.970865 5.022248 -28.558342
v -4.698646 3.992384 -27.916500
v -3.598352 3.992384 -27.916500
v -4.698646 4.220726 -27.999609
v -3.598352 4.220726 -27.999609
v -4.698646 3.903295 -28.161272
v -3.598352 3.903295 -28.161272
v -4.698646 4.131637 -28.244383
v -3.598352 4.131637 -28.244383
v -4.843679 3.920527 -28.113928
v -4.843679 4.148869 -28.197037
v -4.583198 3.920527 -28.113928
v -4.583198 4.148869 -28.197037
v -4.277575 6.120664 -28.514891
v -4.159945 5.750120 -28.388277
v -4.277575 6.018136 -28.796581
v -4.159945 5.647593 -28.669970
v -2.933154 5.515541 -34.691467
v -5.641033 2.637539 -33.681370
v -2.933154 5.019454 -34.502651
v -5.352825 2.348637 -33.566074
v -2.933154 5.618068 -34.409775
v -5.641033 2.763505 -33.335281
v -2.933154 5.121981 -34.220963
v -5.352825 2.474603 -33.219986
v -4.885559 3.318047 -33.725601
v -4.885559 1.470929 -33.053307
v -4.642562 3.318047 -33.725601
v -4.642562 1.470929 -33.053307
v -4.885559 3.407137 -33.480831
v -4.885559 1.560019 -32.808533
v -4.642562 3.407137 -33.480831
v -4.642562 1.560019 -32.808533
v -3.452394 2.692001 -33.609127
v -3.452394 1.168571 -33.054646
v -2.933154 2.692001 -33.609127
v -2.933154 1.168571 -33.054646
v -3.452394 2.761667 -33.417721
v -3.452394 1.238237 -32.863239
v -2.933154 2.761667 -33.417721
v -2.933154 1.238237 -32.863239
v -4.873528 3.044398 -33.725040
v -2.933154 3.044398 -33.725040
v -4.873528 3.272741 -33.808151
v -2.933154 3.272741 -33.808151
v -4.873528 3.174482 -33.367638
v -2.933154 3.174482 -33.367638
v -4.873528 3.402824 -33.450748
v -2.933154 3.402824 -33.450748
v -4.213861 3.992343 -33.971027
v -4.213861 3.162169 -33.668869
v -3.970865 3.992343 -33.971027
v -3.970865 3.162169 -33.668869
v -4.213861 4.081433 -33.726254
v -4.213861 3.251258 -33.424095
v -3.970865 4.081433 -33.726254
v -3.970865 3.251258 -33.424095
v -4.698646 2.049769 -33.253792
v -3.598352 2.049769 -33.253792
v -4.698646 2.278111 -33.336899
v -3.598352 2.278111 -33.336899
v -4.698646 2.138860 -33.009018
v -3.598352 2.138860 -33.009018
v -4.698646 2.367202 -33.092129
v -3.598352 2.367202 -33.092129
v -4.843679 3.021077 -30.585144
v -4.843680 2.121628 -33.056362
v -4.843679 3.249419 -30.668255
v -4.843680 2.349970 -33.139473
v -4.583198 3.021077 -30.585144
v -4.583199 2.121628 -33.056362
v -4.583198 3.249419 -30.668255
v -4.583199 2.349970 -33.139473
v -4.277575 4.064764 -34.163429
v -4.159945 3.699526 -34.022240
v -4.277575 4.167291 -33.881737
v -4.159945 3.802053 -33.740547
vn 0.7571 0.6139 -0.2235
vn -0.0000 -0.3420 -0.9397
vn -0.0000 0.3420 0.9397
vn -0.7617 -0.6089 0.2216
vn 1.0000 -0.0000 -0.0000
vn -0.0000 -0.9397 0.3420
vn 0.7293 0.6430 -0.2340
vn -0.0000 -0.2834 -0.9590
vn 0.9991 0.0397 -0.0144
vn -0.0000 0.9397 -0.3420
vn -0.0000 0.3993 0.9168
vn 0.5532 -0.7828 0.2849
vn -0.7571 0.6139 -0.2235
vn 0.7617 -0.6089 0.2216
vn -1.0000 -0.0000 -0.0000
vn -0.7293 0.6430 -0.2340
vn -0.9991 0.0397 -0.0144
vn -0.5532 -0.7828 0.2849
vn -0.9993 -0.0172 -0.0332
vn -0.9989 0.0150 0.0451
vn -0.9992 -0.0181 -0.0354
vn 0.9989 -0.0151 -0.0452
vn 0.9993 0.0172 0.0330
vn 0.9992 0.0181 0.0352
vn 0.0080 0.3420 0.9397
vn -0.9999 -0.0065 0.0080
vn 0.9999 0.0065 -0.0080
vn 1.0000 -0.0003 -0.0050
vn -1.0000 -0.0002 0.0052
vn -1.0000 0.0003 0.0050
vn 1.0000 0.0002 -0.0052
vn -1.0000 -0.0057 0.0070
vn 1.0000 0.0057 -0.0070
vn 0.0092 0.3420 0.9397
vn -1.0000 -0.0002 0.0045
vn 1.0000 0.0002 -0.0045
vn 0.0542 0.3007 0.9522
vn 0.0479 0.3818 0.9230
vn 0.0545 0.2965 0.9535
vn -0.0479 -0.3008 -0.9525
vn -0.0542 -0.3817 -0.9227
vn -0.0476 -0.2966 -0.9538
vn -0.0454 -0.3417 -0.9387
vn 0.0616 0.3414 0.9379
vn -0.0616 -0.3414 -0.9379
vn -0.0481 -0.3416 -0.9386
vn 0.9988 -0.0319 -0.0367
vn 0.0491 0.3416 0.9386
vn -0.9988 0.0319 0.0367
vn 0.0481 0.3416 0.9386
vn -0.0491 -0.3416 -0.9386
vn -0.0777 -0.3314 -0.9403
vn -0.0131 -0.3390 -0.9407
vn -0.0829 -0.3307 -0.9401
vn 0.0777 0.3380 0.9379
vn 0.0131 0.3324 0.9431
vn 0.0829 0.3384 0.9373
vn 0.9990 -0.0155 -0.0427
vn -0.0454 -0.3327 -0.9420
vn 0.0454 0.3327 0.9420
vn 0.0454 0.3387 0.9398
vn -0.0454 -0.3376 -0.9402
vn -0.0454 -0.3387 -0.9398
vn 0.0454 0.3376 0.9402
vn 0.0537 0.3021 0.9518
vn 0.0478 0.3805 0.9235
vn 0.0540 0.2981 0.9530
vn -0.0478 -0.3022 -0.9521
vn -0.0537 -0.3804 -0.9233
vn -0.0475 -0.2983 -0.9533
vn -0.0479 -0.3416 -0.9386
vn 0.9957 -0.0341 -0.0858
vn 1.0000 -0.0084 0.0046
vn 0.9953 -0.0354 -0.0902
vn 0.0488 0.3416 0.9386
vn -0.9957 0.0404 0.0834
vn -1.0000 0.0020 -0.0023
vn -0.9952 0.0423 0.0877
vn 0.0479 0.3416 0.9386
vn -0.0488 -0.3416 -0.9386
vn -0.0994 -0.3312 -0.9383
vn 0.0086 -0.3394 -0.9406
vn -0.1041 -0.3308 -0.9379
vn 0.0994 0.3378 0.9360
vn -0.0088 0.3329 0.9429
vn 0.1042 0.3379 0.9354
vn -0.9990 0.0155 0.0427
vn -0.0454 -0.3254 -0.9445
vn 0.0454 0.3254 0.9445
vn 0.0454 0.3389 0.9397
vn -0.0454 -0.3383 -0.9399
vn -0.0454 -0.3389 -0.9397
vn 0.0454 0.3383 0.9400
vn -0.9997 -0.0179 -0.0193
vn -0.9934 0.0366 0.1087
vn -0.9995 -0.0199 -0.0240
vn 0.9997 0.0109 0.0217
vn 0.9933 -0.0297 -0.1114
vn 0.9996 0.0123 0.0265
vn 0.9990 -0.0192 -0.0413
vn 0.0454 0.3417 0.9387
vn -0.9990 0.0182 0.0417
vn -0.9988 -0.0020 0.0491
vn 0.9988 0.0020 -0.0491
vn -0.9990 0.0192 0.0414
vn 0.9990 -0.0182 -0.0417
vn 0.9990 -0.0126 -0.0437
vn -0.9990 0.0116 0.0441
vn -0.9990 0.0126 0.0437
vn 0.9990 -0.0116 -0.0441
vn 0.5432 -0.2872 -0.7890
vn -0.9816 0.1560 0.1099
vn -0.9819 -0.0602 0.1798
vn -0.9816 -0.0489 0.1845
vn -0.9913 0.0909 -0.0955
vn -0.9918 0.0796 -0.1002
vn -0.9913 -0.1310 -0.0148
vn -0.9918 -0.1254 -0.0256
vn -0.5436 0.7968 -0.2637
vn -0.1566 -0.2333 -0.9597
vn -0.1484 -0.4468 -0.8823
vn -0.1566 -0.4382 -0.8851
vn 0.0587 -0.2281 -0.9719
vn 0.0669 -0.2367 -0.9693
vn 0.0587 -0.4500 -0.8911
vn 0.0669 -0.4417 -0.8947
vn 0.0357 0.8489 0.5274
vn 0.9816 0.0489 -0.1845
vn 0.9819 -0.1617 -0.0991
vn 0.9816 -0.1560 -0.1099
vn 0.9918 0.1254 0.0256
vn 0.9819 0.0602 -0.1798
vn 0.9913 -0.0909 0.0955
vn 0.9918 -0.0796 0.1002
vn 0.0247 -0.6024 0.7978
vn 0.1484 0.4468 0.8823
vn 0.1566 0.2333 0.9597
vn 0.1566 0.4382 0.8851
vn -0.0587 0.4500 0.8911
vn -0.0669 0.4417 0.8947
vn -0.0587 0.2281 0.9719
vn -0.0669 0.2367 0.9693
vn -0.8396 -0.1858 -0.5104
vn 0.0918 -0.9653 0.2444
vn -0.1005 -0.9623 0.2526
vn 0.1005 -0.8996 0.4251
vn -0.0918 -0.8966 0.4333
vn 0.0357 -0.3112 0.9497
vn -0.1005 0.8996 -0.4251
vn 0.0918 0.8966 -0.4333
vn -0.0918 0.9653 -0.2444
vn 0.1005 0.9623 -0.2526
vn -0.7859 -0.5678 0.2447
vn -0.0247 0.6024 -0.7978
vn 0.8396 0.1858 0.5104
vn 0.7859 0.5678 -0.2447
vn 0.5436 0.7799 -0.3102
vn -0.0357 -0.8489 -0.5274
vn 0.0247 0.9743 0.2239
vn -0.0357 0.3113 -0.9497
vn 0.7859 -0.5923 0.1775
vn -0.7859 0.5923 -0.1775
vn -0.6171 -0.2691 -0.7394
vn 0.7868 -0.2111 -0.5799
vn -0.5436 -0.7799 0.3102
vn 0.6171 0.2691 0.7394
vn -0.0247 -0.9743 -0.2239
vn -0.7868 0.2111 0.5799
vn -0.7869 0.2111 0.5799
vn -0.5432 0.2872 0.7890
vn 0.5436 -0.7968 0.2637
vn 0.2855 0.2869 0.9144
vn 0.2795 0.3686 0.8866
vn 0.2857 0.2828 0.9156
vn -0.2795 -0.2876 -0.9161
vn -0.2855 -0.3680 -0.8849
vn -0.2791 -0.2834 -0.9175
vn -0.2773 -0.3286 -0.9028
vn 0.2928 0.3270 0.8985
vn -0.2928 -0.3270 -0.8985
vn -0.2799 -0.3284 -0.9021
vn 0.9607 -0.1105 -0.2548
vn 0.2808 0.3283 0.9019
vn -0.9607 0.1105 0.2548
vn 0.2799 0.3284 0.9021
vn -0.2808 -0.3283 -0.9019
vn -0.3084 -0.3161 -0.8972
vn -0.2458 -0.3287 -0.9119
vn -0.3131 -0.3151 -0.8959
vn 0.3085 0.3225 0.8949
vn 0.2458 0.3223 0.9142
vn 0.3131 0.3225 0.8933
vn 0.9608 -0.0948 -0.2606
vn -0.2773 -0.3200 -0.9059
vn 0.2773 0.3200 0.9059
vn 0.2773 0.3258 0.9039
vn -0.2773 -0.3248 -0.9042
vn -0.2773 -0.3258 -0.9039
vn 0.2773 0.3248 0.9042
vn 0.2850 0.2884 0.9141
vn 0.2793 0.3673 0.8872
vn 0.2853 0.2844 0.9153
vn -0.2793 -0.2889 -0.9157
vn -0.2850 -0.3667 -0.8856
vn -0.2790 -0.2850 -0.9170
vn -0.2797 -0.3284 -0.9022
vn 0.9467 -0.1126 -0.3019
vn 0.9727 -0.0878 -0.2147
vn 0.9452 -0.1138 -0.3060
vn 0.2806 0.3283 0.9019
vn -0.9466 0.1187 0.2997
vn -0.9728 0.0817 0.2169
vn -0.9452 0.1205 0.3036
vn 0.2797 0.3284 0.9022
vn -0.2806 -0.3283 -0.9019
vn -0.3291 -0.3143 -0.8905
vn -0.2248 -0.3308 -0.9165
vn -0.3334 -0.3135 -0.8892
vn 0.3291 0.3205 0.8882
vn 0.2246 0.3246 0.9188
vn 0.3334 0.3203 0.8867
vn -0.9608 0.0948 0.2606
vn -0.2773 -0.3131 -0.9084
vn 0.2773 0.3131 0.9084
vn 0.2773 0.3259 0.9038
vn -0.2773 -0.3254 -0.9040
vn -0.2773 -0.3259 -0.9038
vn 0.2773 0.3254 0.9040
vn -0.9778 0.0624 0.2002
vn -0.9391 0.1150 0.3237
vn -0.9788 0.0606 0.1958
vn 0.9391 -0.1151 -0.3239
vn 0.9777 -0.0625 -0.2004
vn 0.9787 -0.0607 -0.1960
vn 0.9608 -0.0983 -0.2593
vn 0.2773 0.3286 0.9028
vn -0.9608 0.0974 0.2596
vn -0.9606 0.0780 0.2666
vn 0.9606 -0.0780 -0.2666
vn -0.9608 0.0983 0.2593
vn 0.9608 -0.0974 -0.2596
vn 0.9608 -0.0921 -0.2616
vn -0.9608 0.0911 0.2619
vn -0.9608 0.0921 0.2616
vn 0.9608 -0.0911 -0.2619
vn 0.3323 -0.3226 -0.8863
vn -0.9180 0.2329 0.3211
vn -0.9201 0.0168 0.3913
vn -0.9180 0.0280 0.3957
vn -0.9776 0.1705 0.1234
vn -0.9800 0.1594 0.1191
vn -0.9776 -0.0513 0.2041
vn -0.9800 -0.0456 0.1936
vn -0.5229 0.8400 -0.1451
vn -0.3814 -0.2115 -0.8999
vn -0.3734 -0.4256 -0.8242
vn -0.3814 -0.4164 -0.8253
vn -0.1743 -0.2234 -0.9590
vn -0.1664 -0.2327 -0.9582
vn -0.1743 -0.4453 -0.8783
vn -0.1664 -0.4377 -0.8836
vn 0.2182 0.8386 0.4992
vn 0.9180 -0.0280 -0.3957
vn 0.9201 -0.2387 -0.3105
vn 0.9180 -0.2329 -0.3211
vn 0.9776 0.0513 -0.2041
vn 0.9800 0.0456 -0.1936
vn 0.9776 -0.1705 -0.1234
vn 0.9800 -0.1594 -0.1191
vn 0.1509 -0.6095 0.7783
vn 0.3814 0.4164 0.8253
vn 0.3734 0.2038 0.9050
vn 0.3814 0.2115 0.8999
vn 0.1664 0.4377 0.8836
vn 0.3734 0.4256 0.8242
vn 0.1742 0.2234 0.9590
vn 0.1664 0.2327 0.9582
vn -0.9432 -0.1136 -0.3122
vn 0.0658 -0.9717 0.2269
vn -0.1191 -0.9534 0.2770
vn 0.1191 -0.9085 0.4006
vn -0.0658 -0.8902 0.4508
vn 0.2182 -0.3215 0.9214
vn -0.1191 0.9085 -0.4006
vn 0.0658 0.8902 -0.4508
vn -0.0658 0.9717 -0.2269
vn 0.1191 0.9534 -0.2770
vn -0.7559 -0.5054 0.4161
vn -0.1509 0.6095 -0.7783
vn 0.9432 0.1136 0.3122
vn 0.7559 0.5055 -0.4161
vn 0.7559 0.5054 -0.4161
vn 0.5229 0.7367 -0.4287
vn -0.2182 -0.8386 -0.4992
vn 0.1509 0.9672 0.2044
vn -0.2182 0.3215 -0.9214
vn 0.7559 -0.6547 0.0061
vn -0.7559 0.6547 -0.0061
vn -0.7837 -0.2124 -0.5837
vn 0.6211 -0.2680 -0.7365
vn -0.5229 -0.7368 0.4287
vn -0.5229 -0.7367 0.4287
vn 0.7837 0.2124 0.5836
vn -0.1509 -0.9672 -0.2044
vn -0.6211 0.2680 0.7364
vn -0.6211 0.2680 0.7365
vn -0.3323 0.3226 0.8863
vn 0.5229 -0.8400 0.1451
vn -0.6296 0.2248 0.7437
vn -0.6344 0.3045 0.7105
vn -0.6292 0.2207 0.7452
vn 0.6344 -0.2235 -0.7400
vn 0.6296 -0.3058 -0.7142
vn 0.6346 -0.2192 -0.7411
vn 0.6370 -0.2637 -0.7244
vn -0.6244 0.2672 0.7340
vn 0.6244 -0.2672 -0.7340
vn 0.6349 -0.2642 -0.7260
vn 0.7709 0.2087 0.6019
vn -0.6342 0.2644 0.7266
vn -0.7708 -0.2087 -0.6019
vn -0.7709 -0.2087 -0.6019
vn -0.6349 0.2642 0.7260
vn 0.6342 -0.2644 -0.7266
vn 0.6099 -0.2655 -0.7467
vn 0.6633 -0.2544 -0.7038
vn 0.6076 -0.2660 -0.7484
vn -0.6099 0.2695 0.7452
vn -0.6633 0.2504 0.7052
vn -0.6076 0.2703 0.7468
vn 0.7709 0.2179 0.5986
vn 0.6370 -0.2586 -0.7262
vn -0.6370 0.2586 0.7262
vn -0.6370 0.2620 0.7250
vn 0.6370 -0.2614 -0.7252
vn 0.6370 -0.2620 -0.7250
vn -0.6370 0.2614 0.7252
vn -0.6300 0.2261 0.7430
vn -0.6346 0.3031 0.7109
vn -0.6297 0.2222 0.7444
vn 0.6346 -0.2248 -0.7394
vn 0.6300 -0.3044 -0.7145
vn 0.6347 -0.2208 -0.7405
vn 0.6350 -0.2642 -0.7259
vn 0.8011 0.2033 0.5629
vn 0.7387 0.2255 0.6352
vn 0.8027 0.2027 0.5609
vn -0.6343 0.2644 0.7264
vn -0.8012 -0.1996 -0.5642
vn -0.7388 -0.2292 -0.6338
vn -0.8027 -0.1988 -0.5622
vn -0.6350 0.2642 0.7259
vn 0.6343 -0.2644 -0.7264
vn 0.5926 -0.2704 -0.7588
vn 0.6793 -0.2497 -0.6901
vn 0.5904 -0.2709 -0.7603
vn -0.5926 0.2741 0.7574
vn -0.6794 0.2459 0.6914
vn -0.5905 0.2748 0.7588
vn -0.7709 -0.2179 -0.5986
vn 0.6369 -0.2546 -0.7277
vn -0.6369 0.2546 0.7277
vn -0.6370 0.2621 0.7250
vn 0.6370 -0.2618 -0.7251
vn 0.6370 -0.2621 -0.7249
vn 0.6370 -0.2621 -0.7250
vn -0.6370 0.2618 0.7251
vn -0.7231 -0.2377 -0.6486
vn -0.8145 -0.2038 -0.5431
vn -0.8162 -0.2031 -0.5409
vn 0.8147 0.1998 0.5444
vn 0.7232 0.2416 0.6469
vn 0.7213 0.2424 0.6488
vn 0.7709 0.2158 0.5993
vn -0.6370 0.2637 0.7244
vn -0.7709 -0.2164 -0.5991
vn -0.7709 -0.2163 -0.5991
vn -0.7708 -0.2277 -0.5950
vn 0.7708 0.2277 0.5949
vn 0.7708 0.2277 0.5950
vn -0.7709 -0.2158 -0.5993
vn 0.7709 0.2163 0.5991
vn 0.7709 0.2195 0.5980
vn 0.7709 0.2195 0.5979
vn -0.7709 -0.2201 -0.5978
vn -0.7709 -0.2195 -0.5980
vn 0.7709 0.2201 0.5978
vn 0.9662 -0.0881 -0.2421
vn -0.8327 -0.0832 -0.5474
vn -0.8273 -0.2988 -0.4757
vn -0.8327 -0.2882 -0.4729
vn -0.6953 -0.1315 -0.7066
vn -0.6901 -0.1422 -0.7096
vn -0.6953 -0.3534 -0.6258
vn -0.6901 -0.3472 -0.6350
vn -0.4195 0.6698 -0.6127
vn 0.5429 -0.1823 -0.8198
vn 0.5492 -0.3939 -0.7371
vn 0.5429 -0.3873 -0.7452
vn 0.7090 -0.1269 -0.6937
vn 0.7154 -0.1336 -0.6858
vn 0.7090 -0.3487 -0.6130
vn 0.7154 -0.3385 -0.6112
vn -0.5011 0.7875 0.3588
vn 0.8327 0.2882 0.4729
vn 0.8273 0.0769 0.5564
vn 0.8327 0.0832 0.5475
vn 0.6901 0.3472 0.6350
vn 0.8273 0.2988 0.4757
vn 0.6953 0.1315 0.7066
vn 0.6901 0.1422 0.7096
vn -0.3466 -0.6449 0.6812
vn -0.5492 0.3939 0.7371
vn -0.5429 0.1823 0.8198
vn -0.5429 0.3873 0.7452
vn -0.7154 0.3385 0.6112
vn -0.7090 0.1269 0.6937
vn -0.7154 0.1336 0.6858
vn -0.5492 0.1720 0.8178
vn -0.2576 -0.3305 -0.9080
vn 0.1355 -0.9354 0.3267
vn -0.0129 -0.9773 0.2115
vn 0.0129 -0.8846 0.4662
vn -0.1355 -0.9265 0.3509
vn -0.5011 -0.3726 0.7810
vn -0.0129 0.8846 -0.4662
vn 0.1355 0.9265 -0.3509
vn -0.1355 0.9354 -0.3267
vn 0.0129 0.9773 -0.2115
vn -0.6065 -0.7515 -0.2598
vn -0.6065 -0.7514 -0.2598
vn 0.3466 0.6449 -0.6812
vn 0.2576 0.3305 0.9080
vn 0.6065 0.7515 0.2598
vn 0.6065 0.7514 0.2598
vn 0.4195 0.9069 0.0388
vn 0.5011 -0.7875 -0.3588
vn -0.3466 0.9318 0.1073
vn 0.5011 0.3726 -0.7810
vn 0.6065 -0.4087 0.6820
vn 0.6065 -0.4086 0.6820
vn -0.6065 0.4086 -0.6820
vn -0.6065 0.4087 -0.6820
vn 0.0708 -0.3412 -0.9373
vn 0.9975 0.0242 0.0666
vn -0.4195 -0.9069 -0.0388
vn -0.0708 0.3412 0.9373
vn 0.3466 -0.9318 -0.1073
vn -0.9975 -0.0242 -0.0666
vn -0.9662 0.0881 0.2421
vn 0.4195 -0.6698 0.6127
vn 0.6895 0.2068 0.6941
vn 0.6849 0.2893 0.6687
vn 0.6896 0.2026 0.6953
vn -0.6849 -0.2082 -0.6982
vn -0.6895 -0.2878 -0.6647
vn -0.6846 -0.2042 -0.6998
vn -0.6837 -0.2496 -0.6857
vn 0.6955 0.2458 0.6752
vn -0.6955 -0.2458 -0.6752
vn -0.6857 -0.2490 -0.6840
vn 0.7295 -0.2579 -0.6335
vn 0.6864 0.2487 0.6834
vn -0.7295 0.2579 0.6335
vn 0.6857 0.2490 0.6840
vn -0.6864 -0.2487 -0.6834
vn -0.7052 -0.2287 -0.6711
vn -0.6615 -0.2517 -0.7064
vn -0.7105 -0.2257 -0.6665
vn 0.7053 0.2377 0.6679
vn 0.6615 0.2427 0.7096
vn 0.7106 0.2370 0.6624
vn 0.7297 -0.2338 -0.6425
vn 0.7297 -0.2339 -0.6425
vn -0.6837 -0.2363 -0.6905
vn 0.6837 0.2363 0.6905
vn 0.6837 0.2452 0.6873
vn -0.6837 -0.2436 -0.6879
vn -0.6837 -0.2452 -0.6873
vn 0.6837 0.2436 0.6879
vn 0.6892 0.2083 0.6940
vn 0.6849 0.2880 0.6693
vn 0.6893 0.2043 0.6951
vn -0.6849 -0.2096 -0.6979
vn -0.6892 -0.2866 -0.6655
vn -0.6845 -0.2058 -0.6993
vn -0.6856 -0.2490 -0.6841
vn 0.6984 -0.2487 -0.6711
vn 0.7594 -0.2354 -0.6065
vn 0.6935 -0.2497 -0.6758
vn 0.6862 0.2488 0.6835
vn -0.6984 0.2576 0.6677
vn -0.7596 0.2264 0.6097
vn -0.6935 0.2600 0.6720
vn 0.6856 0.2490 0.6841
vn -0.6862 -0.2488 -0.6835
vn -0.7204 -0.2237 -0.6565
vn -0.6452 -0.2572 -0.7194
vn -0.7254 -0.2213 -0.6518
vn 0.7206 0.2331 0.6530
vn 0.6450 0.2478 0.7229
vn 0.7255 0.2320 0.6479
vn -0.7297 0.2339 0.6425
vn -0.6835 -0.2255 -0.6942
vn -0.6835 -0.2255 -0.6943
vn 0.6835 0.2255 0.6943
vn 0.6835 0.2255 0.6942
vn -0.7297 0.2338 0.6425
vn 0.6837 0.2454 0.6873
vn -0.6837 -0.2445 -0.6876
vn -0.6837 -0.2454 -0.6873
vn 0.6837 0.2445 0.6876
vn -0.7740 0.2025 0.6000
vn -0.6823 0.2460 0.6885
vn -0.7787 0.1999 0.5947
vn 0.7739 -0.2125 -0.5966
vn 0.6820 -0.2360 -0.6922
vn 0.7786 -0.2111 -0.5909
vn 0.7297 -0.2393 -0.6405
vn 0.6837 0.2496 0.6857
vn -0.7297 0.2378 0.6410
vn -0.7295 0.2078 0.6517
vn 0.7295 -0.2078 -0.6517
vn -0.7297 0.2393 0.6405
vn 0.7297 -0.2378 -0.6411
vn 0.7297 -0.2295 -0.6440
vn 0.7297 -0.2296 -0.6441
vn -0.7297 0.2280 0.6446
vn -0.7297 0.2296 0.6441
vn -0.7297 0.2296 0.6440
vn 0.7297 -0.2280 -0.6446
vn -0.1328 -0.3390 -0.9314
vn -0.6443 0.3614 0.6740
vn -0.6498 0.1459 0.7460
vn -0.6443 0.1564 0.7486
vn -0.7973 0.3055 0.5206
vn -0.6498 0.3678 0.6652
vn -0.7915 0.0941 0.6038
vn -0.7973 0.1006 0.5952
vn -0.3971 0.9156 0.0627
vn -0.7570 -0.1179 -0.6427
vn -0.7509 -0.3332 -0.5702
vn -0.7570 -0.3228 -0.5681
vn -0.5996 -0.1598 -0.7842
vn -0.5937 -0.1702 -0.7865
vn -0.5996 -0.3817 -0.7034
vn -0.5937 -0.3752 -0.7119
vn 0.5379 0.7764 0.3284
vn 0.6443 -0.1564 -0.7486
vn 0.6498 -0.3678 -0.6652
vn 0.6443 -0.3614 -0.6740
vn 0.7973 -0.1006 -0.5952
vn 0.6498 -0.1459 -0.7460
vn 0.7915 -0.3160 -0.5231
vn 0.7973 -0.3055 -0.5206
vn 0.3721 -0.6525 0.6601
vn 0.7570 0.3228 0.5681
vn 0.7509 0.1113 0.6510
vn 0.7570 0.1179 0.6427
vn 0.5996 0.3817 0.7034
vn 0.5937 0.3752 0.7119
vn 0.5996 0.1598 0.7842
vn 0.5937 0.1702 0.7865
vn -0.9911 0.0454 0.1248
vn 0.0044 -0.9775 0.2110
vn -0.1360 -0.9325 0.3347
vn 0.1360 -0.9294 0.3430
vn -0.0044 -0.8844 0.4667
vn 0.5379 -0.3837 0.7506
vn -0.1360 0.9294 -0.3430
vn 0.0044 0.8844 -0.4667
vn -0.0044 0.9775 -0.2110
vn 0.1360 0.9325 -0.3347
vn -0.5741 -0.3961 0.7166
vn -0.3721 0.6525 -0.6601
vn 0.9911 -0.0454 -0.1248
vn 0.5741 0.3961 -0.7166
vn 0.3971 0.6611 -0.6366
vn -0.5379 -0.7764 -0.3284
vn 0.3721 0.9242 0.0862
vn -0.5379 0.3837 -0.7506
vn 0.5741 -0.7640 -0.2944
vn -0.5741 0.7640 0.2944
vn -0.9804 -0.0674 -0.1851
vn 0.1970 -0.3353 -0.9213
vn -0.3971 -0.6611 0.6366
vn 0.9804 0.0674 0.1851
vn -0.3721 -0.9242 -0.0862
vn -0.1970 0.3353 0.9213
vn 0.1328 0.3390 0.9314
vn 0.3971 -0.9156 -0.0627
vn 0.6883 0.6817 -0.2481
vn 0.6883 -0.6817 0.2481
vn 0.4929 0.4623 -0.7371
vn 0.4287 0.3291 -0.8414
vn 0.4978 0.4733 -0.7267
vn 0.5832 0.7618 -0.2821
vn 0.5014 0.8309 0.2413
vn 0.4960 0.8291 0.2581
vn 0.4328 0.7957 0.4237
vn -0.4287 0.3291 -0.8414
vn -0.4929 0.4623 -0.7371
vn -0.4978 0.4733 -0.7267
vn -0.5832 0.7618 -0.2821
vn -0.5014 0.8309 0.2413
vn -0.5832 0.7610 -0.2840
vn -0.4328 0.7957 0.4237
vn -0.4960 0.8291 0.2581
vn -0.3909 -0.2578 0.8836
vn -0.3955 -0.7690 -0.5022
vn 0.8306 -0.4998 0.2457
vn 0.8153 -0.5457 0.1938
vn 0.8330 -0.4967 0.2437
vn -0.8300 0.5004 -0.2463
vn -0.8152 0.5458 -0.1937
vn -0.8123 0.5496 -0.1952
vn 0.8320 -0.5405 0.1246
vn 0.8123 -0.5497 0.1951
vn -0.8313 0.5417 -0.1246
vn -0.8342 0.5374 -0.1237
vn -0.8453 0.5227 -0.1104
vn -0.8470 0.5198 -0.1110
vn 0.8453 -0.5226 0.1109
vn 0.8348 -0.5364 0.1241
vn -0.8436 0.4768 -0.2468
vn -0.8325 0.4972 -0.2445
vn 0.8436 -0.4770 0.2465
vn 0.8451 -0.4755 0.2445
vn 0.8123 -0.5496 0.1951
vn -0.8325 0.4971 -0.2445
vn 0.8450 -0.4755 0.2445
vn 0.8320 -0.5406 0.1246
vn 0.3909 -0.2578 0.8836
vn 0.3955 -0.7690 -0.5022
vn -0.8306 -0.4998 0.2457
vn -0.8153 -0.5457 0.1938
vn -0.8123 -0.5497 0.1951
vn 0.8300 0.5004 -0.2463
vn 0.8152 0.5458 -0.1937
vn 0.8325 0.4972 -0.2445
vn -0.8320 -0.5405 0.1246
vn -0.8348 -0.5364 0.1241
vn 0.8313 0.5417 -0.1246
vn 0.8123 0.5496 -0.1952
vn 0.8453 0.5227 -0.1104
vn 0.8342 0.5374 -0.1237
vn -0.8453 -0.5226 0.1109
vn -0.8469 -0.5200 0.1114
vn 0.8436 0.4768 -0.2468
vn 0.8452 0.4752 -0.2447
vn -0.8436 -0.4770 0.2464
vn -0.8330 -0.4967 0.2437
vn -0.8123 -0.5496 0.1951
vn 0.8325 0.4971 -0.2445
vn -0.8436 -0.4770 0.2465
vn -0.8320 -0.5406 0.1246
vn 0.8436 -0.4770 0.2464
vn 0.3955 -0.7690 -0.5023
vn -0.0000 0.9396 -0.3421
vn -0.0000 0.9507 -0.3100
vn -0.0000 -0.9396 0.3421
vn -0.0000 -0.9275 0.3739
vn -0.0000 -0.9507 0.3100
vn -0.0000 0.9275 -0.3739
vn -0.0230 0.3298 0.9438
vn -0.0000 0.3282 0.9446
vn -0.0294 0.3321 0.9428
vn 0.0107 -0.3264 -0.9452
vn -0.0000 -0.3282 -0.9446
vn -0.0000 -0.3283 -0.9446
vn 0.7334 -0.6388 0.2325
vn 0.7477 0.6240 -0.2271
vn 0.7541 0.6171 -0.2246
vn -0.7601 -0.6106 0.2222
vn -0.7669 -0.6031 0.2195
vn -0.7532 -0.6181 0.2250
vn 0.7413 0.6307 -0.2295
vn 0.0028 -0.3168 -0.9485
vn 0.0044 -0.3240 -0.9460
vn -0.0312 0.3390 0.9403
vn -0.0306 0.3398 0.9400
vn -0.0230 -0.3540 -0.9350
vn -0.0000 -0.3557 -0.9346
vn 0.0108 0.3575 0.9338
vn -0.0000 0.3557 0.9346
vn 0.0044 0.3599 0.9330
vn 0.0028 0.3670 0.9302
vn 0.0034 0.3677 0.9299
vn -0.0312 -0.3447 -0.9382
vn -0.0294 -0.3516 -0.9357
vn 0.0230 0.3298 0.9438
vn -0.0000 0.3283 0.9446
vn -0.0107 -0.3264 -0.9452
vn -0.0044 -0.3240 -0.9460
vn -0.7334 -0.6388 0.2325
vn -0.7541 0.6171 -0.2246
vn -0.7477 0.6240 -0.2271
vn 0.7669 -0.6031 0.2195
vn 0.7601 -0.6106 0.2222
vn 0.7532 -0.6181 0.2250
vn -0.7413 0.6307 -0.2295
vn -0.0028 -0.3168 -0.9485
vn -0.0034 -0.3161 -0.9487
vn 0.0312 0.3390 0.9403
vn 0.0294 0.3321 0.9428
vn 0.0230 -0.3540 -0.9350
vn 0.0294 -0.3516 -0.9357
vn -0.0108 0.3575 0.9338
vn -0.0028 0.3670 0.9302
vn -0.0044 0.3599 0.9330
vn 0.0312 -0.3447 -0.9382
vn 0.0306 -0.3440 -0.9385
vn -0.9988 0.0159 0.0473
vn 0.9987 -0.0160 -0.0474
vn 0.0476 0.3858 0.9213
vn -0.0545 -0.3857 -0.9210
vn -0.0079 -0.3396 -0.9406
vn 0.0079 0.3319 0.9433
vn 0.0475 0.3843 0.9220
vn -0.0540 -0.3842 -0.9217
vn 0.9999 -0.0071 0.0091
vn -1.0000 0.0001 -0.0066
vn 0.0134 -0.3397 -0.9404
vn -0.0136 0.3326 0.9430
vn -0.9928 0.0386 0.1133
vn 0.9927 -0.0312 -0.1162
vn -0.9819 0.1617 0.0991
vn -0.1484 -0.2249 -0.9630
vn 0.9913 0.1310 0.0148
vn 0.1484 0.2249 0.9630
vn 0.2791 0.3726 0.8850
vn -0.2857 -0.3720 -0.8832
vn -0.2411 -0.3296 -0.9128
vn 0.2410 0.3222 0.9155
vn 0.2790 0.3711 0.8857
vn -0.2853 -0.3705 -0.8840
vn 0.9738 -0.0866 -0.2105
vn -0.9738 0.0799 0.2129
vn -0.2203 -0.3314 -0.9174
vn 0.2201 0.3246 0.9199
vn -0.9375 0.1168 0.3279
vn 0.9374 -0.1168 -0.3281
vn -0.9201 0.2387 0.3105
vn -0.3734 -0.2037 -0.9050
vn 0.9201 -0.0168 -0.3913
vn 0.1743 0.4453 0.8783
vn -0.6346 0.3084 0.7087
vn 0.6292 -0.3099 -0.7128
vn 0.6654 -0.2539 -0.7019
vn -0.6655 0.2496 0.7035
vn -0.6347 0.3069 0.7092
vn 0.6297 -0.3083 -0.7131
vn 0.7370 0.2260 0.6370
vn -0.7370 -0.2299 -0.6356
vn 0.6812 -0.2491 -0.6884
vn -0.6813 0.2452 0.6897
vn -0.7211 -0.2383 -0.6505
vn 0.8163 0.1989 0.5423
vn -0.8273 -0.0769 -0.5564
vn 0.5492 -0.1720 -0.8178
vn 0.6953 0.3534 0.6258
vn -0.7090 0.3487 0.6130
vn 0.6846 0.2934 0.6673
vn -0.6896 -0.2918 -0.6628
vn -0.6559 -0.2546 -0.7107
vn 0.6558 0.2432 0.7146
vn 0.6845 0.2919 0.6680
vn -0.6893 -0.2903 -0.6638
vn 0.7639 -0.2342 -0.6013
vn -0.7640 0.2239 0.6051
vn -0.6396 -0.2595 -0.7236
vn 0.6394 0.2488 0.7275
vn -0.6768 0.2483 0.6931
vn 0.6765 -0.2372 -0.6971
vn -0.7297 0.2378 0.6411
vn -0.7915 0.3160 0.5231
vn -0.7509 -0.1113 -0.6510
vn 0.7915 -0.0941 -0.6038
vn 0.7509 0.3332 0.5702
vn 0.5832 0.7610 -0.2840
vn 0.8469 -0.5200 0.1114
vn -0.8452 0.4752 -0.2447
vn 0.8470 0.5198 -0.1110
vn -0.8451 -0.4755 0.2445
vn -0.8450 -0.4755 0.2445
vn 0.0034 -0.3161 -0.9487
vn -0.0306 -0.3440 -0.9385
vn 0.0306 0.3398 0.9400
vn -0.0034 0.3677 0.9299
vt -0.000000 0.000000
vt 0.047619 0.047619
vt 0.000000 0.047619
vt -0.000000 0.047619
vt 0.047619 0.095238
vt 0.000000 0.095238
vt 0.095238 0.047619
vt 0.047619 0.000000
vt 0.095238 -0.000000
vt 0.047619 0.095238
vt 0.095238 0.047619
vt 0.095238 0.095238
vt 0.000000 0.142857
vt 0.047619 0.142857
vt 0.095238 0.142857
vt 0.095238 0.047619
vt 0.142857 -0.000000
vt 0.142857 0.047619
vt 0.095238 0.095238
vt 0.142857 0.095238
vt 0.095238 0.142857
vt 0.142857 0.142857
vt 0.000000 0.190476
vt 0.047619 0.190476
vt 0.047619 0.142857
vt 0.095238 0.190476
vt 0.142857 0.142857
vt 0.142857 0.190476
vt 0.190476 -0.000000
vt 0.190476 0.047619
vt 0.190476 0.095238
vt 0.190476 0.095238
vt 0.190476 0.142857
vt 0.142857 0.190476
vt 0.190476 0.142857
vt 0.190476 0.190476
vt -0.000000 0.190476
vt 0.047619 0.238095
vt 0.000000 0.238095
vt 0.095238 0.238095
vt 0.142857 0.238095
vt 0.190476 0.238095
vt 0.190476 0.047619
vt 0.238095 -0.000000
vt 0.238095 0.047619
vt 0.190476 0.095238
vt 0.238095 0.047619
vt 0.238095 0.095238
vt 0.190476 0.142857
vt 0.238095 0.142857
vt 0.190476 0.190476
vt 0.238095 0.142857
vt 0.238095 0.190476
vt 0.190476 0.238095
vt 0.238095 0.238095
vt -0.000000 0.238095
vt 0.047619 0.285714
vt 0.000000 0.285714
vt 0.095238 0.285714
vt 0.142857 0.285714
vt 0.190476 0.285714
vt 0.238095 0.285714
vt 0.285714 -0.000000
vt 0.285714 0.047619
vt 0.285714 0.095238
vt 0.285714 0.142857
vt 0.238095 0.190476
vt 0.285714 0.190476
vt 0.238095 0.238095
vt 0.285714 0.190476
vt 0.285714 0.238095
vt 0.238095 0.285714
vt 0.285714 0.238095
vt 0.285714 0.285714
vt -0.000000 0.285714
vt 0.047619 0.333333
vt 0.000000 0.333333
vt 0.095238 0.333333
vt 0.095238 0.285714
vt 0.142857 0.333333
vt 0.190476 0.333333
vt 0.238095 0.333333
vt 0.285714 0.333333
vt 0.285714 0.047619
vt 0.333333 -0.000000
vt 0.333333 0.047619
vt 0.333333 0.047619
vt 0.333333 0.095238
vt 0.333333 0.142857
vt 0.333333 0.190476
vt 0.333333 0.190476
vt 0.333333 0.238095
vt 0.333333 0.238095
vt 0.333333 0.285714
vt 0.285714 0.333333
vt 0.333333 0.333333
vt -0.000000 0.333333
vt 0.047619 0.380952
vt 0.000000 0.380952
vt 0.047619 0.333333
vt 0.095238 0.380952
vt 0.142857 0.380952
vt 0.190476 0.380952
vt 0.238095 0.380952
vt 0.285714 0.380952
vt 0.238095 0.380952
vt 0.333333 0.380952
vt 0.380952 0.047619
vt 0.333333 0.000000
vt 0.380952 0.000000
vt 0.380952 0.047619
vt 0.380952 0.095238
vt 0.380952 0.142857
vt 0.380952 0.190476
vt 0.380952 0.190476
vt 0.380952 0.238095
vt 0.380952 0.238095
vt 0.380952 0.285714
vt 0.380952 0.333333
vt 0.333333 0.380952
vt 0.380952 0.333333
vt 0.380952 0.380952
vt -0.000000 0.380952
vt 0.047619 0.428571
vt 0.000000 0.428571
vt 0.047619 0.380952
vt 0.095238 0.428571
vt 0.142857 0.428571
vt 0.142857 0.380952
vt 0.190476 0.428571
vt 0.142857 0.428571
vt 0.238095 0.428571
vt 0.285714 0.428571
vt 0.333333 0.428571
vt 0.380952 0.428571
vt 0.428571 -0.000000
vt 0.428571 0.047619
vt 0.380952 0.095238
vt 0.428571 0.095238
vt 0.543770 0.965216
vt 0.544309 0.952382
vt 0.544309 0.965215
vt 0.542369 0.952383
vt 0.542908 0.965217
vt 0.542368 0.965216
vt 0.542908 0.952382
vt 0.543770 0.952381
vt 0.534133 0.952392
vt 0.533594 0.965227
vt 0.533594 0.952394
vt 0.535979 0.965215
vt 0.535440 0.952381
vt 0.535980 0.952383
vt 0.535440 0.965216
vt 0.534133 0.965228
vt 0.544792 0.952382
vt 0.545740 0.965216
vt 0.544792 0.965217
vt 0.538684 0.952383
vt 0.539877 0.965216
vt 0.538683 0.965218
vt 0.544309 0.952384
vt 0.540359 0.952382
vt 0.539877 0.952381
vt 0.546223 0.952382
vt 0.545740 0.952381
vt 0.538201 0.952385
vt 0.536519 0.952390
vt 0.535980 0.965224
vt 0.535980 0.952391
vt 0.538200 0.965215
vt 0.537662 0.952381
vt 0.538201 0.952383
vt 0.537662 0.965216
vt 0.536518 0.965225
vt 0.540842 0.952383
vt 0.541885 0.965216
vt 0.540842 0.965218
vt 0.542368 0.952382
vt 0.541886 0.952381
vt 0.540360 0.952384
vt 0.956632 0.185100
vt 0.952389 0.184791
vt 0.956634 0.184791
vt 0.956626 0.186059
vt 0.952383 0.185749
vt 0.956631 0.185750
vt 0.956545 0.202975
vt 0.952383 0.202137
vt 0.956547 0.202137
vt 0.952385 0.185100
vt 0.956632 0.182269
vt 0.952386 0.181961
vt 0.956630 0.181960
vt 0.952382 0.183376
vt 0.956628 0.183067
vt 0.956627 0.183376
vt 0.952385 0.182270
vt 0.956628 0.191028
vt 0.952382 0.190268
vt 0.956629 0.190268
vt 0.952381 0.188443
vt 0.956628 0.187563
vt 0.956628 0.188443
vt 0.952383 0.190032
vt 0.952382 0.203274
vt 0.956544 0.203274
vt 0.952382 0.187327
vt 0.952381 0.187563
vt 0.952384 0.201838
vt 0.956546 0.201838
vt 0.956627 0.191264
vt 0.952381 0.191028
vt 0.956627 0.188679
vt 0.956578 0.199299
vt 0.952390 0.198843
vt 0.956581 0.198843
vt 0.956572 0.200366
vt 0.952384 0.199910
vt 0.956577 0.199911
vt 0.952385 0.199299
vt 0.956574 0.195814
vt 0.952382 0.195359
vt 0.956573 0.195359
vt 0.952386 0.197198
vt 0.956578 0.196742
vt 0.956577 0.197198
vt 0.952385 0.196742
vt 0.952381 0.195814
vt 0.952382 0.200766
vt 0.956574 0.201439
vt 0.952381 0.201439
vt 0.956574 0.197597
vt 0.952381 0.198444
vt 0.952381 0.197597
vt 0.956573 0.201838
vt 0.956574 0.198843
vt 0.956575 0.198444
vt 0.952383 0.200366
vt 0.956576 0.200766
vt 0.952382 0.197198
vt 0.952386 0.180676
vt 0.956861 0.180995
vt 0.952381 0.180995
vt 0.952386 0.181641
vt 0.956861 0.181960
vt 0.952383 0.181960
vt 0.956548 0.205595
vt 0.952384 0.204912
vt 0.956549 0.204912
vt 0.952382 0.192497
vt 0.956611 0.192816
vt 0.952381 0.192815
vt 0.956616 0.193609
vt 0.952388 0.193927
vt 0.952387 0.193609
vt 0.952382 0.177677
vt 0.956861 0.176921
vt 0.956862 0.177678
vt 0.956861 0.175406
vt 0.952381 0.176283
vt 0.952381 0.175406
vt 0.956861 0.177996
vt 0.952383 0.177996
vt 0.956544 0.205894
vt 0.952384 0.205595
vt 0.956860 0.176601
vt 0.952382 0.176601
vt 0.952389 0.204613
vt 0.956551 0.204613
vt 0.956860 0.176602
vt 0.952381 0.176920
vt 0.952382 0.176601
vt 0.952382 0.175087
vt 0.956860 0.175087
vt 0.952385 0.212946
vt 0.956399 0.213204
vt 0.952381 0.213204
vt 0.952384 0.213877
vt 0.956391 0.214136
vt 0.952381 0.214136
vt 0.956392 0.213877
vt 0.952382 0.209708
vt 0.956519 0.209966
vt 0.952381 0.209966
vt 0.956525 0.210646
vt 0.952387 0.210904
vt 0.952386 0.210646
vt 0.952383 0.215560
vt 0.956355 0.216348
vt 0.952381 0.216348
vt 0.952384 0.214338
vt 0.956362 0.215157
vt 0.952381 0.215157
vt 0.956355 0.215560
vt 0.952384 0.215358
vt 0.956354 0.215358
vt 0.956361 0.215358
vt 0.952382 0.215358
vt 0.956354 0.216550
vt 0.952382 0.216550
vt 0.956362 0.214337
vt 0.952385 0.214136
vt 0.956361 0.214136
vt 0.952383 0.211717
vt 0.956532 0.211939
vt 0.952383 0.211939
vt 0.952382 0.210904
vt 0.956532 0.211126
vt 0.952381 0.211126
vt 0.952382 0.205894
vt 0.956545 0.206123
vt 0.952381 0.206123
vt 0.956533 0.211717
vt 0.952383 0.207277
vt 0.956546 0.207505
vt 0.952382 0.207505
vt 0.956532 0.203495
vt 0.952382 0.203274
vt 0.956531 0.203274
vt 0.952398 0.204613
vt 0.956549 0.204392
vt 0.956548 0.204613
vt 0.956545 0.207277
vt 0.952382 0.207049
vt 0.956546 0.207049
vt 0.952398 0.204392
vt 0.952381 0.203495
vt 0.956545 0.208533
vt 0.952381 0.208305
vt 0.956545 0.208305
vt 0.952383 0.212768
vt 0.956531 0.212117
vt 0.956533 0.212768
vt 0.952384 0.209530
vt 0.956532 0.208711
vt 0.956535 0.209530
vt 0.956533 0.212946
vt 0.952382 0.208533
vt 0.952381 0.208711
vt 0.952382 0.211939
vt 0.952381 0.212117
vt 0.956534 0.209708
vt 0.380952 0.142857
vt 0.428571 0.095238
vt 0.428571 0.142857
vt 0.428571 0.190476
vt 0.428571 0.238095
vt 0.380952 0.285714
vt 0.428571 0.285714
vt 0.380952 0.333333
vt 0.428571 0.333333
vt 0.380952 0.380952
vt 0.428571 0.333333
vt 0.428571 0.380952
vt 0.380952 0.428571
vt 0.428571 0.428571
vt 0.000000 0.476190
vt 0.047619 0.476190
vt 0.095238 0.476190
vt 0.095238 0.428571
vt 0.142857 0.476190
vt 0.190476 0.476190
vt 0.238095 0.476190
vt 0.285714 0.476190
vt 0.333333 0.476190
vt 0.380952 0.476190
vt 0.428571 0.428571
vt 0.428571 0.476190
vt 0.428571 0.047619
vt 0.476190 -0.000000
vt 0.476190 0.047619
vt 0.476191 0.095238
vt 0.476190 0.047619
vt 0.476191 0.142857
vt 0.476191 0.095238
vt 0.476191 0.190476
vt 0.476191 0.238095
vt 0.476191 0.285714
vt 0.476191 0.333333
vt 0.476191 0.333333
vt 0.476191 0.380952
vt 0.476191 0.428571
vt 0.476191 0.476190
vt -0.000000 0.476190
vt 0.047619 0.523810
vt 0.000000 0.523810
vt 0.047619 0.476190
vt 0.095238 0.523810
vt 0.142857 0.523810
vt 0.190476 0.523810
vt 0.238095 0.523810
vt 0.285714 0.523809
vt 0.333333 0.523809
vt 0.380952 0.523809
vt 0.428571 0.523809
vt 0.428571 0.523809
vt 0.476190 0.476190
vt 0.476190 0.523809
vt 0.476190 0.047619
vt 0.523810 -0.000000
vt 0.523810 0.047619
vt 0.523810 0.095238
vt 0.523810 0.142857
vt 0.523810 0.190476
vt 0.523810 0.238095
vt 0.523810 0.285714
vt 0.523810 0.333333
vt 0.523810 0.380952
vt 0.476191 0.428571
vt 0.523810 0.428571
vt 0.523810 0.476190
vt 0.476190 0.523810
vt 0.523810 0.523810
vt -0.000000 0.523810
vt 0.047619 0.571429
vt 0.000000 0.571429
vt 0.095238 0.571429
vt 0.142857 0.571429
vt 0.190476 0.571429
vt 0.238095 0.571429
vt 0.285714 0.571429
vt 0.333333 0.571429
vt 0.952383 0.239749
vt 0.955864 0.240002
vt 0.952381 0.240002
vt 0.952388 0.238962
vt 0.955869 0.239216
vt 0.952384 0.239216
vt 0.955952 0.229620
vt 0.952383 0.228933
vt 0.955954 0.228933
vt 0.955868 0.239749
vt 0.952381 0.238708
vt 0.955865 0.238961
vt 0.952382 0.238962
vt 0.955868 0.237801
vt 0.952384 0.238054
vt 0.952385 0.237801
vt 0.955865 0.238708
vt 0.952382 0.241305
vt 0.955866 0.241930
vt 0.952381 0.241930
vt 0.955866 0.240196
vt 0.952381 0.240918
vt 0.952381 0.240196
vt 0.955865 0.242123
vt 0.955951 0.229866
vt 0.952381 0.229620
vt 0.955865 0.241112
vt 0.955866 0.240919
vt 0.952384 0.228688
vt 0.955953 0.228688
vt 0.952383 0.241112
vt 0.955866 0.241306
vt 0.952382 0.240002
vt 0.952383 0.227106
vt 0.955974 0.227480
vt 0.952381 0.227480
vt 0.952388 0.226230
vt 0.955979 0.226604
vt 0.952384 0.226604
vt 0.955978 0.227106
vt 0.955976 0.220364
vt 0.952382 0.219990
vt 0.955975 0.219990
vt 0.952385 0.221498
vt 0.955979 0.221126
vt 0.955977 0.221499
vt 0.952384 0.221125
vt 0.952381 0.220364
vt 0.952382 0.227808
vt 0.955976 0.228360
vt 0.952381 0.228360
vt 0.955976 0.225208
vt 0.952381 0.225903
vt 0.952381 0.225208
vt 0.955975 0.228688
vt 0.955975 0.226230
vt 0.955976 0.225903
vt 0.952383 0.227480
vt 0.955977 0.227808
vt 0.952382 0.224880
vt 0.952385 0.218936
vt 0.956057 0.219198
vt 0.952381 0.219198
vt 0.952385 0.219728
vt 0.956057 0.219990
vt 0.952383 0.219990
vt 0.952384 0.230111
vt 0.955954 0.230671
vt 0.952383 0.230671
vt 0.952382 0.242123
vt 0.955851 0.242385
vt 0.952381 0.242385
vt 0.955856 0.243036
vt 0.952386 0.243297
vt 0.952386 0.243035
vt 0.956057 0.218054
vt 0.952382 0.218675
vt 0.952381 0.218053
vt 0.952381 0.217530
vt 0.956057 0.216811
vt 0.956057 0.217530
vt 0.952382 0.217792
vt 0.956056 0.217792
vt 0.952388 0.229865
vt 0.955955 0.230111
vt 0.952382 0.216550
vt 0.956056 0.216550
vt 0.955950 0.230917
vt 0.952381 0.230917
vt 0.956057 0.218936
vt 0.952383 0.218936
vt 0.956056 0.217792
vt 0.952382 0.217792
vt 0.952385 0.243297
vt 0.955832 0.243510
vt 0.952381 0.243509
vt 0.952383 0.244062
vt 0.955826 0.244274
vt 0.952381 0.244274
vt 0.955827 0.244062
vt 0.952382 0.235145
vt 0.955931 0.235356
vt 0.952381 0.235356
vt 0.955936 0.235914
vt 0.952387 0.236126
vt 0.952386 0.235914
vt 0.952383 0.250843
vt 0.955796 0.251490
vt 0.952381 0.251490
vt 0.952383 0.249840
vt 0.955802 0.250512
vt 0.952381 0.250512
vt 0.955796 0.250843
vt 0.952384 0.250677
vt 0.955795 0.250677
vt 0.955801 0.250677
vt 0.952382 0.250677
vt 0.955796 0.251655
vt 0.952382 0.251655
vt 0.955802 0.249840
vt 0.952384 0.249675
vt 0.955801 0.249675
vt 0.952382 0.236793
vt 0.955941 0.236975
vt 0.952383 0.236975
vt 0.955940 0.236126
vt 0.952381 0.236308
vt 0.952382 0.236126
vt 0.952382 0.230917
vt 0.955952 0.231104
vt 0.952381 0.231104
vt 0.955941 0.236308
vt 0.955942 0.236793
vt 0.952382 0.233150
vt 0.955953 0.233337
vt 0.952382 0.233337
vt 0.955941 0.232233
vt 0.952382 0.232051
vt 0.955940 0.232051
vt 0.952395 0.233149
vt 0.955954 0.232968
vt 0.955954 0.233150
vt 0.955952 0.232051
vt 0.952381 0.231864
vt 0.955953 0.231864
vt 0.952394 0.232968
vt 0.952381 0.232233
vt 0.955952 0.233993
vt 0.952382 0.234180
vt 0.952381 0.233993
vt 0.952383 0.237655
vt 0.955941 0.237121
vt 0.955942 0.237655
vt 0.952384 0.234998
vt 0.955941 0.234327
vt 0.955943 0.234998
vt 0.955942 0.237801
vt 0.952382 0.234180
vt 0.952381 0.234327
vt 0.952382 0.236975
vt 0.952381 0.237121
vt 0.952384 0.235144
vt 0.380952 0.571429
vt 0.428571 0.571429
vt 0.476190 0.571429
vt 0.428571 0.571429
vt 0.523809 0.571429
vt 0.571429 -0.000000
vt 0.571429 0.047619
vt 0.571429 0.095238
vt 0.571429 0.142857
vt 0.571429 0.190476
vt 0.571429 0.238095
vt 0.571429 0.285714
vt 0.571429 0.333333
vt 0.571429 0.380952
vt 0.571429 0.428571
vt 0.523810 0.380952
vt 0.571429 0.380952
vt 0.523810 0.476191
vt 0.571429 0.476191
vt 0.571429 0.523810
vt 0.571429 0.571429
vt 0.523809 0.523810
vt 0.571429 0.523810
vt -0.000000 0.571429
vt 0.047619 0.619048
vt 0.000000 0.619048
vt 0.095238 0.619048
vt 0.142857 0.619048
vt 0.190476 0.619048
vt 0.238095 0.619048
vt 0.285714 0.619048
vt 0.333333 0.619048
vt 0.380952 0.619048
vt 0.428571 0.619048
vt 0.476190 0.619048
vt 0.523809 0.619048
vt 0.523809 0.619048
vt 0.571429 0.619048
vt 0.571429 0.047619
vt 0.619048 -0.000000
vt 0.619048 0.047619
vt 0.619048 0.095238
vt 0.619048 0.047619
vt 0.619048 0.142857
vt 0.619048 0.190476
vt 0.619048 0.238095
vt 0.619048 0.285714
vt 0.619048 0.333333
vt 0.619048 0.380952
vt 0.619048 0.380952
vt 0.619048 0.428571
vt 0.619048 0.476191
vt 0.619048 0.523810
vt 0.619048 0.476191
vt 0.619048 0.523810
vt 0.619048 0.571429
vt 0.619048 0.619048
vt -0.000000 0.619048
vt 0.047619 0.666667
vt 0.000000 0.666667
vt 0.095238 0.666667
vt 0.142857 0.666667
vt 0.142857 0.666667
vt 0.190476 0.666667
vt 0.238095 0.619048
vt 0.238095 0.666667
vt 0.285714 0.666667
vt 0.238095 0.666667
vt 0.333333 0.666667
vt 0.380952 0.666667
vt 0.428571 0.666667
vt 0.476190 0.666667
vt 0.523809 0.666667
vt 0.523809 0.666667
vt 0.571429 0.666667
vt 0.619048 0.619048
vt 0.619048 0.666667
vt 0.956632 0.186368
vt 0.952389 0.186059
vt 0.956634 0.186059
vt 0.956626 0.187327
vt 0.952383 0.187018
vt 0.956631 0.187018
vt 0.949469 0.989664
vt 0.950307 0.982241
vt 0.950307 0.989673
vt 0.952384 0.186368
vt 0.956632 0.183685
vt 0.952386 0.183376
vt 0.956631 0.183376
vt 0.952382 0.184791
vt 0.956628 0.184482
vt 0.956627 0.184791
vt 0.952385 0.183685
vt 0.956628 0.192261
vt 0.952382 0.191500
vt 0.956629 0.191500
vt 0.952381 0.189796
vt 0.956628 0.188915
vt 0.956628 0.189796
vt 0.952383 0.191264
vt 0.949170 0.982234
vt 0.949170 0.989663
vt 0.952382 0.188679
vt 0.952381 0.188915
vt 0.950606 0.982242
vt 0.950606 0.989671
vt 0.956627 0.192497
vt 0.952381 0.192261
vt 0.956627 0.190032
vt 0.950238 0.974768
vt 0.950693 0.967313
vt 0.950693 0.974771
vt 0.949170 0.974762
vt 0.949626 0.967306
vt 0.949626 0.974767
vt 0.950238 0.967308
vt 0.950554 0.959842
vt 0.951009 0.952382
vt 0.951009 0.959840
vt 0.949171 0.952382
vt 0.949626 0.959842
vt 0.949170 0.959840
vt 0.949626 0.952381
vt 0.950554 0.952381
vt 0.949570 0.982231
vt 0.950243 0.974772
vt 0.950243 0.982233
vt 0.949570 0.967303
vt 0.950417 0.959843
vt 0.950416 0.967304
vt 0.950642 0.974774
vt 0.949170 0.967301
vt 0.949570 0.959842
vt 0.949170 0.982230
vt 0.949570 0.974770
vt 0.950816 0.959844
vt 0.952386 0.179391
vt 0.956861 0.179710
vt 0.952381 0.179710
vt 0.952386 0.180356
vt 0.956861 0.180676
vt 0.952383 0.180676
vt 0.949469 0.997107
vt 0.950153 0.989677
vt 0.950152 0.997108
vt 0.952382 0.193928
vt 0.956611 0.194246
vt 0.952381 0.194246
vt 0.956616 0.195040
vt 0.952388 0.195358
vt 0.952387 0.195040
vt 0.952382 0.179072
vt 0.956861 0.178315
vt 0.956862 0.179072
vt 0.952381 0.174768
vt 0.956861 0.173892
vt 0.956861 0.174769
vt 0.956861 0.179391
vt 0.952383 0.179391
vt 0.949170 0.997102
vt 0.949470 0.989675
vt 0.956860 0.173573
vt 0.952381 0.173892
vt 0.952382 0.173573
vt 0.950452 0.989681
vt 0.950452 0.997111
vt 0.952382 0.177996
vt 0.956860 0.177996
vt 0.956860 0.175087
vt 0.952382 0.175087
vt 0.952385 0.165562
vt 0.959666 0.165820
vt 0.952381 0.165820
vt 0.952387 0.166493
vt 0.959661 0.166752
vt 0.952384 0.166752
vt 0.952382 0.162324
vt 0.959786 0.162582
vt 0.952381 0.162582
vt 0.959797 0.163262
vt 0.952393 0.163520
vt 0.952392 0.163262
vt 0.959621 0.168175
vt 0.952381 0.168964
vt 0.952382 0.168175
vt 0.952383 0.166953
vt 0.959629 0.167772
vt 0.952381 0.167772
vt 0.952383 0.167974
vt 0.959620 0.167974
vt 0.959628 0.167974
vt 0.952382 0.167974
vt 0.959621 0.169165
vt 0.952382 0.169165
vt 0.959628 0.166953
vt 0.952384 0.166752
vt 0.959627 0.166752
vt 0.959798 0.163521
vt 0.952381 0.163742
vt 0.952382 0.163521
vt 0.952383 0.164555
vt 0.959799 0.164333
vt 0.959799 0.164555
vt 0.951834 0.989674
vt 0.951606 0.997105
vt 0.951606 0.989673
vt 0.959799 0.163742
vt 0.952382 0.164333
vt 0.952383 0.158554
vt 0.959814 0.158783
vt 0.952383 0.158783
vt 0.959798 0.159811
vt 0.952381 0.160032
vt 0.952382 0.159811
vt 0.952391 0.161149
vt 0.959808 0.160929
vt 0.959807 0.161150
vt 0.950452 0.997103
vt 0.950680 0.989673
vt 0.950680 0.997104
vt 0.959799 0.160032
vt 0.952390 0.160928
vt 0.959812 0.159811
vt 0.952381 0.159582
vt 0.959813 0.159583
vt 0.959799 0.164733
vt 0.952382 0.165383
vt 0.952381 0.164733
vt 0.959799 0.161328
vt 0.952383 0.162146
vt 0.952381 0.161328
vt 0.952382 0.164555
vt 0.959800 0.162324
vt 0.959800 0.162146
vt 0.959799 0.165562
vt 0.959800 0.165384
vt 0.952382 0.161149
vt 0.619048 0.047619
vt 0.666667 -0.000000
vt 0.666667 0.047619
vt 0.619048 0.095238
vt 0.666667 0.095238
vt 0.619048 0.142857
vt 0.666667 0.142857
vt 0.666667 0.142857
vt 0.666667 0.190476
vt 0.666667 0.238095
vt 0.666667 0.285714
vt 0.666667 0.333333
vt 0.666667 0.380952
vt 0.666667 0.380952
vt 0.666667 0.428571
vt 0.666667 0.476191
vt 0.666667 0.476191
vt 0.666667 0.523810
vt 0.666667 0.571429
vt 0.666667 0.523810
vt 0.666667 0.619048
vt 0.619048 0.666667
vt 0.666667 0.666667
vt -0.000000 0.666667
vt 0.047619 0.714286
vt 0.000000 0.714286
vt 0.095238 0.714286
vt 0.095238 0.666667
vt 0.142857 0.714286
vt 0.190476 0.714286
vt 0.238095 0.714286
vt 0.285714 0.714286
vt 0.238095 0.714286
vt 0.333333 0.714286
vt 0.380952 0.714286
vt 0.428571 0.714286
vt 0.476190 0.714286
vt 0.523809 0.714286
vt 0.571429 0.714286
vt 0.619048 0.714286
vt 0.666667 0.666667
vt 0.666667 0.714286
vt 0.714286 0.047619
vt 0.666667 0.000000
vt 0.714286 -0.000000
vt 0.714286 0.095238
vt 0.714286 0.047619
vt 0.714286 0.142857
vt 0.666667 0.095238
vt 0.714286 0.095238
vt 0.714286 0.190476
vt 0.714286 0.142857
vt 0.714286 0.238095
vt 0.714286 0.285714
vt 0.714286 0.333333
vt 0.714286 0.380952
vt 0.714286 0.428571
vt 0.714286 0.380952
vt 0.714286 0.476191
vt 0.714286 0.523810
vt 0.714286 0.476191
vt 0.714286 0.523810
vt 0.714286 0.571429
vt 0.714286 0.619048
vt 0.714286 0.666667
vt 0.714286 0.714286
vt -0.000000 0.714286
vt 0.047619 0.761905
vt 0.000000 0.761905
vt 0.095238 0.761905
vt 0.142857 0.761905
vt 0.190476 0.761905
vt 0.238095 0.761905
vt 0.285714 0.761905
vt 0.238095 0.761905
vt 0.333333 0.761905
vt 0.380952 0.761905
vt 0.428571 0.761905
vt 0.476190 0.761905
vt 0.523809 0.761905
vt 0.955808 0.245664
vt 0.952388 0.245415
vt 0.955810 0.245415
vt 0.955803 0.246437
vt 0.952383 0.246188
vt 0.955807 0.246188
vt 0.954652 0.258200
vt 0.952385 0.258875
vt 0.952381 0.258200
vt 0.952384 0.245664
vt 0.955808 0.244523
vt 0.952385 0.244274
vt 0.955807 0.244274
vt 0.952382 0.245415
vt 0.955805 0.245166
vt 0.955804 0.245415
vt 0.952384 0.244523
vt 0.952382 0.247718
vt 0.955805 0.248331
vt 0.952381 0.248331
vt 0.955805 0.246627
vt 0.952381 0.247337
vt 0.952381 0.246627
vt 0.955804 0.248521
vt 0.952385 0.259116
vt 0.954656 0.258876
vt 0.954655 0.259117
vt 0.955805 0.247527
vt 0.955805 0.247337
vt 0.952382 0.257959
vt 0.954651 0.257959
vt 0.952382 0.247528
vt 0.955806 0.247718
vt 0.952382 0.246437
vt 0.954678 0.254833
vt 0.952387 0.254465
vt 0.954680 0.254465
vt 0.954674 0.255693
vt 0.952383 0.255326
vt 0.954678 0.255326
vt 0.952383 0.254833
vt 0.954674 0.251655
vt 0.952381 0.252022
vt 0.952381 0.251655
vt 0.952388 0.253136
vt 0.954682 0.252771
vt 0.954680 0.253139
vt 0.954676 0.252022
vt 0.952388 0.252769
vt 0.954676 0.256015
vt 0.952381 0.256558
vt 0.952381 0.256015
vt 0.954675 0.253461
vt 0.952382 0.254143
vt 0.952381 0.253460
vt 0.952382 0.255693
vt 0.954676 0.254465
vt 0.954677 0.254144
vt 0.954675 0.256880
vt 0.954676 0.256558
vt 0.952382 0.253139
vt 0.952385 0.223844
vt 0.955993 0.224102
vt 0.952381 0.224102
vt 0.952385 0.224623
vt 0.955993 0.224880
vt 0.952383 0.224880
vt 0.954654 0.260473
vt 0.952383 0.261023
vt 0.952383 0.260473
vt 0.952381 0.248778
vt 0.955790 0.248521
vt 0.955791 0.248778
vt 0.955796 0.249418
vt 0.952387 0.249675
vt 0.952386 0.249418
vt 0.955993 0.222977
vt 0.952382 0.223587
vt 0.952381 0.222977
vt 0.955993 0.221756
vt 0.952381 0.222463
vt 0.952381 0.221756
vt 0.952382 0.222720
vt 0.955992 0.222720
vt 0.954651 0.261265
vt 0.954654 0.261024
vt 0.955992 0.222720
vt 0.952382 0.222720
vt 0.952387 0.260232
vt 0.954656 0.260232
vt 0.955993 0.223844
vt 0.952383 0.223844
vt 0.952382 0.221499
vt 0.955992 0.221499
vt 0.952387 0.265836
vt 0.954537 0.266044
vt 0.952384 0.266044
vt 0.952383 0.266587
vt 0.954527 0.266795
vt 0.952381 0.266795
vt 0.954528 0.266587
vt 0.952382 0.264872
vt 0.954631 0.265079
vt 0.952381 0.265079
vt 0.952381 0.265628
vt 0.954630 0.265836
vt 0.952381 0.265836
vt 0.954631 0.265628
vt 0.954497 0.268578
vt 0.952382 0.267943
vt 0.954500 0.267943
vt 0.954502 0.267618
vt 0.952383 0.266957
vt 0.954506 0.266957
vt 0.952381 0.268578
vt 0.954496 0.268741
vt 0.952382 0.268741
vt 0.952383 0.266795
vt 0.954505 0.266795
vt 0.952382 0.267780
vt 0.954499 0.267780
vt 0.952381 0.267618
vt 0.954501 0.267780
vt 0.952382 0.267780
vt 0.954641 0.263404
vt 0.952382 0.263225
vt 0.954640 0.263225
vt 0.954642 0.264059
vt 0.952383 0.263880
vt 0.954642 0.263881
vt 0.952381 0.259301
vt 0.954651 0.259117
vt 0.954652 0.259301
vt 0.952381 0.263404
vt 0.952382 0.261265
vt 0.954652 0.261449
vt 0.952381 0.261449
vt 0.952401 0.257781
vt 0.954661 0.257959
vt 0.952402 0.257959
vt 0.954641 0.256880
vt 0.952381 0.257058
vt 0.952382 0.256880
vt 0.954654 0.260232
vt 0.952383 0.260048
vt 0.954654 0.260048
vt 0.954642 0.257058
vt 0.954662 0.257781
vt 0.954652 0.262094
vt 0.952382 0.262278
vt 0.952381 0.262094
vt 0.952383 0.264727
vt 0.954641 0.264203
vt 0.954643 0.264727
vt 0.952385 0.263081
vt 0.954641 0.262422
vt 0.954645 0.263082
vt 0.952384 0.264871
vt 0.952381 0.262422
vt 0.954640 0.262278
vt 0.952382 0.264059
vt 0.952381 0.264203
vt 0.954644 0.263225
vt 0.571429 0.761905
vt 0.619048 0.761905
vt 0.619048 0.714286
vt 0.666667 0.761905
vt 0.666667 0.714286
vt 0.714286 0.761905
vt 0.761905 -0.000000
vt 0.761905 0.047619
vt 0.761905 0.047619
vt 0.761905 0.095238
vt 0.761905 0.142857
vt 0.761905 0.190476
vt 0.761905 0.142857
vt 0.761905 0.238095
vt 0.761905 0.285714
vt 0.761905 0.333333
vt 0.761905 0.380952
vt 0.761905 0.428571
vt 0.761905 0.380952
vt 0.761905 0.476191
vt 0.761905 0.476191
vt 0.761905 0.523810
vt 0.761905 0.571429
vt 0.761905 0.523810
vt 0.761905 0.619048
vt 0.761905 0.666667
vt 0.761905 0.714286
vt 0.761905 0.714286
vt 0.761905 0.761905
vt -0.000000 0.761905
vt 0.047619 0.809524
vt 0.000000 0.809524
vt 0.095238 0.809524
vt 0.142857 0.809524
vt 0.190476 0.809524
vt 0.238095 0.809524
vt 0.285714 0.761905
vt 0.285714 0.809524
vt 0.333333 0.809524
vt 0.380952 0.809524
vt 0.428571 0.809524
vt 0.476190 0.809524
vt 0.523810 0.809524
vt 0.571429 0.809524
vt 0.619048 0.809524
vt 0.666667 0.809524
vt 0.714286 0.809524
vt 0.761905 0.809524
vt 0.809524 0.047619
vt 0.761905 0.000000
vt 0.809524 -0.000000
vt 0.809524 0.095238
vt 0.809524 0.142857
vt 0.761905 0.190476
vt 0.809524 0.190476
vt 0.761905 0.238095
vt 0.809524 0.190476
vt 0.809524 0.238095
vt 0.761905 0.285714
vt 0.809524 0.285714
vt 0.809524 0.333333
vt 0.809524 0.380952
vt 0.761905 0.333333
vt 0.809524 0.428571
vt 0.809524 0.476191
vt 0.761905 0.523810
vt 0.809524 0.523810
vt 0.761905 0.571429
vt 0.809524 0.571429
vt 0.809524 0.619048
vt 0.809524 0.666667
vt 0.761905 0.619048
vt 0.761905 0.714286
vt 0.809524 0.714286
vt 0.761905 0.761905
vt 0.809524 0.714286
vt 0.809524 0.761905
vt 0.761905 0.809524
vt 0.809524 0.809524
vt 0.000000 0.857143
vt 0.047619 0.857143
vt 0.095238 0.857143
vt 0.095238 0.809524
vt 0.142857 0.857143
vt 0.190476 0.857143
vt 0.238095 0.857143
vt 0.285714 0.857143
vt 0.333333 0.857143
vt 0.953410 0.169165
vt 0.955219 0.170922
vt 0.954202 0.170878
vt 0.954145 0.170925
vt 0.954674 0.171816
vt 0.952381 0.171342
vt 0.953677 0.173573
vt 0.957512 0.171396
vt 0.956216 0.169165
vt 0.956483 0.173573
vt 0.955747 0.171813
vt 0.955690 0.171860
vt 0.614712 0.952936
vt 0.616443 0.959236
vt 0.614722 0.959534
vt 0.613170 0.953018
vt 0.611677 0.959534
vt 0.611627 0.952938
vt 0.609988 0.959246
vt 0.743065 0.952936
vt 0.744796 0.959236
vt 0.743076 0.959534
vt 0.741523 0.953018
vt 0.740030 0.959534
vt 0.739981 0.952938
vt 0.738342 0.959246
vt 0.622262 0.952936
vt 0.623993 0.959236
vt 0.622273 0.959534
vt 0.620720 0.953018
vt 0.619227 0.959534
vt 0.619178 0.952938
vt 0.617539 0.959246
vt 0.952936 0.070202
vt 0.959236 0.068471
vt 0.959534 0.070191
vt 0.953018 0.071744
vt 0.959534 0.073237
vt 0.952938 0.073286
vt 0.959246 0.074925
vt 0.952936 0.077752
vt 0.959236 0.076021
vt 0.959534 0.077742
vt 0.953018 0.079294
vt 0.959534 0.080787
vt 0.952938 0.080837
vt 0.959246 0.082476
vt 0.593792 0.953206
vt 0.592061 0.959506
vt 0.592072 0.952907
vt 0.590519 0.959424
vt 0.589026 0.952907
vt 0.590549 0.952863
vt 0.587338 0.953196
vt 0.588977 0.959503
vt 0.587222 0.959406
vt 0.737246 0.953206
vt 0.735515 0.959506
vt 0.735525 0.952907
vt 0.733973 0.959424
vt 0.732480 0.952907
vt 0.734003 0.952863
vt 0.730791 0.953196
vt 0.732430 0.959503
vt 0.730676 0.959406
vt 0.601342 0.953206
vt 0.599611 0.959506
vt 0.599622 0.952907
vt 0.598069 0.959424
vt 0.596577 0.952907
vt 0.598099 0.952863
vt 0.594888 0.953196
vt 0.596527 0.959503
vt 0.594772 0.959406
vt 0.953206 0.143973
vt 0.959506 0.145704
vt 0.952907 0.145694
vt 0.959424 0.147246
vt 0.952908 0.148739
vt 0.952863 0.147216
vt 0.953196 0.150428
vt 0.959503 0.148789
vt 0.959406 0.150543
vt 0.714595 0.953206
vt 0.712864 0.959506
vt 0.712875 0.952907
vt 0.711322 0.959424
vt 0.709830 0.952907
vt 0.711352 0.952863
vt 0.708141 0.953196
vt 0.709780 0.959503
vt 0.708025 0.959406
vt 0.629812 0.952936
vt 0.631543 0.959236
vt 0.629823 0.959534
vt 0.628270 0.953018
vt 0.626777 0.959534
vt 0.626728 0.952938
vt 0.625089 0.959246
vt 0.750615 0.952936
vt 0.752346 0.959236
vt 0.750626 0.959534
vt 0.749073 0.953018
vt 0.747581 0.959534
vt 0.747531 0.952938
vt 0.745892 0.959246
vt 0.682664 0.952936
vt 0.684395 0.959236
vt 0.682674 0.959534
vt 0.681121 0.953018
vt 0.679629 0.959534
vt 0.679579 0.952938
vt 0.677940 0.959246
vt 0.952936 0.085302
vt 0.959236 0.083571
vt 0.959534 0.085292
vt 0.953018 0.086844
vt 0.959534 0.088337
vt 0.952938 0.088387
vt 0.959246 0.090026
vt 0.687164 0.959506
vt 0.685432 0.953206
vt 0.687153 0.952907
vt 0.688706 0.959424
vt 0.690198 0.952907
vt 0.690248 0.959503
vt 0.691887 0.953196
vt 0.934589 0.959236
vt 0.936320 0.952936
vt 0.936309 0.959534
vt 0.937862 0.953018
vt 0.939355 0.959534
vt 0.937832 0.959579
vt 0.941043 0.959246
vt 0.939404 0.952938
vt 0.941159 0.953036
vt 0.639093 0.953206
vt 0.637362 0.959506
vt 0.637373 0.952907
vt 0.635820 0.959424
vt 0.634328 0.952907
vt 0.635850 0.952863
vt 0.632639 0.953196
vt 0.634278 0.959503
vt 0.632523 0.959406
vt 0.953206 0.008069
vt 0.959506 0.009800
vt 0.952907 0.009790
vt 0.959424 0.011342
vt 0.952907 0.012835
vt 0.952863 0.011312
vt 0.953196 0.014524
vt 0.959503 0.012885
vt 0.959406 0.014639
vt 0.865599 0.953206
vt 0.863868 0.959506
vt 0.863879 0.952907
vt 0.862326 0.959424
vt 0.860833 0.952907
vt 0.862356 0.952863
vt 0.859145 0.953196
vt 0.860784 0.959503
vt 0.859029 0.959406
vt 0.669294 0.953206
vt 0.667563 0.959506
vt 0.667574 0.952907
vt 0.666021 0.959424
vt 0.664528 0.952907
vt 0.666051 0.952863
vt 0.662840 0.953196
vt 0.664479 0.959503
vt 0.662724 0.959406
vt 0.959506 0.027951
vt 0.953206 0.029682
vt 0.952907 0.027961
vt 0.959424 0.026409
vt 0.952908 0.024916
vt 0.959503 0.024866
vt 0.953196 0.023227
vt 0.952936 0.100403
vt 0.959236 0.098672
vt 0.959534 0.100392
vt 0.953018 0.101945
vt 0.959534 0.103437
vt 0.952938 0.103487
vt 0.959246 0.105126
vt 0.641862 0.959506
vt 0.640131 0.953206
vt 0.641852 0.952908
vt 0.643405 0.959424
vt 0.644897 0.952908
vt 0.644947 0.959503
vt 0.646586 0.953196
vt 0.815517 0.959506
vt 0.813786 0.953206
vt 0.815506 0.952907
vt 0.817059 0.959424
vt 0.818552 0.952907
vt 0.818601 0.959503
vt 0.820240 0.953196
vt 0.959506 0.111003
vt 0.953206 0.112734
vt 0.952907 0.111014
vt 0.959424 0.109461
vt 0.952907 0.107968
vt 0.959503 0.107919
vt 0.953196 0.106280
vt 0.889288 0.959236
vt 0.891019 0.952936
vt 0.891008 0.959534
vt 0.892561 0.953018
vt 0.894053 0.959534
vt 0.892531 0.959579
vt 0.895742 0.959246
vt 0.894103 0.952938
vt 0.895858 0.953036
vt 0.783585 0.959236
vt 0.785316 0.952936
vt 0.785306 0.959534
vt 0.786858 0.953018
vt 0.788351 0.959534
vt 0.786828 0.959579
vt 0.790040 0.959246
vt 0.788401 0.952938
vt 0.790155 0.953035
vt 0.579730 0.959236
vt 0.581461 0.952936
vt 0.581450 0.959534
vt 0.583003 0.953018
vt 0.584495 0.959534
vt 0.582973 0.959579
vt 0.586184 0.959246
vt 0.584545 0.952938
vt 0.586300 0.953036
vt 0.959236 0.158036
vt 0.952936 0.156305
vt 0.959534 0.156315
vt 0.953018 0.154762
vt 0.959534 0.153270
vt 0.959579 0.154792
vt 0.959246 0.151581
vt 0.952938 0.153220
vt 0.953036 0.151465
vt 0.948651 0.953206
vt 0.946920 0.959506
vt 0.946931 0.952907
vt 0.945378 0.959424
vt 0.943886 0.952907
vt 0.945408 0.952863
vt 0.942197 0.953196
vt 0.943836 0.959503
vt 0.942081 0.959406
vt 0.952936 0.115503
vt 0.959236 0.113772
vt 0.959534 0.115493
vt 0.953018 0.117045
vt 0.959534 0.118538
vt 0.952938 0.118588
vt 0.959246 0.120227
vt 0.959506 0.043051
vt 0.953206 0.044782
vt 0.952908 0.043062
vt 0.959424 0.041509
vt 0.952908 0.040017
vt 0.959503 0.039967
vt 0.953196 0.038328
vt 0.952936 0.032451
vt 0.959236 0.030720
vt 0.959534 0.032440
vt 0.953018 0.033993
vt 0.959534 0.035485
vt 0.952938 0.035535
vt 0.959246 0.037174
vt 0.952936 0.092852
vt 0.959236 0.091121
vt 0.959534 0.092842
vt 0.953018 0.094395
vt 0.959534 0.095887
vt 0.952938 0.095937
vt 0.959246 0.097576
vt 0.952936 0.123053
vt 0.959236 0.121322
vt 0.959534 0.123043
vt 0.953018 0.124595
vt 0.959534 0.126088
vt 0.952938 0.126138
vt 0.959246 0.127777
vt 0.722146 0.953206
vt 0.720415 0.959506
vt 0.720425 0.952907
vt 0.718872 0.959424
vt 0.717380 0.952907
vt 0.718902 0.952863
vt 0.715691 0.953196
vt 0.717330 0.959503
vt 0.715575 0.959406
vt 0.782547 0.953206
vt 0.780816 0.959506
vt 0.780827 0.952907
vt 0.779274 0.959424
vt 0.777781 0.952908
vt 0.779304 0.952863
vt 0.776093 0.953196
vt 0.777732 0.959503
vt 0.775977 0.959406
vt 0.953206 0.045820
vt 0.959506 0.047551
vt 0.952907 0.047541
vt 0.959424 0.049093
vt 0.952908 0.050586
vt 0.952863 0.049064
vt 0.953196 0.052275
vt 0.959503 0.050636
vt 0.959406 0.052390
vt 0.759897 0.953206
vt 0.758165 0.959506
vt 0.758176 0.952907
vt 0.756623 0.959424
vt 0.755131 0.952908
vt 0.756653 0.952863
vt 0.753442 0.953196
vt 0.755081 0.959503
vt 0.753326 0.959406
vt 0.760934 0.959236
vt 0.762665 0.952936
vt 0.762655 0.959534
vt 0.764208 0.953018
vt 0.765700 0.959534
vt 0.764178 0.959579
vt 0.767389 0.959246
vt 0.765750 0.952938
vt 0.767504 0.953036
vt 0.795916 0.952936
vt 0.797648 0.959236
vt 0.795927 0.959534
vt 0.794374 0.953018
vt 0.792882 0.959534
vt 0.792832 0.952938
vt 0.791193 0.959246
vt 0.770216 0.959506
vt 0.768485 0.953206
vt 0.770205 0.952908
vt 0.771758 0.959424
vt 0.773250 0.952908
vt 0.773300 0.959503
vt 0.774939 0.953196
vt 0.656963 0.959506
vt 0.655232 0.953206
vt 0.656952 0.952907
vt 0.658505 0.959424
vt 0.659998 0.952908
vt 0.660047 0.959503
vt 0.661686 0.953196
vt 0.675113 0.952936
vt 0.676844 0.959236
vt 0.675124 0.959534
vt 0.673571 0.953018
vt 0.672079 0.959534
vt 0.672029 0.952938
vt 0.670390 0.959246
vt 0.952936 0.130603
vt 0.959236 0.128872
vt 0.959534 0.130593
vt 0.953018 0.132146
vt 0.959534 0.133638
vt 0.952938 0.133688
vt 0.959246 0.135327
vt 0.729696 0.953206
vt 0.727965 0.959506
vt 0.727975 0.952907
vt 0.726423 0.959424
vt 0.724930 0.952907
vt 0.726452 0.952863
vt 0.723241 0.953196
vt 0.724880 0.959503
vt 0.723126 0.959406
vt 0.828886 0.959236
vt 0.830617 0.952936
vt 0.830607 0.959534
vt 0.832159 0.953018
vt 0.833652 0.959534
vt 0.832129 0.959579
vt 0.835341 0.959246
vt 0.833702 0.952938
vt 0.835456 0.953036
vt 0.933551 0.953206
vt 0.931820 0.959506
vt 0.931830 0.952907
vt 0.930278 0.959424
vt 0.928785 0.952907
vt 0.930308 0.952863
vt 0.927096 0.953196
vt 0.928735 0.959503
vt 0.926981 0.959406
vt 0.959236 0.007031
vt 0.952936 0.005300
vt 0.959534 0.005311
vt 0.953018 0.003758
vt 0.959534 0.002266
vt 0.959579 0.003788
vt 0.959246 0.000577
vt 0.952938 0.002216
vt 0.953036 0.000461
vt 0.904388 0.959236
vt 0.906119 0.952936
vt 0.906109 0.959534
vt 0.907661 0.953018
vt 0.909154 0.959534
vt 0.907631 0.959579
vt 0.910843 0.959246
vt 0.909204 0.952938
vt 0.910958 0.953035
vt 0.604111 0.959506
vt 0.602380 0.953206
vt 0.604101 0.952908
vt 0.605654 0.959424
vt 0.607146 0.952908
vt 0.607196 0.959503
vt 0.608835 0.953196
vt 0.838167 0.959506
vt 0.836436 0.953206
vt 0.838157 0.952907
vt 0.839710 0.959424
vt 0.841202 0.952907
vt 0.841252 0.959503
vt 0.842891 0.953196
vt 0.649413 0.959506
vt 0.647681 0.953206
vt 0.649402 0.952907
vt 0.650955 0.959424
vt 0.652447 0.952908
vt 0.652497 0.959503
vt 0.654136 0.953196
vt 0.868368 0.959506
vt 0.866637 0.953206
vt 0.868358 0.952907
vt 0.869910 0.959424
vt 0.871403 0.952907
vt 0.871453 0.959503
vt 0.873092 0.953196
vt 0.959506 0.065702
vt 0.953206 0.067433
vt 0.952907 0.065712
vt 0.959424 0.064160
vt 0.952908 0.062667
vt 0.959503 0.062617
vt 0.953196 0.060978
vt 0.692983 0.959236
vt 0.694714 0.952936
vt 0.694703 0.959534
vt 0.696256 0.953018
vt 0.697748 0.959534
vt 0.696226 0.959579
vt 0.699437 0.959246
vt 0.697798 0.952938
vt 0.699553 0.953035
vt 0.896838 0.959236
vt 0.898569 0.952936
vt 0.898558 0.959534
vt 0.900111 0.953018
vt 0.901604 0.959534
vt 0.900081 0.959579
vt 0.903292 0.959246
vt 0.901653 0.952938
vt 0.903408 0.953035
vt 0.821336 0.959236
vt 0.823067 0.952936
vt 0.823057 0.959534
vt 0.824609 0.953018
vt 0.826102 0.959534
vt 0.824579 0.959579
vt 0.827791 0.959246
vt 0.826152 0.952938
vt 0.827906 0.953035
vt 0.959236 0.022132
vt 0.952936 0.020401
vt 0.959534 0.020411
vt 0.953018 0.018858
vt 0.959534 0.017366
vt 0.959579 0.018888
vt 0.959246 0.015677
vt 0.952938 0.017316
vt 0.953036 0.015562
vt 0.911938 0.959236
vt 0.913669 0.952936
vt 0.913659 0.959534
vt 0.915212 0.953018
vt 0.916704 0.959534
vt 0.915182 0.959579
vt 0.918393 0.959246
vt 0.916754 0.952938
vt 0.918508 0.953036
vt 0.921220 0.959506
vt 0.919489 0.953206
vt 0.921209 0.952907
vt 0.922762 0.959424
vt 0.924254 0.952908
vt 0.924304 0.959503
vt 0.925943 0.953196
vt 0.800416 0.959506
vt 0.798685 0.953206
vt 0.800406 0.952907
vt 0.801959 0.959424
vt 0.803451 0.952907
vt 0.803501 0.959503
vt 0.805140 0.953196
vt 0.875918 0.959506
vt 0.874187 0.953206
vt 0.875908 0.952907
vt 0.877461 0.959424
vt 0.878953 0.952907
vt 0.879003 0.959503
vt 0.880642 0.953196
vt 0.853268 0.959506
vt 0.851537 0.953206
vt 0.853257 0.952908
vt 0.854810 0.959424
vt 0.856303 0.952908
vt 0.856352 0.959503
vt 0.857991 0.953196
vt 0.807967 0.959506
vt 0.806236 0.953206
vt 0.807956 0.952907
vt 0.809509 0.959424
vt 0.811001 0.952907
vt 0.811051 0.959503
vt 0.812690 0.953196
vt 0.959236 0.059883
vt 0.952936 0.058152
vt 0.959534 0.058162
vt 0.953018 0.056609
vt 0.959534 0.055117
vt 0.959579 0.056639
vt 0.959246 0.053428
vt 0.952938 0.055067
vt 0.953036 0.053313
vt 0.843986 0.959236
vt 0.845717 0.952936
vt 0.845707 0.959534
vt 0.847260 0.953018
vt 0.848752 0.959534
vt 0.847230 0.959579
vt 0.850441 0.959246
vt 0.848802 0.952938
vt 0.850557 0.953035
vt 0.881737 0.959236
vt 0.883469 0.952936
vt 0.883458 0.959534
vt 0.885011 0.953018
vt 0.886503 0.959534
vt 0.884981 0.959579
vt 0.888192 0.959246
vt 0.886553 0.952938
vt 0.888308 0.953036
vt 0.959236 0.142935
vt 0.952936 0.141204
vt 0.959534 0.141215
vt 0.953018 0.139662
vt 0.959534 0.138169
vt 0.959579 0.139692
vt 0.959246 0.136481
vt 0.952938 0.138120
vt 0.953035 0.136365
vt 0.700533 0.959236
vt 0.702264 0.952936
vt 0.702253 0.959534
vt 0.703806 0.953018
vt 0.705299 0.959534
vt 0.703776 0.959579
vt 0.706987 0.959246
vt 0.705348 0.952938
vt 0.707103 0.953035
vt 0.609873 0.953035
vt 0.609516 0.959444
vt 0.609412 0.952819
vt 0.616503 0.953026
vt 0.616916 0.959434
vt 0.613170 0.952532
vt 0.614757 0.952381
vt 0.613199 0.960059
vt 0.613200 0.959579
vt 0.611586 0.960061
vt 0.611579 0.952382
vt 0.614813 0.960061
vt 0.616962 0.952804
vt 0.738226 0.953035
vt 0.737870 0.959444
vt 0.737765 0.952819
vt 0.744856 0.953026
vt 0.745269 0.959434
vt 0.741523 0.952532
vt 0.743111 0.952381
vt 0.741553 0.960059
vt 0.741553 0.959579
vt 0.739940 0.960061
vt 0.739933 0.952382
vt 0.743167 0.960061
vt 0.745315 0.952804
vt 0.617423 0.953035
vt 0.617067 0.959444
vt 0.616962 0.952819
vt 0.624053 0.953026
vt 0.624466 0.959434
vt 0.620720 0.952532
vt 0.622307 0.952381
vt 0.620749 0.960059
vt 0.620750 0.959579
vt 0.619137 0.960061
vt 0.619129 0.952382
vt 0.622364 0.960061
vt 0.624512 0.952804
vt 0.953036 0.075041
vt 0.959444 0.075397
vt 0.952819 0.075502
vt 0.953027 0.068411
vt 0.959434 0.067998
vt 0.952532 0.071744
vt 0.952381 0.070157
vt 0.960059 0.071715
vt 0.959579 0.071714
vt 0.960061 0.073327
vt 0.952382 0.073335
vt 0.960061 0.070100
vt 0.952804 0.067952
vt 0.953036 0.082591
vt 0.959444 0.082948
vt 0.952819 0.083052
vt 0.953027 0.075961
vt 0.959434 0.075548
vt 0.952532 0.079294
vt 0.952381 0.077707
vt 0.960059 0.079265
vt 0.959579 0.079264
vt 0.960061 0.080877
vt 0.952382 0.080885
vt 0.960061 0.077651
vt 0.952804 0.075502
vt 0.586866 0.952998
vt 0.593852 0.959415
vt 0.594265 0.953008
vt 0.594311 0.959638
vt 0.590519 0.959909
vt 0.590549 0.952383
vt 0.592163 0.952381
vt 0.588929 0.960060
vt 0.588936 0.952381
vt 0.586761 0.959622
vt 0.592107 0.960061
vt 0.730319 0.952998
vt 0.737306 0.959415
vt 0.737719 0.953008
vt 0.737765 0.959638
vt 0.733973 0.959909
vt 0.734002 0.952383
vt 0.735616 0.952381
vt 0.732382 0.960060
vt 0.732390 0.952381
vt 0.730215 0.959622
vt 0.735560 0.960061
vt 0.594416 0.952998
vt 0.601403 0.959415
vt 0.601816 0.953008
vt 0.601861 0.959638
vt 0.598069 0.959909
vt 0.598099 0.952383
vt 0.599713 0.952381
vt 0.596479 0.960060
vt 0.596486 0.952381
vt 0.594311 0.959622
vt 0.599657 0.960061
vt 0.952998 0.150900
vt 0.959415 0.143913
vt 0.953008 0.143500
vt 0.959638 0.143454
vt 0.959909 0.147246
vt 0.952383 0.147217
vt 0.952381 0.145603
vt 0.960060 0.148837
vt 0.952381 0.148829
vt 0.959623 0.151004
vt 0.960061 0.145659
vt 0.707669 0.952998
vt 0.714655 0.959415
vt 0.715069 0.953008
vt 0.715114 0.959638
vt 0.711322 0.959909
vt 0.711352 0.952383
vt 0.712966 0.952381
vt 0.709732 0.960060
vt 0.709739 0.952381
vt 0.707564 0.959622
vt 0.712910 0.960061
vt 0.624973 0.953036
vt 0.624617 0.959444
vt 0.624512 0.952819
vt 0.631603 0.953027
vt 0.632016 0.959434
vt 0.628270 0.952532
vt 0.629857 0.952381
vt 0.628299 0.960059
vt 0.628300 0.959579
vt 0.626687 0.960061
vt 0.626679 0.952382
vt 0.629914 0.960061
vt 0.632062 0.952804
vt 0.745776 0.953035
vt 0.745420 0.959444
vt 0.745315 0.952819
vt 0.752407 0.953026
vt 0.752820 0.959434
vt 0.749073 0.952532
vt 0.750661 0.952381
vt 0.749103 0.960059
vt 0.749103 0.959579
vt 0.747490 0.960061
vt 0.747483 0.952382
vt 0.750717 0.960061
vt 0.752865 0.952804
vt 0.677824 0.953036
vt 0.677468 0.959444
vt 0.677363 0.952819
vt 0.684455 0.953027
vt 0.684868 0.959434
vt 0.681121 0.952532
vt 0.682709 0.952381
vt 0.681151 0.960059
vt 0.681151 0.959579
vt 0.679538 0.960061
vt 0.679531 0.952382
vt 0.682765 0.960061
vt 0.684914 0.952804
vt 0.953035 0.090141
vt 0.959444 0.090498
vt 0.952819 0.090602
vt 0.953026 0.083511
vt 0.959434 0.083098
vt 0.952532 0.086844
vt 0.952381 0.085257
vt 0.960059 0.086815
vt 0.959579 0.086815
vt 0.960061 0.088428
vt 0.952381 0.088435
vt 0.960061 0.085201
vt 0.952804 0.083052
vt 0.692003 0.959406
vt 0.692359 0.952998
vt 0.692464 0.959622
vt 0.685372 0.959415
vt 0.684959 0.953008
vt 0.688706 0.959909
vt 0.687118 0.960061
vt 0.688676 0.952383
vt 0.688676 0.952863
vt 0.690289 0.952381
vt 0.690296 0.960060
vt 0.687062 0.952381
vt 0.684914 0.959638
vt 0.941515 0.959444
vt 0.934529 0.953027
vt 0.934116 0.959434
vt 0.934070 0.952804
vt 0.937862 0.952532
vt 0.937833 0.960059
vt 0.936218 0.960061
vt 0.939453 0.952382
vt 0.939445 0.960061
vt 0.941620 0.952819
vt 0.936275 0.952381
vt 0.632167 0.952998
vt 0.639154 0.959415
vt 0.639567 0.953008
vt 0.639612 0.959638
vt 0.635820 0.959909
vt 0.635850 0.952383
vt 0.637464 0.952381
vt 0.634230 0.960060
vt 0.634237 0.952381
vt 0.632062 0.959622
vt 0.637408 0.960061
vt 0.952998 0.014996
vt 0.959415 0.008009
vt 0.953008 0.007596
vt 0.959638 0.007550
vt 0.959909 0.011342
vt 0.952383 0.011313
vt 0.952381 0.009699
vt 0.960060 0.012933
vt 0.952381 0.012926
vt 0.959623 0.015100
vt 0.960061 0.009755
vt 0.858673 0.952998
vt 0.865659 0.959415
vt 0.866072 0.953008
vt 0.866118 0.959638
vt 0.862326 0.959909
vt 0.862356 0.952383
vt 0.863970 0.952381
vt 0.860736 0.960060
vt 0.860743 0.952381
vt 0.858568 0.959622
vt 0.863913 0.960061
vt 0.662368 0.952998
vt 0.669354 0.959415
vt 0.669767 0.953008
vt 0.669813 0.959638
vt 0.666021 0.959909
vt 0.666050 0.952383
vt 0.667665 0.952381
vt 0.664430 0.960060
vt 0.664438 0.952381
vt 0.662263 0.959622
vt 0.667608 0.960061
vt 0.959406 0.023112
vt 0.952998 0.022755
vt 0.959623 0.022651
vt 0.959415 0.029742
vt 0.953008 0.030155
vt 0.959909 0.026409
vt 0.960061 0.027996
vt 0.952383 0.026438
vt 0.952863 0.026439
vt 0.952381 0.024826
vt 0.960060 0.024818
vt 0.952381 0.028052
vt 0.959638 0.030201
vt 0.953036 0.105242
vt 0.959444 0.105598
vt 0.952819 0.105703
vt 0.953027 0.098612
vt 0.959434 0.098198
vt 0.952532 0.101945
vt 0.952381 0.100357
vt 0.960059 0.101915
vt 0.959579 0.101915
vt 0.960061 0.103528
vt 0.952382 0.103535
vt 0.960061 0.100301
vt 0.952804 0.098153
vt 0.646701 0.959406
vt 0.647058 0.952998
vt 0.647163 0.959623
vt 0.640071 0.959415
vt 0.639658 0.953008
vt 0.643405 0.959910
vt 0.641817 0.960061
vt 0.643375 0.952383
vt 0.643375 0.952863
vt 0.644988 0.952381
vt 0.644995 0.960060
vt 0.641761 0.952381
vt 0.639612 0.959638
vt 0.820356 0.959406
vt 0.820712 0.952998
vt 0.820817 0.959622
vt 0.813726 0.959415
vt 0.813313 0.953008
vt 0.817059 0.959909
vt 0.815472 0.960061
vt 0.817029 0.952383
vt 0.817029 0.952863
vt 0.818642 0.952381
vt 0.818649 0.960060
vt 0.815415 0.952381
vt 0.813267 0.959638
vt 0.959406 0.106164
vt 0.952998 0.105808
vt 0.959622 0.105703
vt 0.959415 0.112794
vt 0.953008 0.113207
vt 0.959909 0.109461
vt 0.960061 0.111049
vt 0.952383 0.109491
vt 0.952863 0.109491
vt 0.952381 0.107878
vt 0.960060 0.107871
vt 0.952381 0.111105
vt 0.959638 0.113253
vt 0.896214 0.959444
vt 0.889228 0.953027
vt 0.888814 0.959434
vt 0.888769 0.952804
vt 0.892561 0.952532
vt 0.892531 0.960059
vt 0.890917 0.960061
vt 0.894151 0.952382
vt 0.894144 0.960061
vt 0.896319 0.952819
vt 0.890973 0.952381
vt 0.790512 0.959444
vt 0.783525 0.953026
vt 0.783112 0.959434
vt 0.783066 0.952804
vt 0.786858 0.952532
vt 0.786829 0.960059
vt 0.785215 0.960061
vt 0.788449 0.952382
vt 0.788441 0.960061
vt 0.790616 0.952819
vt 0.785271 0.952381
vt 0.586656 0.959444
vt 0.579670 0.953027
vt 0.579256 0.959434
vt 0.579211 0.952804
vt 0.583003 0.952532
vt 0.582973 0.960059
vt 0.581359 0.960061
vt 0.584593 0.952382
vt 0.584586 0.960061
vt 0.586761 0.952819
vt 0.581415 0.952381
vt 0.959444 0.151109
vt 0.953027 0.158096
vt 0.959434 0.158509
vt 0.952804 0.158554
vt 0.952532 0.154762
vt 0.960059 0.154792
vt 0.960061 0.156406
vt 0.952382 0.153172
vt 0.960061 0.153179
vt 0.952819 0.151004
vt 0.952381 0.156350
vt 0.941725 0.952998
vt 0.948712 0.959415
vt 0.949125 0.953008
vt 0.949170 0.959638
vt 0.945378 0.959909
vt 0.945408 0.952383
vt 0.947022 0.952381
vt 0.943788 0.960060
vt 0.943795 0.952381
vt 0.941620 0.959622
vt 0.946966 0.960061
vt 0.953035 0.120342
vt 0.959444 0.120699
vt 0.952819 0.120803
vt 0.953026 0.113712
vt 0.959434 0.113299
vt 0.952532 0.117045
vt 0.952381 0.115458
vt 0.960059 0.117016
vt 0.959579 0.117015
vt 0.960061 0.118628
vt 0.952382 0.118636
vt 0.960061 0.115402
vt 0.952804 0.113253
vt 0.959406 0.038212
vt 0.952998 0.037856
vt 0.959623 0.037751
vt 0.959415 0.044842
vt 0.953008 0.045256
vt 0.959910 0.041509
vt 0.960061 0.043097
vt 0.952383 0.041539
vt 0.952863 0.041539
vt 0.952381 0.039926
vt 0.960060 0.039919
vt 0.952381 0.043153
vt 0.959638 0.045301
vt 0.953035 0.037290
vt 0.959444 0.037646
vt 0.952819 0.037751
vt 0.953026 0.030660
vt 0.959434 0.030247
vt 0.952532 0.033993
vt 0.952381 0.032405
vt 0.960059 0.033963
vt 0.959579 0.033963
vt 0.960061 0.035576
vt 0.952381 0.035583
vt 0.960061 0.032349
vt 0.952804 0.030201
vt 0.953035 0.097692
vt 0.959444 0.098048
vt 0.952819 0.098153
vt 0.953027 0.091061
vt 0.959434 0.090648
vt 0.952532 0.094395
vt 0.952381 0.092807
vt 0.960059 0.094365
vt 0.959579 0.094365
vt 0.960061 0.095978
vt 0.952382 0.095985
vt 0.960061 0.092751
vt 0.952804 0.090603
vt 0.953036 0.127892
vt 0.959444 0.128249
vt 0.952819 0.128354
vt 0.953027 0.121262
vt 0.959434 0.120849
vt 0.952532 0.124596
vt 0.952381 0.123008
vt 0.960059 0.124566
vt 0.959579 0.124566
vt 0.960061 0.126179
vt 0.952382 0.126186
vt 0.960061 0.122952
vt 0.952804 0.120803
vt 0.715219 0.952998
vt 0.722206 0.959415
vt 0.722619 0.953008
vt 0.722664 0.959638
vt 0.718872 0.959909
vt 0.718902 0.952383
vt 0.720516 0.952381
vt 0.717282 0.960060
vt 0.717289 0.952381
vt 0.715114 0.959622
vt 0.720460 0.960061
vt 0.775621 0.952998
vt 0.782607 0.959415
vt 0.783020 0.953008
vt 0.783066 0.959638
vt 0.779274 0.959909
vt 0.779303 0.952383
vt 0.780918 0.952381
vt 0.777683 0.960060
vt 0.777691 0.952381
vt 0.775516 0.959623
vt 0.780861 0.960061
vt 0.952998 0.052747
vt 0.959415 0.045760
vt 0.953008 0.045347
vt 0.959638 0.045301
vt 0.959910 0.049093
vt 0.952383 0.049064
vt 0.952381 0.047450
vt 0.960060 0.050684
vt 0.952381 0.050677
vt 0.959623 0.052851
vt 0.960061 0.047506
vt 0.752970 0.952998
vt 0.759957 0.959415
vt 0.760370 0.953008
vt 0.760415 0.959638
vt 0.756623 0.959909
vt 0.756653 0.952383
vt 0.758267 0.952381
vt 0.755033 0.960060
vt 0.755040 0.952381
vt 0.752865 0.959623
vt 0.758211 0.960061
vt 0.767861 0.959444
vt 0.760874 0.953027
vt 0.760461 0.959434
vt 0.760415 0.952804
vt 0.764208 0.952532
vt 0.764178 0.960059
vt 0.762564 0.960061
vt 0.765798 0.952382
vt 0.765791 0.960061
vt 0.767966 0.952819
vt 0.762620 0.952381
vt 0.791077 0.953035
vt 0.790721 0.959444
vt 0.790616 0.952819
vt 0.797708 0.953026
vt 0.798121 0.959434
vt 0.794374 0.952532
vt 0.795962 0.952381
vt 0.794404 0.960059
vt 0.794404 0.959579
vt 0.792791 0.960061
vt 0.792784 0.952381
vt 0.796018 0.960061
vt 0.798166 0.952804
vt 0.775055 0.959406
vt 0.775411 0.952998
vt 0.775516 0.959623
vt 0.768424 0.959415
vt 0.768011 0.953008
vt 0.771758 0.959910
vt 0.770170 0.960061
vt 0.771728 0.952383
vt 0.771728 0.952863
vt 0.773341 0.952381
vt 0.773348 0.960060
vt 0.770114 0.952381
vt 0.767966 0.959638
vt 0.661802 0.959406
vt 0.662158 0.952998
vt 0.662263 0.959623
vt 0.655172 0.959415
vt 0.654759 0.953008
vt 0.658505 0.959909
vt 0.656918 0.960061
vt 0.658476 0.952383
vt 0.658475 0.952863
vt 0.660088 0.952381
vt 0.660096 0.960060
vt 0.656861 0.952381
vt 0.654713 0.959638
vt 0.670274 0.953035
vt 0.669918 0.959444
vt 0.669813 0.952819
vt 0.676904 0.953027
vt 0.677318 0.959434
vt 0.673571 0.952532
vt 0.675159 0.952381
vt 0.673601 0.960059
vt 0.673601 0.959579
vt 0.671988 0.960061
vt 0.671981 0.952382
vt 0.675215 0.960061
vt 0.677363 0.952804
vt 0.953035 0.135443
vt 0.959444 0.135799
vt 0.952819 0.135904
vt 0.953027 0.128812
vt 0.959434 0.128399
vt 0.952532 0.132146
vt 0.952381 0.130558
vt 0.960059 0.132116
vt 0.959579 0.132116
vt 0.960061 0.133729
vt 0.952382 0.133736
vt 0.960061 0.130502
vt 0.952804 0.128354
vt 0.722769 0.952998
vt 0.729756 0.959415
vt 0.730169 0.953008
vt 0.730215 0.959638
vt 0.726423 0.959909
vt 0.726452 0.952383
vt 0.728066 0.952381
vt 0.724832 0.960060
vt 0.724839 0.952381
vt 0.722665 0.959622
vt 0.728010 0.960061
vt 0.835813 0.959444
vt 0.828826 0.953027
vt 0.828413 0.959434
vt 0.828367 0.952804
vt 0.832159 0.952532
vt 0.832130 0.960059
vt 0.830516 0.960061
vt 0.833750 0.952382
vt 0.833743 0.960061
vt 0.835917 0.952819
vt 0.830572 0.952381
vt 0.926624 0.952998
vt 0.933611 0.959415
vt 0.934024 0.953008
vt 0.934070 0.959638
vt 0.930278 0.959909
vt 0.930307 0.952383
vt 0.931921 0.952381
vt 0.928687 0.960060
vt 0.928695 0.952381
vt 0.926520 0.959622
vt 0.931865 0.960061
vt 0.959444 0.000105
vt 0.953027 0.007091
vt 0.959434 0.007505
vt 0.952804 0.007550
vt 0.952532 0.003758
vt 0.960059 0.003788
vt 0.960061 0.005402
vt 0.952382 0.002168
vt 0.960061 0.002175
vt 0.952819 0.000000
vt 0.952381 0.005346
vt 0.911315 0.959444
vt 0.904328 0.953027
vt 0.903915 0.959434
vt 0.903869 0.952804
vt 0.907661 0.952532
vt 0.907632 0.960059
vt 0.906018 0.960061
vt 0.909252 0.952382
vt 0.909245 0.960061
vt 0.911419 0.952819
vt 0.906074 0.952381
vt 0.608950 0.959406
vt 0.609307 0.952998
vt 0.609412 0.959623
vt 0.602320 0.959415
vt 0.601907 0.953008
vt 0.605654 0.959910
vt 0.604066 0.960061
vt 0.605624 0.952383
vt 0.605624 0.952863
vt 0.607237 0.952381
vt 0.607244 0.960060
vt 0.604010 0.952381
vt 0.601861 0.959638
vt 0.843006 0.959406
vt 0.843363 0.952998
vt 0.843468 0.959623
vt 0.836376 0.959415
vt 0.835963 0.953008
vt 0.839710 0.959909
vt 0.838122 0.960061
vt 0.839680 0.952383
vt 0.839680 0.952863
vt 0.841293 0.952381
vt 0.841300 0.960060
vt 0.838066 0.952381
vt 0.835917 0.959638
vt 0.654252 0.959406
vt 0.654608 0.952998
vt 0.654713 0.959623
vt 0.647621 0.959415
vt 0.647208 0.953008
vt 0.650955 0.959909
vt 0.649367 0.960061
vt 0.650925 0.952383
vt 0.650925 0.952863
vt 0.652538 0.952381
vt 0.652545 0.960060
vt 0.649311 0.952381
vt 0.647163 0.959638
vt 0.873207 0.959406
vt 0.873564 0.952998
vt 0.873668 0.959622
vt 0.866577 0.959415
vt 0.866164 0.953008
vt 0.869910 0.959909
vt 0.868323 0.960061
vt 0.869881 0.952383
vt 0.869881 0.952863
vt 0.871494 0.952381
vt 0.871501 0.960060
vt 0.868267 0.952381
vt 0.866118 0.959638
vt 0.959406 0.060863
vt 0.952998 0.060506
vt 0.959623 0.060402
vt 0.959415 0.067493
vt 0.953008 0.067906
vt 0.959909 0.064160
vt 0.960061 0.065747
vt 0.952383 0.064189
vt 0.952863 0.064190
vt 0.952381 0.062576
vt 0.960060 0.062569
vt 0.952381 0.065803
vt 0.959638 0.067952
vt 0.699909 0.959444
vt 0.692923 0.953026
vt 0.692509 0.959434
vt 0.692464 0.952804
vt 0.696256 0.952532
vt 0.696226 0.960059
vt 0.694612 0.960061
vt 0.697846 0.952381
vt 0.697839 0.960061
vt 0.700014 0.952819
vt 0.694668 0.952381
vt 0.903764 0.959444
vt 0.896778 0.953026
vt 0.896365 0.959434
vt 0.896319 0.952804
vt 0.900111 0.952532
vt 0.900082 0.960059
vt 0.898467 0.960061
vt 0.901702 0.952382
vt 0.901694 0.960061
vt 0.903869 0.952819
vt 0.898524 0.952381
vt 0.828263 0.959444
vt 0.821276 0.953026
vt 0.820863 0.959434
vt 0.820817 0.952804
vt 0.824609 0.952532
vt 0.824580 0.960059
vt 0.822966 0.960061
vt 0.826200 0.952382
vt 0.826192 0.960061
vt 0.828367 0.952819
vt 0.823022 0.952381
vt 0.959444 0.015205
vt 0.953027 0.022192
vt 0.959434 0.022605
vt 0.952804 0.022651
vt 0.952532 0.018858
vt 0.960059 0.018888
vt 0.960061 0.020502
vt 0.952382 0.017268
vt 0.960061 0.017275
vt 0.952819 0.015100
vt 0.952381 0.020446
vt 0.918865 0.959444
vt 0.911878 0.953027
vt 0.911465 0.959434
vt 0.911419 0.952804
vt 0.915212 0.952532
vt 0.915182 0.960059
vt 0.913568 0.960061
vt 0.916802 0.952382
vt 0.916795 0.960061
vt 0.918970 0.952819
vt 0.913624 0.952381
vt 0.926059 0.959406
vt 0.926415 0.952998
vt 0.926520 0.959623
vt 0.919428 0.959415
vt 0.919015 0.953008
vt 0.922762 0.959909
vt 0.921174 0.960061
vt 0.922732 0.952383
vt 0.922732 0.952863
vt 0.924345 0.952381
vt 0.924352 0.960060
vt 0.921118 0.952381
vt 0.918970 0.959638
vt 0.805255 0.959406
vt 0.805612 0.952998
vt 0.805717 0.959622
vt 0.798625 0.959415
vt 0.798212 0.953008
vt 0.801959 0.959909
vt 0.800371 0.960061
vt 0.801929 0.952383
vt 0.801929 0.952863
vt 0.803542 0.952381
vt 0.803549 0.960060
vt 0.800315 0.952381
vt 0.798166 0.959638
vt 0.880757 0.959406
vt 0.881114 0.952998
vt 0.881219 0.959623
vt 0.874127 0.959415
vt 0.873714 0.953008
vt 0.877461 0.959909
vt 0.875873 0.960061
vt 0.877431 0.952383
vt 0.877431 0.952863
vt 0.879044 0.952381
vt 0.879051 0.960060
vt 0.875817 0.952381
vt 0.873668 0.959638
vt 0.858107 0.959406
vt 0.858463 0.952998
vt 0.858568 0.959623
vt 0.851477 0.959415
vt 0.851064 0.953008
vt 0.854810 0.959910
vt 0.853223 0.960061
vt 0.854781 0.952383
vt 0.854780 0.952863
vt 0.856393 0.952381
vt 0.856401 0.960060
vt 0.853166 0.952381
vt 0.851018 0.959638
vt 0.812806 0.959406
vt 0.813162 0.952998
vt 0.813267 0.959623
vt 0.806176 0.959415
vt 0.805762 0.953008
vt 0.809509 0.959909
vt 0.807921 0.960061
vt 0.809479 0.952383
vt 0.809479 0.952863
vt 0.811092 0.952381
vt 0.811099 0.960060
vt 0.807865 0.952381
vt 0.805717 0.959638
vt 0.959444 0.052956
vt 0.953027 0.059943
vt 0.959434 0.060356
vt 0.952804 0.060402
vt 0.952532 0.056609
vt 0.960059 0.056639
vt 0.960061 0.058253
vt 0.952382 0.055019
vt 0.960061 0.055026
vt 0.952819 0.052851
vt 0.952381 0.058197
vt 0.850913 0.959444
vt 0.843926 0.953026
vt 0.843513 0.959434
vt 0.843468 0.952804
vt 0.847260 0.952532
vt 0.847230 0.960059
vt 0.845616 0.960061
vt 0.848850 0.952381
vt 0.848843 0.960061
vt 0.851018 0.952819
vt 0.845672 0.952381
vt 0.888664 0.959444
vt 0.881677 0.953027
vt 0.881264 0.959434
vt 0.881219 0.952804
vt 0.885011 0.952532
vt 0.884981 0.960059
vt 0.883367 0.960061
vt 0.886601 0.952382
vt 0.886594 0.960061
vt 0.888769 0.952819
vt 0.883423 0.952381
vt 0.959444 0.136009
vt 0.953026 0.142995
vt 0.959434 0.143408
vt 0.952804 0.143454
vt 0.952532 0.139662
vt 0.960059 0.139691
vt 0.960061 0.141306
vt 0.952382 0.138071
vt 0.960061 0.138079
vt 0.952819 0.135904
vt 0.952381 0.141249
vt 0.707459 0.959444
vt 0.700473 0.953026
vt 0.700060 0.959434
vt 0.700014 0.952804
vt 0.703806 0.952532
vt 0.703777 0.960059
vt 0.702162 0.960061
vt 0.705397 0.952381
vt 0.705389 0.960061
vt 0.707564 0.952819
vt 0.702219 0.952381
vt 0.380952 0.857143
vt 0.428571 0.857143
vt 0.476190 0.857143
vt 0.523810 0.857143
vt 0.571429 0.857143
vt 0.619048 0.857143
vt 0.666667 0.857143
vt 0.714286 0.857143
vt 0.761905 0.857143
vt 0.809524 0.857143
vt 0.857143 0.047619
vt 0.809524 0.000000
vt 0.857143 -0.000000
vt 0.857143 0.095238
vt 0.857143 0.047619
vt 0.857143 0.142857
vt 0.857143 0.190476
vt 0.857143 0.190476
vt 0.857143 0.238095
vt 0.857143 0.285714
vt 0.857143 0.333333
vt 0.857143 0.380952
vt 0.857143 0.428571
vt 0.857143 0.476191
vt 0.857143 0.523810
vt 0.857143 0.571429
vt 0.857143 0.619048
vt 0.857143 0.666667
vt 0.857143 0.714286
vt 0.857143 0.714286
vt 0.857143 0.761905
vt 0.519209 0.973821
vt 0.509130 0.963844
vt 0.515395 0.967847
vt 0.509281 0.955463
vt 0.519209 0.952381
vt 0.515665 0.959818
vt 0.504824 0.952400
vt 0.505099 0.971679
vt 0.857143 0.809524
vt 0.809524 0.857143
vt 0.857143 0.857143
vt -0.000000 0.857143
vt 0.047619 0.904762
vt 0.000000 0.904762
vt 0.047619 0.857143
vt 0.095238 0.904762
vt 0.142857 0.904762
vt 0.190476 0.904762
vt 0.574112 0.957482
vt 0.579211 0.961106
vt 0.571064 0.960651
vt 0.579211 0.952381
vt 0.574883 0.955721
vt 0.570964 0.952570
vt 0.576090 0.956158
vt 0.575448 0.957206
vt 0.480723 0.963619
vt 0.490524 0.975540
vt 0.476277 0.973350
vt 0.490524 0.952395
vt 0.480943 0.955617
vt 0.476190 0.952381
vt 0.486973 0.960762
vt 0.486932 0.968802
vt 0.238095 0.904762
vt 0.285714 0.904762
vt 0.238095 0.904762
vt 0.333333 0.904762
vt 0.380952 0.904762
vt 0.428571 0.904762
vt 0.476190 0.904762
vt 0.523810 0.904762
vt 0.571429 0.904762
vt 0.619048 0.904762
vt 0.666667 0.904762
vt 0.714286 0.904762
vt 0.761905 0.904762
vt 0.809524 0.904762
vt 0.809524 0.857143
vt 0.857143 0.904762
vt 0.809524 0.904762
vt 0.857143 0.047619
vt 0.904762 0.000000
vt 0.904762 0.047619
vt 0.904762 0.047619
vt 0.904762 0.095238
vt 0.904762 0.142857
vt 0.904762 0.190476
vt 0.904762 0.190476
vt 0.904762 0.238095
vt 0.904762 0.285714
vt 0.529303 0.963831
vt 0.519238 0.973821
vt 0.523044 0.967842
vt 0.529141 0.955449
vt 0.522763 0.959813
vt 0.533594 0.952381
vt 0.533344 0.971660
vt 0.904762 0.333333
vt 0.904762 0.380952
vt 0.904762 0.428571
vt 0.904762 0.476191
vt 0.904762 0.523810
vt 0.904762 0.571429
vt 0.559569 0.957482
vt 0.554470 0.961106
vt 0.558232 0.957206
vt 0.554470 0.952381
vt 0.558798 0.955721
vt 0.557591 0.956159
vt 0.562717 0.952570
vt 0.562616 0.960651
vt 0.484169 0.962719
vt 0.483983 0.962183
vt 0.484556 0.961875
vt 0.483729 0.961639
vt 0.904762 0.619048
vt 0.904762 0.666667
vt 0.904762 0.714286
vt 0.904762 0.761905
vt 0.904762 0.714286
vt 0.904762 0.809524
vt 0.904762 0.857143
vt 0.904762 0.904762
vt -0.000000 0.904762
vt 0.047619 0.952381
vt 0.000000 0.952381
vt 0.047619 0.904762
vt 0.095238 0.952381
vt 0.142857 0.952381
vt 0.142857 0.904762
vt 0.190476 0.952381
vt 0.142857 0.952381
vt 0.238095 0.952381
vt 0.285714 0.952381
vt 0.333333 0.952381
vt 0.380952 0.952381
vt 0.428571 0.952381
vt 0.476190 0.952381
vt 0.523810 0.952381
vt 0.571429 0.952381
vt 0.619048 0.952381
vt 0.512644 0.962334
vt 0.512131 0.960704
vt 0.511539 0.960819
vt 0.511974 0.961880
vt 0.666667 0.952381
vt 0.714286 0.952381
vt 0.761905 0.952381
vt 0.809524 0.952381
vt 0.857143 0.952381
vt 0.809524 0.952381
vt 0.904762 0.952381
vt 0.562717 0.961106
vt 0.567816 0.957482
vt 0.570863 0.960651
vt 0.567045 0.955721
vt 0.562717 0.952381
vt 0.570964 0.952570
vt 0.565838 0.956158
vt 0.566479 0.957206
vt 0.490524 0.975454
vt 0.500220 0.964115
vt 0.504734 0.973535
vt 0.500152 0.955624
vt 0.490524 0.952383
vt 0.504824 0.952381
vt 0.494047 0.960662
vt 0.494150 0.968920
vt 0.952381 -0.000000
vt 0.952381 0.047619
vt 0.904762 0.095238
vt 0.952381 0.095238
vt 0.952381 0.142857
vt 0.904762 0.095238
vt 0.952381 0.095238
vt 0.952381 0.190476
vt 0.904762 0.142857
vt 0.952381 0.238095
vt 0.952381 0.285714
vt 0.952381 0.333333
vt 0.952381 0.380952
vt 0.952381 0.428571
vt 0.952381 0.476191
vt 0.952381 0.523810
vt 0.952381 0.571429
vt 0.952381 0.619048
vt 0.952381 0.666667
vt 0.952381 0.714286
vt 0.952381 0.714286
vt 0.952381 0.761905
vt 0.952381 0.809524
vt 0.952381 0.857143
vt 0.952381 0.904762
vt 0.904762 0.952381
vt 0.952381 0.952381
vt 0.525788 0.962325
vt 0.526298 0.960694
vt 0.526890 0.960808
vt 0.526457 0.961870
vt -0.000000 0.952381
vt 0.047619 1.000000
vt 0.000000 1.000000
vt 0.095238 1.000000
vt 0.095238 0.952381
vt 0.142857 1.000000
vt 0.190476 1.000000
vt 0.238095 1.000000
vt 0.285714 1.000000
vt 0.554470 0.961106
vt 0.549371 0.957483
vt 0.550707 0.957206
vt 0.550142 0.955721
vt 0.554470 0.952381
vt 0.551349 0.956159
vt 0.546223 0.952570
vt 0.546323 0.960651
vt 0.496926 0.962602
vt 0.497482 0.962170
vt 0.497255 0.961509
vt 0.497786 0.961539
vt 0.333333 1.000000
vt 0.380952 1.000000
vt 0.428571 1.000000
vt 0.476190 1.000000
vt 0.047619 -0.000000
vt 0.047619 0.047619
vt 0.047619 0.047619
vt -0.000000 0.095238
vt 0.095238 0.000000
vt 0.095238 0.095238
vt -0.000000 0.142857
vt 0.142857 0.095238
vt 0.142857 0.142857
vt 0.047619 0.190476
vt 0.190476 0.000000
vt 0.190476 0.047619
vt 0.190476 0.142857
vt 0.238095 0.238095
vt 0.238095 0.000000
vt 0.238095 0.190476
vt 0.238095 0.238095
vt 0.142857 0.285714
vt 0.285714 0.285714
vt 0.285714 0.000000
vt 0.333333 0.333333
vt 0.333333 0.047619
vt 0.333333 0.333333
vt 0.544309 0.965216
vt 0.540359 0.965214
vt 0.546223 0.965214
vt 0.538201 0.965217
vt 0.542368 0.965214
vt 0.540359 0.965216
vt 0.952381 0.186059
vt 0.952381 0.202975
vt 0.952381 0.183067
vt 0.956628 0.190032
vt 0.956627 0.187327
vt 0.952382 0.191264
vt 0.952382 0.188679
vt 0.952381 0.200366
vt 0.952382 0.201838
vt 0.952383 0.198843
vt 0.956574 0.200366
vt 0.956573 0.197198
vt 0.956864 0.180676
vt 0.956866 0.181641
vt 0.956609 0.192497
vt 0.956615 0.193928
vt 0.956861 0.176283
vt 0.952381 0.205894
vt 0.956398 0.212946
vt 0.956518 0.209708
vt 0.956524 0.210904
vt 0.956531 0.210905
vt 0.956544 0.205894
vt 0.956545 0.207277
vt 0.952383 0.207277
vt 0.952382 0.208533
vt 0.952384 0.212946
vt 0.956531 0.208533
vt 0.956531 0.211939
vt 0.952385 0.209708
vt 0.380952 0.095238
vt 0.380952 0.333333
vt -0.000000 0.428571
vt 0.428571 0.000000
vt 0.428571 0.476190
vt 0.428571 0.476190
vt 0.476190 0.000000
vt 0.476191 0.380952
vt 0.476191 0.476190
vt 0.476190 0.476190
vt 0.047619 0.523810
vt 0.955871 0.238962
vt 0.955869 0.238054
vt 0.952382 0.242123
vt 0.952382 0.229866
vt 0.952382 0.241112
vt 0.955866 0.241112
vt 0.955865 0.240002
vt 0.955981 0.226230
vt 0.952382 0.228688
vt 0.952382 0.226230
vt 0.955976 0.227480
vt 0.955975 0.224880
vt 0.956059 0.218936
vt 0.956061 0.219728
vt 0.955850 0.242123
vt 0.955855 0.243297
vt 0.956058 0.218675
vt 0.952381 0.216811
vt 0.955957 0.229865
vt 0.955831 0.243297
vt 0.955930 0.235145
vt 0.955935 0.236126
vt 0.955951 0.230917
vt 0.955952 0.233150
vt 0.952382 0.232051
vt 0.955952 0.234180
vt 0.952383 0.237801
vt 0.955940 0.234180
vt 0.955940 0.236975
vt 0.955943 0.235144
vt 0.523809 0.523809
vt 0.523810 0.428571
vt 0.523809 0.571429
vt 0.047619 0.571429
vt 0.523809 0.571429
vt 0.571429 0.000000
vt 0.142857 0.619048
vt 0.952381 0.187327
vt 0.949469 0.982233
vt 0.952381 0.184482
vt 0.956628 0.191264
vt 0.956627 0.188679
vt 0.952382 0.192497
vt 0.952382 0.190032
vt 0.949170 0.967304
vt 0.950642 0.982232
vt 0.949170 0.959843
vt 0.949170 0.974772
vt 0.950816 0.967302
vt 0.956864 0.179391
vt 0.956866 0.180357
vt 0.956609 0.193928
vt 0.956615 0.195359
vt 0.952381 0.178315
vt 0.949170 0.989673
vt 0.959665 0.165562
vt 0.959662 0.166493
vt 0.959785 0.162324
vt 0.959796 0.163520
vt 0.959622 0.168964
vt 0.951834 0.997104
vt 0.959813 0.158554
vt 0.950452 0.989674
vt 0.952382 0.159811
vt 0.959798 0.164555
vt 0.952384 0.162324
vt 0.952383 0.165562
vt 0.959798 0.161149
vt 0.619048 0.000000
vt 0.047619 0.666667
vt 0.666667 0.047619
vt 0.666667 0.714286
vt 0.047619 0.714286
vt 0.952381 0.246437
vt 0.952381 0.245166
vt 0.952382 0.248521
vt 0.952382 0.247527
vt 0.955805 0.247528
vt 0.955804 0.246437
vt 0.952381 0.255693
vt 0.954675 0.255693
vt 0.952384 0.254465
vt 0.952382 0.256880
vt 0.954674 0.253139
vt 0.955995 0.223844
vt 0.955997 0.224623
vt 0.952382 0.248521
vt 0.955795 0.249675
vt 0.955994 0.223587
vt 0.955993 0.222463
vt 0.952381 0.261265
vt 0.954536 0.265836
vt 0.954630 0.264871
vt 0.952383 0.264059
vt 0.952382 0.259117
vt 0.954651 0.261265
vt 0.952384 0.260232
vt 0.954652 0.262278
vt 0.954643 0.264871
vt 0.952382 0.262278
vt 0.954640 0.264059
vt 0.952386 0.263225
vt 0.714286 0.714286
vt 0.714286 0.047619
vt 0.714286 0.714286
vt 0.238095 0.761905
vt 0.333333 0.761905
vt 0.761905 0.190476
vt 0.761905 0.666667
vt 0.761905 0.714286
vt -0.000000 0.809524
vt 0.142857 0.809524
vt 0.809524 0.809524
vt 0.809524 0.047619
vt 0.857143 0.000000
vt 0.857143 0.904762
vt 0.904762 0.904762
s 1
f 2776/2980/790 2788/2981/790 2787/2982/790
f 2775/2983/791 2786/2984/791 2788/2985/791
f 2785/2986/792 2776/2987/792 2787/2988/792
f 2773/2989/793 2785/2990/793 2786/2991/793
f 2799/2992/791 2780/2984/791 2779/2993/791
f 2780/2984/794 2777/2994/794 2779/2993/794
f 2799/2995/795 2777/2996/795 2797/2997/795
f 2798/2998/796 2780/2997/796 2800/2999/796
f 2778/3000/792 2797/2999/792 2777/3001/792
f 2807/3002/795 2784/2993/795 2783/3003/795
f 2782/3004/797 2808/3005/797 2806/3003/797
f 2782/3005/798 2783/3006/798 2784/3007/798
f 2781/2997/799 2806/3008/799 2805/3009/799
f 2781/3010/800 2807/2997/800 2783/3009/800
f 2773/3001/801 2776/3011/801 2774/3012/801
f 2788/3013/802 2792/3014/802 2787/3015/802
f 2786/3016/791 2791/3017/791 2788/3018/791
f 2785/3017/792 2792/3005/792 2790/3019/792
f 2785/3005/803 2789/3020/803 2786/3019/803
f 2799/3020/791 2796/3015/791 2800/3021/791
f 2793/3022/804 2796/3023/804 2795/3024/804
f 2793/3025/795 2799/3026/795 2797/3027/795
f 2796/3028/805 2798/3027/805 2800/3029/805
f 2797/3030/792 2794/3031/792 2793/3032/792
f 2803/3033/795 2808/3032/795 2807/3034/795
f 2808/3035/797 2802/3036/797 2806/3037/797
f 2804/3017/806 2801/3038/806 2802/3036/806
f 2806/3019/799 2801/3039/799 2805/3038/799
f 2801/3039/800 2807/3021/800 2805/3040/800
f 2792/3021/807 2789/3041/807 2790/3040/807
f 2809/3026/792 2812/3042/792 2810/3043/792
f 2816/3027/791 2813/3043/791 2814/3044/791
f 2816/3029/795 2810/3044/795 2812/3045/795
f 2814/3046/794 2809/3045/794 2810/3047/794
f 2813/3048/799 2811/3049/799 2809/3050/799
f 2815/3051/804 2812/3052/804 2811/3053/804
f 2818/3054/799 2842/3055/799 2817/3056/799
f 2846/3036/795 2820/3057/795 2819/3055/795
f 2820/3058/791 2844/3059/791 2818/3057/791
f 2819/3039/794 2818/3060/794 2817/3059/794
f 2846/3040/792 2817/3061/792 2842/3060/792
f 2824/3041/791 2821/3062/791 2822/3061/791
f 2825/3063/792 2828/3064/792 2826/3065/792
f 2822/3044/795 2828/3066/795 2824/3067/795
f 2821/3045/794 2826/3067/794 2822/3068/794
f 2823/3047/799 2825/3068/799 2821/3069/799
f 2824/3050/804 2827/3070/804 2823/3071/804
f 2858/3053/799 2830/3072/799 2829/3073/799
f 2832/3074/795 2862/3073/795 2831/3075/795
f 2860/3076/792 2832/3077/792 2830/3078/792
f 2830/3079/794 2831/3080/794 2829/3077/794
f 2829/3057/791 2862/3081/791 2858/3080/791
f 2836/3059/792 2833/3082/792 2834/3081/792
f 2837/3060/791 2840/3083/791 2838/3082/791
f 2834/3061/795 2840/3084/795 2836/3085/795
f 2833/3062/804 2838/3086/804 2834/3084/804
f 2833/3087/799 2839/3088/799 2837/3089/799
f 2836/3067/794 2839/3090/794 2835/3091/794
f 2842/3068/799 2843/3091/799 2841/3092/799
f 2847/3069/795 2846/3092/795 2845/3093/795
f 2844/3071/791 2847/3094/791 2843/3095/791
f 2843/3073/804 2845/3096/804 2841/3097/804
f 2841/3075/792 2846/3097/792 2842/3098/792
f 2849/3099/791 2852/3100/791 2850/3101/791
f 2856/3102/792 2853/3103/792 2854/3104/792
f 2856/3105/795 2850/3106/795 2852/3103/795
f 2854/3080/804 2849/3107/804 2850/3106/804
f 2853/3108/799 2851/3109/799 2849/3110/799
f 2855/3082/794 2852/3111/794 2851/3109/794
f 2859/3085/799 2858/3112/799 2857/3111/799
f 2862/3084/795 2863/3113/795 2861/3112/795
f 2863/3086/792 2860/3114/792 2859/3113/792
f 2861/3087/804 2859/3115/804 2857/3116/804
f 2862/3117/791 2857/3116/791 2858/3118/791
f 2868/3119/808 2865/3120/809 2867/3121/810
f 2869/3122/811 2871/3123/812 2872/3124/813
f 2868/3119/814 2870/3125/814 2866/3126/814
f 2876/3127/815 2873/3128/815 2875/3129/815
f 2877/3130/816 2879/3131/816 2880/3132/816
f 2876/3127/814 2878/3133/814 2874/3134/814
f 2882/3135/814 2883/3136/814 2881/3137/814
f 2886/3138/814 2887/3139/814 2885/3140/814
f 2881/3137/817 2889/3141/817 2882/3135/817
f 2895/3142/818 2887/3139/818 2888/3143/818
f 2891/3144/819 2883/3136/819 2884/3145/819
f 2885/3140/820 2893/3146/820 2886/3138/820
f 2900/3147/821 2897/3148/821 2899/3149/821
f 2901/3150/822 2903/3151/822 2904/3152/822
f 2900/3147/823 2902/3153/823 2898/3154/823
f 2906/3155/823 2907/3156/823 2905/3157/823
f 2911/3158/824 2907/3156/824 2908/3159/824
f 2905/3157/825 2909/3160/825 2906/3155/825
f 2916/3161/826 2913/3162/827 2915/3163/828
f 2920/3164/829 2918/3165/830 2919/3166/831
f 3087/3167/832 3082/3168/832 3084/3169/832
f 2919/3166/799 2914/3170/799 2916/3161/799
f 2924/3171/833 2921/3172/833 2923/3173/833
f 2925/3174/834 2927/3175/834 2928/3176/834
f 2927/3175/799 2922/3177/799 2924/3171/799
f 2932/3178/799 2929/3179/799 2930/3180/799
f 2934/3181/799 2935/3182/799 2933/3183/799
f 2938/3184/835 2930/3180/835 2929/3179/835
f 3085/3185/836 3087/3167/836 3088/3186/836
f 2943/3187/837 2935/3182/837 2936/3188/837
f 3084/3169/838 3081/3189/838 3083/3190/838
f 2939/3191/839 2931/3192/839 2932/3178/839
f 2942/3193/840 2934/3181/840 2933/3183/840
f 2948/3194/841 2945/3195/842 2947/3196/843
f 2952/3197/844 2950/3198/845 2951/3199/846
f 2951/3199/847 2946/3200/847 2948/3194/847
f 2956/3201/848 2953/3202/848 2955/3203/848
f 2957/3204/849 2959/3205/849 2960/3206/849
f 2956/3201/847 2958/3207/847 2954/3208/847
f 2964/3209/847 2961/3210/847 2962/3211/847
f 2966/3212/847 2967/3213/847 2965/3214/847
f 2970/3215/850 2962/3211/850 2961/3210/850
f 2975/3216/851 2967/3213/851 2968/3217/851
f 2971/3218/852 2963/3219/852 2964/3209/852
f 2974/3220/853 2966/3212/853 2965/3214/853
f 2980/3221/854 2977/3222/855 2979/3223/856
f 2984/3224/857 2982/3225/858 2983/3226/859
f 2977/3222/795 2984/3224/795 2979/3223/795
f 3079/3227/832 3074/3228/832 3076/3229/832
f 2988/3230/833 2985/3231/833 2987/3232/833
f 2989/3233/834 2991/3234/834 2992/3235/834
f 2985/3231/795 2992/3235/795 2987/3232/795
f 3002/3236/795 3003/3237/795 3001/3238/795
f 3006/3239/795 3007/3240/795 3005/3241/795
f 3002/3236/860 2994/3242/860 2993/3243/860
f 3080/3244/861 3078/3245/862 3079/3227/863
f 3007/3240/864 2999/3246/864 3000/3247/864
f 3076/3229/865 3073/3248/866 3075/3249/867
f 2996/3250/868 3004/3251/868 2995/3252/868
f 3006/3239/869 2998/3253/869 2997/3254/869
f 3012/3255/870 3009/3256/871 3011/3257/872
f 3016/3258/873 3014/3259/874 3015/3260/875
f 3013/3261/876 3011/3257/876 3009/3256/876
f 3020/3262/877 3017/3263/877 3019/3264/877
f 3021/3265/878 3023/3266/878 3024/3267/878
f 3017/3263/876 3024/3267/876 3019/3264/876
f 3033/3268/876 3036/3269/876 3035/3270/876
f 3037/3271/876 3040/3272/876 3039/3273/876
f 3034/3274/879 3026/3275/879 3025/3276/879
f 3039/3273/880 3031/3277/880 3032/3278/880
f 3035/3270/881 3027/3279/881 3028/3280/881
f 3038/3281/882 3030/3282/882 3029/3283/882
f 3044/3284/883 3041/3285/884 3043/3286/885
f 3048/3287/886 3046/3288/887 3047/3289/888
f 3102/3290/889 3094/3291/889 3093/3292/889
f 3044/3284/890 3046/3288/890 3042/3293/890
f 3099/3294/891 3091/3295/891 3092/3296/891
f 3052/3297/892 3049/3298/892 3051/3299/892
f 3053/3300/893 3055/3301/893 3056/3302/893
f 3103/3303/894 3095/3304/894 3096/3305/894
f 3052/3297/890 3054/3306/890 3050/3307/890
f 3098/3308/895 3090/3309/895 3089/3310/895
f 3058/3311/890 3059/3312/890 3057/3313/890
f 3062/3314/890 3063/3315/890 3061/3316/890
f 3066/3317/896 3058/3311/896 3057/3313/896
f 3071/3318/897 3063/3315/897 3064/3319/897
f 3067/3320/898 3059/3312/898 3060/3321/898
f 3094/3291/832 3095/3304/832 3093/3292/832
f 3070/3322/899 3062/3314/899 3061/3316/899
f 3092/3296/832 3089/3310/832 3090/3309/832
f 3157/3323/799 3160/3324/799 3158/3325/799
f 3153/3094/795 3156/3325/795 3154/3326/795
f 3149/3095/890 3152/3326/890 3150/3327/890
f 3145/3328/847 3148/3327/847 3146/3329/847
f 3141/3330/832 3144/3329/832 3142/3331/832
f 3137/3332/876 3140/3333/876 3138/3334/876
f 3124/3335/900 3147/3334/900 3123/3336/900
f 3106/3337/901 3113/3103/902 3105/3338/903
f 3115/3103/904 3106/3339/901 3108/3338/905
f 3116/3340/906 3108/3341/905 3107/3339/907
f 3113/3110/902 3107/3342/907 3105/3341/903
f 3113/3109/908 3140/3343/908 3116/3342/908
f 3108/3343/909 3117/3112/910 3107/3344/911
f 3119/3112/912 3108/3345/909 3112/3344/913
f 3120/3113/914 3112/3346/913 3111/3345/915
f 3107/3346/911 3120/3347/914 3111/3348/915
f 3134/3349/916 3158/3350/916 3133/3351/916
f 3112/3352/917 3121/3116/918 3111/3353/919
f 3110/3354/920 3122/3324/921 3112/3355/917
f 3124/3326/922 3110/3354/920 3109/3356/923
f 3121/3327/918 3109/3356/923 3111/3357/919
f 3126/3358/924 3151/3327/924 3149/3357/924
f 3126/3331/925 3109/3358/926 3110/3359/927
f 3127/3334/928 3110/3360/927 3106/3361/929
f 3128/3336/930 3106/3361/929 3105/3362/931
f 3109/3363/926 3128/3336/930 3105/3362/931
f 3120/3364/932 3143/3365/932 3119/3366/932
f 3130/3367/933 3107/3368/934 3111/3365/933
f 3131/3339/935 3111/3369/933 3109/3368/935
f 3105/3369/936 3131/3342/935 3109/3370/935
f 3107/3370/934 3132/3343/936 3105/3371/936
f 3129/3371/937 3153/3344/937 3154/3372/937
f 3108/3372/938 3133/3345/939 3112/3373/939
f 3135/3345/940 3108/3374/938 3106/3373/940
f 3136/3346/941 3106/3375/940 3110/3374/941
f 3112/3376/939 3136/3377/941 3110/3378/941
f 3131/3379/942 3153/3380/942 3130/3381/942
f 3120/3382/943 3142/3379/943 3144/3381/943
f 3128/3354/944 3151/3382/944 3127/3383/944
f 3135/3356/945 3157/3383/945 3134/3384/945
f 3121/3357/946 3148/3384/946 3124/3385/946
f 3132/3358/947 3155/3385/947 3131/3386/947
f 3125/3359/948 3152/3386/948 3128/3387/948
f 3135/3388/949 3160/3359/949 3159/3387/949
f 3129/3389/950 3156/3388/950 3132/3390/950
f 3136/3391/951 3158/3389/951 3160/3390/951
f 3114/3392/952 3138/3391/952 3113/3393/952
f 3118/3394/953 3142/3395/953 3117/3396/953
f 3114/3395/954 3139/3368/954 3137/3397/954
f 3122/3368/955 3146/3398/955 3121/3397/955
f 3119/3369/956 3141/3399/956 3118/3398/956
f 3126/3370/957 3150/3400/958 3125/3399/958
f 3116/3371/959 3139/3401/959 3115/3400/959
f 3122/3401/960 3147/3373/960 3145/3402/960
f 3164/3403/961 3161/3404/962 3163/3405/963
f 3168/3406/964 3166/3407/965 3167/3408/966
f 3335/3409/967 3330/3410/967 3332/3411/967
f 3167/3408/799 3162/3412/799 3164/3403/799
f 3172/3413/968 3169/3414/968 3171/3415/968
f 3173/3416/969 3175/3417/969 3176/3418/969
f 3175/3417/799 3170/3419/799 3172/3413/799
f 3180/3420/799 3177/3421/799 3178/3422/799
f 3182/3423/799 3183/3424/799 3181/3425/799
f 3186/3426/970 3178/3422/970 3177/3421/970
f 3336/3427/971 3334/3428/971 3335/3409/971
f 3191/3429/972 3183/3424/972 3184/3430/972
f 3332/3411/973 3329/3431/973 3331/3432/973
f 3187/3433/974 3179/3434/974 3180/3420/974
f 3190/3435/975 3182/3423/975 3181/3425/975
f 3196/3436/976 3193/3437/977 3195/3438/978
f 3200/3439/979 3198/3440/980 3199/3441/981
f 3199/3441/982 3194/3442/982 3196/3436/982
f 3204/3443/983 3201/3444/983 3203/3445/983
f 3205/3446/984 3207/3447/984 3208/3448/984
f 3204/3443/982 3206/3449/982 3202/3450/982
f 3212/3451/982 3209/3452/982 3210/3453/982
f 3214/3454/982 3215/3455/982 3213/3456/982
f 3218/3457/985 3210/3453/985 3209/3452/985
f 3223/3458/986 3215/3455/986 3216/3459/986
f 3219/3460/987 3211/3461/987 3212/3451/987
f 3222/3462/988 3214/3454/988 3213/3456/988
f 3228/3463/989 3225/3464/990 3227/3465/991
f 3232/3466/992 3230/3467/993 3231/3468/994
f 3225/3464/795 3232/3466/795 3227/3465/795
f 3327/3469/967 3322/3470/967 3324/3471/967
f 3236/3472/968 3233/3473/968 3235/3474/968
f 3237/3475/969 3239/3476/969 3240/3477/969
f 3233/3473/795 3240/3477/795 3235/3474/795
f 3250/3478/795 3251/3479/795 3249/3480/795
f 3254/3481/795 3255/3482/795 3253/3483/795
f 3250/3478/995 3242/3484/995 3241/3485/995
f 3328/3486/996 3326/3487/997 3327/3469/998
f 3255/3482/999 3247/3488/999 3248/3489/999
f 3324/3471/1000 3321/3490/1001 3323/3491/1002
f 3251/3479/1003 3243/3492/1003 3244/3493/1003
f 3254/3481/1004 3246/3494/1004 3245/3495/1004
f 3260/3496/1005 3257/3497/1006 3259/3498/1007
f 3264/3499/1008 3262/3500/1009 3263/3501/1010
f 3261/3502/1011 3259/3498/1011 3257/3497/1011
f 3268/3503/1012 3265/3504/1012 3267/3505/1012
f 3269/3506/1013 3271/3507/1013 3272/3508/1013
f 3265/3504/1011 3272/3508/1011 3267/3505/1011
f 3281/3509/1011 3284/3510/1011 3283/3511/1011
f 3285/3512/1011 3288/3513/1011 3287/3514/1011
f 3282/3515/1014 3274/3516/1014 3273/3517/1014
f 3287/3514/1015 3279/3518/1015 3280/3519/1015
f 3283/3511/1016 3275/3520/1016 3276/3521/1016
f 3286/3522/1017 3278/3523/1017 3277/3524/1017
f 3292/3525/1018 3289/3526/1019 3291/3527/1020
f 3293/3528/1021 3295/3529/1022 3296/3530/1023
f 3350/3531/1024 3342/3532/1024 3341/3533/1024
f 3292/3525/1025 3294/3534/1025 3290/3535/1025
f 3347/3536/1026 3339/3537/1026 3340/3538/1026
f 3300/3539/1027 3297/3540/1027 3299/3541/1027
f 3301/3542/1028 3303/3543/1028 3304/3544/1028
f 3351/3545/1029 3343/3546/1029 3344/3547/1029
f 3300/3539/1025 3302/3548/1025 3298/3549/1025
f 3337/3550/1030 3345/3551/1030 3338/3552/1030
f 3306/3553/1025 3307/3554/1025 3305/3555/1025
f 3310/3556/1025 3311/3557/1025 3309/3558/1025
f 3314/3559/1031 3306/3553/1031 3305/3555/1031
f 3319/3560/1032 3311/3557/1032 3312/3561/1032
f 3315/3562/1033 3307/3554/1033 3308/3563/1033
f 3342/3532/967 3343/3546/967 3341/3533/967
f 3309/3558/1034 3317/3564/1034 3310/3556/1034
f 3340/3538/967 3337/3550/967 3338/3552/967
f 3405/3373/799 3408/3565/799 3406/3402/799
f 3401/3374/795 3404/3566/795 3402/3565/795
f 3397/3376/1025 3400/3567/1025 3398/3568/1025
f 3393/3378/982 3396/3569/982 3394/3567/982
f 3389/3381/967 3392/3570/967 3390/3571/967
f 3385/3382/1011 3388/3571/1011 3386/3572/1011
f 3371/3573/1035 3396/3382/1035 3395/3572/1035
f 3354/3574/1036 3361/3383/1037 3353/3573/1038
f 3363/3385/1039 3354/3574/1036 3356/3575/1040
f 3364/3386/1041 3356/3575/1040 3355/3576/1042
f 3353/3577/1038 3364/3386/1041 3355/3576/1042
f 3361/3388/1043 3388/3577/1043 3364/3578/1043
f 3356/3579/1044 3365/3580/1045 3355/3581/1046
f 3367/3582/1047 3356/3579/1044 3360/3583/1048
f 3368/3393/1049 3360/3583/1048 3359/3584/1050
f 3355/3585/1046 3368/3586/1049 3359/3587/1050
f 3382/3588/1051 3406/3589/1051 3381/3590/1051
f 3360/3589/1052 3369/3397/1053 3359/3591/1054
f 3371/3397/1055 3360/3592/1052 3358/3591/1056
f 3372/3398/1057 3358/3593/1056 3357/3592/1058
f 3369/3399/1053 3357/3594/1058 3359/3593/1054
f 3374/3594/1059 3399/3401/1059 3397/3595/1059
f 3358/3595/1060 3373/3402/1061 3357/3596/1062
f 3354/3596/1063 3374/3565/1064 3358/3597/1060
f 3376/3565/1065 3354/3598/1063 3353/3597/1066
f 3373/3568/1061 3353/3599/1066 3357/3598/1062
f 3367/3599/1067 3392/3569/1067 3391/3600/1067
f 3359/3601/1068 3377/3585/1069 3355/3602/1069
f 3379/3603/1070 3359/3604/1068 3357/3605/1070
f 3353/3606/1071 3379/3571/1070 3357/3607/1070
f 3355/3608/1069 3380/3572/1071 3353/3606/1071
f 3378/3574/1072 3402/3608/1072 3377/3609/1072
f 3356/3610/1073 3381/3574/1074 3360/3609/1074
f 3383/3576/1075 3356/3610/1073 3354/3611/1075
f 3384/3577/1076 3354/3611/1075 3358/3612/1076
f 3360/3613/1074 3384/3577/1076 3358/3612/1076
f 3379/3579/1077 3401/3614/1077 3378/3615/1077
f 3365/3583/1078 3392/3615/1078 3368/3616/1078
f 3375/3617/1079 3400/3583/1079 3399/3618/1079
f 3383/3585/1080 3405/3619/1081 3382/3620/1081
f 3369/3602/1082 3396/3620/1082 3372/3621/1082
f 3380/3622/1083 3403/3623/1083 3379/3624/1083
f 3373/3589/1084 3400/3625/1084 3376/3623/1084
f 3384/3591/1085 3407/3626/1085 3383/3625/1085
f 3380/3627/1086 3402/3593/1086 3404/3628/1086
f 3384/3628/1087 3406/3629/1087 3408/3630/1087
f 3362/3594/1088 3386/3631/1088 3361/3632/1088
f 3366/3595/1089 3390/3633/1089 3365/3631/1089
f 3362/3633/1090 3387/3597/1091 3385/3634/1090
f 3370/3597/1092 3394/3635/1092 3369/3634/1092
f 3367/3598/1093 3389/3636/1093 3366/3635/1093
f 3374/3599/1094 3398/3637/1095 3373/3636/1095
f 3363/3638/1096 3388/3602/1096 3387/3639/1096
f 3370/3639/1097 3395/3640/1097 3393/3641/1097
f 3412/3642/1098 3409/3643/1099 3411/3644/1100
f 3416/3645/1101 3414/3646/1102 3415/3647/1103
f 3583/3648/1104 3578/3649/1104 3580/3650/1104
f 3415/3647/799 3410/3651/799 3412/3642/799
f 3420/3652/1105 3417/3653/1105 3419/3654/1105
f 3421/3655/1106 3423/3656/1106 3424/3657/1106
f 3423/3656/799 3418/3658/799 3420/3652/799
f 3428/3659/799 3425/3660/799 3426/3661/799
f 3430/3662/799 3431/3663/799 3429/3664/799
f 3434/3665/1107 3426/3661/1107 3425/3660/1107
f 3581/3666/1108 3583/3648/1108 3584/3667/1108
f 3439/3668/1109 3431/3663/1109 3432/3669/1109
f 3580/3650/1110 3577/3670/1111 3579/3671/1110
f 3435/3672/1112 3427/3673/1112 3428/3659/1112
f 3438/3674/1113 3430/3662/1113 3429/3664/1113
f 3444/3675/1114 3441/3676/1115 3443/3677/1116
f 3448/3678/1117 3446/3679/1118 3447/3680/1119
f 3447/3680/1120 3442/3681/1120 3444/3675/1120
f 3452/3682/1121 3449/3683/1121 3451/3684/1121
f 3453/3685/1122 3455/3686/1122 3456/3687/1122
f 3452/3682/1120 3454/3688/1120 3450/3689/1120
f 3460/3690/1120 3457/3691/1120 3458/3692/1120
f 3464/3693/1120 3461/3694/1120 3462/3695/1120
f 3466/3696/1123 3458/3692/1123 3457/3691/1123
f 3471/3697/1124 3463/3698/1124 3464/3693/1124
f 3467/3699/1125 3459/3700/1125 3460/3690/1125
f 3470/3701/1126 3462/3695/1126 3461/3694/1126
f 3476/3702/1127 3473/3703/1128 3475/3704/1129
f 3480/3705/1130 3478/3706/1131 3479/3707/1132
f 3473/3703/795 3480/3705/795 3475/3704/795
f 3575/3708/1104 3570/3709/1104 3572/3710/1104
f 3484/3711/1105 3481/3712/1105 3483/3713/1105
f 3485/3714/1106 3487/3715/1106 3488/3716/1106
f 3481/3712/795 3488/3716/795 3483/3713/795
f 3498/3717/795 3499/3718/795 3497/3719/795
f 3502/3720/795 3503/3721/795 3501/3722/795
f 3498/3717/1133 3490/3723/1133 3489/3724/1133
f 3576/3725/1134 3574/3726/1135 3575/3708/1136
f 3496/3727/1137 3504/3728/1137 3495/3729/1137
f 3572/3710/1138 3569/3730/1139 3571/3731/1140
f 3499/3718/1141 3491/3732/1141 3492/3733/1141
f 3502/3720/1142 3494/3734/1142 3493/3735/1142
f 3508/3736/1143 3505/3737/1144 3507/3738/1145
f 3512/3739/1146 3510/3740/1147 3511/3741/1148
f 3505/3737/1149 3512/3739/1149 3507/3738/1149
f 3516/3742/1150 3513/3743/1150 3515/3744/1150
f 3517/3745/1151 3519/3746/1151 3520/3747/1151
f 3513/3743/1149 3520/3747/1149 3515/3744/1149
f 3530/3748/1149 3531/3749/1149 3529/3750/1149
f 3533/3751/1149 3536/3752/1149 3535/3753/1149
f 3530/3748/1152 3522/3754/1152 3521/3755/1152
f 3535/3753/1153 3527/3756/1153 3528/3757/1153
f 3531/3749/1154 3523/3758/1155 3524/3759/1154
f 3534/3760/1156 3526/3761/1156 3525/3762/1156
f 3539/3763/1157 3538/3764/1158 3537/3765/1159
f 3541/3766/1160 3543/3767/1161 3544/3768/1162
f 3598/3769/1163 3590/3770/1163 3589/3771/1163
f 3540/3772/1164 3542/3773/1164 3538/3764/1164
f 3595/3774/1165 3587/3775/1166 3588/3776/1165
f 3547/3777/1167 3546/3778/1167 3545/3779/1167
f 3549/3780/1168 3551/3781/1169 3552/3782/1169
f 3599/3783/1170 3591/3784/1170 3592/3785/1170
f 3548/3786/1164 3550/3787/1164 3546/3778/1164
f 3594/3788/1171 3586/3789/1171 3585/3790/1171
f 3554/3791/1164 3555/3792/1164 3553/3793/1164
f 3558/3794/1164 3559/3795/1164 3557/3796/1164
f 3562/3797/1172 3554/3791/1173 3553/3793/1172
f 3567/3798/1174 3559/3795/1174 3560/3799/1174
f 3563/3800/1175 3555/3792/1175 3556/3801/1175
f 3592/3785/1104 3589/3771/1104 3590/3770/1104
f 3566/3802/1176 3558/3794/1176 3557/3796/1176
f 3588/3776/1104 3585/3790/1104 3586/3789/1104
f 3653/3803/799 3656/3804/799 3654/3805/799
f 3649/3806/795 3652/3805/795 3650/3807/795
f 3645/3808/1164 3648/3807/1164 3646/3809/1164
f 3641/3609/1120 3644/3810/1120 3642/3811/1120
f 3637/3610/1104 3640/3811/1104 3638/3812/1104
f 3633/3611/1149 3636/3812/1149 3634/3813/1149
f 3619/3814/1177 3644/3611/1177 3643/3813/1177
f 3602/3815/1178 3609/3612/1179 3601/3814/1180
f 3611/3615/1181 3602/3816/1178 3604/3817/1182
f 3612/3616/1183 3604/3817/1182 3603/3818/1184
f 3609/3617/1179 3603/3819/1184 3601/3820/1180
f 3612/3821/1185 3634/3619/1185 3636/3822/1185
f 3604/3823/1186 3613/3620/1187 3603/3821/1188
f 3615/3824/1189 3604/3823/1186 3608/3825/1190
f 3616/3826/1191 3608/3827/1190 3607/3828/1192
f 3603/3827/1188 3616/3625/1191 3607/3829/1192
f 3630/3830/1193 3654/3831/1193 3629/3829/1193
f 3608/3831/1194 3617/3628/1195 3607/3832/1196
f 3606/3832/1197 3618/3630/1198 3608/3833/1194
f 3620/3632/1199 3606/3834/1197 3605/3835/1200
f 3617/3631/1195 3605/3836/1200 3607/3834/1196
f 3623/3633/1201 3645/3837/1201 3622/3836/1201
f 3622/3634/1202 3605/3838/1203 3606/3837/1204
f 3602/3838/1205 3622/3636/1202 3606/3839/1204
f 3624/3636/1206 3602/3840/1205 3601/3839/1207
f 3621/3638/1208 3601/3841/1207 3605/3840/1203
f 3615/3841/1209 3640/3641/1209 3639/3842/1209
f 3607/3842/1210 3625/3843/1211 3603/3844/1211
f 3605/3845/1212 3626/3846/1210 3607/3847/1210
f 3601/3848/1213 3627/3805/1212 3605/3849/1212
f 3603/3850/1211 3628/3851/1213 3601/3852/1213
f 3625/3853/1214 3649/3810/1214 3650/3854/1214
f 3630/3812/1215 3608/3853/1216 3604/3855/1215
f 3631/3813/1217 3604/3855/1215 3602/3856/1217
f 3632/3814/1218 3602/3856/1217 3606/3857/1218
f 3629/3815/1216 3606/3857/1218 3608/3858/1216
f 3626/3859/1219 3651/3816/1220 3649/3860/1219
f 3613/3818/1221 3640/3859/1221 3616/3861/1221
f 3623/3862/1222 3648/3819/1222 3647/3863/1222
f 3631/3821/1223 3653/3864/1224 3630/3865/1224
f 3620/3866/1225 3642/3821/1225 3644/3865/1225
f 3627/3867/1226 3652/3823/1226 3651/3866/1226
f 3624/3868/1227 3646/3825/1227 3648/3867/1227
f 3632/3869/1228 3655/3870/1228 3631/3871/1228
f 3628/3870/1229 3650/3829/1230 3652/3872/1229
f 3632/3872/1231 3654/3831/1232 3656/3873/1231
f 3610/3831/1233 3634/3874/1233 3609/3873/1233
f 3614/3832/1234 3638/3875/1234 3613/3874/1234
f 3611/3835/1235 3633/3876/1235 3610/3877/1235
f 3618/3834/1236 3642/3878/1236 3617/3876/1236
f 3614/3878/1237 3639/3837/1237 3637/3879/1237
f 3622/3837/1238 3646/3880/1238 3621/3879/1238
f 3611/3880/1239 3636/3839/1239 3635/3881/1239
f 3619/3839/1240 3641/3882/1240 3618/3881/1240
f 3660/3883/1241 3657/3884/1242 3659/3885/1243
f 3664/3886/1244 3662/3887/1245 3663/3888/1246
f 3828/3889/1247 3830/3890/1247 3826/3891/1247
f 3663/3888/799 3658/3892/799 3660/3883/799
f 3668/3893/1248 3665/3894/1248 3667/3895/1248
f 3669/3896/1249 3671/3897/1249 3672/3898/1249
f 3671/3897/799 3666/3899/799 3668/3893/799
f 3676/3900/799 3673/3901/799 3674/3902/799
f 3678/3903/799 3679/3904/799 3677/3905/799
f 3682/3906/1250 3674/3902/1250 3673/3901/1250
f 3829/3907/1251 3831/3908/1251 3832/3909/1251
f 3687/3910/1252 3679/3904/1252 3680/3911/1252
f 3828/3889/1253 3825/3912/1253 3827/3913/1253
f 3683/3914/1254 3675/3915/1254 3676/3900/1254
f 3686/3916/1255 3678/3903/1255 3677/3905/1255
f 3692/3917/1256 3689/3918/1257 3691/3919/1258
f 3696/3920/1259 3694/3921/1260 3695/3922/1261
f 3695/3922/1262 3690/3923/1263 3692/3917/1262
f 3699/3924/1264 3698/3925/1264 3697/3926/1264
f 3701/3927/1265 3703/3928/1265 3704/3929/1265
f 3700/3930/1262 3702/3931/1263 3698/3925/1263
f 3706/3932/1262 3707/3933/1263 3705/3934/1263
f 3710/3935/1263 3711/3936/1263 3709/3937/1263
f 3714/3938/1266 3706/3932/1266 3705/3934/1266
f 3719/3939/1267 3711/3936/1267 3712/3940/1267
f 3715/3941/1268 3707/3933/1268 3708/3942/1268
f 3718/3943/1269 3710/3935/1269 3709/3937/1269
f 3724/3944/1270 3721/3945/1271 3723/3946/1272
f 3728/3947/1273 3726/3948/1274 3727/3949/1275
f 3721/3945/795 3728/3947/795 3723/3946/795
f 3820/3950/1247 3822/3951/1247 3818/3952/1247
f 3731/3953/1248 3730/3954/1248 3729/3955/1248
f 3733/3956/1249 3735/3957/1249 3736/3958/1249
f 3729/3955/795 3736/3958/795 3731/3953/795
f 3746/3959/795 3747/3960/795 3745/3961/795
f 3750/3962/795 3751/3963/795 3749/3964/795
f 3746/3959/1276 3738/3965/1276 3737/3966/1276
f 3824/3967/1277 3822/3951/1278 3823/3968/1279
f 3751/3963/1280 3743/3969/1280 3744/3970/1280
f 3820/3950/1281 3817/3971/1282 3819/3972/1283
f 3747/3960/1284 3739/3973/1284 3740/3974/1284
f 3750/3962/1285 3742/3975/1285 3741/3976/1285
f 3756/3977/1286 3753/3978/1287 3755/3979/1288
f 3760/3980/1289 3758/3981/1290 3759/3982/1291
f 3757/3983/1292 3755/3979/1292 3753/3978/1292
f 3764/3984/1293 3761/3985/1294 3763/3986/1293
f 3768/3987/1295 3766/3988/1296 3767/3989/1295
f 3765/3990/1292 3763/3986/1297 3761/3985/1292
f 3777/3991/1297 3780/3992/1292 3779/3993/1297
f 3781/3994/1292 3784/3995/1292 3783/3996/1292
f 3778/3997/1298 3770/3998/1298 3769/3999/1298
f 3783/3996/1299 3775/4000/1299 3776/4001/1299
f 3779/3993/1300 3771/4002/1300 3772/4003/1300
f 3782/4004/1301 3774/4005/1301 3773/4006/1301
f 3788/4007/1302 3785/4008/1303 3787/4009/1304
f 3792/4010/1305 3790/4011/1306 3791/4012/1307
f 3837/4013/1308 3845/4014/1308 3838/4015/1308
f 3788/4007/1309 3790/4011/1309 3786/4016/1309
f 3843/4017/1310 3835/4018/1310 3836/4019/1310
f 3796/4020/1311 3793/4021/1311 3795/4022/1311
f 3797/4023/1312 3799/4024/1312 3800/4025/1312
f 3847/4026/1313 3839/4027/1313 3840/4028/1313
f 3796/4020/1309 3798/4029/1309 3794/4030/1309
f 3833/4031/1314 3841/4032/1314 3834/4033/1314
f 3802/4034/1309 3803/4035/1309 3801/4036/1309
f 3806/4037/1309 3807/4038/1309 3805/4039/1309
f 3801/4036/1315 3809/4040/1316 3802/4034/1316
f 3808/4041/1317 3816/4042/1317 3807/4038/1317
f 3811/4043/1318 3803/4035/1319 3804/4044/1318
f 3838/4015/1247 3839/4027/1247 3837/4013/1247
f 3814/4045/1320 3806/4037/1320 3805/4039/1320
f 3834/4033/1247 3835/4018/1247 3833/4031/1247
f 3901/3840/799 3904/4046/799 3902/3882/799
f 3897/3841/795 3900/4047/795 3898/4046/795
f 3893/4048/1309 3896/4049/1309 3894/4047/1309
f 3889/4050/1263 3892/4051/1263 3890/4049/1263
f 3885/3845/1247 3888/4052/1247 3886/4053/1247
f 3881/3852/1292 3884/4054/1292 3882/4055/1292
f 3868/3850/1321 3891/4055/1321 3867/4056/1321
f 3850/4057/1322 3857/3854/1323 3849/4058/1324
f 3852/4059/1325 3858/3853/1326 3850/4057/1322
f 3860/3856/1327 3852/4059/1325 3851/4060/1328
f 3857/3857/1323 3851/4060/1328 3849/4061/1324
f 3857/3858/1329 3884/4061/1329 3860/4062/1329
f 3852/4063/1330 3861/3860/1331 3851/4064/1332
f 3863/3861/1333 3852/4063/1330 3856/4065/1334
f 3864/3862/1335 3856/4066/1334 3855/4067/1336
f 3851/4068/1332 3864/3864/1335 3855/4069/1336
f 3878/3866/1337 3902/4068/1337 3877/4070/1337
f 3856/4071/1338 3865/3866/1339 3855/4070/1340
f 3854/4072/1341 3866/3867/1342 3856/4071/1338
f 3868/4051/1343 3854/4073/1341 3853/4074/1344
f 3865/4075/1339 3853/4076/1344 3855/4077/1340
f 3871/3870/1345 3893/4078/1345 3870/4076/1345
f 3854/4078/1346 3869/3873/1347 3853/4079/1348
f 3871/3873/1349 3854/4080/1346 3850/4079/1350
f 3872/3874/1351 3850/4081/1350 3849/4080/1352
f 3853/4081/1348 3872/4082/1351 3849/4083/1352
f 3864/4082/1353 3887/4084/1353 3863/4083/1353
f 3855/4084/1354 3873/3879/1355 3851/4085/1355
f 3853/4085/1356 3874/3880/1354 3855/4086/1354
f 3849/4086/1357 3875/3881/1356 3853/4087/1356
f 3851/4087/1355 3876/3882/1357 3849/4088/1357
f 3873/4088/1358 3897/4046/1358 3898/4089/1358
f 3878/4046/1359 3856/4090/1360 3852/4089/1359
f 3879/4047/1361 3852/4091/1359 3850/4090/1361
f 3880/4049/1362 3850/4092/1361 3854/4091/1362
f 3877/4051/1360 3854/4093/1362 3856/4092/1360
f 3874/4094/1363 3899/4095/1363 3897/4096/1363
f 3864/4097/1364 3886/4054/1364 3888/4094/1364
f 3872/4056/1365 3895/4097/1365 3871/4098/1365
f 3879/4099/1366 3901/4098/1366 3878/4100/1366
f 3865/4101/1367 3892/4102/1367 3868/4103/1367
f 3876/4104/1368 3899/4103/1368 3875/4105/1368
f 3872/4106/1369 3894/4104/1369 3896/4105/1369
f 3879/4107/1370 3904/4108/1370 3903/4106/1370
f 3873/4063/1371 3900/4107/1371 3876/4109/1371
f 3877/4065/1372 3904/4109/1372 3880/4110/1372
f 3858/4111/1373 3882/4110/1373 3857/4112/1373
f 3862/4113/1374 3886/4112/1374 3861/4114/1374
f 3858/4115/1375 3883/4113/1375 3881/4114/1375
f 3865/4116/1376 3889/4117/1376 3890/4115/1376
f 3863/4118/1377 3885/4116/1377 3862/4119/1377
f 3870/4120/1378 3894/4121/1378 3869/4122/1378
f 3860/4123/1379 3883/4122/1379 3859/4124/1379
f 3866/4125/1380 3891/4076/1380 3889/4126/1380
f 3907/4076/794 3906/4127/794 3905/4126/794
f 3911/4128/792 3908/4129/792 3907/4127/792
f 3909/4079/804 3912/4130/804 3911/4129/804
f 3905/4080/791 3910/4131/791 3909/4130/791
f 3905/4081/799 3911/4132/799 3907/4131/799
f 3910/4083/795 3908/4133/795 3912/4132/795
f 3914/4134/791 3924/4135/791 3920/4136/791
f 3917/4137/1381 3924/4135/1381 3923/4138/1381
f 3914/4134/795 3917/4137/795 3916/4139/795
f 3916/4139/792 3923/4138/792 3921/4140/792
f 3913/4141/791 3924/4135/791 3922/4142/791
f 3915/4143/799 3919/4144/799 3913/4141/799
f 3915/4143/792 3923/4138/792 3918/4145/792
f 3923/4138/1382 3919/4144/1382 3918/4145/1382
f 3932/4146/1383 3927/4147/1384 3930/4148/1385
f 3930/4148/1385 3934/4149/1386 3932/4146/1383
f 3934/4149/1386 3929/4150/1387 3933/4151/1388
f 3925/4152/1389 3933/4151/1388 3929/4150/1387
f 3942/4153/1383 3937/4154/1384 3940/4155/1385
f 3940/4155/1385 3944/4156/1386 3942/4153/1383
f 3944/4156/1386 3939/4157/1387 3943/4158/1388
f 3935/4159/1389 3943/4158/1388 3939/4157/1387
f 3952/4160/1383 3947/4161/1384 3950/4162/1385
f 3950/4162/1385 3954/4163/1386 3952/4160/1383
f 3954/4163/1386 3949/4164/1387 3953/4165/1388
f 3945/4166/1389 3953/4165/1388 3949/4164/1387
f 3962/4167/1383 3957/4168/1384 3960/4169/1385
f 3960/4169/1385 3964/4170/1386 3962/4167/1383
f 3964/4170/1386 3959/4171/1387 3963/4172/1388
f 3955/4173/1389 3963/4172/1388 3959/4171/1387
f 3972/4174/1383 3967/4175/1384 3970/4176/1385
f 3970/4176/1385 3974/4177/1386 3972/4174/1383
f 3974/4177/1386 3969/4178/1387 3973/4179/1388
f 3965/4180/1389 3973/4179/1388 3969/4178/1387
f 3977/4181/1390 3982/4182/1391 3980/4183/1392
f 3984/4184/1393 3980/4183/1392 3982/4182/1391
f 3984/4184/1393 3979/4185/1394 3981/4186/1395
f 3975/4187/1396 3983/4188/1397 3976/4189/1396
f 3987/4190/1390 3992/4191/1391 3990/4192/1392
f 3994/4193/1393 3990/4192/1392 3992/4191/1391
f 3994/4193/1393 3989/4194/1394 3991/4195/1395
f 3985/4196/1396 3993/4197/1397 3986/4198/1396
f 3997/4199/1390 4002/4200/1391 4000/4201/1392
f 4004/4202/1393 4000/4201/1392 4002/4200/1391
f 4004/4202/1393 3999/4203/1394 4001/4204/1395
f 3995/4205/1396 4003/4206/1397 3996/4207/1396
f 4007/4208/1390 4012/4209/1391 4010/4210/1392
f 4014/4211/1393 4010/4210/1392 4012/4209/1391
f 4014/4211/1393 4009/4212/1394 4011/4213/1395
f 4005/4214/1396 4013/4215/1397 4006/4216/1396
f 4017/4217/1390 4022/4218/1391 4020/4219/1392
f 4024/4220/1393 4020/4219/1392 4022/4218/1391
f 4024/4220/1393 4019/4221/1394 4021/4222/1395
f 4015/4223/1396 4023/4224/1397 4016/4225/1396
f 4032/4226/1383 4027/4227/1384 4030/4228/1385
f 4030/4228/1385 4034/4229/1386 4032/4226/1383
f 4034/4229/1386 4029/4230/1387 4033/4231/1388
f 4025/4232/1389 4033/4231/1388 4029/4230/1387
f 4042/4233/1383 4037/4234/1384 4040/4235/1385
f 4040/4235/1385 4044/4236/1386 4042/4233/1383
f 4044/4236/1386 4039/4237/1387 4043/4238/1388
f 4035/4239/1389 4043/4238/1388 4039/4237/1387
f 4052/4240/1383 4047/4241/1384 4050/4242/1385
f 4050/4242/1385 4054/4243/1386 4052/4240/1383
f 4054/4243/1386 4049/4244/1387 4053/4245/1388
f 4045/4246/1389 4053/4245/1388 4049/4244/1387
f 4062/4247/1383 4057/4248/1384 4060/4249/1385
f 4060/4249/1385 4064/4250/1386 4062/4247/1383
f 4064/4250/1386 4059/4251/1387 4063/4252/1388
f 4055/4253/1389 4063/4252/1388 4059/4251/1387
f 4072/4254/1383 4067/4255/1384 4070/4256/1385
f 4070/4256/1385 4074/4257/1386 4072/4254/1383
f 4074/4257/1386 4069/4258/1387 4073/4259/1388
f 4065/4260/1389 4073/4259/1388 4069/4258/1387
f 4077/4261/1390 4082/4262/1391 4080/4263/1392
f 4084/4264/1393 4080/4263/1392 4082/4262/1391
f 4084/4264/1393 4079/4265/1394 4081/4266/1395
f 4075/4267/1396 4083/4268/1397 4076/4269/1396
f 4087/4270/1390 4092/4271/1391 4090/4272/1392
f 4094/4273/1393 4090/4272/1392 4092/4271/1391
f 4094/4273/1393 4089/4274/1394 4091/4275/1395
f 4085/4276/1396 4093/4277/1397 4086/4278/1396
f 4097/4279/1390 4102/4280/1391 4100/4281/1392
f 4104/4282/1393 4100/4281/1392 4102/4280/1391
f 4104/4282/1393 4099/4283/1394 4101/4284/1395
f 4095/4285/1396 4103/4286/1397 4096/4287/1396
f 4107/4288/1390 4112/4289/1391 4110/4290/1392
f 4114/4291/1393 4110/4290/1392 4112/4289/1391
f 4114/4291/1393 4109/4292/1394 4111/4293/1395
f 4105/4294/1396 4113/4295/1397 4106/4296/1396
f 4117/4297/1390 4122/4298/1391 4120/4299/1392
f 4124/4300/1393 4120/4299/1392 4122/4298/1391
f 4124/4300/1393 4119/4301/1394 4121/4302/1395
f 4115/4303/1396 4123/4304/1397 4116/4305/1396
f 4132/4306/1383 4127/4307/1384 4130/4308/1385
f 4130/4308/1385 4134/4309/1386 4132/4306/1383
f 4134/4309/1386 4129/4310/1387 4133/4311/1388
f 4125/4312/1389 4133/4311/1388 4129/4310/1387
f 4142/4313/1383 4137/4314/1384 4140/4315/1385
f 4140/4315/1385 4144/4316/1386 4142/4313/1383
f 4144/4316/1386 4139/4317/1387 4143/4318/1388
f 4135/4319/1389 4143/4318/1388 4139/4317/1387
f 4152/4320/1383 4147/4321/1384 4150/4322/1385
f 4150/4322/1385 4154/4323/1386 4152/4320/1383
f 4154/4323/1386 4149/4324/1387 4153/4325/1388
f 4145/4326/1389 4153/4325/1388 4149/4324/1387
f 4162/4327/1383 4157/4328/1384 4160/4329/1385
f 4160/4329/1385 4164/4330/1386 4162/4327/1383
f 4164/4330/1386 4159/4331/1387 4163/4332/1388
f 4155/4333/1389 4163/4332/1388 4159/4331/1387
f 4172/4334/1383 4167/4335/1384 4170/4336/1385
f 4170/4336/1385 4174/4337/1386 4172/4334/1383
f 4174/4337/1386 4169/4338/1387 4173/4339/1388
f 4165/4340/1389 4173/4339/1388 4169/4338/1387
f 4177/4341/1390 4182/4342/1391 4180/4343/1392
f 4184/4344/1393 4180/4343/1392 4182/4342/1391
f 4184/4344/1393 4179/4345/1394 4181/4346/1395
f 4175/4347/1396 4183/4348/1397 4176/4349/1396
f 4187/4350/1390 4192/4351/1391 4190/4352/1392
f 4194/4353/1393 4190/4352/1392 4192/4351/1391
f 4194/4353/1393 4189/4354/1394 4191/4355/1395
f 4185/4356/1396 4193/4357/1397 4186/4358/1396
f 4197/4359/1390 4202/4360/1391 4200/4361/1392
f 4204/4362/1393 4200/4361/1392 4202/4360/1391
f 4204/4362/1393 4199/4363/1394 4201/4364/1395
f 4195/4365/1396 4203/4366/1397 4196/4367/1396
f 4207/4368/1390 4212/4369/1391 4210/4370/1392
f 4214/4371/1393 4210/4370/1392 4212/4369/1391
f 4214/4371/1393 4209/4372/1394 4211/4373/1395
f 4205/4374/1396 4213/4375/1397 4206/4376/1396
f 4217/4377/1390 4222/4378/1391 4220/4379/1392
f 4224/4380/1393 4220/4379/1392 4222/4378/1391
f 4224/4380/1393 4219/4381/1394 4221/4382/1395
f 4215/4383/1396 4223/4384/1397 4216/4385/1396
f 4232/4386/1383 4227/4387/1384 4230/4388/1385
f 4230/4388/1385 4234/4389/1386 4232/4386/1383
f 4234/4389/1386 4229/4390/1387 4233/4391/1388
f 4225/4392/1389 4233/4391/1388 4229/4390/1387
f 4242/4393/1383 4237/4394/1384 4240/4395/1385
f 4240/4395/1385 4244/4396/1386 4242/4393/1383
f 4244/4396/1386 4239/4397/1387 4243/4398/1388
f 4235/4399/1389 4243/4398/1388 4239/4397/1387
f 4252/4400/1383 4247/4401/1384 4250/4402/1385
f 4250/4402/1385 4254/4403/1386 4252/4400/1383
f 4254/4403/1386 4249/4404/1387 4253/4405/1388
f 4245/4406/1389 4253/4405/1388 4249/4404/1387
f 4262/4407/1383 4257/4408/1384 4260/4409/1385
f 4260/4409/1385 4264/4410/1386 4262/4407/1383
f 4264/4410/1386 4259/4411/1387 4263/4412/1388
f 4255/4413/1389 4263/4412/1388 4259/4411/1387
f 4272/4414/1383 4267/4415/1384 4270/4416/1385
f 4270/4416/1385 4274/4417/1386 4272/4414/1383
f 4274/4417/1386 4269/4418/1387 4273/4419/1388
f 4265/4420/1389 4273/4419/1388 4269/4418/1387
f 4277/4421/1390 4282/4422/1391 4280/4423/1392
f 4284/4424/1393 4280/4423/1392 4282/4422/1391
f 4284/4424/1393 4279/4425/1394 4281/4426/1395
f 4275/4427/1396 4283/4428/1397 4276/4429/1396
f 4287/4430/1390 4292/4431/1391 4290/4432/1392
f 4294/4433/1393 4290/4432/1392 4292/4431/1391
f 4294/4433/1393 4289/4434/1394 4291/4435/1395
f 4285/4436/1396 4293/4437/1397 4286/4438/1396
f 4297/4439/1390 4302/4440/1391 4300/4441/1392
f 4304/4442/1393 4300/4441/1392 4302/4440/1391
f 4304/4442/1393 4299/4443/1394 4301/4444/1395
f 4295/4445/1396 4303/4446/1397 4296/4447/1396
f 4307/4448/1390 4312/4449/1391 4310/4450/1392
f 4314/4451/1393 4310/4450/1392 4312/4449/1391
f 4314/4451/1393 4309/4452/1394 4311/4453/1395
f 4305/4454/1396 4313/4455/1397 4306/4456/1396
f 4317/4457/1390 4322/4458/1391 4320/4459/1392
f 4324/4460/1393 4320/4459/1392 4322/4458/1391
f 4324/4460/1393 4319/4461/1394 4321/4462/1395
f 4315/4463/1396 4323/4464/1397 4316/4465/1396
f 4332/4466/1383 4327/4467/1384 4330/4468/1385
f 4330/4468/1385 4334/4469/1386 4332/4466/1383
f 4334/4469/1386 4329/4470/1387 4333/4471/1388
f 4325/4472/1389 4333/4471/1388 4329/4470/1387
f 4342/4473/1383 4337/4474/1384 4340/4475/1385
f 4340/4475/1385 4344/4476/1386 4342/4473/1383
f 4344/4476/1386 4339/4477/1387 4343/4478/1388
f 4335/4479/1389 4343/4478/1388 4339/4477/1387
f 4352/4480/1383 4347/4481/1384 4350/4482/1385
f 4350/4482/1385 4354/4483/1386 4352/4480/1383
f 4354/4483/1386 4349/4484/1387 4353/4485/1388
f 4345/4486/1389 4353/4485/1388 4349/4484/1387
f 4362/4487/1383 4357/4488/1384 4360/4489/1385
f 4360/4489/1385 4364/4490/1386 4362/4487/1383
f 4364/4490/1386 4359/4491/1387 4363/4492/1388
f 4355/4493/1389 4363/4492/1388 4359/4491/1387
f 4372/4494/1383 4367/4495/1384 4370/4496/1385
f 4370/4496/1385 4374/4497/1386 4372/4494/1383
f 4374/4497/1386 4369/4498/1387 4373/4499/1388
f 4365/4500/1389 4373/4499/1388 4369/4498/1387
f 4377/4501/1390 4382/4502/1391 4380/4503/1392
f 4384/4504/1393 4380/4503/1392 4382/4502/1391
f 4384/4504/1393 4379/4505/1394 4381/4506/1395
f 4375/4507/1396 4383/4508/1397 4376/4509/1396
f 4387/4510/1390 4392/4511/1391 4390/4512/1392
f 4394/4513/1393 4390/4512/1392 4392/4511/1391
f 4394/4513/1393 4389/4514/1394 4391/4515/1395
f 4385/4516/1396 4393/4517/1397 4386/4518/1396
f 4397/4519/1390 4402/4520/1391 4400/4521/1392
f 4404/4522/1393 4400/4521/1392 4402/4520/1391
f 4404/4522/1393 4399/4523/1394 4401/4524/1395
f 4395/4525/1396 4403/4526/1397 4396/4527/1396
f 4407/4528/1390 4412/4529/1391 4410/4530/1392
f 4414/4531/1393 4410/4530/1392 4412/4529/1391
f 4414/4531/1393 4409/4532/1394 4411/4533/1395
f 4405/4534/1396 4413/4535/1397 4406/4536/1396
f 4417/4537/1390 4422/4538/1391 4420/4539/1392
f 4424/4540/1393 4420/4539/1392 4422/4538/1391
f 4424/4540/1393 4419/4541/1394 4421/4542/1395
f 4415/4543/1396 4423/4544/1397 4416/4545/1396
f 4432/4546/1383 4427/4547/1384 4430/4548/1385
f 4430/4548/1385 4434/4549/1386 4432/4546/1383
f 4434/4549/1386 4429/4550/1387 4433/4551/1388
f 4425/4552/1389 4433/4551/1388 4429/4550/1387
f 4442/4553/1383 4437/4554/1384 4440/4555/1385
f 4440/4555/1385 4444/4556/1386 4442/4553/1383
f 4444/4556/1386 4439/4557/1387 4443/4558/1388
f 4435/4559/1389 4443/4558/1388 4439/4557/1387
f 4452/4560/1383 4447/4561/1384 4450/4562/1385
f 4450/4562/1385 4454/4563/1386 4452/4560/1383
f 4454/4563/1386 4449/4564/1387 4453/4565/1388
f 4445/4566/1389 4453/4565/1388 4449/4564/1387
f 4462/4567/1383 4457/4568/1384 4460/4569/1385
f 4460/4569/1385 4464/4570/1386 4462/4567/1383
f 4464/4570/1386 4459/4571/1387 4463/4572/1388
f 4455/4573/1389 4463/4572/1388 4459/4571/1387
f 4472/4574/1383 4467/4575/1384 4470/4576/1385
f 4470/4576/1385 4474/4577/1386 4472/4574/1383
f 4474/4577/1386 4469/4578/1387 4473/4579/1388
f 4465/4580/1389 4473/4579/1388 4469/4578/1387
f 4477/4581/1390 4482/4582/1391 4480/4583/1392
f 4484/4584/1393 4480/4583/1392 4482/4582/1391
f 4484/4584/1393 4479/4585/1394 4481/4586/1395
f 4475/4587/1396 4483/4588/1397 4476/4589/1396
f 4487/4590/1390 4492/4591/1391 4490/4592/1392
f 4494/4593/1393 4490/4592/1392 4492/4591/1391
f 4494/4593/1393 4489/4594/1394 4491/4595/1395
f 4485/4596/1396 4493/4597/1397 4486/4598/1396
f 4497/4599/1390 4502/4600/1391 4500/4601/1392
f 4504/4602/1393 4500/4601/1392 4502/4600/1391
f 4504/4602/1393 4499/4603/1394 4501/4604/1395
f 4495/4605/1396 4503/4606/1397 4496/4607/1396
f 4507/4608/1390 4512/4609/1391 4510/4610/1392
f 4514/4611/1393 4510/4610/1392 4512/4609/1391
f 4514/4611/1393 4509/4612/1394 4511/4613/1395
f 4505/4614/1396 4513/4615/1397 4506/4616/1396
f 4517/4617/1390 4522/4618/1391 4520/4619/1392
f 4524/4620/1393 4520/4619/1392 4522/4618/1391
f 4524/4620/1393 4519/4621/1394 4521/4622/1395
f 4515/4623/1396 4523/4624/1397 4516/4625/1396
f 4532/4626/1383 4527/4627/1384 4530/4628/1385
f 4530/4628/1385 4534/4629/1386 4532/4626/1383
f 4534/4629/1386 4529/4630/1387 4533/4631/1388
f 4525/4632/1389 4533/4631/1388 4529/4630/1387
f 4542/4633/1383 4537/4634/1384 4540/4635/1385
f 4540/4635/1385 4544/4636/1386 4542/4633/1383
f 4544/4636/1386 4539/4637/1387 4543/4638/1388
f 4535/4639/1389 4543/4638/1388 4539/4637/1387
f 4552/4640/1383 4547/4641/1384 4550/4642/1385
f 4550/4642/1385 4554/4643/1386 4552/4640/1383
f 4554/4643/1386 4549/4644/1387 4553/4645/1388
f 4545/4646/1389 4553/4645/1388 4549/4644/1387
f 4562/4647/1383 4557/4648/1384 4560/4649/1385
f 4560/4649/1385 4564/4650/1386 4562/4647/1383
f 4564/4650/1386 4559/4651/1387 4563/4652/1388
f 4555/4653/1389 4563/4652/1388 4559/4651/1387
f 4572/4654/1383 4567/4655/1384 4570/4656/1385
f 4570/4656/1385 4574/4657/1386 4572/4654/1383
f 4574/4657/1386 4569/4658/1387 4573/4659/1388
f 4565/4660/1389 4573/4659/1388 4569/4658/1387
f 4577/4661/1390 4582/4662/1391 4580/4663/1392
f 4584/4664/1393 4580/4663/1392 4582/4662/1391
f 4584/4664/1393 4579/4665/1394 4581/4666/1395
f 4575/4667/1396 4583/4668/1397 4576/4669/1396
f 4587/4670/1390 4592/4671/1391 4590/4672/1392
f 4594/4673/1393 4590/4672/1392 4592/4671/1391
f 4594/4673/1393 4589/4674/1394 4591/4675/1395
f 4585/4676/1396 4593/4677/1397 4586/4678/1396
f 4597/4679/1390 4602/4680/1391 4600/4681/1392
f 4604/4682/1393 4600/4681/1392 4602/4680/1391
f 4604/4682/1393 4599/4683/1394 4601/4684/1395
f 4595/4685/1396 4603/4686/1397 4596/4687/1396
f 4607/4688/1390 4612/4689/1391 4610/4690/1392
f 4614/4691/1393 4610/4690/1392 4612/4689/1391
f 4614/4691/1393 4609/4692/1394 4611/4693/1395
f 4605/4694/1396 4613/4695/1397 4606/4696/1396
f 4617/4697/1390 4622/4698/1391 4620/4699/1392
f 4624/4700/1393 4620/4699/1392 4622/4698/1391
f 4624/4700/1393 4619/4701/1394 4621/4702/1395
f 4615/4703/1396 4623/4704/1397 4616/4705/1396
f 3926/4706/1398 4625/4707/1398 4626/4708/1398
f 3928/4709/1399 4627/4710/1399 3927/4147/1399
f 3932/4146/1400 4634/4711/1401 4632/4712/1402
f 3930/4148/1403 4631/4713/1404 3931/4714/1405
f 3933/4151/1406 4634/4711/1401 3934/4149/1407
f 3929/4150/1408 4631/4713/1404 4629/4715/1409
f 3925/4152/1410 4629/4715/1409 4625/4707/1411
f 3926/4706/1412 4633/4716/1413 3933/4151/1406
f 3927/4147/1414 4630/4717/1415 3930/4148/1403
f 3928/4709/1416 4632/4712/1402 4628/4718/1417
f 3936/4719/1398 4635/4720/1398 4636/4721/1398
f 3938/4722/1399 4637/4723/1399 3937/4154/1399
f 3942/4153/1400 4644/4724/1401 4642/4725/1402
f 3940/4155/1403 4641/4726/1404 3941/4727/1405
f 3943/4158/1406 4644/4724/1401 3944/4156/1418
f 3939/4157/1408 4641/4726/1404 4639/4728/1409
f 3935/4159/1410 4639/4728/1409 4635/4720/1411
f 3936/4719/1412 4643/4729/1413 3943/4158/1406
f 3937/4154/1414 4640/4730/1419 3940/4155/1403
f 3938/4722/1416 4642/4725/1402 4638/4731/1420
f 3946/4732/1398 4645/4733/1398 4646/4734/1398
f 3948/4735/1399 4647/4736/1399 3947/4161/1399
f 3952/4160/1400 4654/4737/1401 4652/4738/1402
f 3950/4162/1403 4651/4739/1404 3951/4740/1405
f 3953/4165/1421 4654/4737/1401 3954/4163/1407
f 3949/4164/1408 4651/4739/1404 4649/4741/1409
f 3945/4166/1410 4649/4741/1409 4645/4733/1411
f 3946/4732/1412 4653/4742/1413 3953/4165/1421
f 3947/4161/1414 4650/4743/1415 3950/4162/1403
f 3948/4735/1416 4652/4738/1402 4648/4744/1420
f 3956/4745/1398 4655/4746/1398 4656/4747/1398
f 3958/4748/1399 4657/4749/1399 3957/4168/1399
f 3962/4167/1400 4664/4750/1401 4662/4751/1402
f 3960/4169/1403 4661/4752/1404 3961/4753/1405
f 3963/4172/1421 4664/4750/1401 3964/4170/1418
f 3959/4171/1408 4661/4752/1404 4659/4754/1409
f 3955/4173/1410 4659/4754/1409 4655/4746/1411
f 3956/4745/1412 4663/4755/1413 3963/4172/1421
f 3957/4168/1414 4660/4756/1415 3960/4169/1403
f 3958/4748/1416 4662/4751/1402 4658/4757/1420
f 3966/4758/1398 4665/4759/1398 4666/4760/1398
f 3968/4761/1399 4667/4762/1399 3967/4175/1399
f 3972/4174/1400 4674/4763/1401 4672/4764/1402
f 3970/4176/1403 4671/4765/1404 3971/4766/1405
f 3973/4179/1421 4674/4763/1401 3974/4177/1418
f 3969/4178/1408 4671/4765/1404 4669/4767/1409
f 3965/4180/1410 4669/4767/1409 4665/4759/1411
f 3966/4758/1412 4673/4768/1413 3973/4179/1421
f 3967/4175/1414 4670/4769/1415 3970/4176/1403
f 3968/4761/1416 4672/4764/1402 4668/4770/1420
f 3976/4189/1422 4675/4771/1422 3975/4187/1422
f 3978/4772/1423 4677/4773/1423 4678/4774/1423
f 3982/4182/1424 4684/4775/1425 3984/4184/1426
f 3980/4183/1427 4681/4776/1428 4680/4777/1429
f 3983/4188/1430 4684/4775/1425 4683/4778/1431
f 3979/4185/1432 4681/4776/1428 3981/4186/1433
f 3975/4187/1434 4679/4779/1435 3979/4185/1432
f 3976/4189/1436 4683/4778/1431 4676/4780/1437
f 3977/4181/1438 4680/4777/1429 4677/4773/1439
f 3978/4772/1440 4682/4781/1441 3982/4182/1424
f 3986/4198/1422 4685/4782/1422 3985/4196/1422
f 3988/4783/1423 4687/4784/1423 4688/4785/1423
f 3992/4191/1424 4694/4786/1425 3994/4193/1442
f 3990/4192/1427 4691/4787/1428 4690/4788/1443
f 3993/4197/1430 4694/4786/1425 4693/4789/1431
f 3989/4194/1432 4691/4787/1428 3991/4195/1433
f 3985/4196/1434 4689/4790/1435 3989/4194/1432
f 3986/4198/1436 4693/4789/1431 4686/4791/1437
f 3987/4190/1438 4690/4788/1443 4687/4784/1439
f 3988/4783/1444 4692/4792/1441 3992/4191/1424
f 3996/4207/1422 4695/4793/1422 3995/4205/1422
f 3998/4794/1423 4697/4795/1423 4698/4796/1423
f 4002/4200/1424 4704/4797/1425 4004/4202/1426
f 4000/4201/1427 4701/4798/1428 4700/4799/1443
f 4003/4206/1445 4704/4797/1425 4703/4800/1431
f 3999/4203/1432 4701/4798/1428 4001/4204/1433
f 3995/4205/1434 4699/4801/1435 3999/4203/1432
f 3996/4207/1436 4703/4800/1431 4696/4802/1437
f 3997/4199/1438 4700/4799/1443 4697/4795/1439
f 3998/4794/1444 4702/4803/1441 4002/4200/1424
f 4006/4216/1422 4705/4804/1422 4005/4214/1422
f 4008/4805/1423 4707/4806/1423 4708/4807/1423
f 4012/4209/1424 4714/4808/1425 4014/4211/1442
f 4010/4210/1427 4711/4809/1428 4710/4810/1429
f 4013/4215/1445 4714/4808/1425 4713/4811/1431
f 4009/4212/1432 4711/4809/1428 4011/4213/1433
f 4005/4214/1434 4709/4812/1435 4009/4212/1432
f 4006/4216/1436 4713/4811/1431 4706/4813/1437
f 4007/4208/1438 4710/4810/1429 4707/4806/1439
f 4008/4805/1444 4712/4814/1441 4012/4209/1424
f 4016/4225/1422 4715/4815/1422 4015/4223/1422
f 4018/4816/1423 4717/4817/1423 4718/4818/1423
f 4022/4218/1424 4724/4819/1425 4024/4220/1442
f 4020/4219/1427 4721/4820/1428 4720/4821/1429
f 4023/4224/1430 4724/4819/1425 4723/4822/1431
f 4019/4221/1432 4721/4820/1428 4021/4222/1433
f 4015/4223/1434 4719/4823/1435 4019/4221/1432
f 4016/4225/1436 4723/4822/1431 4716/4824/1437
f 4017/4217/1438 4720/4821/1429 4717/4817/1439
f 4018/4816/1444 4722/4825/1441 4022/4218/1424
f 4026/4826/1398 4725/4827/1398 4726/4828/1398
f 4028/4829/1399 4727/4830/1399 4027/4227/1399
f 4032/4226/1400 4734/4831/1401 4732/4832/1402
f 4030/4228/1403 4731/4833/1404 4031/4834/1405
f 4033/4231/1406 4734/4831/1401 4034/4229/1407
f 4029/4230/1408 4731/4833/1404 4729/4835/1409
f 4025/4232/1410 4729/4835/1409 4725/4827/1411
f 4026/4826/1412 4733/4836/1413 4033/4231/1406
f 4027/4227/1414 4730/4837/1415 4030/4228/1403
f 4028/4829/1446 4732/4832/1402 4728/4838/1417
f 4036/4839/1398 4735/4840/1398 4736/4841/1398
f 4038/4842/1399 4737/4843/1399 4037/4234/1399
f 4042/4233/1400 4744/4844/1401 4742/4845/1402
f 4040/4235/1403 4741/4846/1404 4041/4847/1405
f 4043/4238/1406 4744/4844/1401 4044/4236/1418
f 4039/4237/1408 4741/4846/1404 4739/4848/1409
f 4035/4239/1410 4739/4848/1409 4735/4840/1411
f 4036/4839/1412 4743/4849/1413 4043/4238/1406
f 4037/4234/1414 4740/4850/1419 4040/4235/1403
f 4038/4842/1416 4742/4845/1402 4738/4851/1420
f 4046/4852/1398 4745/4853/1398 4746/4854/1398
f 4048/4855/1399 4747/4856/1399 4047/4241/1399
f 4052/4240/1400 4754/4857/1401 4752/4858/1402
f 4050/4242/1403 4751/4859/1404 4051/4860/1405
f 4053/4245/1421 4754/4857/1401 4054/4243/1407
f 4049/4244/1408 4751/4859/1404 4749/4861/1409
f 4045/4246/1410 4749/4861/1409 4745/4853/1411
f 4046/4852/1412 4753/4862/1413 4053/4245/1421
f 4047/4241/1414 4750/4863/1419 4050/4242/1403
f 4048/4855/1416 4752/4858/1402 4748/4864/1420
f 4056/4865/1398 4755/4866/1398 4756/4867/1398
f 4058/4868/1399 4757/4869/1399 4057/4248/1399
f 4062/4247/1400 4764/4870/1401 4762/4871/1402
f 4060/4249/1403 4761/4872/1404 4061/4873/1405
f 4063/4252/1421 4764/4870/1401 4064/4250/1407
f 4059/4251/1408 4761/4872/1404 4759/4874/1409
f 4055/4253/1410 4759/4874/1409 4755/4866/1411
f 4056/4865/1412 4763/4875/1413 4063/4252/1421
f 4057/4248/1414 4760/4876/1415 4060/4249/1403
f 4058/4868/1416 4762/4871/1402 4758/4877/1420
f 4066/4878/1398 4765/4879/1398 4766/4880/1398
f 4068/4881/1399 4767/4882/1399 4067/4255/1399
f 4072/4254/1400 4774/4883/1401 4772/4884/1402
f 4070/4256/1403 4771/4885/1404 4071/4886/1405
f 4073/4259/1421 4774/4883/1401 4074/4257/1418
f 4069/4258/1408 4771/4885/1404 4769/4887/1409
f 4065/4260/1410 4769/4887/1409 4765/4879/1411
f 4066/4878/1412 4773/4888/1413 4073/4259/1421
f 4067/4255/1414 4770/4889/1415 4070/4256/1403
f 4068/4881/1416 4772/4884/1402 4768/4890/1420
f 4076/4269/1422 4775/4891/1422 4075/4267/1422
f 4078/4892/1423 4777/4893/1423 4778/4894/1423
f 4082/4262/1424 4784/4895/1425 4084/4264/1442
f 4080/4263/1427 4781/4896/1428 4780/4897/1429
f 4083/4268/1430 4784/4895/1425 4783/4898/1431
f 4079/4265/1432 4781/4896/1428 4081/4266/1433
f 4075/4267/1434 4779/4899/1435 4079/4265/1432
f 4076/4269/1436 4783/4898/1431 4776/4900/1437
f 4077/4261/1438 4780/4897/1429 4777/4893/1439
f 4078/4892/1440 4782/4901/1441 4082/4262/1424
f 4086/4278/1422 4785/4902/1422 4085/4276/1422
f 4088/4903/1423 4787/4904/1423 4788/4905/1423
f 4092/4271/1424 4794/4906/1425 4094/4273/1426
f 4090/4272/1427 4791/4907/1428 4790/4908/1443
f 4093/4277/1430 4794/4906/1425 4793/4909/1431
f 4089/4274/1432 4791/4907/1428 4091/4275/1433
f 4085/4276/1434 4789/4910/1435 4089/4274/1432
f 4086/4278/1436 4793/4909/1431 4786/4911/1437
f 4087/4270/1438 4790/4908/1443 4787/4904/1439
f 4088/4903/1444 4792/4912/1441 4092/4271/1424
f 4096/4287/1422 4795/4913/1422 4095/4285/1422
f 4098/4914/1423 4797/4915/1423 4798/4916/1423
f 4102/4280/1424 4804/4917/1425 4104/4282/1426
f 4100/4281/1427 4801/4918/1428 4800/4919/1443
f 4103/4286/1445 4804/4917/1425 4803/4920/1431
f 4099/4283/1432 4801/4918/1428 4101/4284/1433
f 4095/4285/1434 4799/4921/1435 4099/4283/1432
f 4096/4287/1436 4803/4920/1431 4796/4922/1437
f 4097/4279/1438 4800/4919/1443 4797/4915/1439
f 4098/4914/1444 4802/4923/1441 4102/4280/1424
f 4106/4296/1422 4805/4924/1422 4105/4294/1422
f 4108/4925/1423 4807/4926/1423 4808/4927/1423
f 4112/4289/1424 4814/4928/1425 4114/4291/1442
f 4110/4290/1427 4811/4929/1428 4810/4930/1429
f 4113/4295/1445 4814/4928/1425 4813/4931/1431
f 4109/4292/1432 4811/4929/1428 4111/4293/1433
f 4105/4294/1434 4809/4932/1435 4109/4292/1432
f 4106/4296/1436 4813/4931/1431 4806/4933/1437
f 4107/4288/1438 4810/4930/1429 4807/4926/1439
f 4108/4925/1444 4812/4934/1441 4112/4289/1424
f 4116/4305/1422 4815/4935/1422 4115/4303/1422
f 4118/4936/1423 4817/4937/1423 4818/4938/1423
f 4122/4298/1424 4824/4939/1425 4124/4300/1442
f 4120/4299/1427 4821/4940/1428 4820/4941/1429
f 4123/4304/1430 4824/4939/1425 4823/4942/1431
f 4119/4301/1432 4821/4940/1428 4121/4302/1433
f 4115/4303/1434 4819/4943/1435 4119/4301/1432
f 4116/4305/1436 4823/4942/1431 4816/4944/1437
f 4117/4297/1438 4820/4941/1429 4817/4937/1439
f 4118/4936/1444 4822/4945/1441 4122/4298/1424
f 4126/4946/1398 4825/4947/1398 4826/4948/1398
f 4128/4949/1399 4827/4950/1399 4127/4307/1399
f 4132/4306/1400 4834/4951/1401 4832/4952/1402
f 4130/4308/1403 4831/4953/1404 4131/4954/1405
f 4133/4311/1406 4834/4951/1401 4134/4309/1407
f 4129/4310/1408 4831/4953/1404 4829/4955/1409
f 4125/4312/1410 4829/4955/1409 4825/4947/1411
f 4126/4946/1412 4833/4956/1413 4133/4311/1406
f 4127/4307/1414 4830/4957/1415 4130/4308/1403
f 4128/4949/1446 4832/4952/1402 4828/4958/1417
f 4136/4959/1398 4835/4960/1398 4836/4961/1398
f 4138/4962/1399 4837/4963/1399 4137/4314/1399
f 4142/4313/1400 4844/4964/1401 4842/4965/1402
f 4140/4315/1403 4841/4966/1404 4141/4967/1405
f 4143/4318/1406 4844/4964/1401 4144/4316/1418
f 4139/4317/1408 4841/4966/1404 4839/4968/1409
f 4135/4319/1410 4839/4968/1409 4835/4960/1411
f 4136/4959/1412 4843/4969/1413 4143/4318/1406
f 4137/4314/1414 4840/4970/1419 4140/4315/1403
f 4138/4962/1416 4842/4965/1402 4838/4971/1420
f 4146/4972/1398 4845/4973/1398 4846/4974/1398
f 4148/4975/1399 4847/4976/1399 4147/4321/1399
f 4152/4320/1400 4854/4977/1401 4852/4978/1402
f 4150/4322/1403 4851/4979/1404 4151/4980/1405
f 4153/4325/1421 4854/4977/1401 4154/4323/1407
f 4149/4324/1408 4851/4979/1404 4849/4981/1409
f 4145/4326/1410 4849/4981/1409 4845/4973/1411
f 4146/4972/1412 4853/4982/1413 4153/4325/1421
f 4147/4321/1414 4850/4983/1415 4150/4322/1403
f 4148/4975/1416 4852/4978/1402 4848/4984/1420
f 4156/4985/1398 4855/4986/1398 4856/4987/1398
f 4158/4988/1399 4857/4989/1399 4157/4328/1399
f 4162/4327/1400 4864/4990/1401 4862/4991/1402
f 4160/4329/1403 4861/4992/1404 4161/4993/1405
f 4163/4332/1421 4864/4990/1401 4164/4330/1418
f 4159/4331/1408 4861/4992/1404 4859/4994/1409
f 4155/4333/1410 4859/4994/1409 4855/4986/1411
f 4156/4985/1412 4863/4995/1413 4163/4332/1421
f 4157/4328/1414 4860/4996/1415 4160/4329/1403
f 4158/4988/1416 4862/4991/1402 4858/4997/1420
f 4166/4998/1398 4865/4999/1398 4866/5000/1398
f 4168/5001/1399 4867/5002/1399 4167/4335/1399
f 4172/4334/1400 4874/5003/1401 4872/5004/1402
f 4170/4336/1403 4871/5005/1404 4171/5006/1405
f 4173/4339/1406 4874/5003/1401 4174/4337/1407
f 4169/4338/1408 4871/5005/1404 4869/5007/1409
f 4165/4340/1410 4869/5007/1409 4865/4999/1411
f 4166/4998/1412 4873/5008/1413 4173/4339/1406
f 4167/4335/1414 4870/5009/1415 4170/4336/1403
f 4168/5001/1416 4872/5004/1402 4868/5010/1420
f 4176/4349/1422 4875/5011/1422 4175/4347/1422
f 4178/5012/1423 4877/5013/1423 4878/5014/1423
f 4182/4342/1424 4884/5015/1425 4184/4344/1426
f 4180/4343/1427 4881/5016/1428 4880/5017/1429
f 4183/4348/1445 4884/5015/1425 4883/5018/1431
f 4179/4345/1432 4881/5016/1428 4181/4346/1433
f 4175/4347/1434 4879/5019/1435 4179/4345/1432
f 4176/4349/1436 4883/5018/1431 4876/5020/1437
f 4177/4341/1438 4880/5017/1429 4877/5013/1439
f 4178/5012/1440 4882/5021/1441 4182/4342/1424
f 4186/4358/1422 4885/5022/1422 4185/4356/1422
f 4188/5023/1423 4887/5024/1423 4888/5025/1423
f 4192/4351/1424 4894/5026/1425 4194/4353/1442
f 4190/4352/1427 4891/5027/1428 4890/5028/1443
f 4193/4357/1430 4894/5026/1425 4893/5029/1431
f 4189/4354/1432 4891/5027/1428 4191/4355/1433
f 4185/4356/1434 4889/5030/1435 4189/4354/1432
f 4186/4358/1436 4893/5029/1431 4886/5031/1437
f 4187/4350/1438 4890/5028/1443 4887/5024/1439
f 4188/5023/1444 4892/5032/1441 4192/4351/1424
f 4196/4367/1422 4895/5033/1422 4195/4365/1422
f 4198/5034/1423 4897/5035/1423 4898/5036/1423
f 4202/4360/1424 4904/5037/1425 4204/4362/1426
f 4200/4361/1427 4901/5038/1428 4900/5039/1429
f 4203/4366/1445 4904/5037/1425 4903/5040/1431
f 4199/4363/1432 4901/5038/1428 4201/4364/1433
f 4195/4365/1434 4899/5041/1435 4199/4363/1432
f 4196/4367/1436 4903/5040/1431 4896/5042/1437
f 4197/4359/1438 4900/5039/1429 4897/5035/1439
f 4198/5034/1444 4902/5043/1441 4202/4360/1424
f 4206/4376/1422 4905/5044/1422 4205/4374/1422
f 4208/5045/1423 4907/5046/1423 4908/5047/1423
f 4212/4369/1424 4914/5048/1425 4214/4371/1442
f 4210/4370/1427 4911/5049/1428 4910/5050/1429
f 4213/4375/1445 4914/5048/1425 4913/5051/1431
f 4209/4372/1432 4911/5049/1428 4211/4373/1433
f 4205/4374/1434 4909/5052/1435 4209/4372/1432
f 4206/4376/1436 4913/5051/1431 4906/5053/1437
f 4207/4368/1438 4910/5050/1429 4907/5046/1439
f 4208/5045/1444 4912/5054/1441 4212/4369/1424
f 4216/4385/1422 4915/5055/1422 4215/4383/1422
f 4218/5056/1423 4917/5057/1423 4918/5058/1423
f 4222/4378/1424 4924/5059/1425 4224/4380/1426
f 4220/4379/1427 4921/5060/1428 4920/5061/1429
f 4223/4384/1430 4924/5059/1425 4923/5062/1431
f 4219/4381/1432 4921/5060/1428 4221/4382/1433
f 4215/4383/1434 4919/5063/1435 4219/4381/1432
f 4216/4385/1436 4923/5062/1431 4916/5064/1437
f 4217/4377/1438 4920/5061/1429 4917/5057/1439
f 4218/5056/1444 4922/5065/1441 4222/4378/1424
f 4226/5066/1398 4925/5067/1398 4926/5068/1398
f 4228/5069/1399 4927/5070/1399 4227/4387/1399
f 4232/4386/1400 4934/5071/1401 4932/5072/1402
f 4230/4388/1403 4931/5073/1404 4231/5074/1405
f 4233/4391/1406 4934/5071/1401 4234/4389/1407
f 4229/4390/1408 4931/5073/1404 4929/5075/1409
f 4225/4392/1410 4929/5075/1409 4925/5067/1411
f 4226/5066/1412 4933/5076/1413 4233/4391/1406
f 4227/4387/1414 4930/5077/1415 4230/4388/1403
f 4228/5069/1446 4932/5072/1402 4928/5078/1417
f 4236/5079/1398 4935/5080/1398 4936/5081/1398
f 4238/5082/1399 4937/5083/1399 4237/4394/1399
f 4242/4393/1400 4944/5084/1401 4942/5085/1402
f 4240/4395/1403 4941/5086/1404 4241/5087/1405
f 4243/4398/1406 4944/5084/1401 4244/4396/1418
f 4239/4397/1408 4941/5086/1404 4939/5088/1409
f 4235/4399/1410 4939/5088/1409 4935/5080/1411
f 4236/5079/1412 4943/5089/1413 4243/4398/1406
f 4237/4394/1414 4940/5090/1419 4240/4395/1403
f 4238/5082/1416 4942/5085/1402 4938/5091/1420
f 4246/5092/1398 4945/5093/1398 4946/5094/1398
f 4248/5095/1399 4947/5096/1399 4247/4401/1399
f 4252/4400/1400 4954/5097/1401 4952/5098/1402
f 4250/4402/1403 4951/5099/1404 4251/5100/1405
f 4253/4405/1421 4954/5097/1401 4254/4403/1418
f 4249/4404/1408 4951/5099/1404 4949/5101/1409
f 4245/4406/1410 4949/5101/1409 4945/5093/1411
f 4246/5092/1412 4953/5102/1413 4253/4405/1421
f 4247/4401/1414 4950/5103/1415 4250/4402/1403
f 4248/5095/1416 4952/5098/1402 4948/5104/1420
f 4256/5105/1398 4955/5106/1398 4956/5107/1398
f 4258/5108/1399 4957/5109/1399 4257/4408/1399
f 4262/4407/1400 4964/5110/1401 4962/5111/1402
f 4260/4409/1403 4961/5112/1404 4261/5113/1405
f 4263/4412/1421 4964/5110/1401 4264/4410/1418
f 4259/4411/1408 4961/5112/1404 4959/5114/1409
f 4255/4413/1410 4959/5114/1409 4955/5106/1411
f 4256/5105/1412 4963/5115/1413 4263/4412/1421
f 4257/4408/1414 4960/5116/1419 4260/4409/1403
f 4258/5108/1416 4962/5111/1402 4958/5117/1420
f 4266/5118/1398 4965/5119/1398 4966/5120/1398
f 4268/5121/1399 4967/5122/1399 4267/4415/1399
f 4272/4414/1400 4974/5123/1401 4972/5124/1402
f 4270/4416/1403 4971/5125/1404 4271/5126/1405
f 4273/4419/1421 4974/5123/1401 4274/4417/1407
f 4269/4418/1408 4971/5125/1404 4969/5127/1409
f 4265/4420/1410 4969/5127/1409 4965/5119/1411
f 4266/5118/1412 4973/5128/1413 4273/4419/1421
f 4267/4415/1414 4970/5129/1415 4270/4416/1403
f 4268/5121/1416 4972/5124/1402 4968/5130/1420
f 4276/4429/1422 4975/5131/1422 4275/4427/1422
f 4278/5132/1423 4977/5133/1423 4978/5134/1423
f 4282/4422/1424 4984/5135/1425 4284/4424/1426
f 4280/4423/1427 4981/5136/1428 4980/5137/1429
f 4283/4428/1430 4984/5135/1425 4983/5138/1431
f 4279/4425/1432 4981/5136/1428 4281/4426/1433
f 4275/4427/1434 4979/5139/1435 4279/4425/1432
f 4276/4429/1436 4983/5138/1431 4976/5140/1437
f 4277/4421/1438 4980/5137/1429 4977/5133/1439
f 4278/5132/1440 4982/5141/1441 4282/4422/1424
f 4286/4438/1422 4985/5142/1422 4285/4436/1422
f 4288/5143/1423 4987/5144/1423 4988/5145/1423
f 4292/4431/1424 4994/5146/1425 4294/4433/1442
f 4290/4432/1427 4991/5147/1428 4990/5148/1443
f 4293/4437/1430 4994/5146/1425 4993/5149/1431
f 4289/4434/1432 4991/5147/1428 4291/4435/1433
f 4285/4436/1434 4989/5150/1435 4289/4434/1432
f 4286/4438/1436 4993/5149/1431 4986/5151/1437
f 4287/4430/1438 4990/5148/1443 4987/5144/1439
f 4288/5143/1444 4992/5152/1441 4292/4431/1424
f 4296/4447/1422 4995/5153/1422 4295/4445/1422
f 4298/5154/1423 4997/5155/1423 4998/5156/1423
f 4302/4440/1424 5004/5157/1425 4304/4442/1426
f 4300/4441/1427 5001/5158/1428 5000/5159/1429
f 4303/4446/1445 5004/5157/1425 5003/5160/1431
f 4299/4443/1432 5001/5158/1428 4301/4444/1433
f 4295/4445/1434 4999/5161/1435 4299/4443/1432
f 4296/4447/1436 5003/5160/1431 4996/5162/1437
f 4297/4439/1438 5000/5159/1429 4997/5155/1439
f 4298/5154/1444 5002/5163/1441 4302/4440/1424
f 4306/4456/1422 5005/5164/1422 4305/4454/1422
f 4308/5165/1423 5007/5166/1423 5008/5167/1423
f 4312/4449/1424 5014/5168/1425 4314/4451/1442
f 4310/4450/1427 5011/5169/1428 5010/5170/1443
f 4313/4455/1445 5014/5168/1425 5013/5171/1431
f 4309/4452/1432 5011/5169/1428 4311/4453/1433
f 4305/4454/1434 5009/5172/1435 4309/4452/1432
f 4306/4456/1436 5013/5171/1431 5006/5173/1437
f 4307/4448/1438 5010/5170/1443 5007/5166/1439
f 4308/5165/1444 5012/5174/1441 4312/4449/1424
f 4316/4465/1422 5015/5175/1422 4315/4463/1422
f 4318/5176/1447 5017/5177/1423 5018/5178/1447
f 4322/4458/1424 5024/5179/1425 4324/4460/1442
f 4320/4459/1427 5021/5180/1428 5020/5181/1429
f 4323/4464/1430 5024/5179/1425 5023/5182/1431
f 4319/4461/1432 5021/5180/1428 4321/4462/1433
f 4315/4463/1434 5019/5183/1435 4319/4461/1432
f 4316/4465/1436 5023/5182/1431 5016/5184/1437
f 4317/4457/1438 5020/5181/1429 5017/5177/1439
f 4318/5176/1444 5022/5185/1441 4322/4458/1424
f 4326/5186/1398 5025/5187/1398 5026/5188/1398
f 4328/5189/1399 5027/5190/1399 4327/4467/1399
f 4332/4466/1400 5034/5191/1401 5032/5192/1402
f 4330/4468/1403 5031/5193/1404 4331/5194/1405
f 4333/4471/1406 5034/5191/1401 4334/4469/1407
f 4329/4470/1408 5031/5193/1404 5029/5195/1409
f 4325/4472/1410 5029/5195/1409 5025/5187/1411
f 4326/5186/1412 5033/5196/1413 4333/4471/1406
f 4327/4467/1414 5030/5197/1415 4330/4468/1403
f 4328/5189/1446 5032/5192/1402 5028/5198/1417
f 4336/5199/1398 5035/5200/1398 5036/5201/1398
f 4338/5202/1399 5037/5203/1399 4337/4474/1399
f 4342/4473/1400 5044/5204/1401 5042/5205/1402
f 4340/4475/1403 5041/5206/1404 4341/5207/1405
f 4343/4478/1406 5044/5204/1401 4344/4476/1418
f 4339/4477/1408 5041/5206/1404 5039/5208/1409
f 4335/4479/1410 5039/5208/1409 5035/5200/1411
f 4336/5199/1412 5043/5209/1413 4343/4478/1406
f 4337/4474/1414 5040/5210/1419 4340/4475/1403
f 4338/5202/1416 5042/5205/1402 5038/5211/1420
f 4346/5212/1398 5045/5213/1398 5046/5214/1398
f 4348/5215/1399 5047/5216/1399 4347/4481/1399
f 4352/4480/1400 5054/5217/1401 5052/5218/1402
f 4350/4482/1403 5051/5219/1404 4351/5220/1405
f 4353/4485/1421 5054/5217/1401 4354/4483/1407
f 4349/4484/1408 5051/5219/1404 5049/5221/1409
f 4345/4486/1410 5049/5221/1409 5045/5213/1411
f 4346/5212/1412 5053/5222/1413 4353/4485/1421
f 4347/4481/1414 5050/5223/1415 4350/4482/1403
f 4348/5215/1416 5052/5218/1402 5048/5224/1420
f 4356/5225/1398 5055/5226/1398 5056/5227/1398
f 4358/5228/1399 5057/5229/1399 4357/4488/1399
f 4362/4487/1400 5064/5230/1401 5062/5231/1402
f 4360/4489/1403 5061/5232/1404 4361/5233/1405
f 4363/4492/1421 5064/5230/1401 4364/4490/1418
f 4359/4491/1408 5061/5232/1404 5059/5234/1409
f 4355/4493/1410 5059/5234/1409 5055/5226/1411
f 4356/5225/1412 5063/5235/1413 4363/4492/1421
f 4357/4488/1414 5060/5236/1419 4360/4489/1403
f 4358/5228/1416 5062/5231/1402 5058/5237/1420
f 4366/5238/1398 5065/5239/1398 5066/5240/1398
f 4368/5241/1399 5067/5242/1399 4367/4495/1399
f 4372/4494/1400 5074/5243/1401 5072/5244/1402
f 4370/4496/1403 5071/5245/1404 4371/5246/1405
f 4373/4499/1406 5074/5243/1401 4374/4497/1407
f 4369/4498/1408 5071/5245/1404 5069/5247/1409
f 4365/4500/1410 5069/5247/1409 5065/5239/1411
f 4366/5238/1412 5073/5248/1413 4373/4499/1406
f 4367/4495/1414 5070/5249/1415 4370/4496/1403
f 4368/5241/1446 5072/5244/1402 5068/5250/1420
f 4376/4509/1422 5075/5251/1422 4375/4507/1422
f 4378/5252/1423 5077/5253/1423 5078/5254/1423
f 4382/4502/1424 5084/5255/1425 4384/4504/1426
f 4380/4503/1427 5081/5256/1428 5080/5257/1429
f 4383/4508/1430 5084/5255/1425 5083/5258/1431
f 4379/4505/1432 5081/5256/1428 4381/4506/1433
f 4375/4507/1434 5079/5259/1435 4379/4505/1432
f 4376/4509/1436 5083/5258/1431 5076/5260/1437
f 4377/4501/1438 5080/5257/1429 5077/5253/1439
f 4378/5252/1440 5082/5261/1441 4382/4502/1424
f 4386/4518/1422 5085/5262/1422 4385/4516/1422
f 4388/5263/1423 5087/5264/1423 5088/5265/1423
f 4392/4511/1424 5094/5266/1425 4394/4513/1442
f 4390/4512/1427 5091/5267/1428 5090/5268/1443
f 4393/4517/1430 5094/5266/1425 5093/5269/1431
f 4389/4514/1432 5091/5267/1428 4391/4515/1433
f 4385/4516/1434 5089/5270/1435 4389/4514/1432
f 4386/4518/1436 5093/5269/1431 5086/5271/1437
f 4387/4510/1438 5090/5268/1443 5087/5264/1439
f 4388/5263/1444 5092/5272/1441 4392/4511/1424
f 4396/4527/1422 5095/5273/1422 4395/4525/1422
f 4398/5274/1423 5097/5275/1423 5098/5276/1423
f 4402/4520/1424 5104/5277/1425 4404/4522/1426
f 4400/4521/1427 5101/5278/1428 5100/5279/1429
f 4403/4526/1445 5104/5277/1425 5103/5280/1431
f 4399/4523/1432 5101/5278/1428 4401/4524/1433
f 4395/4525/1434 5099/5281/1435 4399/4523/1432
f 4396/4527/1436 5103/5280/1431 5096/5282/1437
f 4397/4519/1438 5100/5279/1429 5097/5275/1439
f 4398/5274/1444 5102/5283/1441 4402/4520/1424
f 4406/4536/1422 5105/5284/1422 4405/4534/1422
f 4408/5285/1423 5107/5286/1423 5108/5287/1423
f 4412/4529/1424 5114/5288/1425 4414/4531/1442
f 4410/4530/1427 5111/5289/1428 5110/5290/1443
f 4413/4535/1445 5114/5288/1425 5113/5291/1431
f 4409/4532/1432 5111/5289/1428 4411/4533/1433
f 4405/4534/1434 5109/5292/1435 4409/4532/1432
f 4406/4536/1436 5113/5291/1431 5106/5293/1437
f 4407/4528/1438 5110/5290/1443 5107/5286/1439
f 4408/5285/1444 5112/5294/1441 4412/4529/1424
f 4416/4545/1422 5115/5295/1422 4415/4543/1422
f 4418/5296/1423 5117/5297/1423 5118/5298/1423
f 4422/4538/1424 5124/5299/1425 4424/4540/1426
f 4420/4539/1427 5121/5300/1428 5120/5301/1429
f 4423/4544/1430 5124/5299/1425 5123/5302/1431
f 4419/4541/1432 5121/5300/1428 4421/4542/1433
f 4415/4543/1434 5119/5303/1435 4419/4541/1432
f 4416/4545/1436 5123/5302/1431 5116/5304/1437
f 4417/4537/1438 5120/5301/1429 5117/5297/1439
f 4418/5296/1444 5122/5305/1441 4422/4538/1424
f 4426/5306/1398 5125/5307/1398 5126/5308/1398
f 4428/5309/1399 5127/5310/1399 4427/4547/1399
f 4432/4546/1400 5134/5311/1401 5132/5312/1402
f 4430/4548/1403 5131/5313/1404 4431/5314/1405
f 4433/4551/1421 5134/5311/1401 4434/4549/1407
f 4429/4550/1408 5131/5313/1404 5129/5315/1409
f 4425/4552/1410 5129/5315/1409 5125/5307/1411
f 4426/5306/1412 5133/5316/1413 4433/4551/1421
f 4427/4547/1414 5130/5317/1415 4430/4548/1403
f 4428/5309/1446 5132/5312/1402 5128/5318/1417
f 4436/5319/1398 5135/5320/1398 5136/5321/1398
f 4438/5322/1399 5137/5323/1399 4437/4554/1399
f 4442/4553/1400 5144/5324/1401 5142/5325/1402
f 4440/4555/1403 5141/5326/1404 4441/5327/1405
f 4443/4558/1406 5144/5324/1401 4444/4556/1418
f 4439/4557/1408 5141/5326/1404 5139/5328/1409
f 4435/4559/1410 5139/5328/1409 5135/5320/1411
f 4436/5319/1412 5143/5329/1413 4443/4558/1406
f 4437/4554/1414 5140/5330/1415 4440/4555/1403
f 4438/5322/1416 5142/5325/1402 5138/5331/1420
f 4446/5332/1398 5145/5333/1398 5146/5334/1398
f 4448/5335/1399 5147/5336/1399 4447/4561/1399
f 4452/4560/1400 5154/5337/1401 5152/5338/1402
f 4450/4562/1403 5151/5339/1404 4451/5340/1405
f 4453/4565/1406 5154/5337/1401 4454/4563/1418
f 4449/4564/1408 5151/5339/1404 5149/5341/1409
f 4445/4566/1410 5149/5341/1409 5145/5333/1411
f 4446/5332/1412 5153/5342/1413 4453/4565/1406
f 4447/4561/1414 5150/5343/1415 4450/4562/1403
f 4448/5335/1416 5152/5338/1402 5148/5344/1420
f 4456/5345/1398 5155/5346/1398 5156/5347/1398
f 4458/5348/1399 5157/5349/1399 4457/4568/1399
f 4462/4567/1400 5164/5350/1401 5162/5351/1402
f 4460/4569/1403 5161/5352/1404 4461/5353/1405
f 4463/4572/1406 5164/5350/1401 4464/4570/1418
f 4459/4571/1408 5161/5352/1404 5159/5354/1409
f 4455/4573/1410 5159/5354/1409 5155/5346/1411
f 4456/5345/1412 5163/5355/1413 4463/4572/1406
f 4457/4568/1414 5160/5356/1415 4460/4569/1403
f 4458/5348/1416 5162/5351/1402 5158/5357/1420
f 4466/5358/1398 5165/5359/1398 5166/5360/1398
f 4468/5361/1399 5167/5362/1399 4467/4575/1399
f 4472/4574/1400 5174/5363/1401 5172/5364/1402
f 4470/4576/1403 5171/5365/1404 4471/5366/1405
f 4473/4579/1406 5174/5363/1401 4474/4577/1418
f 4469/4578/1408 5171/5365/1404 5169/5367/1409
f 4465/4580/1410 5169/5367/1409 5165/5359/1411
f 4466/5358/1412 5173/5368/1413 4473/4579/1406
f 4467/4575/1414 5170/5369/1415 4470/4576/1403
f 4468/5361/1446 5172/5364/1402 5168/5370/1420
f 4476/4589/1422 5175/5371/1422 4475/4587/1422
f 4478/5372/1423 5177/5373/1423 5178/5374/1423
f 4482/4582/1424 5184/5375/1425 4484/4584/1426
f 4480/4583/1427 5181/5376/1428 5180/5377/1429
f 4483/4588/1445 5184/5375/1425 5183/5378/1431
f 4479/4585/1432 5181/5376/1428 4481/4586/1433
f 4475/4587/1434 5179/5379/1435 4479/4585/1432
f 4476/4589/1436 5183/5378/1431 5176/5380/1437
f 4477/4581/1438 5180/5377/1429 5177/5373/1439
f 4478/5372/1440 5182/5381/1441 4482/4582/1424
f 4486/4598/1422 5185/5382/1422 4485/4596/1422
f 4488/5383/1423 5187/5384/1423 5188/5385/1423
f 4492/4591/1424 5194/5386/1425 4494/4593/1442
f 4490/4592/1427 5191/5387/1428 5190/5388/1429
f 4493/4597/1430 5194/5386/1425 5193/5389/1431
f 4489/4594/1432 5191/5387/1428 4491/4595/1433
f 4485/4596/1434 5189/5390/1435 4489/4594/1432
f 4486/4598/1436 5193/5389/1431 5186/5391/1437
f 4487/4590/1438 5190/5388/1429 5187/5384/1439
f 4488/5383/1444 5192/5392/1441 4492/4591/1424
f 4496/4607/1422 5195/5393/1422 4495/4605/1422
f 4498/5394/1423 5197/5395/1423 5198/5396/1423
f 4502/4600/1424 5204/5397/1425 4504/4602/1442
f 4500/4601/1427 5201/5398/1428 5200/5399/1429
f 4503/4606/1445 5204/5397/1425 5203/5400/1431
f 4499/4603/1432 5201/5398/1428 4501/4604/1433
f 4495/4605/1434 5199/5401/1435 4499/4603/1432
f 4496/4607/1436 5203/5400/1431 5196/5402/1437
f 4497/4599/1438 5200/5399/1429 5197/5395/1439
f 4498/5394/1444 5202/5403/1441 4502/4600/1424
f 4506/4616/1422 5205/5404/1422 4505/4614/1422
f 4508/5405/1423 5207/5406/1423 5208/5407/1423
f 4512/4609/1424 5214/5408/1425 4514/4611/1442
f 4510/4610/1427 5211/5409/1428 5210/5410/1429
f 4513/4615/1445 5214/5408/1425 5213/5411/1431
f 4509/4612/1432 5211/5409/1428 4511/4613/1433
f 4505/4614/1434 5209/5412/1435 4509/4612/1432
f 4506/4616/1436 5213/5411/1431 5206/5413/1437
f 4507/4608/1438 5210/5410/1429 5207/5406/1439
f 4508/5405/1444 5212/5414/1441 4512/4609/1424
f 4516/4625/1422 5215/5415/1422 4515/4623/1422
f 4518/5416/1423 5217/5417/1423 5218/5418/1423
f 4522/4618/1424 5224/5419/1425 4524/4620/1442
f 4520/4619/1427 5221/5420/1428 5220/5421/1429
f 4523/4624/1430 5224/5419/1425 5223/5422/1431
f 4519/4621/1432 5221/5420/1428 4521/4622/1433
f 4515/4623/1434 5219/5423/1435 4519/4621/1432
f 4516/4625/1436 5223/5422/1431 5216/5424/1437
f 4517/4617/1438 5220/5421/1429 5217/5417/1439
f 4518/5416/1444 5222/5425/1441 4522/4618/1424
f 4526/5426/1398 5225/5427/1398 5226/5428/1398
f 4528/5429/1399 5227/5430/1399 4527/4627/1399
f 4532/4626/1400 5234/5431/1401 5232/5432/1402
f 4530/4628/1403 5231/5433/1404 4531/5434/1405
f 4533/4631/1421 5234/5431/1401 4534/4629/1407
f 4529/4630/1408 5231/5433/1404 5229/5435/1409
f 4525/4632/1410 5229/5435/1409 5225/5427/1411
f 4526/5426/1412 5233/5436/1413 4533/4631/1421
f 4527/4627/1414 5230/5437/1415 4530/4628/1403
f 4528/5429/1446 5232/5432/1402 5228/5438/1417
f 4536/5439/1398 5235/5440/1398 5236/5441/1398
f 4538/5442/1399 5237/5443/1399 4537/4634/1399
f 4542/4633/1400 5244/5444/1401 5242/5445/1402
f 4540/4635/1403 5241/5446/1404 4541/5447/1405
f 4543/4638/1406 5244/5444/1401 4544/4636/1418
f 4539/4637/1408 5241/5446/1404 5239/5448/1409
f 4535/4639/1410 5239/5448/1409 5235/5440/1411
f 4536/5439/1412 5243/5449/1413 4543/4638/1406
f 4537/4634/1414 5240/5450/1415 4540/4635/1403
f 4538/5442/1416 5242/5445/1402 5238/5451/1420
f 4546/5452/1398 5245/5453/1398 5246/5454/1398
f 4548/5455/1399 5247/5456/1399 4547/4641/1399
f 4552/4640/1400 5254/5457/1401 5252/5458/1402
f 4550/4642/1403 5251/5459/1404 4551/5460/1405
f 4553/4645/1406 5254/5457/1401 4554/4643/1407
f 4549/4644/1408 5251/5459/1404 5249/5461/1409
f 4545/4646/1410 5249/5461/1409 5245/5453/1411
f 4546/5452/1412 5253/5462/1413 4553/4645/1406
f 4547/4641/1414 5250/5463/1415 4550/4642/1403
f 4548/5455/1416 5252/5458/1402 5248/5464/1420
f 4556/5465/1398 5255/5466/1398 5256/5467/1398
f 4558/5468/1399 5257/5469/1399 4557/4648/1399
f 4562/4647/1400 5264/5470/1401 5262/5471/1402
f 4560/4649/1403 5261/5472/1404 4561/5473/1405
f 4563/4652/1406 5264/5470/1401 4564/4650/1418
f 4559/4651/1408 5261/5472/1404 5259/5474/1409
f 4555/4653/1410 5259/5474/1409 5255/5466/1411
f 4556/5465/1412 5263/5475/1413 4563/4652/1406
f 4557/4648/1414 5260/5476/1415 4560/4649/1403
f 4558/5468/1416 5262/5471/1402 5258/5477/1420
f 4566/5478/1398 5265/5479/1398 5266/5480/1398
f 4568/5481/1399 5267/5482/1399 4567/4655/1399
f 4572/4654/1400 5274/5483/1401 5272/5484/1402
f 4570/4656/1403 5271/5485/1404 4571/5486/1405
f 4573/4659/1421 5274/5483/1401 4574/4657/1407
f 4569/4658/1408 5271/5485/1404 5269/5487/1409
f 4565/4660/1410 5269/5487/1409 5265/5479/1411
f 4566/5478/1412 5273/5488/1413 4573/4659/1421
f 4567/4655/1414 5270/5489/1415 4570/4656/1403
f 4568/5481/1446 5272/5484/1402 5268/5490/1420
f 4576/4669/1422 5275/5491/1422 4575/4667/1422
f 4578/5492/1423 5277/5493/1423 5278/5494/1423
f 4582/4662/1424 5284/5495/1425 4584/4664/1426
f 4580/4663/1427 5281/5496/1428 5280/5497/1429
f 4583/4668/1430 5284/5495/1425 5283/5498/1431
f 4579/4665/1432 5281/5496/1428 4581/4666/1433
f 4575/4667/1434 5279/5499/1435 4579/4665/1432
f 4576/4669/1436 5283/5498/1431 5276/5500/1437
f 4577/4661/1438 5280/5497/1429 5277/5493/1439
f 4578/5492/1440 5282/5501/1441 4582/4662/1424
f 4586/4678/1422 5285/5502/1422 4585/4676/1422
f 4588/5503/1423 5287/5504/1423 5288/5505/1423
f 4592/4671/1424 5294/5506/1425 4594/4673/1442
f 4590/4672/1427 5291/5507/1428 5290/5508/1443
f 4593/4677/1430 5294/5506/1425 5293/5509/1431
f 4589/4674/1432 5291/5507/1428 4591/4675/1433
f 4585/4676/1434 5289/5510/1435 4589/4674/1432
f 4586/4678/1436 5293/5509/1431 5286/5511/1437
f 4587/4670/1438 5290/5508/1443 5287/5504/1439
f 4588/5503/1444 5292/5512/1441 4592/4671/1424
f 4596/4687/1422 5295/5513/1422 4595/4685/1422
f 4598/5514/1423 5297/5515/1423 5298/5516/1423
f 4602/4680/1424 5304/5517/1425 4604/4682/1426
f 4600/4681/1427 5301/5518/1428 5300/5519/1429
f 4603/4686/1430 5304/5517/1425 5303/5520/1431
f 4599/4683/1432 5301/5518/1428 4601/4684/1433
f 4595/4685/1434 5299/5521/1435 4599/4683/1432
f 4596/4687/1436 5303/5520/1431 5296/5522/1437
f 4597/4679/1438 5300/5519/1429 5297/5515/1439
f 4598/5514/1444 5302/5523/1441 4602/4680/1424
f 4606/4696/1422 5305/5524/1422 4605/4694/1422
f 4608/5525/1423 5307/5526/1423 5308/5527/1423
f 4612/4689/1424 5314/5528/1425 4614/4691/1442
f 4610/4690/1427 5311/5529/1428 5310/5530/1429
f 4613/4695/1430 5314/5528/1425 5313/5531/1431
f 4609/4692/1432 5311/5529/1428 4611/4693/1433
f 4605/4694/1434 5309/5532/1435 4609/4692/1432
f 4606/4696/1436 5313/5531/1431 5306/5533/1437
f 4607/4688/1438 5310/5530/1429 5307/5526/1439
f 4608/5525/1444 5312/5534/1441 4612/4689/1424
f 4616/4705/1422 5315/5535/1422 4615/4703/1422
f 4618/5536/1423 5317/5537/1423 5318/5538/1423
f 4622/4698/1424 5324/5539/1425 4624/4700/1442
f 4620/4699/1427 5321/5540/1428 5320/5541/1429
f 4623/4704/1430 5324/5539/1425 5323/5542/1431
f 4619/4701/1432 5321/5540/1428 4621/4702/1433
f 4615/4703/1434 5319/5543/1435 4619/4701/1432
f 4616/4705/1436 5323/5542/1431 5316/5544/1437
f 4617/4697/1438 5320/5541/1429 5317/5537/1439
f 4618/5536/1444 5322/5545/1441 4622/4698/1424
f 5333/4133/804 5327/4085/804 5334/5546/804
f 5335/5546/794 5331/4086/794 5329/5547/794
f 5332/4086/792 5326/5548/792 5328/5547/792
f 5335/4087/1448 5325/5549/1449 5333/5548/1448
f 5329/4088/791 5327/5550/791 5325/5549/791
f 5336/4089/1450 5328/5551/1451 5334/5550/1450
f 5331/4090/1452 5334/5552/1450 5327/5551/1452
f 5330/4091/1453 5333/5553/1448 5326/5552/1453
f 5332/4092/794 5335/5554/794 5330/5553/794
f 5333/4093/804 5328/5555/804 5326/5554/804
f 5377/5556/1454 5431/5557/1455 5378/5558/1456
f 5379/5559/1457 5435/4094/1458 5433/5560/1459
f 5338/5561/1460 5339/4097/1460 5337/5559/1460
f 5379/4100/1461 5429/5561/1462 5377/5562/1461
f 5380/4103/1463 5338/5563/1464 5378/5564/1463
f 5341/4105/792 5344/5564/792 5342/5565/792
f 5348/4106/791 5345/5565/791 5346/5566/791
f 5348/4107/795 5342/5566/795 5344/5567/795
f 5346/4109/794 5341/5567/794 5342/5568/794
f 5345/4110/799 5343/5568/799 5341/5569/799
f 5347/4112/804 5344/5569/804 5343/5570/804
f 5349/4114/792 5448/5570/792 5350/5571/792
f 5452/4115/791 5351/5571/791 5352/5572/791
f 5452/4116/795 5350/5572/795 5448/5573/795
f 5352/4119/794 5349/5573/794 5350/5574/794
f 5351/4122/799 5447/5575/799 5349/5576/799
f 5353/5577/792 5456/5578/792 5454/5579/792
f 5460/5580/791 5355/5581/791 5458/5582/791
f 5458/5582/795 5353/5577/795 5454/5579/795
f 5356/5583/799 5456/5578/799 5354/5584/799
f 5357/4124/792 5360/5576/792 5358/5585/792
f 5364/5586/791 5361/5585/791 5362/5587/791
f 5364/5588/795 5358/5589/795 5360/5590/795
f 5362/5591/794 5357/5592/794 5358/5589/794
f 5357/5592/799 5363/4129/799 5359/5593/799
f 5363/4129/804 5360/5594/804 5359/5593/804
f 5365/5595/792 5368/5596/792 5366/5597/792
f 5372/5598/791 5369/5599/791 5370/5600/791
f 5370/5600/795 5365/5595/795 5366/5597/795
f 5371/5601/799 5368/5596/799 5367/5602/799
f 5417/5603/794 5374/5604/794 5373/5605/794
f 5376/5606/804 5421/5607/804 5375/5608/804
f 5375/5608/795 5417/5603/795 5373/5605/795
f 5423/5609/799 5374/5604/799 5419/5610/799
f 5435/4130/1465 5378/5611/1463 5431/5594/1465
f 5339/4131/1466 5377/5612/1461 5337/5613/1466
f 5339/5612/1467 5380/4133/1468 5379/5614/1457
f 5337/5614/1469 5378/5546/1456 5338/5615/1470
f 5425/5615/1471 5487/5547/1472 5485/5616/1472
f 5427/5616/1473 5491/5548/1474 5428/5617/1475
f 5382/5617/1460 5383/5549/1460 5384/5618/1460
f 5485/5549/1462 5427/5619/1461 5425/5618/1461
f 5382/5550/1464 5428/5620/1463 5426/5619/1463
f 5388/5551/791 5385/5621/791 5386/5620/791
f 5389/5552/792 5392/5622/792 5390/5621/792
f 5386/5553/795 5392/5623/795 5388/5622/795
f 5385/5554/794 5390/5624/794 5386/5623/794
f 5387/5625/799 5389/5626/799 5385/5627/799
f 5388/5628/804 5391/5629/804 5387/5630/804
f 5504/5559/791 5393/5631/791 5394/5632/791
f 5395/5561/792 5508/5632/792 5396/5633/792
f 5394/5562/795 5508/5633/795 5504/5634/795
f 5393/5564/794 5396/5635/794 5394/5636/794
f 5393/5637/799 5507/5564/799 5395/5636/799
f 5512/5638/791 5397/5639/791 5510/5640/791
f 5399/5581/792 5516/5641/792 5514/5642/792
f 5397/5639/795 5514/5642/795 5510/5640/795
f 5512/5638/799 5400/5643/799 5398/5644/799
f 5404/5566/791 5401/5637/791 5402/5645/791
f 5405/5567/792 5408/5645/792 5406/5646/792
f 5402/5568/795 5408/5646/795 5404/5647/795
f 5401/5569/794 5406/5647/794 5402/5648/794
f 5403/5570/799 5405/5648/799 5401/5649/799
f 5404/5571/804 5407/5649/804 5403/5650/804
f 5412/5651/791 5409/5652/791 5410/5653/791
f 5413/5654/792 5416/5655/792 5414/5656/792
f 5409/5652/795 5414/5656/795 5410/5653/795
f 5412/5651/799 5415/5657/799 5411/5658/799
f 5420/5659/794 5417/5603/794 5418/5660/794
f 5421/5607/804 5424/5661/804 5422/5662/804
f 5417/5603/795 5422/5662/795 5418/5660/795
f 5419/5610/799 5424/5661/799 5423/5609/799
f 5426/5572/1463 5491/5650/1465 5487/5663/1465
f 5425/5573/1461 5383/5663/1466 5381/5664/1466
f 5383/5665/1476 5428/5573/1475 5384/5664/1477
f 5381/5666/1478 5426/5575/1479 5425/5667/1471
f 5481/5668/1480 5431/5576/1455 5429/5666/1481
f 5483/5669/1482 5435/5585/1458 5484/5668/1483
f 5432/5670/1484 5434/5587/1484 5436/5669/1484
f 5429/5671/1485 5483/5672/1486 5481/5673/1486
f 5432/5674/1487 5484/5675/1488 5482/5672/1488
f 5440/5592/792 5437/5676/792 5438/5675/792
f 5441/5677/791 5444/5678/791 5442/5679/791
f 5438/5594/795 5444/5680/795 5440/5678/795
f 5437/5613/804 5442/5681/804 5438/5680/804
f 5439/5612/799 5441/5682/799 5437/5681/799
f 5440/5614/794 5443/5683/794 5439/5682/794
f 5448/5615/792 5445/5684/792 5446/5683/792
f 5449/5616/791 5452/5685/791 5450/5684/791
f 5446/5617/795 5452/5686/795 5448/5685/795
f 5445/5618/804 5450/5687/804 5446/5686/804
f 5447/5619/799 5449/5688/799 5445/5687/799
f 5456/5578/792 5453/5689/792 5454/5579/792
f 5457/5690/791 5460/5580/791 5458/5582/791
f 5453/5689/795 5458/5582/795 5454/5579/795
f 5456/5578/799 5459/5691/799 5455/5692/799
f 5464/5620/792 5461/5693/792 5462/5688/792
f 5465/5621/791 5468/5694/791 5466/5693/791
f 5462/5622/795 5468/5695/795 5464/5694/795
f 5461/5623/804 5466/5696/804 5462/5695/804
f 5463/5627/799 5465/5697/799 5461/5698/799
f 5464/5626/794 5467/5699/794 5463/5697/794
f 5472/5700/792 5469/5701/792 5470/5702/792
f 5473/5703/791 5476/5704/791 5474/5705/791
f 5469/5701/795 5474/5705/795 5470/5702/795
f 5472/5700/799 5475/5706/799 5471/5707/799
f 5478/5708/804 5533/5709/804 5477/5710/804
f 5537/5711/794 5480/5712/794 5479/5713/794
f 5533/5709/795 5479/5713/795 5477/5710/795
f 5478/5708/799 5539/5714/799 5535/5715/799
f 5482/5630/1488 5435/5716/1489 5431/5717/1489
f 5481/5718/1486 5434/5717/1490 5430/5719/1490
f 5434/5720/1491 5484/5721/1483 5436/5722/1492
f 5430/5723/1493 5482/5724/1494 5481/5720/1480
f 5541/5725/1495 5487/5635/1472 5542/5723/1496
f 5543/5726/1497 5491/5636/1474 5489/5725/1474
f 5488/5727/1484 5490/5637/1484 5486/5726/1484
f 5543/5646/1486 5485/5727/1485 5541/5728/1486
f 5544/5647/1488 5488/5728/1487 5542/5729/1488
f 5493/5648/791 5496/5729/791 5494/5730/791
f 5500/5649/792 5497/5730/792 5498/5731/792
f 5500/5650/795 5494/5731/795 5496/5732/795
f 5498/5663/804 5493/5732/804 5494/5733/804
f 5497/5664/799 5495/5733/799 5493/5734/799
f 5499/5665/794 5496/5734/794 5495/5735/794
f 5501/5666/791 5504/5736/791 5502/5737/791
f 5508/5668/792 5505/5737/792 5506/5738/792
f 5508/5669/795 5502/5738/795 5504/5739/795
f 5506/5670/804 5501/5739/804 5502/5740/804
f 5505/5741/799 5503/5740/799 5501/5742/799
f 5509/5743/791 5512/5638/791 5510/5640/791
f 5516/5641/792 5513/5744/792 5514/5642/792
f 5514/5642/795 5509/5743/795 5510/5640/795
f 5515/5745/799 5512/5638/799 5511/5746/799
f 5517/5747/791 5520/5748/791 5518/5749/791
f 5524/5672/792 5521/5750/792 5522/5748/792
f 5524/5751/795 5518/5752/795 5520/5750/795
f 5522/5679/804 5517/5753/804 5518/5752/804
f 5521/5678/799 5519/5754/799 5517/5753/799
f 5523/5680/794 5520/5755/794 5519/5754/794
f 5525/5756/791 5528/5757/791 5526/5758/791
f 5532/5759/792 5529/5760/792 5530/5761/792
f 5530/5761/795 5525/5756/795 5526/5758/795
f 5531/5762/799 5528/5757/799 5527/5763/799
f 5533/5709/804 5536/5764/804 5534/5765/804
f 5540/5766/794 5537/5711/794 5538/5767/794
f 5538/5767/795 5533/5709/795 5534/5765/795
f 5539/5714/799 5536/5764/799 5535/5715/799
f 5491/5681/1489 5542/5768/1488 5487/5755/1489
f 5490/5682/1490 5541/5769/1486 5486/5768/1490
f 5490/5769/1498 5544/5684/1499 5543/5770/1497
f 5486/5770/1500 5542/5685/1496 5488/5771/1501
f 2776/2980/790 2775/5772/790 2788/2981/790
f 2775/2983/791 2773/2981/791 2786/2984/791
f 2785/2986/792 2774/5773/792 2776/2987/792
f 2773/2989/793 2774/5774/793 2785/2990/793
f 2799/2992/791 2800/5775/791 2780/2984/791
f 2780/2984/794 2778/2991/794 2777/2994/794
f 2799/2995/795 2779/5776/795 2777/2996/795
f 2798/2998/796 2778/2995/796 2780/2997/796
f 2778/3000/792 2798/5777/792 2797/2999/792
f 2807/3002/795 2808/5778/795 2784/2993/795
f 2782/3004/797 2784/2994/797 2808/3005/797
f 2782/3005/798 2781/2994/798 2783/3006/798
f 2781/2997/799 2782/2996/799 2806/3008/799
f 2781/3010/800 2805/2999/800 2807/2997/800
f 2773/3001/801 2775/5779/801 2776/3011/801
f 2788/3013/802 2791/5780/802 2792/3014/802
f 2786/3016/791 2789/3003/791 2791/3017/791
f 2785/3017/792 2787/5781/792 2792/3005/792
f 2785/3005/803 2790/3007/803 2789/3020/803
f 2799/3020/791 2795/3007/791 2796/3015/791
f 2793/3022/804 2794/5782/804 2796/3023/804
f 2793/3025/795 2795/5783/795 2799/3026/795
f 2796/3028/805 2794/3025/805 2798/3027/805
f 2797/3030/792 2798/5784/792 2794/3031/792
f 2803/3033/795 2804/3030/795 2808/3032/795
f 2808/3035/797 2804/3017/797 2802/3036/797
f 2804/3017/806 2803/3019/806 2801/3038/806
f 2806/3019/799 2802/3020/799 2801/3039/799
f 2801/3039/800 2803/3020/800 2807/3021/800
f 2792/3021/807 2791/5785/807 2789/3041/807
f 2809/3026/792 2811/5786/792 2812/3042/792
f 2816/3027/791 2815/3026/791 2813/3043/791
f 2816/3029/795 2814/3027/795 2810/3044/795
f 2814/3046/794 2813/3029/794 2809/3045/794
f 2813/3048/799 2815/5787/799 2811/3049/799
f 2815/3051/804 2816/5788/804 2812/3052/804
f 2818/3054/799 2844/3036/799 2842/3055/799
f 2846/3036/795 2848/3038/795 2820/3057/795
f 2820/3058/791 2848/5789/791 2844/3059/791
f 2819/3039/794 2820/3040/794 2818/3060/794
f 2846/3040/792 2819/3041/792 2817/3061/792
f 2824/3041/791 2823/5790/791 2821/3062/791
f 2825/3063/792 2827/5791/792 2828/3064/792
f 2822/3044/795 2826/3043/795 2828/3066/795
f 2821/3045/794 2825/3044/794 2826/3067/794
f 2823/3047/799 2827/3045/799 2825/3068/799
f 2824/3050/804 2828/3049/804 2827/3070/804
f 2858/3053/799 2860/3052/799 2830/3072/799
f 2832/3074/795 2864/3053/795 2862/3073/795
f 2860/3076/792 2864/3055/792 2832/3077/792
f 2830/3079/794 2832/3057/794 2831/3080/794
f 2829/3057/791 2831/3059/791 2862/3081/791
f 2836/3059/792 2835/3060/792 2833/3082/792
f 2837/3060/791 2839/3061/791 2840/3083/791
f 2834/3061/795 2838/3062/795 2840/3084/795
f 2833/3062/804 2837/5792/804 2838/3086/804
f 2833/3087/799 2835/5793/799 2839/3088/799
f 2836/3067/794 2840/3066/794 2839/3090/794
f 2842/3068/799 2844/3067/799 2843/3091/799
f 2847/3069/795 2848/3068/795 2846/3092/795
f 2844/3071/791 2848/3070/791 2847/3094/791
f 2843/3073/804 2847/3072/804 2845/3096/804
f 2841/3075/792 2845/3073/792 2846/3097/792
f 2849/3099/791 2851/5794/791 2852/3100/791
f 2856/3102/792 2855/3077/792 2853/3103/792
f 2856/3105/795 2854/3080/795 2850/3106/795
f 2854/3080/804 2853/3081/804 2849/3107/804
f 2853/3108/799 2855/3082/799 2851/3109/799
f 2855/3082/794 2856/3085/794 2852/3111/794
f 2859/3085/799 2860/3084/799 2858/3112/799
f 2862/3084/795 2864/3086/795 2863/3113/795
f 2863/3086/792 2864/3101/792 2860/3114/792
f 2861/3087/804 2863/3089/804 2859/3115/804
f 2862/3117/791 2861/3087/791 2857/3116/791
f 2868/3119/808 2866/3126/1502 2865/3120/809
f 2869/3122/811 2870/3125/1503 2871/3123/812
f 2868/3119/814 2871/3123/814 2870/3125/814
f 2876/3127/815 2874/3134/815 2873/3128/815
f 2877/3130/816 2878/3133/816 2879/3131/816
f 2876/3127/814 2879/3131/814 2878/3133/814
f 2882/3135/814 2884/3145/814 2883/3136/814
f 2886/3138/814 2888/3143/814 2887/3139/814
f 2881/3137/817 2890/5795/817 2889/3141/817
f 2895/3142/818 2896/5796/818 2887/3139/818
f 2891/3144/819 2892/5797/819 2883/3136/819
f 2885/3140/820 2894/5798/820 2893/3146/820
f 2900/3147/821 2898/3154/821 2897/3148/821
f 2901/3150/822 2902/3153/822 2903/3151/822
f 2900/3147/823 2903/3151/823 2902/3153/823
f 2906/3155/823 2908/3159/823 2907/3156/823
f 2911/3158/824 2912/5799/824 2907/3156/824
f 2905/3157/825 2910/5800/825 2909/3160/825
f 2916/3161/826 2914/3170/1504 2913/3162/827
f 2920/3164/829 2917/5801/1505 2918/3165/830
f 3087/3167/832 3086/5802/832 3082/3168/832
f 2919/3166/799 2918/3165/799 2914/3170/799
f 2924/3171/833 2922/3177/833 2921/3172/833
f 2925/3174/834 2926/5803/834 2927/3175/834
f 2927/3175/799 2926/5803/799 2922/3177/799
f 2932/3178/799 2931/3192/799 2929/3179/799
f 2934/3181/799 2936/3188/799 2935/3182/799
f 2938/3184/835 2937/5804/835 2930/3180/835
f 3085/3185/836 3086/5802/836 3087/3167/836
f 2943/3187/837 2944/5805/837 2935/3182/837
f 3084/3169/838 3082/3168/838 3081/3189/838
f 2939/3191/839 2940/5806/839 2931/3192/839
f 2942/3193/840 2941/5807/840 2934/3181/840
f 2948/3194/841 2946/3200/1506 2945/3195/842
f 2952/3197/844 2949/5808/1507 2950/3198/845
f 2951/3199/847 2950/3198/847 2946/3200/847
f 2956/3201/848 2954/3208/848 2953/3202/848
f 2957/3204/849 2958/3207/849 2959/3205/849
f 2956/3201/847 2959/3205/847 2958/3207/847
f 2964/3209/847 2963/3219/847 2961/3210/847
f 2966/3212/847 2968/3217/847 2967/3213/847
f 2970/3215/850 2969/5809/850 2962/3211/850
f 2975/3216/851 2976/5810/851 2967/3213/851
f 2971/3218/852 2972/5811/852 2963/3219/852
f 2974/3220/853 2973/5812/853 2966/3212/853
f 2980/3221/854 2978/5813/1508 2977/3222/855
f 2984/3224/857 2981/5814/1509 2982/3225/858
f 2977/3222/795 2981/5814/795 2984/3224/795
f 3079/3227/832 3078/3245/832 3074/3228/832
f 2988/3230/833 2986/5815/833 2985/3231/833
f 2989/3233/834 2990/5816/834 2991/3234/834
f 2985/3231/795 2989/3233/795 2992/3235/795
f 3002/3236/795 3004/3251/795 3003/3237/795
f 3006/3239/795 3008/5817/795 3007/3240/795
f 3002/3236/860 3001/3238/860 2994/3242/860
f 3080/3244/861 3077/5818/1510 3078/3245/862
f 3007/3240/864 3008/5817/864 2999/3246/864
f 3076/3229/865 3074/3228/1511 3073/3248/866
f 2996/3250/868 3003/3237/868 3004/3251/868
f 3006/3239/869 3005/3241/869 2998/3253/869
f 3012/3255/870 3010/5819/1512 3009/3256/871
f 3016/3258/873 3013/3261/1513 3014/3259/874
f 3013/3261/876 3016/3258/876 3011/3257/876
f 3020/3262/877 3018/5820/877 3017/3263/877
f 3021/3265/878 3022/5821/878 3023/3266/878
f 3017/3263/876 3021/3265/876 3024/3267/876
f 3033/3268/876 3034/3274/876 3036/3269/876
f 3037/3271/876 3038/3281/876 3040/3272/876
f 3034/3274/879 3033/3268/879 3026/3275/879
f 3039/3273/880 3040/3272/880 3031/3277/880
f 3035/3270/881 3036/3269/881 3027/3279/881
f 3038/3281/882 3037/3271/882 3030/3282/882
f 3044/3284/883 3042/3293/1514 3041/3285/884
f 3048/3287/886 3045/5822/1515 3046/3288/887
f 3102/3290/889 3101/5823/889 3094/3291/889
f 3044/3284/890 3047/3289/890 3046/3288/890
f 3099/3294/891 3100/5824/891 3091/3295/891
f 3052/3297/892 3050/3307/892 3049/3298/892
f 3053/3300/893 3054/3306/893 3055/3301/893
f 3103/3303/894 3104/5825/894 3095/3304/894
f 3052/3297/890 3055/3301/890 3054/3306/890
f 3098/3308/895 3097/5826/895 3090/3309/895
f 3058/3311/890 3060/3321/890 3059/3312/890
f 3062/3314/890 3064/3319/890 3063/3315/890
f 3066/3317/896 3065/5827/896 3058/3311/896
f 3071/3318/897 3072/5828/897 3063/3315/897
f 3067/3320/898 3068/5829/898 3059/3312/898
f 3094/3291/832 3096/3305/832 3095/3304/832
f 3070/3322/899 3069/5830/899 3062/3314/899
f 3092/3296/832 3091/3295/832 3089/3310/832
f 3157/3323/799 3159/5831/799 3160/3324/799
f 3153/3094/795 3155/3323/795 3156/3325/795
f 3149/3095/890 3151/3094/890 3152/3326/890
f 3145/3328/847 3147/3095/847 3148/3327/847
f 3141/3330/832 3143/3328/832 3144/3329/832
f 3137/3332/876 3139/5832/876 3140/3333/876
f 3124/3335/900 3148/3332/900 3147/3334/900
f 3106/3337/901 3114/5833/1516 3113/3103/902
f 3115/3103/904 3114/3106/1516 3106/3339/901
f 3116/3340/906 3115/3110/904 3108/3341/905
f 3113/3110/902 3116/3109/906 3107/3342/907
f 3113/3109/908 3138/3111/908 3140/3343/908
f 3108/3343/909 3118/3111/1517 3117/3112/910
f 3119/3112/912 3118/3113/1517 3108/3345/909
f 3120/3113/914 3119/3114/912 3112/3346/913
f 3107/3346/911 3117/3114/910 3120/3347/914
f 3134/3349/916 3157/5834/916 3158/3350/916
f 3112/3352/917 3122/3118/921 3121/3116/918
f 3110/3354/920 3123/3325/1518 3122/3324/921
f 3124/3326/922 3123/3325/1518 3110/3354/920
f 3121/3327/918 3124/3326/922 3109/3356/923
f 3126/3358/924 3127/3329/924 3151/3327/924
f 3126/3331/925 3125/3329/1519 3109/3358/926
f 3127/3334/928 3126/3333/925 3110/3360/927
f 3128/3336/930 3127/3334/928 3106/3361/929
f 3109/3363/926 3125/5835/1519 3128/3336/930
f 3120/3364/932 3144/3338/932 3143/3365/932
f 3130/3367/933 3129/3339/934 3107/3368/934
f 3131/3339/935 3130/3341/933 3111/3369/933
f 3105/3369/936 3132/3341/936 3131/3342/935
f 3107/3370/934 3129/3342/934 3132/3343/936
f 3129/3371/937 3130/3343/937 3153/3344/937
f 3108/3372/938 3134/3344/938 3133/3345/939
f 3135/3345/940 3134/3346/938 3108/3374/938
f 3136/3346/941 3135/3348/940 3106/3375/940
f 3112/3376/939 3133/5836/939 3136/3377/941
f 3131/3379/942 3155/5837/942 3153/3380/942
f 3120/3382/943 3117/3355/943 3142/3379/943
f 3128/3354/944 3152/3355/944 3151/3382/944
f 3135/3356/945 3159/3354/945 3157/3383/945
f 3121/3357/946 3146/3356/946 3148/3384/946
f 3132/3358/947 3156/3357/947 3155/3385/947
f 3125/3359/948 3150/3358/948 3152/3386/948
f 3135/3388/949 3136/5838/949 3160/3359/949
f 3129/3389/950 3154/5838/950 3156/3388/950
f 3136/3391/951 3133/5839/951 3158/3389/951
f 3114/3392/952 3137/5840/952 3138/3391/952
f 3118/3394/953 3141/3365/953 3142/3395/953
f 3114/3395/954 3115/5841/954 3139/3368/954
f 3122/3368/955 3145/3369/955 3146/3398/955
f 3119/3369/956 3143/3370/956 3141/3399/956
f 3126/3370/957 3149/3371/957 3150/3400/958
f 3116/3371/959 3140/3372/959 3139/3401/959
f 3122/3401/960 3123/3372/960 3147/3373/960
f 3164/3403/961 3162/3412/1520 3161/3404/962
f 3168/3406/964 3165/5842/1521 3166/3407/965
f 3335/3409/967 3334/3428/967 3330/3410/967
f 3167/3408/799 3166/3407/799 3162/3412/799
f 3172/3413/968 3170/3419/968 3169/3414/968
f 3173/3416/969 3174/5843/969 3175/3417/969
f 3175/3417/799 3174/5843/799 3170/3419/799
f 3180/3420/799 3179/3434/799 3177/3421/799
f 3182/3423/799 3184/3430/799 3183/3424/799
f 3186/3426/970 3185/5844/970 3178/3422/970
f 3336/3427/971 3333/5845/971 3334/3428/971
f 3191/3429/972 3192/5846/972 3183/3424/972
f 3332/3411/973 3330/3410/973 3329/3431/973
f 3187/3433/974 3188/5847/974 3179/3434/974
f 3190/3435/975 3189/5848/975 3182/3423/975
f 3196/3436/976 3194/3442/1522 3193/3437/977
f 3200/3439/979 3197/5849/1523 3198/3440/980
f 3199/3441/982 3198/3440/982 3194/3442/982
f 3204/3443/983 3202/3450/983 3201/3444/983
f 3205/3446/984 3206/3449/984 3207/3447/984
f 3204/3443/982 3207/3447/982 3206/3449/982
f 3212/3451/982 3211/3461/982 3209/3452/982
f 3214/3454/982 3216/3459/982 3215/3455/982
f 3218/3457/985 3217/5850/985 3210/3453/985
f 3223/3458/986 3224/5851/986 3215/3455/986
f 3219/3460/987 3220/5852/987 3211/3461/987
f 3222/3462/988 3221/5853/988 3214/3454/988
f 3228/3463/989 3226/5854/1524 3225/3464/990
f 3232/3466/992 3229/5855/1525 3230/3467/993
f 3225/3464/795 3229/5855/795 3232/3466/795
f 3327/3469/967 3326/3487/967 3322/3470/967
f 3236/3472/968 3234/5856/968 3233/3473/968
f 3237/3475/969 3238/5857/969 3239/3476/969
f 3233/3473/795 3237/3475/795 3240/3477/795
f 3250/3478/795 3252/5858/795 3251/3479/795
f 3254/3481/795 3256/5859/795 3255/3482/795
f 3250/3478/995 3249/3480/995 3242/3484/995
f 3328/3486/996 3325/5860/1526 3326/3487/997
f 3255/3482/999 3256/5859/999 3247/3488/999
f 3324/3471/1000 3322/3470/1527 3321/3490/1001
f 3251/3479/1003 3252/5858/1003 3243/3492/1003
f 3254/3481/1004 3253/3483/1004 3246/3494/1004
f 3260/3496/1005 3258/5861/1528 3257/3497/1006
f 3264/3499/1008 3261/3502/1529 3262/3500/1009
f 3261/3502/1011 3264/3499/1011 3259/3498/1011
f 3268/3503/1012 3266/5862/1012 3265/3504/1012
f 3269/3506/1013 3270/5863/1013 3271/3507/1013
f 3265/3504/1011 3269/3506/1011 3272/3508/1011
f 3281/3509/1011 3282/3515/1011 3284/3510/1011
f 3285/3512/1011 3286/3522/1011 3288/3513/1011
f 3282/3515/1014 3281/3509/1014 3274/3516/1014
f 3287/3514/1015 3288/3513/1015 3279/3518/1015
f 3283/3511/1016 3284/3510/1016 3275/3520/1016
f 3286/3522/1017 3285/3512/1017 3278/3523/1017
f 3292/3525/1018 3290/3535/1530 3289/3526/1019
f 3293/3528/1021 3294/3534/1531 3295/3529/1022
f 3350/3531/1024 3349/5864/1024 3342/3532/1024
f 3292/3525/1025 3295/3529/1025 3294/3534/1025
f 3347/3536/1026 3348/5865/1026 3339/3537/1026
f 3300/3539/1027 3298/3549/1027 3297/3540/1027
f 3301/3542/1028 3302/3548/1028 3303/3543/1028
f 3351/3545/1029 3352/5866/1029 3343/3546/1029
f 3300/3539/1025 3303/3543/1025 3302/3548/1025
f 3337/3550/1030 3346/5867/1030 3345/3551/1030
f 3306/3553/1025 3308/3563/1025 3307/3554/1025
f 3310/3556/1025 3312/3561/1025 3311/3557/1025
f 3314/3559/1031 3313/5868/1031 3306/3553/1031
f 3319/3560/1032 3320/5869/1032 3311/3557/1032
f 3315/3562/1033 3316/5870/1033 3307/3554/1033
f 3342/3532/967 3344/3547/967 3343/3546/967
f 3309/3558/1034 3318/5871/1034 3317/3564/1034
f 3340/3538/967 3339/3537/967 3337/3550/967
f 3405/3373/799 3407/3374/799 3408/3565/799
f 3401/3374/795 3403/3375/795 3404/3566/795
f 3397/3376/1025 3399/3378/1025 3400/3567/1025
f 3393/3378/982 3395/5872/982 3396/3569/982
f 3389/3381/967 3391/3380/967 3392/3570/967
f 3385/3382/1011 3387/3381/1011 3388/3571/1011
f 3371/3573/1035 3372/3383/1035 3396/3382/1035
f 3354/3574/1036 3362/3384/1532 3361/3383/1037
f 3363/3385/1039 3362/3384/1532 3354/3574/1036
f 3364/3386/1041 3363/3385/1039 3356/3575/1040
f 3353/3577/1038 3361/3387/1037 3364/3386/1041
f 3361/3388/1043 3386/3387/1043 3388/3577/1043
f 3356/3579/1044 3366/5873/1533 3365/3580/1045
f 3367/3582/1047 3366/5873/1533 3356/3579/1044
f 3368/3393/1049 3367/3582/1047 3360/3583/1048
f 3355/3585/1046 3365/5874/1045 3368/3586/1049
f 3382/3588/1051 3405/3395/1051 3406/3589/1051
f 3360/3589/1052 3370/5875/1534 3369/3397/1053
f 3371/3397/1055 3370/3398/1534 3360/3592/1052
f 3372/3398/1057 3371/3399/1055 3358/3593/1056
f 3369/3399/1053 3372/3400/1057 3357/3594/1058
f 3374/3594/1059 3375/3400/1059 3399/3401/1059
f 3358/3595/1060 3374/3401/1064 3373/3402/1061
f 3354/3596/1063 3375/3402/1535 3374/3565/1064
f 3376/3565/1065 3375/3566/1535 3354/3598/1063
f 3373/3568/1061 3376/3567/1065 3353/3599/1066
f 3367/3599/1067 3368/3567/1067 3392/3569/1067
f 3359/3601/1068 3378/5876/1068 3377/3585/1069
f 3379/3603/1070 3378/5877/1068 3359/3604/1068
f 3353/3606/1071 3380/3572/1071 3379/3571/1070
f 3355/3608/1069 3377/3573/1069 3380/3572/1071
f 3378/3574/1072 3401/3573/1072 3402/3608/1072
f 3356/3610/1073 3382/3575/1073 3381/3574/1074
f 3383/3576/1075 3382/3575/1073 3356/3610/1073
f 3384/3577/1076 3383/3576/1075 3354/3611/1075
f 3360/3613/1074 3381/3578/1074 3384/3577/1076
f 3379/3579/1077 3403/3581/1077 3401/3614/1077
f 3365/3583/1078 3390/3579/1078 3392/3615/1078
f 3375/3617/1079 3376/3584/1079 3400/3583/1079
f 3383/3585/1080 3407/3587/1080 3405/3619/1081
f 3369/3602/1082 3394/3585/1082 3396/3620/1082
f 3380/3622/1083 3404/3589/1083 3403/3623/1083
f 3373/3589/1084 3398/3591/1084 3400/3625/1084
f 3384/3591/1085 3408/3592/1085 3407/3626/1085
f 3380/3627/1086 3377/5878/1086 3402/3593/1086
f 3384/3628/1087 3381/3593/1087 3406/3629/1087
f 3362/3594/1088 3385/3595/1088 3386/3631/1088
f 3366/3595/1089 3389/3596/1089 3390/3633/1089
f 3362/3633/1090 3363/3596/1091 3387/3597/1091
f 3370/3597/1092 3393/3598/1092 3394/3635/1092
f 3367/3598/1093 3391/3599/1093 3389/3636/1093
f 3374/3599/1094 3397/3600/1094 3398/3637/1095
f 3363/3638/1096 3364/3601/1096 3388/3602/1096
f 3370/3639/1097 3371/3602/1097 3395/3640/1097
f 3412/3642/1098 3410/3651/1536 3409/3643/1099
f 3416/3645/1101 3413/5879/1537 3414/3646/1102
f 3583/3648/1104 3582/5880/1104 3578/3649/1104
f 3415/3647/799 3414/3646/799 3410/3651/799
f 3420/3652/1105 3418/3658/1105 3417/3653/1105
f 3421/3655/1106 3422/5881/1106 3423/3656/1106
f 3423/3656/799 3422/5881/799 3418/3658/799
f 3428/3659/799 3427/3673/799 3425/3660/799
f 3430/3662/799 3432/3669/799 3431/3663/799
f 3434/3665/1107 3433/5882/1107 3426/3661/1107
f 3581/3666/1108 3582/5880/1108 3583/3648/1108
f 3439/3668/1109 3440/5883/1109 3431/3663/1109
f 3580/3650/1110 3578/3649/1111 3577/3670/1111
f 3435/3672/1112 3436/5884/1112 3427/3673/1112
f 3438/3674/1113 3437/5885/1113 3430/3662/1113
f 3444/3675/1114 3442/3681/1538 3441/3676/1115
f 3448/3678/1117 3445/5886/1539 3446/3679/1118
f 3447/3680/1120 3446/3679/1120 3442/3681/1120
f 3452/3682/1121 3450/3689/1121 3449/3683/1121
f 3453/3685/1122 3454/3688/1122 3455/3686/1122
f 3452/3682/1120 3455/3686/1120 3454/3688/1120
f 3460/3690/1120 3459/3700/1120 3457/3691/1120
f 3464/3693/1120 3463/3698/1120 3461/3694/1120
f 3466/3696/1123 3465/5887/1123 3458/3692/1123
f 3471/3697/1124 3472/5888/1124 3463/3698/1124
f 3467/3699/1125 3468/5889/1125 3459/3700/1125
f 3470/3701/1126 3469/5890/1126 3462/3695/1126
f 3476/3702/1127 3474/5891/1540 3473/3703/1128
f 3480/3705/1130 3477/5892/1541 3478/3706/1131
f 3473/3703/795 3477/5892/795 3480/3705/795
f 3575/3708/1104 3574/3726/1104 3570/3709/1104
f 3484/3711/1105 3482/5893/1105 3481/3712/1105
f 3485/3714/1106 3486/5894/1106 3487/3715/1106
f 3481/3712/795 3485/3714/795 3488/3716/795
f 3498/3717/795 3500/5895/795 3499/3718/795
f 3502/3720/795 3504/3728/795 3503/3721/795
f 3498/3717/1133 3497/3719/1133 3490/3723/1133
f 3576/3725/1134 3573/5896/1542 3574/3726/1135
f 3496/3727/1137 3503/3721/1137 3504/3728/1137
f 3572/3710/1138 3570/3709/1543 3569/3730/1139
f 3499/3718/1141 3500/5895/1141 3491/3732/1141
f 3502/3720/1142 3501/3722/1142 3494/3734/1142
f 3508/3736/1143 3506/5897/1544 3505/3737/1144
f 3512/3739/1146 3509/5898/1545 3510/3740/1147
f 3505/3737/1149 3509/5898/1149 3512/3739/1149
f 3516/3742/1150 3514/5899/1150 3513/3743/1150
f 3517/3745/1151 3518/5900/1151 3519/3746/1151
f 3513/3743/1149 3517/3745/1149 3520/3747/1149
f 3530/3748/1149 3532/5901/1149 3531/3749/1149
f 3533/3751/1149 3534/3760/1149 3536/3752/1149
f 3530/3748/1152 3529/3750/1152 3522/3754/1152
f 3535/3753/1153 3536/3752/1153 3527/3756/1153
f 3531/3749/1154 3532/5901/1155 3523/3758/1155
f 3534/3760/1156 3533/3751/1156 3526/3761/1156
f 3539/3763/1157 3540/3772/1546 3538/3764/1158
f 3541/3766/1160 3542/3773/1547 3543/3767/1161
f 3598/3769/1163 3597/5902/1163 3590/3770/1163
f 3540/3772/1164 3543/3767/1164 3542/3773/1164
f 3595/3774/1165 3596/5903/1166 3587/3775/1166
f 3547/3777/1167 3548/3786/1167 3546/3778/1167
f 3549/3780/1168 3550/3787/1168 3551/3781/1169
f 3599/3783/1170 3600/5904/1170 3591/3784/1170
f 3548/3786/1164 3551/3781/1164 3550/3787/1164
f 3594/3788/1171 3593/5905/1171 3586/3789/1171
f 3554/3791/1164 3556/3801/1164 3555/3792/1164
f 3558/3794/1164 3560/3799/1164 3559/3795/1164
f 3562/3797/1172 3561/5906/1173 3554/3791/1173
f 3567/3798/1174 3568/5907/1174 3559/3795/1174
f 3563/3800/1175 3564/5908/1175 3555/3792/1175
f 3592/3785/1104 3591/3784/1104 3589/3771/1104
f 3566/3802/1176 3565/5909/1176 3558/3794/1176
f 3588/3776/1104 3587/3775/1104 3585/3790/1104
f 3653/3803/799 3655/5910/799 3656/3804/799
f 3649/3806/795 3651/3803/795 3652/3805/795
f 3645/3808/1164 3647/3806/1164 3648/3807/1164
f 3641/3609/1120 3643/3608/1120 3644/3810/1120
f 3637/3610/1104 3639/3609/1104 3640/3811/1104
f 3633/3611/1149 3635/3610/1149 3636/3812/1149
f 3619/3814/1177 3620/3612/1177 3644/3611/1177
f 3602/3815/1178 3610/3613/1548 3609/3612/1179
f 3611/3615/1181 3610/3614/1548 3602/3816/1178
f 3612/3616/1183 3611/3615/1181 3604/3817/1182
f 3609/3617/1179 3612/3618/1183 3603/3819/1184
f 3612/3821/1185 3609/3620/1185 3634/3619/1185
f 3604/3823/1186 3614/3621/1549 3613/3620/1187
f 3615/3824/1189 3614/3621/1549 3604/3823/1186
f 3616/3826/1191 3615/3623/1189 3608/3827/1190
f 3603/3827/1188 3613/5911/1187 3616/3625/1191
f 3630/3830/1193 3653/3627/1193 3654/3831/1193
f 3608/3831/1194 3618/3627/1198 3617/3628/1195
f 3606/3832/1197 3619/3628/1550 3618/3630/1198
f 3620/3632/1199 3619/3631/1550 3606/3834/1197
f 3617/3631/1195 3620/3633/1199 3605/3836/1200
f 3623/3633/1201 3647/3634/1201 3645/3837/1201
f 3622/3634/1202 3621/3635/1208 3605/3838/1203
f 3602/3838/1205 3623/3635/1551 3622/3636/1202
f 3624/3636/1206 3623/3637/1551 3602/3840/1205
f 3621/3638/1208 3624/3639/1206 3601/3841/1207
f 3615/3841/1209 3616/3639/1209 3640/3641/1209
f 3607/3842/1210 3626/3641/1210 3625/3843/1211
f 3605/3845/1212 3627/5912/1212 3626/3846/1210
f 3601/3848/1213 3628/3807/1213 3627/3805/1212
f 3603/3850/1211 3625/3809/1211 3628/3851/1213
f 3625/3853/1214 3626/3811/1214 3649/3810/1214
f 3630/3812/1215 3629/3811/1216 3608/3853/1216
f 3631/3813/1217 3630/3812/1215 3604/3855/1215
f 3632/3814/1218 3631/3813/1217 3602/3856/1217
f 3629/3815/1216 3632/3814/1218 3606/3857/1218
f 3626/3859/1219 3627/3817/1220 3651/3816/1220
f 3613/3818/1221 3638/3817/1221 3640/3859/1221
f 3623/3862/1222 3624/3820/1222 3648/3819/1222
f 3631/3821/1223 3655/3822/1223 3653/3864/1224
f 3620/3866/1225 3617/3823/1225 3642/3821/1225
f 3627/3867/1226 3628/3825/1226 3652/3823/1226
f 3624/3868/1227 3621/5913/1227 3646/3825/1227
f 3632/3869/1228 3656/3827/1228 3655/3870/1228
f 3628/3870/1229 3625/5914/1230 3650/3829/1230
f 3632/3872/1231 3629/3829/1232 3654/3831/1232
f 3610/3831/1233 3633/3832/1233 3634/3874/1233
f 3614/3832/1234 3637/3833/1234 3638/3875/1234
f 3611/3835/1235 3635/3834/1235 3633/3876/1235
f 3618/3834/1236 3641/3836/1236 3642/3878/1236
f 3614/3878/1237 3615/3836/1237 3639/3837/1237
f 3622/3837/1238 3645/3838/1238 3646/3880/1238
f 3611/3880/1239 3612/3838/1239 3636/3839/1239
f 3619/3839/1240 3643/3840/1240 3641/3882/1240
f 3660/3883/1241 3658/3892/1552 3657/3884/1242
f 3664/3886/1244 3661/5915/1553 3662/3887/1245
f 3828/3889/1247 3831/3908/1247 3830/3890/1247
f 3663/3888/799 3662/3887/799 3658/3892/799
f 3668/3893/1248 3666/3899/1248 3665/3894/1248
f 3669/3896/1249 3670/5916/1249 3671/3897/1249
f 3671/3897/799 3670/5916/799 3666/3899/799
f 3676/3900/799 3675/3915/799 3673/3901/799
f 3678/3903/799 3680/3911/799 3679/3904/799
f 3682/3906/1250 3681/5917/1250 3674/3902/1250
f 3829/3907/1251 3830/3890/1251 3831/3908/1251
f 3687/3910/1252 3688/5918/1252 3679/3904/1252
f 3828/3889/1253 3826/3891/1253 3825/3912/1253
f 3683/3914/1254 3684/5919/1254 3675/3915/1254
f 3686/3916/1255 3685/5920/1255 3678/3903/1255
f 3692/3917/1256 3690/3923/1554 3689/3918/1257
f 3696/3920/1259 3693/5921/1555 3694/3921/1260
f 3695/3922/1262 3694/3921/1263 3690/3923/1263
f 3699/3924/1264 3700/3930/1264 3698/3925/1264
f 3701/3927/1265 3702/3931/1265 3703/3928/1265
f 3700/3930/1262 3703/3928/1262 3702/3931/1263
f 3706/3932/1262 3708/3942/1262 3707/3933/1263
f 3710/3935/1263 3712/3940/1263 3711/3936/1263
f 3714/3938/1266 3713/5922/1266 3706/3932/1266
f 3719/3939/1267 3720/5923/1267 3711/3936/1267
f 3715/3941/1268 3716/5924/1268 3707/3933/1268
f 3718/3943/1269 3717/5925/1269 3710/3935/1269
f 3724/3944/1270 3722/5926/1556 3721/3945/1271
f 3728/3947/1273 3725/5927/1557 3726/3948/1274
f 3721/3945/795 3725/5927/795 3728/3947/795
f 3820/3950/1247 3823/3968/1247 3822/3951/1247
f 3731/3953/1248 3732/5928/1248 3730/3954/1248
f 3733/3956/1249 3734/5929/1249 3735/3957/1249
f 3729/3955/795 3733/3956/795 3736/3958/795
f 3746/3959/795 3748/5930/795 3747/3960/795
f 3750/3962/795 3752/5931/795 3751/3963/795
f 3746/3959/1276 3745/3961/1276 3738/3965/1276
f 3824/3967/1277 3821/5932/1558 3822/3951/1278
f 3751/3963/1280 3752/5931/1280 3743/3969/1280
f 3820/3950/1281 3818/3952/1559 3817/3971/1282
f 3747/3960/1284 3748/5930/1284 3739/3973/1284
f 3750/3962/1285 3749/3964/1285 3742/3975/1285
f 3756/3977/1286 3754/5933/1560 3753/3978/1287
f 3760/3980/1289 3757/3983/1561 3758/3981/1290
f 3757/3983/1292 3760/3980/1292 3755/3979/1292
f 3764/3984/1293 3762/5934/1294 3761/3985/1294
f 3768/3987/1295 3765/3990/1296 3766/3988/1296
f 3765/3990/1292 3768/3987/1297 3763/3986/1297
f 3777/3991/1297 3778/3997/1292 3780/3992/1292
f 3781/3994/1292 3782/4004/1292 3784/3995/1292
f 3778/3997/1298 3777/3991/1298 3770/3998/1298
f 3783/3996/1299 3784/3995/1299 3775/4000/1299
f 3779/3993/1300 3780/3992/1300 3771/4002/1300
f 3782/4004/1301 3781/3994/1301 3774/4005/1301
f 3788/4007/1302 3786/4016/1562 3785/4008/1303
f 3792/4010/1305 3789/5935/1563 3790/4011/1306
f 3837/4013/1308 3846/5936/1308 3845/4014/1308
f 3788/4007/1309 3791/4012/1309 3790/4011/1309
f 3843/4017/1310 3844/5937/1564 3835/4018/1310
f 3796/4020/1311 3794/4030/1311 3793/4021/1311
f 3797/4023/1312 3798/4029/1312 3799/4024/1312
f 3847/4026/1313 3848/5938/1313 3839/4027/1313
f 3796/4020/1309 3799/4024/1309 3798/4029/1309
f 3833/4031/1314 3842/5939/1314 3841/4032/1314
f 3802/4034/1309 3804/4044/1309 3803/4035/1309
f 3806/4037/1309 3808/4041/1309 3807/4038/1309
f 3801/4036/1315 3810/5940/1315 3809/4040/1316
f 3808/4041/1317 3815/5941/1317 3816/4042/1317
f 3811/4043/1318 3812/5942/1319 3803/4035/1319
f 3838/4015/1247 3840/4028/1247 3839/4027/1247
f 3814/4045/1320 3813/5943/1320 3806/4037/1320
f 3834/4033/1247 3836/4019/1247 3835/4018/1247
f 3901/3840/799 3903/3841/799 3904/4046/799
f 3897/3841/795 3899/4048/795 3900/4047/795
f 3893/4048/1309 3895/4050/1309 3896/4049/1309
f 3889/4050/1263 3891/5944/1263 3892/4051/1263
f 3885/3845/1247 3887/3847/1247 3888/4052/1247
f 3881/3852/1292 3883/5945/1292 3884/4054/1292
f 3868/3850/1321 3892/3852/1321 3891/4055/1321
f 3850/4057/1322 3858/3853/1326 3857/3854/1323
f 3852/4059/1325 3859/3855/1565 3858/3853/1326
f 3860/3856/1327 3859/3855/1565 3852/4059/1325
f 3857/3857/1323 3860/3856/1327 3851/4060/1328
f 3857/3858/1329 3882/3857/1329 3884/4061/1329
f 3852/4063/1330 3862/3859/1566 3861/3860/1331
f 3863/3861/1333 3862/3859/1566 3852/4063/1330
f 3864/3862/1335 3863/3863/1333 3856/4066/1334
f 3851/4068/1332 3861/3865/1331 3864/3864/1335
f 3878/3866/1337 3901/3865/1337 3902/4068/1337
f 3856/4071/1338 3866/3867/1342 3865/3866/1339
f 3854/4072/1341 3867/3868/1567 3866/3867/1342
f 3868/4051/1343 3867/5946/1567 3854/4073/1341
f 3865/4075/1339 3868/3870/1343 3853/4076/1344
f 3871/3870/1345 3895/3872/1345 3893/4078/1345
f 3854/4078/1346 3870/3872/1568 3869/3873/1347
f 3871/3873/1349 3870/3874/1568 3854/4080/1346
f 3872/3874/1351 3871/3875/1349 3850/4081/1350
f 3853/4081/1348 3869/5947/1347 3872/4082/1351
f 3864/4082/1353 3888/5948/1353 3887/4084/1353
f 3855/4084/1354 3874/5948/1354 3873/3879/1355
f 3853/4085/1356 3875/3879/1356 3874/3880/1354
f 3849/4086/1357 3876/3880/1357 3875/3881/1356
f 3851/4087/1355 3873/3881/1355 3876/3882/1357
f 3873/4088/1358 3874/3882/1358 3897/4046/1358
f 3878/4046/1359 3877/4047/1360 3856/4090/1360
f 3879/4047/1361 3878/4049/1359 3852/4091/1359
f 3880/4049/1362 3879/4051/1361 3850/4092/1361
f 3877/4051/1360 3880/4074/1362 3854/4093/1362
f 3874/4094/1363 3875/4054/1363 3899/4095/1363
f 3864/4097/1364 3861/4055/1364 3886/4054/1364
f 3872/4056/1365 3896/4055/1365 3895/4097/1365
f 3879/4099/1366 3903/4056/1366 3901/4098/1366
f 3865/4101/1367 3890/5949/1367 3892/4102/1367
f 3876/4104/1368 3900/4101/1368 3899/4103/1368
f 3872/4106/1369 3869/4108/1369 3894/4104/1369
f 3879/4107/1370 3880/4064/1370 3904/4108/1370
f 3873/4063/1371 3898/4064/1371 3900/4107/1371
f 3877/4065/1372 3902/4063/1372 3904/4109/1372
f 3858/4111/1373 3881/4065/1373 3882/4110/1373
f 3862/4113/1374 3885/4111/1374 3886/4112/1374
f 3858/4115/1375 3859/4117/1375 3883/4113/1375
f 3865/4116/1376 3866/5950/1376 3889/4117/1376
f 3863/4118/1377 3887/5950/1377 3885/4116/1377
f 3870/4120/1378 3893/5951/1378 3894/4121/1378
f 3860/4123/1379 3884/4120/1379 3883/4122/1379
f 3866/4125/1380 3867/5952/1380 3891/4076/1380
f 3907/4076/794 3908/4078/794 3906/4127/794
f 3911/4128/792 3912/5953/792 3908/4129/792
f 3909/4079/804 3910/4080/804 3912/4130/804
f 3905/4080/791 3906/4081/791 3910/4131/791
f 3905/4081/799 3909/4083/799 3911/4132/799
f 3910/4083/795 3906/4084/795 3908/4133/795
f 3914/4134/791 3922/4142/791 3924/4135/791
f 3917/4137/1381 3920/4136/1381 3924/4135/1381
f 3914/4134/795 3920/4136/795 3917/4137/795
f 3916/4139/792 3917/4137/792 3923/4138/792
f 3913/4141/791 3919/4144/791 3924/4135/791
f 3915/4143/799 3918/4145/799 3919/4144/799
f 3915/4143/792 3921/4140/792 3923/4138/792
f 3923/4138/1382 3924/4135/1382 3919/4144/1382
f 3932/4146/1383 3928/4709/1384 3927/4147/1384
f 3930/4148/1385 3931/4714/1569 3934/4149/1386
f 3934/4149/1386 3931/4714/1569 3929/4150/1387
f 3925/4152/1389 3926/4706/1389 3933/4151/1388
f 3942/4153/1383 3938/4722/1384 3937/4154/1384
f 3940/4155/1385 3941/4727/1569 3944/4156/1386
f 3944/4156/1386 3941/4727/1569 3939/4157/1387
f 3935/4159/1389 3936/4719/1389 3943/4158/1388
f 3952/4160/1383 3948/4735/1384 3947/4161/1384
f 3950/4162/1385 3951/4740/1569 3954/4163/1386
f 3954/4163/1386 3951/4740/1569 3949/4164/1387
f 3945/4166/1389 3946/4732/1389 3953/4165/1388
f 3962/4167/1383 3958/4748/1384 3957/4168/1384
f 3960/4169/1385 3961/4753/1569 3964/4170/1386
f 3964/4170/1386 3961/4753/1569 3959/4171/1387
f 3955/4173/1389 3956/4745/1389 3963/4172/1388
f 3972/4174/1383 3968/4761/1384 3967/4175/1384
f 3970/4176/1385 3971/4766/1569 3974/4177/1386
f 3974/4177/1386 3971/4766/1569 3969/4178/1387
f 3965/4180/1389 3966/4758/1389 3973/4179/1388
f 3977/4181/1390 3978/4772/1390 3982/4182/1391
f 3984/4184/1393 3981/4186/1395 3980/4183/1392
f 3984/4184/1393 3983/4188/1397 3979/4185/1394
f 3975/4187/1396 3979/4185/1394 3983/4188/1397
f 3987/4190/1390 3988/4783/1390 3992/4191/1391
f 3994/4193/1393 3991/4195/1395 3990/4192/1392
f 3994/4193/1393 3993/4197/1397 3989/4194/1394
f 3985/4196/1396 3989/4194/1394 3993/4197/1397
f 3997/4199/1390 3998/4794/1390 4002/4200/1391
f 4004/4202/1393 4001/4204/1395 4000/4201/1392
f 4004/4202/1393 4003/4206/1397 3999/4203/1394
f 3995/4205/1396 3999/4203/1394 4003/4206/1397
f 4007/4208/1390 4008/4805/1390 4012/4209/1391
f 4014/4211/1393 4011/4213/1395 4010/4210/1392
f 4014/4211/1393 4013/4215/1397 4009/4212/1394
f 4005/4214/1396 4009/4212/1394 4013/4215/1397
f 4017/4217/1390 4018/4816/1390 4022/4218/1391
f 4024/4220/1393 4021/4222/1395 4020/4219/1392
f 4024/4220/1393 4023/4224/1397 4019/4221/1394
f 4015/4223/1396 4019/4221/1394 4023/4224/1397
f 4032/4226/1383 4028/4829/1384 4027/4227/1384
f 4030/4228/1385 4031/4834/1569 4034/4229/1386
f 4034/4229/1386 4031/4834/1569 4029/4230/1387
f 4025/4232/1389 4026/4826/1389 4033/4231/1388
f 4042/4233/1383 4038/4842/1384 4037/4234/1384
f 4040/4235/1385 4041/4847/1569 4044/4236/1386
f 4044/4236/1386 4041/4847/1569 4039/4237/1387
f 4035/4239/1389 4036/4839/1389 4043/4238/1388
f 4052/4240/1383 4048/4855/1384 4047/4241/1384
f 4050/4242/1385 4051/4860/1569 4054/4243/1386
f 4054/4243/1386 4051/4860/1569 4049/4244/1387
f 4045/4246/1389 4046/4852/1389 4053/4245/1388
f 4062/4247/1383 4058/4868/1384 4057/4248/1384
f 4060/4249/1385 4061/4873/1569 4064/4250/1386
f 4064/4250/1386 4061/4873/1569 4059/4251/1387
f 4055/4253/1389 4056/4865/1389 4063/4252/1388
f 4072/4254/1383 4068/4881/1384 4067/4255/1384
f 4070/4256/1385 4071/4886/1569 4074/4257/1386
f 4074/4257/1386 4071/4886/1569 4069/4258/1387
f 4065/4260/1389 4066/4878/1389 4073/4259/1388
f 4077/4261/1390 4078/4892/1390 4082/4262/1391
f 4084/4264/1393 4081/4266/1395 4080/4263/1392
f 4084/4264/1393 4083/4268/1397 4079/4265/1394
f 4075/4267/1396 4079/4265/1394 4083/4268/1397
f 4087/4270/1390 4088/4903/1390 4092/4271/1391
f 4094/4273/1393 4091/4275/1395 4090/4272/1392
f 4094/4273/1393 4093/4277/1397 4089/4274/1394
f 4085/4276/1396 4089/4274/1394 4093/4277/1397
f 4097/4279/1390 4098/4914/1390 4102/4280/1391
f 4104/4282/1393 4101/4284/1395 4100/4281/1392
f 4104/4282/1393 4103/4286/1397 4099/4283/1394
f 4095/4285/1396 4099/4283/1394 4103/4286/1397
f 4107/4288/1390 4108/4925/1390 4112/4289/1391
f 4114/4291/1393 4111/4293/1395 4110/4290/1392
f 4114/4291/1393 4113/4295/1397 4109/4292/1394
f 4105/4294/1396 4109/4292/1394 4113/4295/1397
f 4117/4297/1390 4118/4936/1390 4122/4298/1391
f 4124/4300/1393 4121/4302/1395 4120/4299/1392
f 4124/4300/1393 4123/4304/1397 4119/4301/1394
f 4115/4303/1396 4119/4301/1394 4123/4304/1397
f 4132/4306/1383 4128/4949/1384 4127/4307/1384
f 4130/4308/1385 4131/4954/1569 4134/4309/1386
f 4134/4309/1386 4131/4954/1569 4129/4310/1387
f 4125/4312/1389 4126/4946/1389 4133/4311/1388
f 4142/4313/1383 4138/4962/1384 4137/4314/1384
f 4140/4315/1385 4141/4967/1569 4144/4316/1386
f 4144/4316/1386 4141/4967/1569 4139/4317/1387
f 4135/4319/1389 4136/4959/1389 4143/4318/1388
f 4152/4320/1383 4148/4975/1384 4147/4321/1384
f 4150/4322/1385 4151/4980/1569 4154/4323/1386
f 4154/4323/1386 4151/4980/1569 4149/4324/1387
f 4145/4326/1389 4146/4972/1389 4153/4325/1388
f 4162/4327/1383 4158/4988/1384 4157/4328/1384
f 4160/4329/1385 4161/4993/1569 4164/4330/1386
f 4164/4330/1386 4161/4993/1569 4159/4331/1387
f 4155/4333/1389 4156/4985/1389 4163/4332/1388
f 4172/4334/1383 4168/5001/1384 4167/4335/1384
f 4170/4336/1385 4171/5006/1569 4174/4337/1386
f 4174/4337/1386 4171/5006/1569 4169/4338/1387
f 4165/4340/1389 4166/4998/1389 4173/4339/1388
f 4177/4341/1390 4178/5012/1390 4182/4342/1391
f 4184/4344/1393 4181/4346/1395 4180/4343/1392
f 4184/4344/1393 4183/4348/1397 4179/4345/1394
f 4175/4347/1396 4179/4345/1394 4183/4348/1397
f 4187/4350/1390 4188/5023/1390 4192/4351/1391
f 4194/4353/1393 4191/4355/1395 4190/4352/1392
f 4194/4353/1393 4193/4357/1397 4189/4354/1394
f 4185/4356/1396 4189/4354/1394 4193/4357/1397
f 4197/4359/1390 4198/5034/1390 4202/4360/1391
f 4204/4362/1393 4201/4364/1395 4200/4361/1392
f 4204/4362/1393 4203/4366/1397 4199/4363/1394
f 4195/4365/1396 4199/4363/1394 4203/4366/1397
f 4207/4368/1390 4208/5045/1390 4212/4369/1391
f 4214/4371/1393 4211/4373/1395 4210/4370/1392
f 4214/4371/1393 4213/4375/1397 4209/4372/1394
f 4205/4374/1396 4209/4372/1394 4213/4375/1397
f 4217/4377/1390 4218/5056/1390 4222/4378/1391
f 4224/4380/1393 4221/4382/1395 4220/4379/1392
f 4224/4380/1393 4223/4384/1397 4219/4381/1394
f 4215/4383/1396 4219/4381/1394 4223/4384/1397
f 4232/4386/1383 4228/5069/1384 4227/4387/1384
f 4230/4388/1385 4231/5074/1569 4234/4389/1386
f 4234/4389/1386 4231/5074/1569 4229/4390/1387
f 4225/4392/1389 4226/5066/1389 4233/4391/1388
f 4242/4393/1383 4238/5082/1384 4237/4394/1384
f 4240/4395/1385 4241/5087/1569 4244/4396/1386
f 4244/4396/1386 4241/5087/1569 4239/4397/1387
f 4235/4399/1389 4236/5079/1389 4243/4398/1388
f 4252/4400/1383 4248/5095/1384 4247/4401/1384
f 4250/4402/1385 4251/5100/1569 4254/4403/1386
f 4254/4403/1386 4251/5100/1569 4249/4404/1387
f 4245/4406/1389 4246/5092/1389 4253/4405/1388
f 4262/4407/1383 4258/5108/1384 4257/4408/1384
f 4260/4409/1385 4261/5113/1569 4264/4410/1386
f 4264/4410/1386 4261/5113/1569 4259/4411/1387
f 4255/4413/1389 4256/5105/1389 4263/4412/1388
f 4272/4414/1383 4268/5121/1384 4267/4415/1384
f 4270/4416/1385 4271/5126/1569 4274/4417/1386
f 4274/4417/1386 4271/5126/1569 4269/4418/1387
f 4265/4420/1389 4266/5118/1389 4273/4419/1388
f 4277/4421/1390 4278/5132/1390 4282/4422/1391
f 4284/4424/1393 4281/4426/1395 4280/4423/1392
f 4284/4424/1393 4283/4428/1397 4279/4425/1394
f 4275/4427/1396 4279/4425/1394 4283/4428/1397
f 4287/4430/1390 4288/5143/1390 4292/4431/1391
f 4294/4433/1393 4291/4435/1395 4290/4432/1392
f 4294/4433/1393 4293/4437/1397 4289/4434/1394
f 4285/4436/1396 4289/4434/1394 4293/4437/1397
f 4297/4439/1390 4298/5154/1390 4302/4440/1391
f 4304/4442/1393 4301/4444/1395 4300/4441/1392
f 4304/4442/1393 4303/4446/1397 4299/4443/1394
f 4295/4445/1396 4299/4443/1394 4303/4446/1397
f 4307/4448/1390 4308/5165/1390 4312/4449/1391
f 4314/4451/1393 4311/4453/1395 4310/4450/1392
f 4314/4451/1393 4313/4455/1397 4309/4452/1394
f 4305/4454/1396 4309/4452/1394 4313/4455/1397
f 4317/4457/1390 4318/5176/1390 4322/4458/1391
f 4324/4460/1393 4321/4462/1395 4320/4459/1392
f 4324/4460/1393 4323/4464/1397 4319/4461/1394
f 4315/4463/1396 4319/4461/1394 4323/4464/1397
f 4332/4466/1383 4328/5189/1384 4327/4467/1384
f 4330/4468/1385 4331/5194/1569 4334/4469/1386
f 4334/4469/1386 4331/5194/1569 4329/4470/1387
f 4325/4472/1389 4326/5186/1389 4333/4471/1388
f 4342/4473/1383 4338/5202/1384 4337/4474/1384
f 4340/4475/1385 4341/5207/1569 4344/4476/1386
f 4344/4476/1386 4341/5207/1569 4339/4477/1387
f 4335/4479/1389 4336/5199/1389 4343/4478/1388
f 4352/4480/1383 4348/5215/1384 4347/4481/1384
f 4350/4482/1385 4351/5220/1569 4354/4483/1386
f 4354/4483/1386 4351/5220/1569 4349/4484/1387
f 4345/4486/1389 4346/5212/1389 4353/4485/1388
f 4362/4487/1383 4358/5228/1384 4357/4488/1384
f 4360/4489/1385 4361/5233/1569 4364/4490/1386
f 4364/4490/1386 4361/5233/1569 4359/4491/1387
f 4355/4493/1389 4356/5225/1389 4363/4492/1388
f 4372/4494/1383 4368/5241/1384 4367/4495/1384
f 4370/4496/1385 4371/5246/1569 4374/4497/1386
f 4374/4497/1386 4371/5246/1569 4369/4498/1387
f 4365/4500/1389 4366/5238/1389 4373/4499/1388
f 4377/4501/1390 4378/5252/1390 4382/4502/1391
f 4384/4504/1393 4381/4506/1395 4380/4503/1392
f 4384/4504/1393 4383/4508/1397 4379/4505/1394
f 4375/4507/1396 4379/4505/1394 4383/4508/1397
f 4387/4510/1390 4388/5263/1390 4392/4511/1391
f 4394/4513/1393 4391/4515/1395 4390/4512/1392
f 4394/4513/1393 4393/4517/1397 4389/4514/1394
f 4385/4516/1396 4389/4514/1394 4393/4517/1397
f 4397/4519/1390 4398/5274/1390 4402/4520/1391
f 4404/4522/1393 4401/4524/1395 4400/4521/1392
f 4404/4522/1393 4403/4526/1397 4399/4523/1394
f 4395/4525/1396 4399/4523/1394 4403/4526/1397
f 4407/4528/1390 4408/5285/1390 4412/4529/1391
f 4414/4531/1393 4411/4533/1395 4410/4530/1392
f 4414/4531/1393 4413/4535/1397 4409/4532/1394
f 4405/4534/1396 4409/4532/1394 4413/4535/1397
f 4417/4537/1390 4418/5296/1390 4422/4538/1391
f 4424/4540/1393 4421/4542/1395 4420/4539/1392
f 4424/4540/1393 4423/4544/1397 4419/4541/1394
f 4415/4543/1396 4419/4541/1394 4423/4544/1397
f 4432/4546/1383 4428/5309/1384 4427/4547/1384
f 4430/4548/1385 4431/5314/1569 4434/4549/1386
f 4434/4549/1386 4431/5314/1569 4429/4550/1387
f 4425/4552/1389 4426/5306/1389 4433/4551/1388
f 4442/4553/1383 4438/5322/1384 4437/4554/1384
f 4440/4555/1385 4441/5327/1569 4444/4556/1386
f 4444/4556/1386 4441/5327/1569 4439/4557/1387
f 4435/4559/1389 4436/5319/1389 4443/4558/1388
f 4452/4560/1383 4448/5335/1384 4447/4561/1384
f 4450/4562/1385 4451/5340/1569 4454/4563/1386
f 4454/4563/1386 4451/5340/1569 4449/4564/1387
f 4445/4566/1389 4446/5332/1389 4453/4565/1388
f 4462/4567/1383 4458/5348/1384 4457/4568/1384
f 4460/4569/1385 4461/5353/1569 4464/4570/1386
f 4464/4570/1386 4461/5353/1569 4459/4571/1387
f 4455/4573/1389 4456/5345/1389 4463/4572/1388
f 4472/4574/1383 4468/5361/1384 4467/4575/1384
f 4470/4576/1385 4471/5366/1569 4474/4577/1386
f 4474/4577/1386 4471/5366/1569 4469/4578/1387
f 4465/4580/1389 4466/5358/1389 4473/4579/1388
f 4477/4581/1390 4478/5372/1390 4482/4582/1391
f 4484/4584/1393 4481/4586/1395 4480/4583/1392
f 4484/4584/1393 4483/4588/1397 4479/4585/1394
f 4475/4587/1396 4479/4585/1394 4483/4588/1397
f 4487/4590/1390 4488/5383/1390 4492/4591/1391
f 4494/4593/1393 4491/4595/1395 4490/4592/1392
f 4494/4593/1393 4493/4597/1397 4489/4594/1394
f 4485/4596/1396 4489/4594/1394 4493/4597/1397
f 4497/4599/1390 4498/5394/1390 4502/4600/1391
f 4504/4602/1393 4501/4604/1395 4500/4601/1392
f 4504/4602/1393 4503/4606/1397 4499/4603/1394
f 4495/4605/1396 4499/4603/1394 4503/4606/1397
f 4507/4608/1390 4508/5405/1390 4512/4609/1391
f 4514/4611/1393 4511/4613/1395 4510/4610/1392
f 4514/4611/1393 4513/4615/1397 4509/4612/1394
f 4505/4614/1396 4509/4612/1394 4513/4615/1397
f 4517/4617/1390 4518/5416/1390 4522/4618/1391
f 4524/4620/1393 4521/4622/1395 4520/4619/1392
f 4524/4620/1393 4523/4624/1397 4519/4621/1394
f 4515/4623/1396 4519/4621/1394 4523/4624/1397
f 4532/4626/1383 4528/5429/1384 4527/4627/1384
f 4530/4628/1385 4531/5434/1569 4534/4629/1386
f 4534/4629/1386 4531/5434/1569 4529/4630/1387
f 4525/4632/1389 4526/5426/1389 4533/4631/1388
f 4542/4633/1383 4538/5442/1384 4537/4634/1384
f 4540/4635/1385 4541/5447/1569 4544/4636/1386
f 4544/4636/1386 4541/5447/1569 4539/4637/1387
f 4535/4639/1389 4536/5439/1389 4543/4638/1388
f 4552/4640/1383 4548/5455/1384 4547/4641/1384
f 4550/4642/1385 4551/5460/1569 4554/4643/1386
f 4554/4643/1386 4551/5460/1569 4549/4644/1387
f 4545/4646/1389 4546/5452/1389 4553/4645/1388
f 4562/4647/1383 4558/5468/1384 4557/4648/1384
f 4560/4649/1385 4561/5473/1569 4564/4650/1386
f 4564/4650/1386 4561/5473/1569 4559/4651/1387
f 4555/4653/1389 4556/5465/1389 4563/4652/1388
f 4572/4654/1383 4568/5481/1384 4567/4655/1384
f 4570/4656/1385 4571/5486/1569 4574/4657/1386
f 4574/4657/1386 4571/5486/1569 4569/4658/1387
f 4565/4660/1389 4566/5478/1389 4573/4659/1388
f 4577/4661/1390 4578/5492/1390 4582/4662/1391
f 4584/4664/1393 4581/4666/1395 4580/4663/1392
f 4584/4664/1393 4583/4668/1397 4579/4665/1394
f 4575/4667/1396 4579/4665/1394 4583/4668/1397
f 4587/4670/1390 4588/5503/1390 4592/4671/1391
f 4594/4673/1393 4591/4675/1395 4590/4672/1392
f 4594/4673/1393 4593/4677/1397 4589/4674/1394
f 4585/4676/1396 4589/4674/1394 4593/4677/1397
f 4597/4679/1390 4598/5514/1390 4602/4680/1391
f 4604/4682/1393 4601/4684/1395 4600/4681/1392
f 4604/4682/1393 4603/4686/1397 4599/4683/1394
f 4595/4685/1396 4599/4683/1394 4603/4686/1397
f 4607/4688/1390 4608/5525/1390 4612/4689/1391
f 4614/4691/1393 4611/4693/1395 4610/4690/1392
f 4614/4691/1393 4613/4695/1397 4609/4692/1394
f 4605/4694/1396 4609/4692/1394 4613/4695/1397
f 4617/4697/1390 4618/5536/1390 4622/4698/1391
f 4624/4700/1393 4621/4702/1395 4620/4699/1392
f 4624/4700/1393 4623/4704/1397 4619/4701/1394
f 4615/4703/1396 4619/4701/1394 4623/4704/1397
f 3926/4706/1398 3925/4152/1398 4625/4707/1398
f 3928/4709/1399 4628/4718/1399 4627/4710/1399
f 3932/4146/1400 3934/4149/1407 4634/4711/1401
f 3930/4148/1403 4630/4717/1415 4631/4713/1404
f 3933/4151/1406 4633/4716/1413 4634/4711/1401
f 3929/4150/1408 3931/4714/1405 4631/4713/1404
f 3925/4152/1410 3929/4150/1408 4629/4715/1409
f 3926/4706/1412 4626/4708/1570 4633/4716/1413
f 3927/4147/1414 4627/4710/1571 4630/4717/1415
f 3928/4709/1416 3932/4146/1400 4632/4712/1402
f 3936/4719/1398 3935/4159/1398 4635/4720/1398
f 3938/4722/1399 4638/4731/1399 4637/4723/1399
f 3942/4153/1400 3944/4156/1418 4644/4724/1401
f 3940/4155/1403 4640/4730/1419 4641/4726/1404
f 3943/4158/1406 4643/4729/1413 4644/4724/1401
f 3939/4157/1408 3941/4727/1405 4641/4726/1404
f 3935/4159/1410 3939/4157/1408 4639/4728/1409
f 3936/4719/1412 4636/4721/1570 4643/4729/1413
f 3937/4154/1414 4637/4723/1571 4640/4730/1419
f 3938/4722/1416 3942/4153/1400 4642/4725/1402
f 3946/4732/1398 3945/4166/1398 4645/4733/1398
f 3948/4735/1399 4648/4744/1399 4647/4736/1399
f 3952/4160/1400 3954/4163/1407 4654/4737/1401
f 3950/4162/1403 4650/4743/1415 4651/4739/1404
f 3953/4165/1421 4653/4742/1413 4654/4737/1401
f 3949/4164/1408 3951/4740/1405 4651/4739/1404
f 3945/4166/1410 3949/4164/1408 4649/4741/1409
f 3946/4732/1412 4646/4734/1570 4653/4742/1413
f 3947/4161/1414 4647/4736/1571 4650/4743/1415
f 3948/4735/1416 3952/4160/1400 4652/4738/1402
f 3956/4745/1398 3955/4173/1398 4655/4746/1398
f 3958/4748/1399 4658/4757/1399 4657/4749/1399
f 3962/4167/1400 3964/4170/1418 4664/4750/1401
f 3960/4169/1403 4660/4756/1415 4661/4752/1404
f 3963/4172/1421 4663/4755/1413 4664/4750/1401
f 3959/4171/1408 3961/4753/1405 4661/4752/1404
f 3955/4173/1410 3959/4171/1408 4659/4754/1409
f 3956/4745/1412 4656/4747/1570 4663/4755/1413
f 3957/4168/1414 4657/4749/1571 4660/4756/1415
f 3958/4748/1416 3962/4167/1400 4662/4751/1402
f 3966/4758/1398 3965/4180/1398 4665/4759/1398
f 3968/4761/1399 4668/4770/1399 4667/4762/1399
f 3972/4174/1400 3974/4177/1418 4674/4763/1401
f 3970/4176/1403 4670/4769/1415 4671/4765/1404
f 3973/4179/1421 4673/4768/1413 4674/4763/1401
f 3969/4178/1408 3971/4766/1405 4671/4765/1404
f 3965/4180/1410 3969/4178/1408 4669/4767/1409
f 3966/4758/1412 4666/4760/1570 4673/4768/1413
f 3967/4175/1414 4667/4762/1571 4670/4769/1415
f 3968/4761/1416 3972/4174/1400 4672/4764/1402
f 3976/4189/1422 4676/4780/1422 4675/4771/1422
f 3978/4772/1423 3977/4181/1423 4677/4773/1423
f 3982/4182/1424 4682/4781/1441 4684/4775/1425
f 3980/4183/1427 3981/4186/1433 4681/4776/1428
f 3983/4188/1430 3984/4184/1426 4684/4775/1425
f 3979/4185/1432 4679/4779/1435 4681/4776/1428
f 3975/4187/1434 4675/4771/1572 4679/4779/1435
f 3976/4189/1436 3983/4188/1430 4683/4778/1431
f 3977/4181/1438 3980/4183/1427 4680/4777/1429
f 3978/4772/1440 4678/4774/1573 4682/4781/1441
f 3986/4198/1422 4686/4791/1422 4685/4782/1422
f 3988/4783/1423 3987/4190/1423 4687/4784/1423
f 3992/4191/1424 4692/4792/1441 4694/4786/1425
f 3990/4192/1427 3991/4195/1433 4691/4787/1428
f 3993/4197/1430 3994/4193/1442 4694/4786/1425
f 3989/4194/1432 4689/4790/1435 4691/4787/1428
f 3985/4196/1434 4685/4782/1572 4689/4790/1435
f 3986/4198/1436 3993/4197/1430 4693/4789/1431
f 3987/4190/1438 3990/4192/1427 4690/4788/1443
f 3988/4783/1444 4688/4785/1574 4692/4792/1441
f 3996/4207/1422 4696/4802/1422 4695/4793/1422
f 3998/4794/1423 3997/4199/1423 4697/4795/1423
f 4002/4200/1424 4702/4803/1441 4704/4797/1425
f 4000/4201/1427 4001/4204/1433 4701/4798/1428
f 4003/4206/1445 4004/4202/1426 4704/4797/1425
f 3999/4203/1432 4699/4801/1435 4701/4798/1428
f 3995/4205/1434 4695/4793/1572 4699/4801/1435
f 3996/4207/1436 4003/4206/1445 4703/4800/1431
f 3997/4199/1438 4000/4201/1427 4700/4799/1443
f 3998/4794/1444 4698/4796/1574 4702/4803/1441
f 4006/4216/1422 4706/4813/1422 4705/4804/1422
f 4008/4805/1423 4007/4208/1423 4707/4806/1423
f 4012/4209/1424 4712/4814/1441 4714/4808/1425
f 4010/4210/1427 4011/4213/1433 4711/4809/1428
f 4013/4215/1445 4014/4211/1442 4714/4808/1425
f 4009/4212/1432 4709/4812/1435 4711/4809/1428
f 4005/4214/1434 4705/4804/1572 4709/4812/1435
f 4006/4216/1436 4013/4215/1445 4713/4811/1431
f 4007/4208/1438 4010/4210/1427 4710/4810/1429
f 4008/4805/1444 4708/4807/1574 4712/4814/1441
f 4016/4225/1422 4716/4824/1422 4715/4815/1422
f 4018/4816/1423 4017/4217/1423 4717/4817/1423
f 4022/4218/1424 4722/4825/1441 4724/4819/1425
f 4020/4219/1427 4021/4222/1433 4721/4820/1428
f 4023/4224/1430 4024/4220/1442 4724/4819/1425
f 4019/4221/1432 4719/4823/1435 4721/4820/1428
f 4015/4223/1434 4715/4815/1572 4719/4823/1435
f 4016/4225/1436 4023/4224/1430 4723/4822/1431
f 4017/4217/1438 4020/4219/1427 4720/4821/1429
f 4018/4816/1444 4718/4818/1574 4722/4825/1441
f 4026/4826/1398 4025/4232/1398 4725/4827/1398
f 4028/4829/1399 4728/4838/1399 4727/4830/1399
f 4032/4226/1400 4034/4229/1407 4734/4831/1401
f 4030/4228/1403 4730/4837/1415 4731/4833/1404
f 4033/4231/1406 4733/4836/1413 4734/4831/1401
f 4029/4230/1408 4031/4834/1405 4731/4833/1404
f 4025/4232/1410 4029/4230/1408 4729/4835/1409
f 4026/4826/1412 4726/4828/1570 4733/4836/1413
f 4027/4227/1414 4727/4830/1571 4730/4837/1415
f 4028/4829/1446 4032/4226/1400 4732/4832/1402
f 4036/4839/1398 4035/4239/1398 4735/4840/1398
f 4038/4842/1399 4738/4851/1399 4737/4843/1399
f 4042/4233/1400 4044/4236/1418 4744/4844/1401
f 4040/4235/1403 4740/4850/1419 4741/4846/1404
f 4043/4238/1406 4743/4849/1413 4744/4844/1401
f 4039/4237/1408 4041/4847/1405 4741/4846/1404
f 4035/4239/1410 4039/4237/1408 4739/4848/1409
f 4036/4839/1412 4736/4841/1570 4743/4849/1413
f 4037/4234/1414 4737/4843/1571 4740/4850/1419
f 4038/4842/1416 4042/4233/1400 4742/4845/1402
f 4046/4852/1398 4045/4246/1398 4745/4853/1398
f 4048/4855/1399 4748/4864/1399 4747/4856/1399
f 4052/4240/1400 4054/4243/1407 4754/4857/1401
f 4050/4242/1403 4750/4863/1419 4751/4859/1404
f 4053/4245/1421 4753/4862/1413 4754/4857/1401
f 4049/4244/1408 4051/4860/1405 4751/4859/1404
f 4045/4246/1410 4049/4244/1408 4749/4861/1409
f 4046/4852/1412 4746/4854/1570 4753/4862/1413
f 4047/4241/1414 4747/4856/1571 4750/4863/1419
f 4048/4855/1416 4052/4240/1400 4752/4858/1402
f 4056/4865/1398 4055/4253/1398 4755/4866/1398
f 4058/4868/1399 4758/4877/1399 4757/4869/1399
f 4062/4247/1400 4064/4250/1407 4764/4870/1401
f 4060/4249/1403 4760/4876/1415 4761/4872/1404
f 4063/4252/1421 4763/4875/1413 4764/4870/1401
f 4059/4251/1408 4061/4873/1405 4761/4872/1404
f 4055/4253/1410 4059/4251/1408 4759/4874/1409
f 4056/4865/1412 4756/4867/1570 4763/4875/1413
f 4057/4248/1414 4757/4869/1571 4760/4876/1415
f 4058/4868/1416 4062/4247/1400 4762/4871/1402
f 4066/4878/1398 4065/4260/1398 4765/4879/1398
f 4068/4881/1399 4768/4890/1399 4767/4882/1399
f 4072/4254/1400 4074/4257/1418 4774/4883/1401
f 4070/4256/1403 4770/4889/1415 4771/4885/1404
f 4073/4259/1421 4773/4888/1413 4774/4883/1401
f 4069/4258/1408 4071/4886/1405 4771/4885/1404
f 4065/4260/1410 4069/4258/1408 4769/4887/1409
f 4066/4878/1412 4766/4880/1570 4773/4888/1413
f 4067/4255/1414 4767/4882/1571 4770/4889/1415
f 4068/4881/1416 4072/4254/1400 4772/4884/1402
f 4076/4269/1422 4776/4900/1422 4775/4891/1422
f 4078/4892/1423 4077/4261/1423 4777/4893/1423
f 4082/4262/1424 4782/4901/1441 4784/4895/1425
f 4080/4263/1427 4081/4266/1433 4781/4896/1428
f 4083/4268/1430 4084/4264/1442 4784/4895/1425
f 4079/4265/1432 4779/4899/1435 4781/4896/1428
f 4075/4267/1434 4775/4891/1572 4779/4899/1435
f 4076/4269/1436 4083/4268/1430 4783/4898/1431
f 4077/4261/1438 4080/4263/1427 4780/4897/1429
f 4078/4892/1440 4778/4894/1573 4782/4901/1441
f 4086/4278/1422 4786/4911/1422 4785/4902/1422
f 4088/4903/1423 4087/4270/1423 4787/4904/1423
f 4092/4271/1424 4792/4912/1441 4794/4906/1425
f 4090/4272/1427 4091/4275/1433 4791/4907/1428
f 4093/4277/1430 4094/4273/1426 4794/4906/1425
f 4089/4274/1432 4789/4910/1435 4791/4907/1428
f 4085/4276/1434 4785/4902/1572 4789/4910/1435
f 4086/4278/1436 4093/4277/1430 4793/4909/1431
f 4087/4270/1438 4090/4272/1427 4790/4908/1443
f 4088/4903/1444 4788/4905/1574 4792/4912/1441
f 4096/4287/1422 4796/4922/1422 4795/4913/1422
f 4098/4914/1423 4097/4279/1423 4797/4915/1423
f 4102/4280/1424 4802/4923/1441 4804/4917/1425
f 4100/4281/1427 4101/4284/1433 4801/4918/1428
f 4103/4286/1445 4104/4282/1426 4804/4917/1425
f 4099/4283/1432 4799/4921/1435 4801/4918/1428
f 4095/4285/1434 4795/4913/1572 4799/4921/1435
f 4096/4287/1436 4103/4286/1445 4803/4920/1431
f 4097/4279/1438 4100/4281/1427 4800/4919/1443
f 4098/4914/1444 4798/4916/1574 4802/4923/1441
f 4106/4296/1422 4806/4933/1422 4805/4924/1422
f 4108/4925/1423 4107/4288/1423 4807/4926/1423
f 4112/4289/1424 4812/4934/1441 4814/4928/1425
f 4110/4290/1427 4111/4293/1433 4811/4929/1428
f 4113/4295/1445 4114/4291/1442 4814/4928/1425
f 4109/4292/1432 4809/4932/1435 4811/4929/1428
f 4105/4294/1434 4805/4924/1572 4809/4932/1435
f 4106/4296/1436 4113/4295/1445 4813/4931/1431
f 4107/4288/1438 4110/4290/1427 4810/4930/1429
f 4108/4925/1444 4808/4927/1574 4812/4934/1441
f 4116/4305/1422 4816/4944/1422 4815/4935/1422
f 4118/4936/1423 4117/4297/1423 4817/4937/1423
f 4122/4298/1424 4822/4945/1441 4824/4939/1425
f 4120/4299/1427 4121/4302/1433 4821/4940/1428
f 4123/4304/1430 4124/4300/1442 4824/4939/1425
f 4119/4301/1432 4819/4943/1435 4821/4940/1428
f 4115/4303/1434 4815/4935/1572 4819/4943/1435
f 4116/4305/1436 4123/4304/1430 4823/4942/1431
f 4117/4297/1438 4120/4299/1427 4820/4941/1429
f 4118/4936/1444 4818/4938/1574 4822/4945/1441
f 4126/4946/1398 4125/4312/1398 4825/4947/1398
f 4128/4949/1399 4828/4958/1399 4827/4950/1399
f 4132/4306/1400 4134/4309/1407 4834/4951/1401
f 4130/4308/1403 4830/4957/1415 4831/4953/1404
f 4133/4311/1406 4833/4956/1413 4834/4951/1401
f 4129/4310/1408 4131/4954/1405 4831/4953/1404
f 4125/4312/1410 4129/4310/1408 4829/4955/1409
f 4126/4946/1412 4826/4948/1570 4833/4956/1413
f 4127/4307/1414 4827/4950/1571 4830/4957/1415
f 4128/4949/1446 4132/4306/1400 4832/4952/1402
f 4136/4959/1398 4135/4319/1398 4835/4960/1398
f 4138/4962/1399 4838/4971/1399 4837/4963/1399
f 4142/4313/1400 4144/4316/1418 4844/4964/1401
f 4140/4315/1403 4840/4970/1419 4841/4966/1404
f 4143/4318/1406 4843/4969/1413 4844/4964/1401
f 4139/4317/1408 4141/4967/1405 4841/4966/1404
f 4135/4319/1410 4139/4317/1408 4839/4968/1409
f 4136/4959/1412 4836/4961/1570 4843/4969/1413
f 4137/4314/1414 4837/4963/1571 4840/4970/1419
f 4138/4962/1416 4142/4313/1400 4842/4965/1402
f 4146/4972/1398 4145/4326/1398 4845/4973/1398
f 4148/4975/1399 4848/4984/1399 4847/4976/1399
f 4152/4320/1400 4154/4323/1407 4854/4977/1401
f 4150/4322/1403 4850/4983/1415 4851/4979/1404
f 4153/4325/1421 4853/4982/1413 4854/4977/1401
f 4149/4324/1408 4151/4980/1405 4851/4979/1404
f 4145/4326/1410 4149/4324/1408 4849/4981/1409
f 4146/4972/1412 4846/4974/1570 4853/4982/1413
f 4147/4321/1414 4847/4976/1571 4850/4983/1415
f 4148/4975/1416 4152/4320/1400 4852/4978/1402
f 4156/4985/1398 4155/4333/1398 4855/4986/1398
f 4158/4988/1399 4858/4997/1399 4857/4989/1399
f 4162/4327/1400 4164/4330/1418 4864/4990/1401
f 4160/4329/1403 4860/4996/1415 4861/4992/1404
f 4163/4332/1421 4863/4995/1413 4864/4990/1401
f 4159/4331/1408 4161/4993/1405 4861/4992/1404
f 4155/4333/1410 4159/4331/1408 4859/4994/1409
f 4156/4985/1412 4856/4987/1570 4863/4995/1413
f 4157/4328/1414 4857/4989/1571 4860/4996/1415
f 4158/4988/1416 4162/4327/1400 4862/4991/1402
f 4166/4998/1398 4165/4340/1398 4865/4999/1398
f 4168/5001/1399 4868/5010/1399 4867/5002/1399
f 4172/4334/1400 4174/4337/1407 4874/5003/1401
f 4170/4336/1403 4870/5009/1415 4871/5005/1404
f 4173/4339/1406 4873/5008/1413 4874/5003/1401
f 4169/4338/1408 4171/5006/1405 4871/5005/1404
f 4165/4340/1410 4169/4338/1408 4869/5007/1409
f 4166/4998/1412 4866/5000/1570 4873/5008/1413
f 4167/4335/1414 4867/5002/1571 4870/5009/1415
f 4168/5001/1416 4172/4334/1400 4872/5004/1402
f 4176/4349/1422 4876/5020/1422 4875/5011/1422
f 4178/5012/1423 4177/4341/1423 4877/5013/1423
f 4182/4342/1424 4882/5021/1441 4884/5015/1425
f 4180/4343/1427 4181/4346/1433 4881/5016/1428
f 4183/4348/1445 4184/4344/1426 4884/5015/1425
f 4179/4345/1432 4879/5019/1435 4881/5016/1428
f 4175/4347/1434 4875/5011/1572 4879/5019/1435
f 4176/4349/1436 4183/4348/1445 4883/5018/1431
f 4177/4341/1438 4180/4343/1427 4880/5017/1429
f 4178/5012/1440 4878/5014/1573 4882/5021/1441
f 4186/4358/1422 4886/5031/1422 4885/5022/1422
f 4188/5023/1423 4187/4350/1423 4887/5024/1423
f 4192/4351/1424 4892/5032/1441 4894/5026/1425
f 4190/4352/1427 4191/4355/1433 4891/5027/1428
f 4193/4357/1430 4194/4353/1442 4894/5026/1425
f 4189/4354/1432 4889/5030/1435 4891/5027/1428
f 4185/4356/1434 4885/5022/1572 4889/5030/1435
f 4186/4358/1436 4193/4357/1430 4893/5029/1431
f 4187/4350/1438 4190/4352/1427 4890/5028/1443
f 4188/5023/1444 4888/5025/1574 4892/5032/1441
f 4196/4367/1422 4896/5042/1422 4895/5033/1422
f 4198/5034/1423 4197/4359/1423 4897/5035/1423
f 4202/4360/1424 4902/5043/1441 4904/5037/1425
f 4200/4361/1427 4201/4364/1433 4901/5038/1428
f 4203/4366/1445 4204/4362/1426 4904/5037/1425
f 4199/4363/1432 4899/5041/1435 4901/5038/1428
f 4195/4365/1434 4895/5033/1572 4899/5041/1435
f 4196/4367/1436 4203/4366/1445 4903/5040/1431
f 4197/4359/1438 4200/4361/1427 4900/5039/1429
f 4198/5034/1444 4898/5036/1574 4902/5043/1441
f 4206/4376/1422 4906/5053/1422 4905/5044/1422
f 4208/5045/1423 4207/4368/1423 4907/5046/1423
f 4212/4369/1424 4912/5054/1441 4914/5048/1425
f 4210/4370/1427 4211/4373/1433 4911/5049/1428
f 4213/4375/1445 4214/4371/1442 4914/5048/1425
f 4209/4372/1432 4909/5052/1435 4911/5049/1428
f 4205/4374/1434 4905/5044/1572 4909/5052/1435
f 4206/4376/1436 4213/4375/1445 4913/5051/1431
f 4207/4368/1438 4210/4370/1427 4910/5050/1429
f 4208/5045/1444 4908/5047/1574 4912/5054/1441
f 4216/4385/1422 4916/5064/1422 4915/5055/1422
f 4218/5056/1423 4217/4377/1423 4917/5057/1423
f 4222/4378/1424 4922/5065/1441 4924/5059/1425
f 4220/4379/1427 4221/4382/1433 4921/5060/1428
f 4223/4384/1430 4224/4380/1426 4924/5059/1425
f 4219/4381/1432 4919/5063/1435 4921/5060/1428
f 4215/4383/1434 4915/5055/1572 4919/5063/1435
f 4216/4385/1436 4223/4384/1430 4923/5062/1431
f 4217/4377/1438 4220/4379/1427 4920/5061/1429
f 4218/5056/1444 4918/5058/1574 4922/5065/1441
f 4226/5066/1398 4225/4392/1398 4925/5067/1398
f 4228/5069/1399 4928/5078/1399 4927/5070/1399
f 4232/4386/1400 4234/4389/1407 4934/5071/1401
f 4230/4388/1403 4930/5077/1415 4931/5073/1404
f 4233/4391/1406 4933/5076/1413 4934/5071/1401
f 4229/4390/1408 4231/5074/1405 4931/5073/1404
f 4225/4392/1410 4229/4390/1408 4929/5075/1409
f 4226/5066/1412 4926/5068/1570 4933/5076/1413
f 4227/4387/1414 4927/5070/1571 4930/5077/1415
f 4228/5069/1446 4232/4386/1400 4932/5072/1402
f 4236/5079/1398 4235/4399/1398 4935/5080/1398
f 4238/5082/1399 4938/5091/1399 4937/5083/1399
f 4242/4393/1400 4244/4396/1418 4944/5084/1401
f 4240/4395/1403 4940/5090/1419 4941/5086/1404
f 4243/4398/1406 4943/5089/1413 4944/5084/1401
f 4239/4397/1408 4241/5087/1405 4941/5086/1404
f 4235/4399/1410 4239/4397/1408 4939/5088/1409
f 4236/5079/1412 4936/5081/1570 4943/5089/1413
f 4237/4394/1414 4937/5083/1571 4940/5090/1419
f 4238/5082/1416 4242/4393/1400 4942/5085/1402
f 4246/5092/1398 4245/4406/1398 4945/5093/1398
f 4248/5095/1399 4948/5104/1399 4947/5096/1399
f 4252/4400/1400 4254/4403/1418 4954/5097/1401
f 4250/4402/1403 4950/5103/1415 4951/5099/1404
f 4253/4405/1421 4953/5102/1413 4954/5097/1401
f 4249/4404/1408 4251/5100/1405 4951/5099/1404
f 4245/4406/1410 4249/4404/1408 4949/5101/1409
f 4246/5092/1412 4946/5094/1570 4953/5102/1413
f 4247/4401/1414 4947/5096/1571 4950/5103/1415
f 4248/5095/1416 4252/4400/1400 4952/5098/1402
f 4256/5105/1398 4255/4413/1398 4955/5106/1398
f 4258/5108/1399 4958/5117/1399 4957/5109/1399
f 4262/4407/1400 4264/4410/1418 4964/5110/1401
f 4260/4409/1403 4960/5116/1419 4961/5112/1404
f 4263/4412/1421 4963/5115/1413 4964/5110/1401
f 4259/4411/1408 4261/5113/1405 4961/5112/1404
f 4255/4413/1410 4259/4411/1408 4959/5114/1409
f 4256/5105/1412 4956/5107/1570 4963/5115/1413
f 4257/4408/1414 4957/5109/1571 4960/5116/1419
f 4258/5108/1416 4262/4407/1400 4962/5111/1402
f 4266/5118/1398 4265/4420/1398 4965/5119/1398
f 4268/5121/1399 4968/5130/1399 4967/5122/1399
f 4272/4414/1400 4274/4417/1407 4974/5123/1401
f 4270/4416/1403 4970/5129/1415 4971/5125/1404
f 4273/4419/1421 4973/5128/1413 4974/5123/1401
f 4269/4418/1408 4271/5126/1405 4971/5125/1404
f 4265/4420/1410 4269/4418/1408 4969/5127/1409
f 4266/5118/1412 4966/5120/1570 4973/5128/1413
f 4267/4415/1414 4967/5122/1571 4970/5129/1415
f 4268/5121/1416 4272/4414/1400 4972/5124/1402
f 4276/4429/1422 4976/5140/1422 4975/5131/1422
f 4278/5132/1423 4277/4421/1423 4977/5133/1423
f 4282/4422/1424 4982/5141/1441 4984/5135/1425
f 4280/4423/1427 4281/4426/1433 4981/5136/1428
f 4283/4428/1430 4284/4424/1426 4984/5135/1425
f 4279/4425/1432 4979/5139/1435 4981/5136/1428
f 4275/4427/1434 4975/5131/1572 4979/5139/1435
f 4276/4429/1436 4283/4428/1430 4983/5138/1431
f 4277/4421/1438 4280/4423/1427 4980/5137/1429
f 4278/5132/1440 4978/5134/1573 4982/5141/1441
f 4286/4438/1422 4986/5151/1422 4985/5142/1422
f 4288/5143/1423 4287/4430/1423 4987/5144/1423
f 4292/4431/1424 4992/5152/1441 4994/5146/1425
f 4290/4432/1427 4291/4435/1433 4991/5147/1428
f 4293/4437/1430 4294/4433/1442 4994/5146/1425
f 4289/4434/1432 4989/5150/1435 4991/5147/1428
f 4285/4436/1434 4985/5142/1572 4989/5150/1435
f 4286/4438/1436 4293/4437/1430 4993/5149/1431
f 4287/4430/1438 4290/4432/1427 4990/5148/1443
f 4288/5143/1444 4988/5145/1574 4992/5152/1441
f 4296/4447/1422 4996/5162/1422 4995/5153/1422
f 4298/5154/1423 4297/4439/1423 4997/5155/1423
f 4302/4440/1424 5002/5163/1441 5004/5157/1425
f 4300/4441/1427 4301/4444/1433 5001/5158/1428
f 4303/4446/1445 4304/4442/1426 5004/5157/1425
f 4299/4443/1432 4999/5161/1435 5001/5158/1428
f 4295/4445/1434 4995/5153/1572 4999/5161/1435
f 4296/4447/1436 4303/4446/1445 5003/5160/1431
f 4297/4439/1438 4300/4441/1427 5000/5159/1429
f 4298/5154/1444 4998/5156/1574 5002/5163/1441
f 4306/4456/1422 5006/5173/1422 5005/5164/1422
f 4308/5165/1423 4307/4448/1423 5007/5166/1423
f 4312/4449/1424 5012/5174/1441 5014/5168/1425
f 4310/4450/1427 4311/4453/1433 5011/5169/1428
f 4313/4455/1445 4314/4451/1442 5014/5168/1425
f 4309/4452/1432 5009/5172/1435 5011/5169/1428
f 4305/4454/1434 5005/5164/1572 5009/5172/1435
f 4306/4456/1436 4313/4455/1445 5013/5171/1431
f 4307/4448/1438 4310/4450/1427 5010/5170/1443
f 4308/5165/1444 5008/5167/1574 5012/5174/1441
f 4316/4465/1422 5016/5184/1422 5015/5175/1422
f 4318/5176/1447 4317/4457/1423 5017/5177/1423
f 4322/4458/1424 5022/5185/1441 5024/5179/1425
f 4320/4459/1427 4321/4462/1433 5021/5180/1428
f 4323/4464/1430 4324/4460/1442 5024/5179/1425
f 4319/4461/1432 5019/5183/1435 5021/5180/1428
f 4315/4463/1434 5015/5175/1572 5019/5183/1435
f 4316/4465/1436 4323/4464/1430 5023/5182/1431
f 4317/4457/1438 4320/4459/1427 5020/5181/1429
f 4318/5176/1444 5018/5178/1574 5022/5185/1441
f 4326/5186/1398 4325/4472/1398 5025/5187/1398
f 4328/5189/1399 5028/5198/1399 5027/5190/1399
f 4332/4466/1400 4334/4469/1407 5034/5191/1401
f 4330/4468/1403 5030/5197/1415 5031/5193/1404
f 4333/4471/1406 5033/5196/1413 5034/5191/1401
f 4329/4470/1408 4331/5194/1405 5031/5193/1404
f 4325/4472/1410 4329/4470/1408 5029/5195/1409
f 4326/5186/1412 5026/5188/1570 5033/5196/1413
f 4327/4467/1414 5027/5190/1571 5030/5197/1415
f 4328/5189/1446 4332/4466/1400 5032/5192/1402
f 4336/5199/1398 4335/4479/1398 5035/5200/1398
f 4338/5202/1399 5038/5211/1399 5037/5203/1399
f 4342/4473/1400 4344/4476/1418 5044/5204/1401
f 4340/4475/1403 5040/5210/1419 5041/5206/1404
f 4343/4478/1406 5043/5209/1413 5044/5204/1401
f 4339/4477/1408 4341/5207/1405 5041/5206/1404
f 4335/4479/1410 4339/4477/1408 5039/5208/1409
f 4336/5199/1412 5036/5201/1570 5043/5209/1413
f 4337/4474/1414 5037/5203/1571 5040/5210/1419
f 4338/5202/1416 4342/4473/1400 5042/5205/1402
f 4346/5212/1398 4345/4486/1398 5045/5213/1398
f 4348/5215/1399 5048/5224/1399 5047/5216/1399
f 4352/4480/1400 4354/4483/1407 5054/5217/1401
f 4350/4482/1403 5050/5223/1415 5051/5219/1404
f 4353/4485/1421 5053/5222/1413 5054/5217/1401
f 4349/4484/1408 4351/5220/1405 5051/5219/1404
f 4345/4486/1410 4349/4484/1408 5049/5221/1409
f 4346/5212/1412 5046/5214/1570 5053/5222/1413
f 4347/4481/1414 5047/5216/1571 5050/5223/1415
f 4348/5215/1416 4352/4480/1400 5052/5218/1402
f 4356/5225/1398 4355/4493/1398 5055/5226/1398
f 4358/5228/1399 5058/5237/1399 5057/5229/1399
f 4362/4487/1400 4364/4490/1418 5064/5230/1401
f 4360/4489/1403 5060/5236/1419 5061/5232/1404
f 4363/4492/1421 5063/5235/1413 5064/5230/1401
f 4359/4491/1408 4361/5233/1405 5061/5232/1404
f 4355/4493/1410 4359/4491/1408 5059/5234/1409
f 4356/5225/1412 5056/5227/1570 5063/5235/1413
f 4357/4488/1414 5057/5229/1571 5060/5236/1419
f 4358/5228/1416 4362/4487/1400 5062/5231/1402
f 4366/5238/1398 4365/4500/1398 5065/5239/1398
f 4368/5241/1399 5068/5250/1399 5067/5242/1399
f 4372/4494/1400 4374/4497/1407 5074/5243/1401
f 4370/4496/1403 5070/5249/1415 5071/5245/1404
f 4373/4499/1406 5073/5248/1413 5074/5243/1401
f 4369/4498/1408 4371/5246/1405 5071/5245/1404
f 4365/4500/1410 4369/4498/1408 5069/5247/1409
f 4366/5238/1412 5066/5240/1570 5073/5248/1413
f 4367/4495/1414 5067/5242/1571 5070/5249/1415
f 4368/5241/1446 4372/4494/1400 5072/5244/1402
f 4376/4509/1422 5076/5260/1422 5075/5251/1422
f 4378/5252/1423 4377/4501/1423 5077/5253/1423
f 4382/4502/1424 5082/5261/1441 5084/5255/1425
f 4380/4503/1427 4381/4506/1433 5081/5256/1428
f 4383/4508/1430 4384/4504/1426 5084/5255/1425
f 4379/4505/1432 5079/5259/1435 5081/5256/1428
f 4375/4507/1434 5075/5251/1572 5079/5259/1435
f 4376/4509/1436 4383/4508/1430 5083/5258/1431
f 4377/4501/1438 4380/4503/1427 5080/5257/1429
f 4378/5252/1440 5078/5254/1573 5082/5261/1441
f 4386/4518/1422 5086/5271/1422 5085/5262/1422
f 4388/5263/1423 4387/4510/1423 5087/5264/1423
f 4392/4511/1424 5092/5272/1441 5094/5266/1425
f 4390/4512/1427 4391/4515/1433 5091/5267/1428
f 4393/4517/1430 4394/4513/1442 5094/5266/1425
f 4389/4514/1432 5089/5270/1435 5091/5267/1428
f 4385/4516/1434 5085/5262/1572 5089/5270/1435
f 4386/4518/1436 4393/4517/1430 5093/5269/1431
f 4387/4510/1438 4390/4512/1427 5090/5268/1443
f 4388/5263/1444 5088/5265/1574 5092/5272/1441
f 4396/4527/1422 5096/5282/1422 5095/5273/1422
f 4398/5274/1423 4397/4519/1423 5097/5275/1423
f 4402/4520/1424 5102/5283/1441 5104/5277/1425
f 4400/4521/1427 4401/4524/1433 5101/5278/1428
f 4403/4526/1445 4404/4522/1426 5104/5277/1425
f 4399/4523/1432 5099/5281/1435 5101/5278/1428
f 4395/4525/1434 5095/5273/1572 5099/5281/1435
f 4396/4527/1436 4403/4526/1445 5103/5280/1431
f 4397/4519/1438 4400/4521/1427 5100/5279/1429
f 4398/5274/1444 5098/5276/1574 5102/5283/1441
f 4406/4536/1422 5106/5293/1422 5105/5284/1422
f 4408/5285/1423 4407/4528/1423 5107/5286/1423
f 4412/4529/1424 5112/5294/1441 5114/5288/1425
f 4410/4530/1427 4411/4533/1433 5111/5289/1428
f 4413/4535/1445 4414/4531/1442 5114/5288/1425
f 4409/4532/1432 5109/5292/1435 5111/5289/1428
f 4405/4534/1434 5105/5284/1572 5109/5292/1435
f 4406/4536/1436 4413/4535/1445 5113/5291/1431
f 4407/4528/1438 4410/4530/1427 5110/5290/1443
f 4408/5285/1444 5108/5287/1574 5112/5294/1441
f 4416/4545/1422 5116/5304/1422 5115/5295/1422
f 4418/5296/1423 4417/4537/1423 5117/5297/1423
f 4422/4538/1424 5122/5305/1441 5124/5299/1425
f 4420/4539/1427 4421/4542/1433 5121/5300/1428
f 4423/4544/1430 4424/4540/1426 5124/5299/1425
f 4419/4541/1432 5119/5303/1435 5121/5300/1428
f 4415/4543/1434 5115/5295/1572 5119/5303/1435
f 4416/4545/1436 4423/4544/1430 5123/5302/1431
f 4417/4537/1438 4420/4539/1427 5120/5301/1429
f 4418/5296/1444 5118/5298/1574 5122/5305/1441
f 4426/5306/1398 4425/4552/1398 5125/5307/1398
f 4428/5309/1399 5128/5318/1399 5127/5310/1399
f 4432/4546/1400 4434/4549/1407 5134/5311/1401
f 4430/4548/1403 5130/5317/1415 5131/5313/1404
f 4433/4551/1421 5133/5316/1413 5134/5311/1401
f 4429/4550/1408 4431/5314/1405 5131/5313/1404
f 4425/4552/1410 4429/4550/1408 5129/5315/1409
f 4426/5306/1412 5126/5308/1570 5133/5316/1413
f 4427/4547/1414 5127/5310/1571 5130/5317/1415
f 4428/5309/1446 4432/4546/1400 5132/5312/1402
f 4436/5319/1398 4435/4559/1398 5135/5320/1398
f 4438/5322/1399 5138/5331/1399 5137/5323/1399
f 4442/4553/1400 4444/4556/1418 5144/5324/1401
f 4440/4555/1403 5140/5330/1415 5141/5326/1404
f 4443/4558/1406 5143/5329/1413 5144/5324/1401
f 4439/4557/1408 4441/5327/1405 5141/5326/1404
f 4435/4559/1410 4439/4557/1408 5139/5328/1409
f 4436/5319/1412 5136/5321/1570 5143/5329/1413
f 4437/4554/1414 5137/5323/1571 5140/5330/1415
f 4438/5322/1416 4442/4553/1400 5142/5325/1402
f 4446/5332/1398 4445/4566/1398 5145/5333/1398
f 4448/5335/1399 5148/5344/1399 5147/5336/1399
f 4452/4560/1400 4454/4563/1418 5154/5337/1401
f 4450/4562/1403 5150/5343/1415 5151/5339/1404
f 4453/4565/1406 5153/5342/1413 5154/5337/1401
f 4449/4564/1408 4451/5340/1405 5151/5339/1404
f 4445/4566/1410 4449/4564/1408 5149/5341/1409
f 4446/5332/1412 5146/5334/1570 5153/5342/1413
f 4447/4561/1414 5147/5336/1571 5150/5343/1415
f 4448/5335/1416 4452/4560/1400 5152/5338/1402
f 4456/5345/1398 4455/4573/1398 5155/5346/1398
f 4458/5348/1399 5158/5357/1399 5157/5349/1399
f 4462/4567/1400 4464/4570/1418 5164/5350/1401
f 4460/4569/1403 5160/5356/1415 5161/5352/1404
f 4463/4572/1406 5163/5355/1413 5164/5350/1401
f 4459/4571/1408 4461/5353/1405 5161/5352/1404
f 4455/4573/1410 4459/4571/1408 5159/5354/1409
f 4456/5345/1412 5156/5347/1570 5163/5355/1413
f 4457/4568/1414 5157/5349/1571 5160/5356/1415
f 4458/5348/1416 4462/4567/1400 5162/5351/1402
f 4466/5358/1398 4465/4580/1398 5165/5359/1398
f 4468/5361/1399 5168/5370/1399 5167/5362/1399
f 4472/4574/1400 4474/4577/1418 5174/5363/1401
f 4470/4576/1403 5170/5369/1415 5171/5365/1404
f 4473/4579/1406 5173/5368/1413 5174/5363/1401
f 4469/4578/1408 4471/5366/1405 5171/5365/1404
f 4465/4580/1410 4469/4578/1408 5169/5367/1409
f 4466/5358/1412 5166/5360/1570 5173/5368/1413
f 4467/4575/1414 5167/5362/1571 5170/5369/1415
f 4468/5361/1446 4472/4574/1400 5172/5364/1402
f 4476/4589/1422 5176/5380/1422 5175/5371/1422
f 4478/5372/1423 4477/4581/1423 5177/5373/1423
f 4482/4582/1424 5182/5381/1441 5184/5375/1425
f 4480/4583/1427 4481/4586/1433 5181/5376/1428
f 4483/4588/1445 4484/4584/1426 5184/5375/1425
f 4479/4585/1432 5179/5379/1435 5181/5376/1428
f 4475/4587/1434 5175/5371/1572 5179/5379/1435
f 4476/4589/1436 4483/4588/1445 5183/5378/1431
f 4477/4581/1438 4480/4583/1427 5180/5377/1429
f 4478/5372/1440 5178/5374/1573 5182/5381/1441
f 4486/4598/1422 5186/5391/1422 5185/5382/1422
f 4488/5383/1423 4487/4590/1423 5187/5384/1423
f 4492/4591/1424 5192/5392/1441 5194/5386/1425
f 4490/4592/1427 4491/4595/1433 5191/5387/1428
f 4493/4597/1430 4494/4593/1442 5194/5386/1425
f 4489/4594/1432 5189/5390/1435 5191/5387/1428
f 4485/4596/1434 5185/5382/1572 5189/5390/1435
f 4486/4598/1436 4493/4597/1430 5193/5389/1431
f 4487/4590/1438 4490/4592/1427 5190/5388/1429
f 4488/5383/1444 5188/5385/1574 5192/5392/1441
f 4496/4607/1422 5196/5402/1422 5195/5393/1422
f 4498/5394/1423 4497/4599/1423 5197/5395/1423
f 4502/4600/1424 5202/5403/1441 5204/5397/1425
f 4500/4601/1427 4501/4604/1433 5201/5398/1428
f 4503/4606/1445 4504/4602/1442 5204/5397/1425
f 4499/4603/1432 5199/5401/1435 5201/5398/1428
f 4495/4605/1434 5195/5393/1572 5199/5401/1435
f 4496/4607/1436 4503/4606/1445 5203/5400/1431
f 4497/4599/1438 4500/4601/1427 5200/5399/1429
f 4498/5394/1444 5198/5396/1574 5202/5403/1441
f 4506/4616/1422 5206/5413/1422 5205/5404/1422
f 4508/5405/1423 4507/4608/1423 5207/5406/1423
f 4512/4609/1424 5212/5414/1441 5214/5408/1425
f 4510/4610/1427 4511/4613/1433 5211/5409/1428
f 4513/4615/1445 4514/4611/1442 5214/5408/1425
f 4509/4612/1432 5209/5412/1435 5211/5409/1428
f 4505/4614/1434 5205/5404/1572 5209/5412/1435
f 4506/4616/1436 4513/4615/1445 5213/5411/1431
f 4507/4608/1438 4510/4610/1427 5210/5410/1429
f 4508/5405/1444 5208/5407/1574 5212/5414/1441
f 4516/4625/1422 5216/5424/1422 5215/5415/1422
f 4518/5416/1423 4517/4617/1423 5217/5417/1423
f 4522/4618/1424 5222/5425/1441 5224/5419/1425
f 4520/4619/1427 4521/4622/1433 5221/5420/1428
f 4523/4624/1430 4524/4620/1442 5224/5419/1425
f 4519/4621/1432 5219/5423/1435 5221/5420/1428
f 4515/4623/1434 5215/5415/1572 5219/5423/1435
f 4516/4625/1436 4523/4624/1430 5223/5422/1431
f 4517/4617/1438 4520/4619/1427 5220/5421/1429
f 4518/5416/1444 5218/5418/1574 5222/5425/1441
f 4526/5426/1398 4525/4632/1398 5225/5427/1398
f 4528/5429/1399 5228/5438/1399 5227/5430/1399
f 4532/4626/1400 4534/4629/1407 5234/5431/1401
f 4530/4628/1403 5230/5437/1415 5231/5433/1404
f 4533/4631/1421 5233/5436/1413 5234/5431/1401
f 4529/4630/1408 4531/5434/1405 5231/5433/1404
f 4525/4632/1410 4529/4630/1408 5229/5435/1409
f 4526/5426/1412 5226/5428/1570 5233/5436/1413
f 4527/4627/1414 5227/5430/1571 5230/5437/1415
f 4528/5429/1446 4532/4626/1400 5232/5432/1402
f 4536/5439/1398 4535/4639/1398 5235/5440/1398
f 4538/5442/1399 5238/5451/1399 5237/5443/1399
f 4542/4633/1400 4544/4636/1418 5244/5444/1401
f 4540/4635/1403 5240/5450/1415 5241/5446/1404
f 4543/4638/1406 5243/5449/1413 5244/5444/1401
f 4539/4637/1408 4541/5447/1405 5241/5446/1404
f 4535/4639/1410 4539/4637/1408 5239/5448/1409
f 4536/5439/1412 5236/5441/1570 5243/5449/1413
f 4537/4634/1414 5237/5443/1571 5240/5450/1415
f 4538/5442/1416 4542/4633/1400 5242/5445/1402
f 4546/5452/1398 4545/4646/1398 5245/5453/1398
f 4548/5455/1399 5248/5464/1399 5247/5456/1399
f 4552/4640/1400 4554/4643/1407 5254/5457/1401
f 4550/4642/1403 5250/5463/1415 5251/5459/1404
f 4553/4645/1406 5253/5462/1413 5254/5457/1401
f 4549/4644/1408 4551/5460/1405 5251/5459/1404
f 4545/4646/1410 4549/4644/1408 5249/5461/1409
f 4546/5452/1412 5246/5454/1570 5253/5462/1413
f 4547/4641/1414 5247/5456/1571 5250/5463/1415
f 4548/5455/1416 4552/4640/1400 5252/5458/1402
f 4556/5465/1398 4555/4653/1398 5255/5466/1398
f 4558/5468/1399 5258/5477/1399 5257/5469/1399
f 4562/4647/1400 4564/4650/1418 5264/5470/1401
f 4560/4649/1403 5260/5476/1415 5261/5472/1404
f 4563/4652/1406 5263/5475/1413 5264/5470/1401
f 4559/4651/1408 4561/5473/1405 5261/5472/1404
f 4555/4653/1410 4559/4651/1408 5259/5474/1409
f 4556/5465/1412 5256/5467/1570 5263/5475/1413
f 4557/4648/1414 5257/5469/1571 5260/5476/1415
f 4558/5468/1416 4562/4647/1400 5262/5471/1402
f 4566/5478/1398 4565/4660/1398 5265/5479/1398
f 4568/5481/1399 5268/5490/1399 5267/5482/1399
f 4572/4654/1400 4574/4657/1407 5274/5483/1401
f 4570/4656/1403 5270/5489/1415 5271/5485/1404
f 4573/4659/1421 5273/5488/1413 5274/5483/1401
f 4569/4658/1408 4571/5486/1405 5271/5485/1404
f 4565/4660/1410 4569/4658/1408 5269/5487/1409
f 4566/5478/1412 5266/5480/1570 5273/5488/1413
f 4567/4655/1414 5267/5482/1571 5270/5489/1415
f 4568/5481/1446 4572/4654/1400 5272/5484/1402
f 4576/4669/1422 5276/5500/1422 5275/5491/1422
f 4578/5492/1423 4577/4661/1423 5277/5493/1423
f 4582/4662/1424 5282/5501/1441 5284/5495/1425
f 4580/4663/1427 4581/4666/1433 5281/5496/1428
f 4583/4668/1430 4584/4664/1426 5284/5495/1425
f 4579/4665/1432 5279/5499/1435 5281/5496/1428
f 4575/4667/1434 5275/5491/1572 5279/5499/1435
f 4576/4669/1436 4583/4668/1430 5283/5498/1431
f 4577/4661/1438 4580/4663/1427 5280/5497/1429
f 4578/5492/1440 5278/5494/1573 5282/5501/1441
f 4586/4678/1422 5286/5511/1422 5285/5502/1422
f 4588/5503/1423 4587/4670/1423 5287/5504/1423
f 4592/4671/1424 5292/5512/1441 5294/5506/1425
f 4590/4672/1427 4591/4675/1433 5291/5507/1428
f 4593/4677/1430 4594/4673/1442 5294/5506/1425
f 4589/4674/1432 5289/5510/1435 5291/5507/1428
f 4585/4676/1434 5285/5502/1572 5289/5510/1435
f 4586/4678/1436 4593/4677/1430 5293/5509/1431
f 4587/4670/1438 4590/4672/1427 5290/5508/1443
f 4588/5503/1444 5288/5505/1574 5292/5512/1441
f 4596/4687/1422 5296/5522/1422 5295/5513/1422
f 4598/5514/1423 4597/4679/1423 5297/5515/1423
f 4602/4680/1424 5302/5523/1441 5304/5517/1425
f 4600/4681/1427 4601/4684/1433 5301/5518/1428
f 4603/4686/1430 4604/4682/1426 5304/5517/1425
f 4599/4683/1432 5299/5521/1435 5301/5518/1428
f 4595/4685/1434 5295/5513/1572 5299/5521/1435
f 4596/4687/1436 4603/4686/1430 5303/5520/1431
f 4597/4679/1438 4600/4681/1427 5300/5519/1429
f 4598/5514/1444 5298/5516/1574 5302/5523/1441
f 4606/4696/1422 5306/5533/1422 5305/5524/1422
f 4608/5525/1423 4607/4688/1423 5307/5526/1423
f 4612/4689/1424 5312/5534/1441 5314/5528/1425
f 4610/4690/1427 4611/4693/1433 5311/5529/1428
f 4613/4695/1430 4614/4691/1442 5314/5528/1425
f 4609/4692/1432 5309/5532/1435 5311/5529/1428
f 4605/4694/1434 5305/5524/1572 5309/5532/1435
f 4606/4696/1436 4613/4695/1430 5313/5531/1431
f 4607/4688/1438 4610/4690/1427 5310/5530/1429
f 4608/5525/1444 5308/5527/1574 5312/5534/1441
f 4616/4705/1422 5316/5544/1422 5315/5535/1422
f 4618/5536/1423 4617/4697/1423 5317/5537/1423
f 4622/4698/1424 5322/5545/1441 5324/5539/1425
f 4620/4699/1427 4621/4702/1433 5321/5540/1428
f 4623/4704/1430 4624/4700/1442 5324/5539/1425
f 4619/4701/1432 5319/5543/1435 5321/5540/1428
f 4615/4703/1434 5315/5535/1572 5319/5543/1435
f 4616/4705/1436 4623/4704/1430 5323/5542/1431
f 4617/4697/1438 4620/4699/1427 5320/5541/1429
f 4618/5536/1444 5318/5538/1574 5322/5545/1441
f 5333/4133/804 5325/4084/804 5327/4085/804
f 5335/5546/794 5336/4085/794 5331/4086/794
f 5332/4086/792 5330/4087/792 5326/5548/792
f 5335/4087/1448 5329/4088/1449 5325/5549/1449
f 5329/4088/791 5331/4089/791 5327/5550/791
f 5336/4089/1450 5332/4090/1451 5328/5551/1451
f 5331/4090/1452 5336/4091/1450 5334/5552/1450
f 5330/4091/1453 5335/4092/1448 5333/5553/1448
f 5332/4092/794 5336/4093/794 5335/5554/794
f 5333/4093/804 5334/5954/804 5328/5555/804
f 5377/5556/1454 5429/5955/1481 5431/5557/1455
f 5379/5559/1457 5380/4097/1468 5435/4094/1458
f 5338/5561/1460 5340/4098/1460 5339/4097/1460
f 5379/4100/1461 5433/4098/1462 5429/5561/1462
f 5380/4103/1463 5340/4102/1464 5338/5563/1464
f 5341/4105/792 5343/4103/792 5344/5564/792
f 5348/4106/791 5347/4105/791 5345/5565/791
f 5348/4107/795 5346/4106/795 5342/5566/795
f 5346/4109/794 5345/4107/794 5341/5567/794
f 5345/4110/799 5347/4109/799 5343/5568/799
f 5347/4112/804 5348/4110/804 5344/5569/804
f 5349/4114/792 5447/4112/792 5448/5570/792
f 5452/4115/791 5451/4114/791 5351/5571/791
f 5452/4116/795 5352/4115/795 5350/5572/795
f 5352/4119/794 5351/4116/794 5349/5573/794
f 5351/4122/799 5451/4121/799 5447/5575/799
f 5353/5577/792 5354/5584/792 5456/5578/792
f 5460/5580/791 5356/5583/791 5355/5581/791
f 5458/5582/795 5355/5581/795 5353/5577/795
f 5356/5583/799 5460/5580/799 5456/5578/799
f 5357/4124/792 5359/4122/792 5360/5576/792
f 5364/5586/791 5363/4124/791 5361/5585/791
f 5364/5588/795 5362/4126/795 5358/5589/795
f 5362/5591/794 5361/4127/794 5357/5592/794
f 5357/5592/799 5361/4127/799 5363/4129/799
f 5363/4129/804 5364/4130/804 5360/5594/804
f 5365/5595/792 5367/5602/792 5368/5596/792
f 5372/5598/791 5371/5601/791 5369/5599/791
f 5370/5600/795 5369/5599/795 5365/5595/795
f 5371/5601/799 5372/5598/799 5368/5596/799
f 5417/5603/794 5419/5610/794 5374/5604/794
f 5376/5606/804 5423/5609/804 5421/5607/804
f 5375/5608/795 5421/5607/795 5417/5603/795
f 5423/5609/799 5376/5606/799 5374/5604/799
f 5435/4130/1465 5380/4131/1463 5378/5611/1463
f 5339/4131/1466 5379/4132/1461 5377/5612/1461
f 5339/5612/1467 5340/4132/1575 5380/4133/1468
f 5337/5614/1469 5377/4133/1454 5378/5546/1456
f 5425/5615/1471 5426/5546/1479 5487/5547/1472
f 5427/5616/1473 5489/5547/1474 5491/5548/1474
f 5382/5617/1460 5381/5548/1460 5383/5549/1460
f 5485/5549/1462 5489/5550/1462 5427/5619/1461
f 5382/5550/1464 5384/5551/1464 5428/5620/1463
f 5388/5551/791 5387/5552/791 5385/5621/791
f 5389/5552/792 5391/5553/792 5392/5622/792
f 5386/5553/795 5390/5554/795 5392/5623/795
f 5385/5554/794 5389/5555/794 5390/5624/794
f 5387/5625/799 5391/5587/799 5389/5626/799
f 5388/5628/804 5392/5956/804 5391/5629/804
f 5504/5559/791 5503/5560/791 5393/5631/791
f 5395/5561/792 5507/5559/792 5508/5632/792
f 5394/5562/795 5396/5561/795 5508/5633/795
f 5393/5564/794 5395/5563/794 5396/5635/794
f 5393/5637/799 5503/5565/799 5507/5564/799
f 5512/5638/791 5398/5644/791 5397/5639/791
f 5399/5581/792 5400/5643/792 5516/5641/792
f 5397/5639/795 5399/5581/795 5514/5642/795
f 5512/5638/799 5516/5641/799 5400/5643/799
f 5404/5566/791 5403/5565/791 5401/5637/791
f 5405/5567/792 5407/5566/792 5408/5645/792
f 5402/5568/795 5406/5567/795 5408/5646/795
f 5401/5569/794 5405/5568/794 5406/5647/794
f 5403/5570/799 5407/5569/799 5405/5648/799
f 5404/5571/804 5408/5570/804 5407/5649/804
f 5412/5651/791 5411/5658/791 5409/5652/791
f 5413/5654/792 5415/5657/792 5416/5655/792
f 5409/5652/795 5413/5654/795 5414/5656/795
f 5412/5651/799 5416/5655/799 5415/5657/799
f 5420/5659/794 5419/5610/794 5417/5603/794
f 5421/5607/804 5423/5609/804 5424/5661/804
f 5417/5603/795 5421/5607/795 5422/5662/795
f 5419/5610/799 5420/5659/799 5424/5661/799
f 5426/5572/1463 5428/5571/1463 5491/5650/1465
f 5425/5573/1461 5427/5572/1461 5383/5663/1466
f 5383/5665/1476 5427/5574/1473 5428/5573/1475
f 5381/5666/1478 5382/5576/1576 5426/5575/1479
f 5481/5668/1480 5482/5585/1494 5431/5576/1455
f 5483/5669/1482 5433/5587/1459 5435/5585/1458
f 5432/5670/1484 5430/5957/1484 5434/5587/1484
f 5429/5671/1485 5433/5589/1485 5483/5672/1486
f 5432/5674/1487 5436/5592/1487 5484/5675/1488
f 5440/5592/792 5439/5593/792 5437/5676/792
f 5441/5677/791 5443/5594/791 5444/5678/791
f 5438/5594/795 5442/5613/795 5444/5680/795
f 5437/5613/804 5441/5612/804 5442/5681/804
f 5439/5612/799 5443/5614/799 5441/5682/799
f 5440/5614/794 5444/5615/794 5443/5683/794
f 5448/5615/792 5447/5616/792 5445/5684/792
f 5449/5616/791 5451/5617/791 5452/5685/791
f 5446/5617/795 5450/5618/795 5452/5686/795
f 5445/5618/804 5449/5619/804 5450/5687/804
f 5447/5619/799 5451/5620/799 5449/5688/799
f 5456/5578/792 5455/5692/792 5453/5689/792
f 5457/5690/791 5459/5691/791 5460/5580/791
f 5453/5689/795 5457/5690/795 5458/5582/795
f 5456/5578/799 5460/5580/799 5459/5691/799
f 5464/5620/792 5463/5621/792 5461/5693/792
f 5465/5621/791 5467/5622/791 5468/5694/791
f 5462/5622/795 5466/5623/795 5468/5695/795
f 5461/5623/804 5465/5624/804 5466/5696/804
f 5463/5627/799 5467/5626/799 5465/5697/799
f 5464/5626/794 5468/5958/794 5467/5699/794
f 5472/5700/792 5471/5707/792 5469/5701/792
f 5473/5703/791 5475/5706/791 5476/5704/791
f 5469/5701/795 5473/5703/795 5474/5705/795
f 5472/5700/799 5476/5704/799 5475/5706/799
f 5478/5708/804 5535/5715/804 5533/5709/804
f 5537/5711/794 5539/5714/794 5480/5712/794
f 5533/5709/795 5537/5711/795 5479/5713/795
f 5478/5708/799 5480/5712/799 5539/5714/799
f 5482/5630/1488 5484/5629/1488 5435/5716/1489
f 5481/5718/1486 5483/5630/1486 5434/5717/1490
f 5434/5720/1491 5483/5724/1482 5484/5721/1483
f 5430/5723/1493 5432/5635/1577 5482/5724/1494
f 5541/5725/1495 5485/5636/1472 5487/5635/1472
f 5543/5726/1497 5544/5637/1499 5491/5636/1474
f 5488/5727/1484 5492/5645/1484 5490/5637/1484
f 5543/5646/1486 5489/5645/1485 5485/5727/1485
f 5544/5647/1488 5492/5646/1487 5488/5728/1487
f 5493/5648/791 5495/5647/791 5496/5729/791
f 5500/5649/792 5499/5648/792 5497/5730/792
f 5500/5650/795 5498/5649/795 5494/5731/795
f 5498/5663/804 5497/5650/804 5493/5732/804
f 5497/5664/799 5499/5663/799 5495/5733/799
f 5499/5665/794 5500/5664/794 5496/5734/794
f 5501/5666/791 5503/5667/791 5504/5736/791
f 5508/5668/792 5507/5666/792 5505/5737/792
f 5508/5669/795 5506/5668/795 5502/5738/795
f 5506/5670/804 5505/5669/804 5501/5739/804
f 5505/5741/799 5507/5670/799 5503/5740/799
f 5509/5743/791 5511/5746/791 5512/5638/791
f 5516/5641/792 5515/5745/792 5513/5744/792
f 5514/5642/795 5513/5744/795 5509/5743/795
f 5515/5745/799 5516/5641/799 5512/5638/799
f 5517/5747/791 5519/5672/791 5520/5748/791
f 5524/5672/792 5523/5675/792 5521/5750/792
f 5524/5751/795 5522/5679/795 5518/5752/795
f 5522/5679/804 5521/5678/804 5517/5753/804
f 5521/5678/799 5523/5680/799 5519/5754/799
f 5523/5680/794 5524/5681/794 5520/5755/794
f 5525/5756/791 5527/5763/791 5528/5757/791
f 5532/5759/792 5531/5762/792 5529/5760/792
f 5530/5761/795 5529/5760/795 5525/5756/795
f 5531/5762/799 5532/5759/799 5528/5757/799
f 5533/5709/804 5535/5715/804 5536/5764/804
f 5540/5766/794 5539/5714/794 5537/5711/794
f 5538/5767/795 5537/5711/795 5533/5709/795
f 5539/5714/799 5540/5766/799 5536/5764/799
f 5491/5681/1489 5544/5682/1488 5542/5768/1488
f 5490/5682/1490 5543/5683/1486 5541/5769/1486
f 5490/5769/1498 5492/5683/1578 5544/5684/1499
f 5486/5770/1500 5541/5684/1495 5542/5685/1496
o Houses_SecondAge_1_Level2.002
v 29.744978 2.566721 -22.956230
v 29.744978 4.551305 -17.503632
v 29.950344 2.694882 -23.002878
v 29.950344 4.679466 -17.550280
v 29.232714 3.448892 -17.217243
v 29.232714 5.308088 -17.893936
v 29.232714 1.538137 -22.466999
v 29.232714 3.397334 -23.143692
v 29.348423 3.626902 -17.193314
v 29.348423 1.659118 -22.599754
v 29.369400 3.170710 -16.994610
v 29.369400 1.181930 -22.458736
v 27.382406 7.161051 -18.453503
v 27.382404 5.176467 -23.906101
v 27.382406 7.475671 -18.568014
v 27.382404 5.491087 -24.020613
v 25.019833 2.566721 -22.956230
v 25.019833 4.551305 -17.503632
v 24.814466 2.694882 -23.002878
v 24.814466 4.679466 -17.550278
v 25.532097 3.448892 -17.217243
v 25.532097 5.308088 -17.893936
v 25.532097 1.538137 -22.466999
v 25.532097 3.397334 -23.143692
v 27.382406 3.448892 -17.217243
v 27.382406 7.161207 -18.568417
v 27.382404 1.538137 -22.466999
v 27.382404 5.250452 -23.818172
v 25.416388 3.626902 -17.193314
v 25.416388 1.659118 -22.599754
v 25.395411 3.170710 -16.994608
v 25.395411 1.181930 -22.458736
v 27.382406 3.626902 -17.193314
v 27.382404 1.659118 -22.599754
v 27.382406 3.170710 -16.994610
v 27.382404 1.181930 -22.458736
v 28.105169 4.799403 -17.468781
v 28.105169 3.211470 -16.890820
v 27.864620 4.799403 -17.468781
v 27.864620 3.211470 -16.890820
v 28.105169 4.711210 -17.711086
v 28.105169 3.123278 -17.133125
v 27.864620 4.711210 -17.711086
v 27.864620 3.123278 -17.133125
v 28.170559 5.021126 -17.291868
v 28.170557 4.823049 -17.836081
v 28.170559 4.797848 -17.210602
v 28.170557 4.599771 -17.754814
v 28.105169 2.734372 -23.142403
v 28.105169 1.146440 -22.564444
v 27.864620 2.734372 -23.142403
v 27.864620 1.146440 -22.564444
v 28.105169 2.822565 -22.900097
v 28.105169 1.234632 -22.322136
v 27.864620 2.822565 -22.900097
v 27.864620 1.234632 -22.322136
v 28.170557 2.790506 -23.420446
v 28.170557 2.988583 -22.876234
v 28.170557 2.567228 -23.339180
v 28.170557 2.765305 -22.794968
v 26.659645 4.799403 -17.468779
v 26.659645 3.211470 -16.890820
v 26.900192 4.799403 -17.468779
v 26.900192 3.211470 -16.890820
v 26.659645 4.711210 -17.711086
v 26.659645 3.123278 -17.133125
v 26.900192 4.711210 -17.711086
v 26.900192 3.123278 -17.133125
v 26.594255 5.021126 -17.291868
v 27.382406 5.021126 -17.291868
v 26.594255 4.823049 -17.836081
v 27.382406 4.823049 -17.836081
v 26.594255 4.797848 -17.210602
v 27.382406 4.797848 -17.210602
v 26.594255 4.599771 -17.754814
v 27.382406 4.599771 -17.754814
v 26.659645 2.734372 -23.142403
v 26.659645 1.146440 -22.564444
v 26.900192 2.734372 -23.142403
v 26.900192 1.146440 -22.564444
v 26.659645 2.822565 -22.900097
v 26.659645 1.234632 -22.322136
v 26.900192 2.822565 -22.900097
v 26.900192 1.234632 -22.322136
v 26.594255 2.790506 -23.420446
v 27.382406 2.790506 -23.420446
v 26.594255 2.988583 -22.876234
v 27.382406 2.988583 -22.876234
v 26.594255 2.567228 -23.339180
v 27.382406 2.567228 -23.339180
v 26.594255 2.765305 -22.794968
v 27.382406 2.765305 -22.794968
v 27.226664 4.743082 -17.548550
v 27.230175 4.767112 -17.482525
v 27.234955 3.170327 -16.976185
v 27.232182 3.194375 -16.910112
v 27.339050 4.742773 -17.549397
v 27.342569 4.766804 -17.483372
v 27.344576 3.194067 -16.910959
v 27.347343 3.170019 -16.977032
v 27.664246 4.741881 -17.551847
v 27.664618 4.765920 -17.485800
v 27.678986 3.169109 -16.979532
v 27.679358 3.193148 -16.913485
v 27.834738 4.741413 -17.553133
v 27.835112 4.765452 -17.487085
v 27.849852 3.192680 -16.914770
v 27.849478 3.168641 -16.980818
v 27.487240 3.193675 -16.912035
v 27.484806 4.766414 -17.484446
v 27.363567 3.194015 -16.911102
v 27.361134 4.766753 -17.483513
v 27.653584 3.193219 -16.913290
v 27.650282 4.765960 -17.485693
v 27.497971 3.193646 -16.912117
v 27.494669 4.766387 -17.484520
v 27.484505 4.744892 -17.543573
v 27.486940 3.172154 -16.971165
v 27.360834 4.745232 -17.542643
v 27.363268 3.172493 -16.970232
v 27.649982 4.744438 -17.544823
v 27.653282 3.171697 -16.972420
v 27.494370 4.744865 -17.543648
v 27.497671 3.172124 -16.971247
v 27.055813 4.741881 -17.551847
v 27.056137 4.765920 -17.485800
v 27.068701 3.169109 -16.979532
v 27.069027 3.193148 -16.913485
v 27.204895 4.741413 -17.553133
v 27.205221 4.765452 -17.487085
v 27.218109 3.192680 -16.914770
v 27.217785 3.168641 -16.980818
v 27.046490 3.193219 -16.913290
v 27.043602 4.765960 -17.485693
v 26.910418 3.193646 -16.912117
v 26.907532 4.766387 -17.484520
v 27.043339 4.744438 -17.544823
v 27.046227 3.171697 -16.972420
v 26.907269 4.744865 -17.543648
v 26.910154 3.172124 -16.971247
v 30.662962 3.530817 -17.569784
v 30.662388 3.568026 -17.585337
v 31.215935 3.520486 -17.598166
v 31.215567 3.559004 -17.610123
v 30.657871 3.501896 -17.649242
v 30.658237 3.539089 -17.664841
v 31.211418 3.530067 -17.689629
v 31.210842 3.491566 -17.677624
v 30.661266 3.420455 -17.872999
v 30.661266 3.458310 -17.886778
v 31.213978 3.408783 -17.905067
v 31.213978 3.446639 -17.918846
v 30.654335 3.384984 -17.970457
v 30.654335 3.422838 -17.984236
v 31.207047 3.411167 -18.016304
v 31.207047 3.373312 -18.002525
v 31.201221 3.492297 -17.793398
v 30.648056 3.501408 -17.768366
v 31.206093 3.526186 -17.700289
v 30.652927 3.535297 -17.675257
v 31.196587 3.450804 -17.907398
v 30.643444 3.460096 -17.881870
v 31.202169 3.490043 -17.799591
v 30.649027 3.499335 -17.774063
v 30.648056 3.472508 -17.757847
v 31.201221 3.463397 -17.782879
v 30.652927 3.506397 -17.664738
v 31.206093 3.497286 -17.689770
v 30.643444 3.431195 -17.871351
v 31.196587 3.421904 -17.896879
v 30.649027 3.470434 -17.763544
v 31.202169 3.461143 -17.789072
v 31.185923 2.869622 -17.823944
v 31.245344 2.868987 -17.824215
v 31.186190 3.385401 -18.005415
v 31.245409 3.383276 -18.009886
v 31.189545 2.895668 -17.748634
v 31.248968 2.895948 -17.749231
v 31.249033 3.410237 -17.934904
v 31.189812 3.411447 -17.930105
v 31.200380 2.976971 -17.524616
v 31.259705 2.976048 -17.527151
v 31.200619 3.492549 -17.706713
v 31.259941 3.491627 -17.709248
v 31.205877 3.017737 -17.410812
v 31.265200 3.016815 -17.413347
v 31.265438 3.532393 -17.595444
v 31.206116 3.533316 -17.592909
v 31.253632 3.439824 -17.838041
v 31.253553 2.925433 -17.652655
v 31.249645 3.410191 -17.920559
v 31.249567 2.895799 -17.735172
v 31.258995 3.481009 -17.727535
v 31.258888 2.966408 -17.542727
v 31.253979 3.443631 -17.831331
v 31.253872 2.929030 -17.646523
v 31.201523 2.926242 -17.650431
v 31.201601 3.440633 -17.835817
v 31.197536 2.896609 -17.732948
v 31.197615 3.411000 -17.918335
v 31.206858 2.967217 -17.540503
v 31.206964 3.481819 -17.725311
v 31.201841 2.929839 -17.644299
v 31.201946 3.444441 -17.829107
v 30.660154 2.997472 -17.379461
v 30.659531 3.035889 -17.395441
v 31.243460 2.986678 -17.409117
v 31.243048 3.026398 -17.421520
v 30.654957 2.968689 -17.458540
v 30.655369 3.007089 -17.474571
v 31.238888 2.997597 -17.500648
v 31.238262 2.957895 -17.488197
v 30.659822 2.887608 -17.681309
v 30.659822 2.926668 -17.695526
v 31.210278 2.875985 -17.713242
v 31.210278 2.915045 -17.727457
v 30.652693 2.852306 -17.778299
v 30.652693 2.891366 -17.792515
v 31.203148 2.879744 -17.824448
v 31.203148 2.840684 -17.810232
v 31.228197 2.960013 -17.603909
v 30.644693 2.969594 -17.577587
v 31.233084 2.993743 -17.511238
v 30.649580 3.003323 -17.484917
v 31.223675 2.918714 -17.717377
v 30.640196 2.928474 -17.690561
v 31.229271 2.957768 -17.610079
v 30.645790 2.967528 -17.583263
v 30.644693 2.930534 -17.563370
v 31.228197 2.920954 -17.589693
v 30.649580 2.964263 -17.470699
v 31.233084 2.954683 -17.497023
v 30.640196 2.889414 -17.676346
v 31.223675 2.879654 -17.703161
v 30.645790 2.928468 -17.569046
v 31.229271 2.918708 -17.595861
v 30.589661 2.881314 -17.809330
v 30.623356 2.881469 -17.808905
v 30.589899 3.375395 -17.983593
v 30.623413 3.373759 -17.986736
v 30.593647 2.911306 -17.726927
v 30.627342 2.911463 -17.726498
v 30.627401 3.403465 -17.904224
v 30.593885 3.404198 -17.900757
v 30.604839 2.993069 -17.494787
v 30.638443 2.992547 -17.496223
v 30.605263 3.503262 -17.670584
v 30.638866 3.502739 -17.672018
v 30.608866 3.021251 -17.410780
v 30.642471 3.020728 -17.412216
v 30.642895 3.530921 -17.588013
v 30.609289 3.531443 -17.586576
v 30.632616 3.437751 -17.794653
v 30.632545 2.950596 -17.618979
v 30.627945 3.402973 -17.891291
v 30.627876 2.915469 -17.715488
v 30.638048 3.479456 -17.682686
v 30.637964 2.991347 -17.507017
v 30.633196 3.443307 -17.783092
v 30.633110 2.954848 -17.607296
v 30.606298 2.951005 -17.617857
v 30.606369 3.438159 -17.793531
v 30.601629 2.915877 -17.714367
v 30.601698 3.403382 -17.890169
v 30.611717 2.991755 -17.505896
v 30.611801 3.479865 -17.681564
v 30.606863 2.955256 -17.606174
v 30.606949 3.443715 -17.781971
v 30.731031 3.553303 -17.507370
v 30.734491 3.563117 -17.480408
v 30.736713 3.044648 -17.322512
v 30.735867 3.054529 -17.295364
v 30.808037 3.552105 -17.510662
v 30.811501 3.561919 -17.483698
v 30.812876 3.053331 -17.298655
v 30.813717 3.043451 -17.325802
v 31.030849 3.548640 -17.520182
v 31.032158 3.558487 -17.493128
v 31.040949 3.039917 -17.335510
v 31.042259 3.049764 -17.308456
v 31.147667 3.546823 -17.525173
v 31.148975 3.556670 -17.498119
v 31.159075 3.047947 -17.313448
v 31.157766 3.038100 -17.340502
v 30.910625 3.051811 -17.302832
v 30.908957 3.560403 -17.487864
v 30.825888 3.053129 -17.299212
v 30.824221 3.561721 -17.484241
v 31.024599 3.050038 -17.307701
v 31.022337 3.558640 -17.492708
v 30.917976 3.051697 -17.303146
v 30.915716 3.560298 -17.488152
v 30.907902 3.552462 -17.509680
v 30.909569 3.043870 -17.324648
v 30.823166 3.553780 -17.506060
v 30.824833 3.045188 -17.321028
v 31.021280 3.550699 -17.514524
v 31.023542 3.042098 -17.329519
v 30.914660 3.552357 -17.509970
v 30.916922 3.043756 -17.324963
v 30.688374 2.852648 -17.868071
v 30.688614 2.838850 -17.904575
v 30.693684 3.362809 -18.054010
v 30.689898 3.349107 -18.090355
v 30.777349 2.850117 -17.871454
v 30.777594 2.837189 -17.908276
v 30.778879 3.347446 -18.094057
v 30.782658 3.360279 -18.057396
v 31.030081 2.846612 -17.882408
v 31.028311 2.833297 -17.918991
v 31.039518 3.356636 -18.068499
v 31.037748 3.343321 -18.105082
v 31.139242 2.842876 -17.886332
v 31.137474 2.829561 -17.922915
v 31.146912 3.339585 -18.109005
v 31.148682 3.352900 -18.072422
v 30.895247 3.340873 -18.097296
v 30.893688 2.830621 -17.911503
v 30.791039 3.342830 -18.092964
v 30.789480 2.832579 -17.907173
v 31.022772 3.339700 -18.103039
v 31.020658 2.829458 -17.917223
v 30.902117 3.341913 -18.098007
v 30.900003 2.831671 -17.912191
v 30.895039 2.840787 -17.883574
v 30.896599 3.351038 -18.069366
v 30.790833 2.842744 -17.879244
v 30.792389 3.352995 -18.065035
v 31.022009 2.839623 -17.889294
v 31.024122 3.349866 -18.075109
v 30.901356 2.841836 -17.884262
v 30.903469 3.352079 -18.070078
v 30.614569 3.035448 -17.273335
v 30.614569 3.599455 -17.478617
v 30.584583 2.809915 -17.892982
v 30.584583 3.373921 -18.098265
v 31.273985 3.025192 -17.301512
v 31.273985 3.589200 -17.506794
v 31.243999 2.799659 -17.921160
v 31.243999 3.363666 -18.126442
v 30.593321 3.077807 -17.375162
v 30.593321 3.501553 -17.529392
v 30.570793 3.332107 -17.994942
v 30.570793 2.908361 -17.840712
v 30.665781 2.872778 -17.938475
v 30.665781 3.296524 -18.092707
v 31.161209 3.288819 -18.113874
v 31.161209 2.865073 -17.959644
v 31.265247 2.897561 -17.870384
v 31.265247 3.321307 -18.024614
v 31.287777 3.490753 -17.559065
v 31.287777 3.067007 -17.404835
v 31.192787 3.102591 -17.307070
v 31.192787 3.526336 -17.461302
v 30.697359 3.534041 -17.440132
v 30.697359 3.110296 -17.285902
v 30.670307 2.821698 -17.813984
v 31.165733 2.813993 -17.835152
v 31.188263 2.983439 -17.369604
v 30.692835 2.991144 -17.348434
v 31.165733 3.407970 -18.051342
v 30.670307 3.415675 -18.030172
v 30.692835 3.585121 -17.564623
v 31.188263 3.577416 -17.585793
v 30.619429 3.478085 -17.542641
v 30.619429 3.087269 -17.400396
v 30.598652 3.321807 -17.972013
v 30.598652 2.930990 -17.829767
v 30.686258 3.288988 -18.062180
v 30.686258 2.898172 -17.919935
v 31.143187 3.281882 -18.081705
v 31.143187 2.891066 -17.939459
v 31.239140 3.311846 -17.999380
v 31.239140 2.921029 -17.857136
v 31.259918 3.468124 -17.570009
v 31.259918 3.077308 -17.427763
v 31.172310 3.500942 -17.479841
v 31.172310 3.110126 -17.337597
v 30.715382 3.508049 -17.460318
v 30.715382 3.117232 -17.318071
v 31.147360 2.843955 -17.824640
v 30.690432 2.851061 -17.805117
v 31.168137 3.000234 -17.395269
v 30.711208 3.007340 -17.375746
v 30.690432 3.398881 -18.004507
v 31.147360 3.391774 -18.024031
v 30.711208 3.555159 -17.575136
v 31.168137 3.548053 -17.594660
v 30.881090 4.080956 -18.867319
v 30.880268 4.111537 -18.879936
v 31.316477 4.036503 -18.989452
v 31.316555 4.068114 -18.999239
v 30.860838 4.058216 -18.929796
v 30.860760 4.088722 -18.942619
v 31.297047 4.045300 -19.061922
v 31.296225 4.013762 -19.051929
v 30.817955 3.993019 -19.108925
v 30.817955 4.024077 -19.120228
v 31.252384 3.947512 -19.233952
v 31.252384 3.978571 -19.245256
v 30.792568 3.965172 -19.185431
v 30.792568 3.996231 -19.196735
v 31.226997 3.950725 -19.321764
v 31.226997 3.919666 -19.310459
v 31.267767 4.015834 -19.142878
v 30.831541 4.059327 -19.023382
v 31.290625 4.042552 -19.069469
v 30.854399 4.086045 -18.949974
v 31.240841 3.983034 -19.232996
v 30.804735 4.026670 -19.113108
v 31.267262 4.013973 -19.147989
v 30.831156 4.057609 -19.028103
v 30.831541 4.035615 -19.014751
v 31.267767 3.992122 -19.134247
v 30.854399 4.062333 -18.941343
v 31.290625 4.018840 -19.060841
v 30.804735 4.002957 -19.104477
v 31.240841 3.959322 -19.224365
v 30.831156 4.033897 -19.019472
v 31.267262 3.990262 -19.139359
v 31.209290 3.488894 -19.153152
v 31.256607 3.484486 -19.164057
v 31.210629 3.930940 -19.309109
v 31.256931 3.925356 -19.323326
v 31.227434 3.509410 -19.093712
v 31.274755 3.505752 -19.104885
v 31.275078 3.946622 -19.264153
v 31.228773 3.951455 -19.249666
v 31.281710 3.573560 -18.916935
v 31.328522 3.568939 -18.929630
v 31.282898 4.015449 -19.073383
v 31.329710 4.010828 -19.086079
v 31.309240 3.605711 -18.827126
v 31.356052 3.601091 -18.839821
v 31.357241 4.042979 -18.996267
v 31.310429 4.047600 -18.983572
v 31.298113 3.969813 -19.187660
v 31.297720 3.528862 -19.028618
v 31.278145 3.946440 -19.252781
v 31.277752 3.505489 -19.093737
v 31.324970 4.002340 -19.100470
v 31.324436 3.561223 -18.941881
v 31.299845 3.972855 -19.182379
v 31.299313 3.531738 -19.023792
v 31.256662 3.532914 -19.017481
v 31.257055 3.973866 -19.176525
v 31.236694 3.509542 -19.082602
v 31.237087 3.950493 -19.241646
v 31.283379 3.565275 -18.930746
v 31.283913 4.006392 -19.089334
v 31.258255 3.535791 -19.012657
v 31.258787 3.976908 -19.171244
v 30.878166 3.624646 -18.703695
v 30.877308 3.656222 -18.716654
v 31.337494 3.577837 -18.832302
v 31.337536 3.610438 -18.842445
v 30.857906 3.602023 -18.765850
v 30.857866 3.633517 -18.779036
v 31.318092 3.587733 -18.904827
v 31.317236 3.555214 -18.894459
v 30.816399 3.537017 -18.944454
v 30.816399 3.569064 -18.956120
v 31.249054 3.491698 -19.068968
v 31.249054 3.523745 -19.080631
v 30.790949 3.509319 -19.020552
v 30.790949 3.541367 -19.032217
v 31.223602 3.496048 -19.156731
v 31.223602 3.464000 -19.145065
v 31.288525 3.558448 -18.985287
v 30.828358 3.604302 -18.859303
v 31.311306 3.585038 -18.912231
v 30.851139 3.630892 -18.786249
v 31.261799 3.525795 -19.075001
v 30.801750 3.571791 -18.948627
v 31.288124 3.556586 -18.990402
v 30.828075 3.602582 -18.864029
v 30.828358 3.572255 -18.847639
v 31.288525 3.526401 -18.973623
v 30.851139 3.598845 -18.774584
v 31.311306 3.552990 -18.900568
v 30.801750 3.539743 -18.936962
v 31.261799 3.493747 -19.063335
v 30.828075 3.570535 -18.852365
v 31.288124 3.524539 -18.978737
v 30.736977 3.537396 -19.034264
v 30.763945 3.535313 -19.039986
v 30.738169 3.961646 -19.184282
v 30.764233 3.958136 -19.192818
v 30.756947 3.561063 -18.969238
v 30.783916 3.558982 -18.974957
v 30.784206 3.981569 -19.127703
v 30.758139 3.984338 -19.118902
v 30.812996 3.625508 -18.786024
v 30.839514 3.622890 -18.793217
v 30.815115 4.062933 -18.937424
v 30.841633 4.060316 -18.944614
v 30.833170 3.647680 -18.719711
v 30.859688 3.645062 -18.726902
v 30.861807 4.082488 -18.878302
v 30.835287 4.085105 -18.871109
v 30.810326 4.008470 -19.041183
v 30.809977 3.589862 -18.890112
v 30.786936 3.981037 -19.117445
v 30.786585 3.562143 -18.966270
v 30.837536 4.041406 -18.952837
v 30.837111 3.622019 -18.801764
v 30.813232 4.012891 -19.032072
v 30.812807 3.593218 -18.880894
v 30.789265 3.591907 -18.884495
v 30.789614 4.010514 -19.035564
v 30.765873 3.564188 -18.960653
v 30.766224 3.983081 -19.111828
v 30.816399 3.624063 -18.796146
v 30.816824 4.043450 -18.947220
v 30.792095 3.595262 -18.875277
v 30.792521 4.014935 -19.026455
v 30.948097 4.094433 -18.829771
v 30.956352 4.102036 -18.808882
v 30.952581 3.657800 -18.672226
v 30.957436 3.665739 -18.650415
v 31.008863 4.088435 -18.846251
v 31.017120 4.096038 -18.825363
v 31.018206 3.659740 -18.666897
v 31.013346 3.651802 -18.688705
v 31.184689 4.071080 -18.893934
v 31.191246 4.078850 -18.872585
v 31.192657 3.634102 -18.737335
v 31.199215 3.641873 -18.715986
v 31.276869 4.061980 -18.918934
v 31.283426 4.069751 -18.897585
v 31.291395 3.632774 -18.740986
v 31.284840 3.625003 -18.762335
v 31.095341 3.652126 -18.687815
v 31.094025 4.088447 -18.846218
v 31.028475 3.658726 -18.669682
v 31.027159 4.095047 -18.828085
v 31.185278 3.643248 -18.712206
v 31.183495 4.079615 -18.870483
v 31.101143 3.651553 -18.689388
v 31.099358 4.087920 -18.847666
v 31.088737 4.082181 -18.863436
v 31.090054 3.645860 -18.705032
v 31.021870 4.088781 -18.845301
v 31.023188 3.652460 -18.686897
v 31.178205 4.073349 -18.887699
v 31.179991 3.636982 -18.729424
v 31.094070 4.081654 -18.864882
v 31.095856 3.645287 -18.706604
v 30.803286 3.507915 -19.098833
v 30.796005 3.496882 -19.127996
v 30.807476 3.945070 -19.259232
v 30.797020 3.934376 -19.287542
v 30.873497 3.500044 -19.117533
v 30.866220 3.489724 -19.146957
v 30.867233 3.927217 -19.306503
v 30.877686 3.937198 -19.277931
v 31.072929 3.480707 -19.171747
v 31.064064 3.470201 -19.200615
v 31.080378 3.917479 -19.333006
v 31.071510 3.906972 -19.361874
v 31.159071 3.470532 -19.194500
v 31.150206 3.460025 -19.223368
v 31.157654 3.896796 -19.384626
v 31.166519 3.907304 -19.355759
v 30.959061 3.914245 -19.329985
v 30.957832 3.476774 -19.170380
v 30.876831 3.922638 -19.307783
v 30.875601 3.485167 -19.148178
v 31.059692 3.904977 -19.357517
v 31.058025 3.467549 -19.197794
v 30.964483 3.914651 -19.331797
v 30.962816 3.477223 -19.172073
v 30.964600 3.484795 -19.148340
v 30.965832 3.922267 -19.307945
v 30.882370 3.493188 -19.126139
v 30.883598 3.930660 -19.285744
v 31.064795 3.475570 -19.175755
v 31.066463 3.912999 -19.335478
v 30.969585 3.485245 -19.150034
v 30.971252 3.922673 -19.309757
v 30.863377 3.657917 -18.610819
v 30.863377 4.139595 -18.786137
v 30.713200 3.479946 -19.099791
v 30.713200 3.961624 -19.275106
v 31.383730 3.606553 -18.751940
v 31.383730 4.088231 -18.927258
v 31.233553 3.428582 -19.240911
v 31.233553 3.910260 -19.416227
v 30.830879 3.694692 -18.688814
v 30.830879 4.061290 -18.822245
v 30.718048 3.927578 -19.189613
v 30.718048 3.560980 -19.056183
v 30.773912 3.526371 -19.151272
v 30.773912 3.892968 -19.284702
v 31.164860 3.854378 -19.390728
v 31.164860 3.487781 -19.257298
v 31.266050 3.506887 -19.204803
v 31.266050 3.873485 -19.338234
v 31.378881 4.007196 -18.970863
v 31.378881 3.640599 -18.837433
v 31.323017 3.675208 -18.742344
v 31.323017 4.041806 -18.875774
v 30.932070 4.080396 -18.769749
v 30.932070 3.713799 -18.636318
v 30.796576 3.483394 -19.052063
v 31.187523 3.444804 -19.158089
v 31.300354 3.578516 -18.790718
v 30.909407 3.617106 -18.684692
v 31.187523 3.951071 -19.342354
v 30.796576 3.989661 -19.236328
v 30.909407 4.123373 -18.868959
v 31.300354 4.084783 -18.974985
v 30.847788 4.040484 -18.837376
v 30.847788 3.700903 -18.713779
v 30.743725 3.917163 -19.176199
v 30.743725 3.577582 -19.052601
v 30.795248 3.885243 -19.263897
v 30.795248 3.545662 -19.140301
v 31.155815 3.849652 -19.361685
v 31.155815 3.510071 -19.238087
v 31.249142 3.867273 -19.313269
v 31.249142 3.527693 -19.189671
v 31.353205 3.990594 -18.974447
v 31.353205 3.651014 -18.850849
v 31.301682 4.022514 -18.886747
v 31.301682 3.682934 -18.763149
v 30.941114 4.058106 -18.788960
v 30.941114 3.718525 -18.665363
v 31.176718 3.470434 -19.146587
v 30.816151 3.506025 -19.048800
v 31.280779 3.593755 -18.807764
v 30.920212 3.629346 -18.709978
v 30.816151 3.974422 -19.219282
v 31.176718 3.938830 -19.317070
v 30.920212 4.097743 -18.880461
v 31.280779 4.062152 -18.978247
v 30.692875 3.496492 -18.909801
v 30.693718 3.533736 -18.925257
v 31.122990 3.615803 -18.581997
v 31.121418 3.654065 -18.594658
v 30.745869 3.473888 -18.971905
v 30.747442 3.511336 -18.986799
v 31.175142 3.631665 -18.656199
v 31.175983 3.593199 -18.644100
v 30.908241 3.414307 -19.135601
v 30.908241 3.452162 -19.149380
v 31.340797 3.532564 -18.810692
v 31.340797 3.570419 -18.824471
v 30.972731 3.386425 -19.212206
v 30.972731 3.424281 -19.225983
v 31.405287 3.542538 -18.901073
v 31.405287 3.504683 -18.887297
v 31.241720 3.601331 -18.739542
v 30.813854 3.481071 -19.069952
v 31.178812 3.627566 -18.667459
v 30.750946 3.507307 -18.997871
v 31.319729 3.569514 -18.826958
v 30.891527 3.449394 -19.156986
v 31.246847 3.599878 -18.743534
v 30.818645 3.479757 -19.073563
v 30.813854 3.452171 -19.059433
v 31.241720 3.572430 -18.729023
v 30.750946 3.478406 -18.987352
v 31.178812 3.598666 -18.656940
v 30.891527 3.420493 -19.146467
v 31.319729 3.540613 -18.816439
v 30.818645 3.450857 -19.063044
v 31.246847 3.570977 -18.733015
v 31.392622 2.596174 -18.575235
v 31.436981 2.609225 -18.537905
v 31.388874 3.511858 -18.903688
v 31.436073 3.523766 -18.869602
v 31.341818 2.615998 -18.517021
v 31.386173 2.629964 -18.480019
v 31.385265 3.544505 -18.811716
v 31.338070 3.531682 -18.845474
v 31.189861 2.678691 -18.344133
v 31.235640 2.691628 -18.308590
v 31.186531 3.594225 -18.673071
v 31.232309 3.607162 -18.637527
v 31.112782 2.710018 -18.256266
v 31.158560 2.722955 -18.220720
v 31.155230 3.638489 -18.549658
v 31.109451 3.625552 -18.585203
v 31.320776 3.566194 -18.736551
v 31.321877 2.651574 -18.405075
v 31.376682 3.543407 -18.800259
v 31.377783 2.628787 -18.468782
v 31.245581 3.598171 -18.651348
v 31.247074 2.683389 -18.320316
v 31.315926 3.569407 -18.731474
v 31.317417 2.654625 -18.400442
v 31.281725 2.640227 -18.436251
v 31.280624 3.554847 -18.767729
v 31.337631 2.617440 -18.499958
v 31.336531 3.532060 -18.831434
v 31.206923 2.672041 -18.351492
v 31.205431 3.586824 -18.682524
v 31.277266 2.643278 -18.431620
v 31.275774 3.558060 -18.762650
v 30.693192 2.562454 -18.574661
v 30.693989 2.600895 -18.590580
v 31.146698 2.688387 -18.228664
v 31.145096 2.727841 -18.241796
v 30.745834 2.539928 -18.636551
v 30.747437 2.578594 -18.651852
v 31.198544 2.705540 -18.303068
v 31.199341 2.665861 -18.290552
v 30.908592 2.480952 -18.798586
v 30.908592 2.520012 -18.812803
v 31.339376 2.598727 -18.475000
v 31.339376 2.637787 -18.489218
v 30.972599 2.453151 -18.874969
v 30.972599 2.492211 -18.889185
v 31.403383 2.609987 -18.565599
v 31.403383 2.570926 -18.551384
v 31.264393 2.675231 -18.386343
v 30.813120 2.548353 -18.734938
v 31.201809 2.701351 -18.314579
v 30.750536 2.574473 -18.663172
v 31.342106 2.643583 -18.473293
v 30.890497 2.516844 -18.821507
v 31.269594 2.673813 -18.390240
v 30.817987 2.547074 -18.738453
v 30.813120 2.509293 -18.720720
v 31.264393 2.636170 -18.372128
v 30.750536 2.535413 -18.648954
v 31.201809 2.662291 -18.300362
v 30.890497 2.477784 -18.807289
v 31.342106 2.604523 -18.459078
v 30.817987 2.508013 -18.724236
v 31.269594 2.634753 -18.376022
v 30.938797 2.469389 -18.941086
v 30.963467 2.477240 -18.919514
v 30.935461 3.363425 -19.262190
v 30.962660 3.369796 -19.243338
v 30.882883 2.492533 -18.877497
v 30.907549 2.500386 -18.855921
v 30.906742 3.392654 -19.179640
v 30.879547 3.385380 -19.198170
v 30.725958 2.555078 -18.698156
v 30.751890 2.562407 -18.678022
v 30.720026 3.464908 -19.021669
v 30.745958 3.472237 -19.001534
v 30.669476 2.576343 -18.633156
v 30.695408 2.583671 -18.613020
v 30.689478 3.493501 -18.936533
v 30.663546 3.486173 -18.956667
v 30.833611 3.417984 -19.094675
v 30.834591 2.530585 -18.772951
v 30.899099 3.391226 -19.169279
v 30.900078 2.503478 -18.847425
v 30.757427 3.450358 -19.008343
v 30.758619 2.562031 -18.686552
v 30.825472 3.422543 -19.085852
v 30.826664 2.533866 -18.763935
v 30.814337 2.524861 -18.788677
v 30.813356 3.412260 -19.110403
v 30.879826 2.497754 -18.863153
v 30.878845 3.385502 -19.185005
v 30.738365 2.556307 -18.702280
v 30.737173 3.444634 -19.024069
v 30.806410 2.528142 -18.779663
v 30.805218 3.416819 -19.101580
v 30.698790 3.528734 -18.820583
v 30.682091 3.536802 -18.798418
v 30.703175 2.621043 -18.486357
v 30.683151 2.628172 -18.466770
v 30.758213 3.545527 -18.774445
v 30.741518 3.553596 -18.752275
v 30.742580 2.644966 -18.420628
v 30.762596 2.637836 -18.440216
v 30.930153 3.594119 -18.640940
v 30.911797 3.601718 -18.620062
v 30.937948 2.687392 -18.304064
v 30.919590 2.694991 -18.283186
v 31.020298 3.619595 -18.570946
v 31.001942 3.627194 -18.550068
v 31.009735 2.720466 -18.213192
v 31.028093 2.712868 -18.234070
v 30.818010 2.666284 -18.362059
v 30.816723 3.574850 -18.693882
v 30.752621 2.647804 -18.412830
v 30.751333 3.556370 -18.744654
v 30.905962 2.691139 -18.293768
v 30.904217 3.599576 -18.625946
v 30.823683 2.667887 -18.357653
v 30.821938 3.576324 -18.689833
v 30.831528 3.568722 -18.710718
v 30.832815 2.660156 -18.378895
v 30.766138 3.550242 -18.761490
v 30.767426 2.641676 -18.429667
v 30.919020 3.593448 -18.642782
v 30.920765 2.685012 -18.310604
v 30.836742 3.570196 -18.706667
v 30.838488 2.661759 -18.374489
v 31.055597 2.469143 -18.921741
v 31.081972 2.458855 -18.948603
v 31.059694 3.380909 -19.249994
v 31.082964 3.369776 -19.279280
v 31.124258 2.487400 -18.868011
v 31.150637 2.477983 -18.895187
v 31.151627 3.388904 -19.225863
v 31.128355 3.399166 -19.196264
v 31.319286 2.542942 -18.716736
v 31.344109 2.532667 -18.744967
v 31.326569 3.455534 -19.042488
v 31.351393 3.445260 -19.070719
v 31.403524 2.564710 -18.650585
v 31.428349 2.554435 -18.678816
v 31.435631 3.467027 -19.004568
v 31.410809 3.477302 -18.976337
v 31.241426 3.409518 -19.154404
v 31.240223 2.498539 -18.823893
v 31.161011 3.387129 -19.216967
v 31.159809 2.476150 -18.886456
v 31.339836 3.438140 -19.078289
v 31.338205 2.527040 -18.748110
v 31.246729 3.412164 -19.150705
v 31.245098 2.501064 -18.820526
v 31.221272 2.506383 -18.802341
v 31.222475 3.417362 -19.132853
v 31.140858 2.483994 -18.864902
v 31.142059 3.394973 -19.195414
v 31.319254 2.534884 -18.726557
v 31.320885 3.445984 -19.056736
v 31.226147 2.508908 -18.798973
v 31.227777 3.420008 -19.129152
v 30.583736 2.579985 -18.524710
v 30.583736 3.544355 -18.875711
v 31.004200 2.405945 -19.002880
v 31.004200 3.370316 -19.353882
v 31.092594 2.723792 -18.129602
v 31.092594 3.688163 -18.480604
v 31.513060 2.549752 -18.607773
v 31.513060 3.514123 -18.958775
v 30.622499 2.624654 -18.620190
v 30.622499 3.448763 -18.920141
v 30.938398 3.318005 -19.279396
v 30.938398 2.493896 -18.979446
v 31.078646 2.489333 -18.991982
v 31.078646 3.313442 -19.291931
v 31.460957 3.421487 -18.995083
v 31.460957 2.597378 -18.695131
v 31.474297 2.645345 -18.563343
v 31.474297 3.469454 -18.863295
v 31.158398 3.600212 -18.504038
v 31.158398 2.776103 -18.204088
v 31.018150 2.780666 -18.191551
v 31.018150 3.604775 -18.491503
v 30.635838 3.496730 -18.788353
v 30.635838 2.672621 -18.488401
v 31.015192 2.430483 -18.888840
v 31.397505 2.538527 -18.591990
v 31.081604 2.669285 -18.232735
v 30.699291 2.561241 -18.529583
v 31.397505 3.532867 -18.953899
v 31.015192 3.424823 -19.250750
v 30.699291 3.555581 -18.891495
v 31.081604 3.663625 -18.594645
v 30.655596 3.433103 -18.911940
v 30.655596 2.641922 -18.623974
v 30.946947 3.312505 -19.243279
v 30.946947 2.521325 -18.955313
v 31.076294 3.308298 -19.254839
v 31.076294 2.517118 -18.966873
v 31.428898 3.407946 -18.981058
v 31.428898 2.616766 -18.693092
v 31.441200 3.452186 -18.859510
v 31.441200 2.661005 -18.571545
v 31.149849 3.572783 -18.528172
v 31.149849 2.781603 -18.240206
v 31.020500 3.576991 -18.516611
v 31.020500 2.785810 -18.228645
v 30.667898 3.477342 -18.790392
v 30.667898 2.686162 -18.502426
v 31.370375 2.562488 -18.597965
v 31.017773 2.462840 -18.871746
v 31.079023 2.683085 -18.266626
v 30.726421 2.583437 -18.540409
v 31.017773 3.411023 -19.216858
v 31.370375 3.510671 -18.943075
v 30.726421 3.531620 -18.885519
v 31.079023 3.631269 -18.611738
v 30.888239 3.884836 -17.642319
v 30.886896 3.915062 -17.654232
v 31.211248 3.779413 -17.931965
v 31.212038 3.810404 -17.941776
v 30.840815 3.868027 -17.688501
v 30.840025 3.898075 -17.700905
v 31.165167 3.793417 -17.988451
v 31.163824 3.762604 -17.978148
v 30.718134 3.817515 -17.827280
v 30.718134 3.848035 -17.838388
v 31.038929 3.711317 -18.119057
v 31.038929 3.741837 -18.130165
v 30.659546 3.797022 -17.883585
v 30.659546 3.827541 -17.894693
v 30.980343 3.721343 -18.186470
v 30.980343 3.690824 -18.175364
v 31.101059 3.772100 -18.047016
v 30.776062 3.876811 -17.759327
v 31.155960 3.791993 -17.992363
v 30.830961 3.896703 -17.704674
v 31.034657 3.747506 -18.114590
v 30.709948 3.852323 -17.826607
v 31.098186 3.770549 -18.051277
v 30.773479 3.875366 -17.763296
v 30.776062 3.853510 -17.750847
v 31.101059 3.748800 -18.038536
v 30.830961 3.873403 -17.696192
v 31.155960 3.768693 -17.983881
v 30.709948 3.829022 -17.818127
v 31.034657 3.724206 -18.106108
v 30.773479 3.852066 -17.754816
v 31.098186 3.747249 -18.042797
v 30.965061 3.421947 -18.068628
v 31.001226 3.410817 -18.098019
v 30.968306 3.704214 -18.167681
v 31.002012 3.692214 -18.199547
v 31.009027 3.437024 -18.024181
v 31.045197 3.426632 -18.053837
v 31.045980 3.708029 -18.155365
v 31.012272 3.719292 -18.123234
v 31.140532 3.484861 -17.892235
v 31.175468 3.473665 -17.922995
v 31.143414 3.767016 -17.991657
v 31.178350 3.755820 -18.022417
v 31.207237 3.508744 -17.825167
v 31.242172 3.497549 -17.855927
v 31.245056 3.779703 -17.955349
v 31.210119 3.790899 -17.924589
v 31.101791 3.724366 -18.097923
v 31.100838 3.442909 -17.996563
v 31.053410 3.706991 -18.146549
v 31.052458 3.425534 -18.045189
v 31.166864 3.748807 -18.032911
v 31.165573 3.467226 -17.931890
v 31.105989 3.726871 -18.094067
v 31.104698 3.445290 -17.993048
v 31.070196 3.452729 -17.969584
v 31.071148 3.734186 -18.070944
v 31.021816 3.435354 -18.018209
v 31.022768 3.716811 -18.119570
v 31.134932 3.477046 -17.904911
v 31.136223 3.758627 -18.005932
v 31.074055 3.455110 -17.966068
v 31.075346 3.736691 -18.067087
v 30.884647 3.588709 -17.535299
v 30.883280 3.619918 -17.547535
v 31.225534 3.477566 -17.840662
v 31.226294 3.509535 -17.850809
v 30.837370 3.572003 -17.581198
v 30.836611 3.603016 -17.593973
v 31.179623 3.492633 -17.897247
v 31.178257 3.460861 -17.886559
v 30.716141 3.521448 -17.720095
v 30.716141 3.552939 -17.731558
v 31.035629 3.415685 -18.010677
v 31.035629 3.447176 -18.022139
v 30.657694 3.501095 -17.776016
v 30.657694 3.532586 -17.787477
v 30.977182 3.426823 -18.078060
v 30.977182 3.395332 -18.066597
v 31.115498 3.471519 -17.955257
v 30.772629 3.581954 -17.651840
v 31.170162 3.491311 -17.900879
v 30.827293 3.601746 -17.597462
v 31.049461 3.447023 -18.022558
v 30.706882 3.557564 -17.718851
v 31.112715 3.469951 -17.959566
v 30.770138 3.580492 -17.655859
v 30.772629 3.550463 -17.640379
v 31.115498 3.440028 -17.943794
v 30.827293 3.570255 -17.586000
v 31.170162 3.459821 -17.889418
v 30.706882 3.526073 -17.707390
v 31.049461 3.415533 -18.011097
v 30.770138 3.549001 -17.644396
v 31.112715 3.438460 -17.948103
v 30.608990 3.537050 -17.766502
v 30.629873 3.531106 -17.782831
v 30.611877 3.801872 -17.859612
v 30.630573 3.794780 -17.878008
v 30.657379 3.554713 -17.717974
v 30.678267 3.548771 -17.734299
v 30.678965 3.812212 -17.829390
v 30.660267 3.818577 -17.810732
v 30.793182 3.602342 -17.581068
v 30.812973 3.596000 -17.598494
v 30.798315 3.879852 -17.676243
v 30.818106 3.873509 -17.693668
v 30.842060 3.618480 -17.531427
v 30.861851 3.612138 -17.548851
v 30.866985 3.889647 -17.644028
v 30.847193 3.895989 -17.626602
v 30.742252 3.831331 -17.764471
v 30.741404 3.571818 -17.670979
v 30.685577 3.810925 -17.821411
v 30.684731 3.551131 -17.727816
v 30.808182 3.856075 -17.698595
v 30.807150 3.595817 -17.605042
v 30.749294 3.834862 -17.757755
v 30.748262 3.574322 -17.664099
v 30.725945 3.576772 -17.657368
v 30.726793 3.836285 -17.750860
v 30.669271 3.556084 -17.714207
v 30.670120 3.815879 -17.807800
v 30.791691 3.600771 -17.591431
v 30.792723 3.861029 -17.684986
v 30.732805 3.579276 -17.650488
v 30.733837 3.839815 -17.744144
v 30.964706 3.886377 -17.637575
v 30.981859 3.891770 -17.622757
v 30.968052 3.608415 -17.539742
v 30.982670 3.614621 -17.522690
v 31.010056 3.871844 -17.677504
v 31.027212 3.877236 -17.662689
v 31.028023 3.600087 -17.562622
v 31.013401 3.593882 -17.579670
v 31.141277 3.829792 -17.793039
v 31.157166 3.835592 -17.777107
v 31.147226 3.550997 -17.697496
v 31.163113 3.556796 -17.681564
v 31.210073 3.807745 -17.853613
v 31.225962 3.813545 -17.837679
v 31.231909 3.534749 -17.742138
v 31.216022 3.528950 -17.758070
v 31.085590 3.581639 -17.613308
v 31.084608 3.858843 -17.713223
v 31.035686 3.597631 -17.569370
v 31.034704 3.874835 -17.669285
v 31.152712 3.560129 -17.672407
v 31.151381 3.837445 -17.772013
v 31.089920 3.580252 -17.617121
v 31.088589 3.857568 -17.716726
v 31.071796 3.854167 -17.726070
v 31.072779 3.576963 -17.626156
v 31.021893 3.870159 -17.682133
v 31.022875 3.592955 -17.582218
v 31.138569 3.832769 -17.784863
v 31.139900 3.555452 -17.685255
v 31.075775 3.852891 -17.729576
v 31.077108 3.575575 -17.629969
v 30.635420 3.500550 -17.850645
v 30.615120 3.491966 -17.873098
v 30.638546 3.777791 -17.954670
v 30.615877 3.769992 -17.975046
v 30.687820 3.482833 -17.896444
v 30.667524 3.474949 -17.919157
v 30.668282 3.752975 -18.021105
v 30.690947 3.760074 -18.000469
v 30.836660 3.435479 -18.027618
v 30.815178 3.427637 -18.049162
v 30.842218 3.711880 -18.133762
v 30.820736 3.704039 -18.155306
v 30.900949 3.413233 -18.083624
v 30.879467 3.405391 -18.105169
v 30.885025 3.681793 -18.211313
v 30.906507 3.689634 -18.189768
v 30.736813 3.727172 -18.080046
v 30.735895 3.449199 -17.977957
v 30.675442 3.747111 -18.026110
v 30.674524 3.469138 -17.924021
v 30.811916 3.703758 -18.146410
v 30.810673 3.425890 -18.044033
v 30.740860 3.726801 -18.083946
v 30.739614 3.448933 -17.981569
v 30.752296 3.455186 -17.961510
v 30.753214 3.733159 -18.063599
v 30.690926 3.475125 -17.907572
v 30.691843 3.753098 -18.009663
v 30.827072 3.431877 -18.027584
v 30.828318 3.709745 -18.129961
v 30.756016 3.454919 -17.965120
v 30.757259 3.732788 -18.067497
v 30.915770 3.620037 -17.447786
v 30.915770 3.941623 -17.564835
v 30.551899 3.487213 -17.812716
v 30.551899 3.808800 -17.929764
v 31.304119 3.495585 -17.789713
v 31.304119 3.817172 -17.906761
v 30.940247 3.362762 -18.154644
v 30.940247 3.684349 -18.271690
v 30.860207 3.663368 -17.504658
v 30.860207 3.871873 -17.580547
v 30.586826 3.772082 -17.854723
v 30.586826 3.563576 -17.778833
v 30.590519 3.524750 -17.885508
v 30.590519 3.733256 -17.961397
v 30.882292 3.639754 -18.218290
v 30.882292 3.431249 -18.142401
v 30.995811 3.432512 -18.138929
v 30.995811 3.641017 -18.214819
v 31.269192 3.740809 -17.940643
v 31.269192 3.532304 -17.864754
v 31.265499 3.571130 -17.758081
v 31.265499 3.779635 -17.833971
v 30.973726 3.873137 -17.577076
v 30.973726 3.664632 -17.501186
v 30.645432 3.476173 -17.805458
v 30.937204 3.382672 -18.062353
v 31.210587 3.482463 -17.788177
v 30.918814 3.575965 -17.531282
v 30.937204 3.728420 -18.188194
v 30.645432 3.821922 -17.931301
v 30.918814 3.921714 -17.657124
v 31.210587 3.828212 -17.914019
v 30.865475 3.849630 -17.600361
v 30.865475 3.667672 -17.534134
v 30.613338 3.757593 -17.853230
v 30.613338 3.575635 -17.787003
v 30.616745 3.721784 -17.951614
v 30.616745 3.539826 -17.885387
v 30.885843 3.635548 -18.188545
v 30.885843 3.453590 -18.122318
v 30.990541 3.636713 -18.185345
v 30.990541 3.454756 -18.119116
v 31.242680 3.728750 -17.932474
v 31.242680 3.546793 -17.866247
v 31.239273 3.764559 -17.834091
v 31.239273 3.582602 -17.767862
v 30.970173 3.850795 -17.597158
v 30.970173 3.668838 -17.530931
v 30.936489 3.408788 -18.048491
v 30.667391 3.495024 -17.811560
v 31.188627 3.500825 -17.795620
v 30.919527 3.587061 -17.558689
v 30.667391 3.803560 -17.923857
v 30.936489 3.717324 -18.160788
v 30.919527 3.895597 -17.670986
v 31.188627 3.809361 -17.907919
v 27.432482 8.778683 -18.789993
v 27.432482 7.641067 -18.375937
v 27.432482 8.800920 -18.728899
v 27.432482 7.663304 -18.314840
v 27.367466 8.778683 -18.789993
v 27.367466 7.641067 -18.375937
v 27.367466 8.800920 -18.728899
v 27.367466 7.663304 -18.314840
v 27.399612 8.646097 -18.716295
v 27.399612 8.364109 -18.613659
v 27.399612 8.651979 -18.700130
v 27.399612 8.369991 -18.597496
v 27.931171 8.369991 -18.597496
v 27.931171 8.651979 -18.700130
v 27.931171 8.646097 -18.716295
v 27.931171 8.364109 -18.613659
v 27.399612 8.510986 -18.648813
v 27.399612 8.505103 -18.664978
v 27.773027 8.510986 -18.648813
v 27.773027 8.505103 -18.664978
v 27.463873 7.175349 -18.724081
v 28.146160 6.715013 -18.556532
v 27.457407 6.925074 -19.400019
v 28.139692 6.464737 -19.232470
v 27.535706 7.246044 -18.930250
v 27.533037 7.115422 -19.287041
v 27.568411 7.240742 -19.130863
v 28.215322 6.655086 -19.119490
v 28.217991 6.785707 -18.762701
v 28.250696 6.780405 -18.963314
v 27.939848 6.653290 -18.534067
v 28.622133 6.192954 -18.366518
v 27.933380 6.403015 -19.210005
v 28.615665 5.942678 -19.042456
v 28.011679 6.723985 -18.740236
v 28.009010 6.593363 -19.097027
v 28.044384 6.718683 -18.940849
v 28.691298 6.133027 -18.929476
v 28.693966 6.263649 -18.572687
v 28.726669 6.258347 -18.773300
v 28.415821 6.131231 -18.344053
v 29.098106 5.670895 -18.176504
v 28.409353 5.880956 -19.019991
v 29.091640 5.420619 -18.852442
v 28.487654 6.201926 -18.550222
v 28.484985 6.071304 -18.907013
v 28.520357 6.196624 -18.750835
v 29.167271 5.610968 -18.739462
v 29.169939 5.741590 -18.382673
v 29.202644 5.736287 -18.583286
v 28.891796 5.609172 -18.154039
v 29.574081 5.148836 -17.986490
v 28.885328 5.358897 -18.829977
v 29.567614 4.898561 -18.662428
v 28.963627 5.679867 -18.360209
v 28.960958 5.549245 -18.716997
v 28.996332 5.674565 -18.560822
v 29.643244 5.088908 -18.549448
v 29.645912 5.219530 -18.192659
v 29.678617 5.214228 -18.393272
v 29.367769 5.087113 -17.964025
v 30.050055 4.626777 -17.796476
v 29.361301 4.836838 -18.639963
v 30.043587 4.376502 -18.472414
v 29.439602 5.157808 -18.170195
v 29.436932 5.027186 -18.526983
v 29.472305 5.152506 -18.370808
v 30.119219 4.566850 -18.359434
v 30.121887 4.697472 -18.002645
v 30.154593 4.692169 -18.203259
v 27.300940 7.175349 -18.724081
v 26.618654 6.715013 -18.556532
v 27.307407 6.925074 -19.400019
v 26.625122 6.464737 -19.232470
v 27.229109 7.246044 -18.930250
v 27.231777 7.115422 -19.287041
v 27.196404 7.240742 -19.130863
v 26.549492 6.655086 -19.119490
v 26.546824 6.785707 -18.762701
v 26.514118 6.780405 -18.963314
v 26.824966 6.653290 -18.534067
v 26.142681 6.192954 -18.366518
v 26.831434 6.403015 -19.210005
v 26.149147 5.942678 -19.042456
v 26.753134 6.723985 -18.740236
v 26.755804 6.593363 -19.097027
v 26.720430 6.718683 -18.940849
v 26.073517 6.133027 -18.929476
v 26.070848 6.263649 -18.572687
v 26.038143 6.258347 -18.773300
v 26.348993 6.131231 -18.344053
v 25.666706 5.670895 -18.176504
v 26.355459 5.880956 -19.019991
v 25.673174 5.420619 -18.852442
v 26.277161 6.201926 -18.550222
v 26.279829 6.071304 -18.907013
v 26.244455 6.196624 -18.750835
v 25.597544 5.610968 -18.739462
v 25.594875 5.741590 -18.382673
v 25.562170 5.736287 -18.583286
v 25.873018 5.609172 -18.154039
v 25.190733 5.148836 -17.986490
v 25.879486 5.358897 -18.829977
v 25.197201 4.898561 -18.662428
v 25.801188 5.679867 -18.360209
v 25.803856 5.549245 -18.716997
v 25.768482 5.674565 -18.560822
v 25.121569 5.088908 -18.549448
v 25.118900 5.219531 -18.192659
v 25.086197 5.214228 -18.393272
v 25.397045 5.087113 -17.964025
v 24.714760 4.626777 -17.796476
v 25.403511 4.836838 -18.639963
v 24.721226 4.376502 -18.472414
v 25.325212 5.157808 -18.170195
v 25.327881 5.027186 -18.526983
v 25.292507 5.152506 -18.370808
v 24.645596 4.566850 -18.359434
v 24.642927 4.697472 -18.002645
v 24.610222 4.692169 -18.203259
v 27.463873 6.916504 -19.435251
v 28.146160 6.456167 -19.267702
v 27.457407 6.666229 -20.111191
v 28.139692 6.205893 -19.943642
v 27.535706 6.987199 -19.641420
v 27.533037 6.856576 -19.998211
v 27.568411 6.981897 -19.842035
v 28.215322 6.396240 -19.830662
v 28.217991 6.526862 -19.473873
v 28.250696 6.521560 -19.674486
v 27.939848 6.394445 -19.245237
v 28.622133 5.934109 -19.077688
v 27.933380 6.144170 -19.921177
v 28.615665 5.683833 -19.753628
v 28.011679 6.465140 -19.451406
v 28.009010 6.334518 -19.808197
v 28.044384 6.459838 -19.652021
v 28.691298 5.874182 -19.640648
v 28.693966 6.004804 -19.283859
v 28.726669 5.999501 -19.484472
v 28.415821 5.872386 -19.055223
v 29.098106 5.412049 -18.887674
v 28.409353 5.622111 -19.731163
v 29.091640 5.161775 -19.563614
v 28.487654 5.943081 -19.261393
v 28.484985 5.812459 -19.618183
v 28.520357 5.937779 -19.462008
v 29.167271 5.352122 -19.450634
v 29.169939 5.482745 -19.093845
v 29.202644 5.477442 -19.294458
v 28.891796 5.350327 -18.865210
v 29.574081 4.889991 -18.697660
v 28.885328 5.100052 -19.541149
v 29.567614 4.639715 -19.373600
v 28.963627 5.421021 -19.071379
v 28.960958 5.290400 -19.428169
v 28.996332 5.415720 -19.271994
v 29.643244 4.830063 -19.260620
v 29.645912 4.960686 -18.903831
v 29.678617 4.955383 -19.104445
v 29.367769 4.828268 -18.675196
v 30.050055 4.367932 -18.507647
v 29.361301 4.577993 -19.351135
v 30.043587 4.117657 -19.183586
v 29.439602 4.898963 -18.881365
v 29.436932 4.768341 -19.238155
v 29.472305 4.893661 -19.081980
v 30.119219 4.308004 -19.070606
v 30.121887 4.438627 -18.713818
v 30.154593 4.433324 -18.914431
v 27.300940 6.916504 -19.435251
v 26.618654 6.456167 -19.267702
v 27.307407 6.666229 -20.111191
v 26.625122 6.205893 -19.943642
v 27.229109 6.987199 -19.641420
v 27.231777 6.856576 -19.998211
v 27.196404 6.981897 -19.842035
v 26.549492 6.396240 -19.830662
v 26.546824 6.526862 -19.473873
v 26.514118 6.521560 -19.674486
v 26.824966 6.394445 -19.245237
v 26.142681 5.934109 -19.077688
v 26.831434 6.144170 -19.921177
v 26.149147 5.683833 -19.753628
v 26.753134 6.465140 -19.451406
v 26.755804 6.334518 -19.808197
v 26.720430 6.459838 -19.652021
v 26.073517 5.874182 -19.640648
v 26.070848 6.004804 -19.283859
v 26.038143 5.999501 -19.484472
v 26.348993 5.872386 -19.055223
v 25.666706 5.412050 -18.887674
v 26.355459 5.622111 -19.731161
v 25.673174 5.161775 -19.563614
v 26.277161 5.943081 -19.261393
v 26.279829 5.812459 -19.618183
v 26.244455 5.937779 -19.462008
v 25.597544 5.352122 -19.450634
v 25.594875 5.482745 -19.093845
v 25.562170 5.477442 -19.294456
v 25.873018 5.350327 -18.865210
v 25.190733 4.889991 -18.697660
v 25.879486 5.100052 -19.541147
v 25.197201 4.639715 -19.373600
v 25.801188 5.421021 -19.071379
v 25.803856 5.290400 -19.428169
v 25.768482 5.415720 -19.271994
v 25.121569 4.830064 -19.260620
v 25.118900 4.960686 -18.903830
v 25.086197 4.955383 -19.104443
v 25.397045 4.828269 -18.675196
v 24.714760 4.367932 -18.507647
v 25.403511 4.577993 -19.351133
v 24.721226 4.117657 -19.183586
v 25.325212 4.898963 -18.881365
v 25.327881 4.768341 -19.238155
v 25.292507 4.893661 -19.081980
v 24.645596 4.308004 -19.070606
v 24.642927 4.438627 -18.713816
v 24.610222 4.433324 -18.914429
v 27.463873 6.657660 -20.146423
v 28.146160 6.197323 -19.978874
v 27.457407 6.407384 -20.822361
v 28.139692 5.947047 -20.654812
v 27.535706 6.728354 -20.352592
v 27.533037 6.597732 -20.709381
v 27.568411 6.723052 -20.553205
v 28.215322 6.137395 -20.541832
v 28.217991 6.268017 -20.185043
v 28.250696 6.262715 -20.385656
v 27.939848 6.135600 -19.956409
v 28.622133 5.675264 -19.788860
v 27.933380 5.885325 -20.632347
v 28.615665 5.424988 -20.464798
v 28.011679 6.206295 -20.162579
v 28.009010 6.075673 -20.519367
v 28.044384 6.200993 -20.363192
v 28.691298 5.615336 -20.351818
v 28.693966 5.745959 -19.995029
v 28.726669 5.740656 -20.195642
v 28.415821 5.613542 -19.766396
v 29.098106 5.153205 -19.598846
v 28.409353 5.363266 -20.442333
v 29.091640 4.902929 -20.274784
v 28.487654 5.684236 -19.972565
v 28.484985 5.553614 -20.329353
v 28.520357 5.678934 -20.173178
v 29.167271 5.093277 -20.161804
v 29.169939 5.223900 -19.805016
v 29.202644 5.218597 -20.005629
v 28.891796 5.091482 -19.576380
v 29.574081 4.631145 -19.408833
v 28.885328 4.841207 -20.252319
v 29.567614 4.380870 -20.084770
v 28.963627 5.162177 -19.782551
v 28.960958 5.031555 -20.139339
v 28.996332 5.156875 -19.983164
v 29.643244 4.571218 -19.971790
v 29.645912 4.701840 -19.615002
v 29.678617 4.696538 -19.815615
v 29.367769 4.569424 -19.386366
v 30.050055 4.109087 -19.218819
v 29.361301 4.319148 -20.062305
v 30.043587 3.858811 -19.894756
v 29.439602 4.640118 -19.592537
v 29.436932 4.509496 -19.949326
v 29.472305 4.634816 -19.793150
v 30.119219 4.049160 -19.781776
v 30.121887 4.179782 -19.424988
v 30.154593 4.174479 -19.625601
v 27.300940 6.657660 -20.146423
v 26.618654 6.197323 -19.978874
v 27.307407 6.407384 -20.822361
v 26.625122 5.947047 -20.654812
v 27.229109 6.728354 -20.352592
v 27.231777 6.597732 -20.709381
v 27.196404 6.723052 -20.553205
v 26.549492 6.137395 -20.541832
v 26.546824 6.268018 -20.185043
v 26.514118 6.262715 -20.385656
v 26.824966 6.135600 -19.956409
v 26.142681 5.675264 -19.788860
v 26.831434 5.885325 -20.632347
v 26.149147 5.424988 -20.464798
v 26.753134 6.206295 -20.162579
v 26.755804 6.075673 -20.519367
v 26.720430 6.200993 -20.363192
v 26.073517 5.615336 -20.351818
v 26.070848 5.745959 -19.995029
v 26.038143 5.740656 -20.195642
v 26.348993 5.613542 -19.766394
v 25.666706 5.153205 -19.598846
v 26.355459 5.363266 -20.442333
v 25.673174 4.902929 -20.274784
v 26.277161 5.684236 -19.972565
v 26.279829 5.553615 -20.329353
v 26.244455 5.678934 -20.173178
v 25.597544 5.093277 -20.161804
v 25.594875 5.223900 -19.805016
v 25.562170 5.218597 -20.005629
v 25.873018 5.091482 -19.576380
v 25.190733 4.631145 -19.408833
v 25.879486 4.841207 -20.252319
v 25.197201 4.380870 -20.084770
v 25.801188 5.162177 -19.782551
v 25.803856 5.031555 -20.139339
v 25.768482 5.156875 -19.983164
v 25.121569 4.571218 -19.971790
v 25.118900 4.701840 -19.615002
v 25.086197 4.696538 -19.815615
v 25.397045 4.569424 -19.386366
v 24.714760 4.109087 -19.218819
v 25.403511 4.319148 -20.062305
v 24.721226 3.858812 -19.894756
v 25.325212 4.640118 -19.592537
v 25.327881 4.509496 -19.949326
v 25.292507 4.634816 -19.793150
v 24.645596 4.049160 -19.781776
v 24.642927 4.179782 -19.424988
v 24.610222 4.174479 -19.625601
v 27.463873 6.398814 -20.857594
v 28.146160 5.938478 -20.690044
v 27.457407 6.148539 -21.533531
v 28.139692 5.688202 -21.365982
v 27.535706 6.469509 -21.063763
v 27.533037 6.338887 -21.420551
v 27.568411 6.464207 -21.264376
v 28.215322 5.878551 -21.253002
v 28.217991 6.009172 -20.896214
v 28.250696 6.003870 -21.096827
v 27.939848 5.876755 -20.667580
v 28.622133 5.416419 -20.500031
v 27.933380 5.626480 -21.343517
v 28.615665 5.166143 -21.175968
v 28.011679 5.947450 -20.873749
v 28.009010 5.816828 -21.230537
v 28.044384 5.942148 -21.074362
v 28.691298 5.356492 -21.062988
v 28.693966 5.487114 -20.706200
v 28.726669 5.481812 -20.906813
v 28.415821 5.354697 -20.477566
v 29.098106 4.894360 -20.310017
v 28.409353 5.104421 -21.153503
v 29.091640 4.644084 -20.985954
v 28.487654 5.425391 -20.683735
v 28.484983 5.294769 -21.040524
v 28.520357 5.420089 -20.884348
v 29.167271 4.834433 -20.872974
v 29.169939 4.965055 -20.516186
v 29.202644 4.959752 -20.716799
v 28.891796 4.832637 -20.287552
v 29.574081 4.372301 -20.120003
v 28.885328 4.582362 -20.963490
v 29.567614 4.122025 -20.795940
v 28.963627 4.903332 -20.493721
v 28.960958 4.772710 -20.850510
v 28.996332 4.898030 -20.694334
v 29.643244 4.312374 -20.682961
v 29.645912 4.442996 -20.326172
v 29.678617 4.437693 -20.526785
v 29.367769 4.310578 -20.097538
v 30.050055 3.850242 -19.929989
v 29.361301 4.060303 -20.773476
v 30.043587 3.599967 -20.605927
v 29.439602 4.381273 -20.303707
v 29.436932 4.250651 -20.660496
v 29.472305 4.375971 -20.504320
v 30.119219 3.790315 -20.492947
v 30.121887 3.920937 -20.136158
v 30.154593 3.915634 -20.336771
v 27.300940 6.398814 -20.857594
v 26.618654 5.938478 -20.690044
v 27.307407 6.148539 -21.533531
v 26.625122 5.688202 -21.365982
v 27.229109 6.469509 -21.063763
v 27.231777 6.338887 -21.420551
v 27.196404 6.464207 -21.264376
v 26.549492 5.878551 -21.253002
v 26.546822 6.009172 -20.896214
v 26.514118 6.003870 -21.096827
v 26.824966 5.876756 -20.667580
v 26.142681 5.416419 -20.500031
v 26.831434 5.626480 -21.343517
v 26.149147 5.166143 -21.175968
v 26.753134 5.947450 -20.873749
v 26.755804 5.816828 -21.230537
v 26.720430 5.942148 -21.074362
v 26.073517 5.356492 -21.062988
v 26.070848 5.487114 -20.706200
v 26.038143 5.481812 -20.906813
v 26.348993 5.354697 -20.477566
v 25.666706 4.894360 -20.310017
v 26.355459 5.104421 -21.153503
v 25.673174 4.644084 -20.985954
v 26.277161 5.425391 -20.683735
v 26.279829 5.294769 -21.040524
v 26.244455 5.420089 -20.884348
v 25.597544 4.834433 -20.872974
v 25.594875 4.965055 -20.516186
v 25.562170 4.959752 -20.716799
v 25.873018 4.832638 -20.287552
v 25.190733 4.372301 -20.120003
v 25.879486 4.582362 -20.963490
v 25.197201 4.122025 -20.795940
v 25.801188 4.903332 -20.493721
v 25.803856 4.772710 -20.850510
v 25.768482 4.898030 -20.694334
v 25.121569 4.312374 -20.682961
v 25.118900 4.442996 -20.326172
v 25.086197 4.437694 -20.526785
v 25.397045 4.310578 -20.097538
v 24.714760 3.850242 -19.929989
v 25.403511 4.060303 -20.773476
v 24.721226 3.599967 -20.605927
v 25.325212 4.381273 -20.303707
v 25.327881 4.250651 -20.660496
v 25.292507 4.375971 -20.504320
v 24.645596 3.790315 -20.492947
v 24.642927 3.920937 -20.136158
v 24.610222 3.915634 -20.336771
v 27.463873 6.139969 -21.568764
v 28.146160 5.679633 -21.401215
v 27.457407 5.889694 -22.244701
v 28.139692 5.429358 -22.077152
v 27.535706 6.210664 -21.774933
v 27.533037 6.080042 -22.131723
v 27.568411 6.205362 -21.975548
v 28.215322 5.619705 -21.964172
v 28.217991 5.750328 -21.607384
v 28.250696 5.745025 -21.807999
v 27.939848 5.617910 -21.378750
v 28.622133 5.157574 -21.211201
v 27.933380 5.367635 -22.054688
v 28.615665 4.907298 -21.887140
v 28.011679 5.688605 -21.584919
v 28.009010 5.557983 -21.941710
v 28.044384 5.683303 -21.785534
v 28.691296 5.097647 -21.774160
v 28.693966 5.228269 -21.417370
v 28.726669 5.222966 -21.617985
v 28.415821 5.095852 -21.188736
v 29.098106 4.635515 -21.021187
v 28.409353 4.845576 -21.864674
v 29.091640 4.385240 -21.697126
v 28.487654 5.166546 -21.394905
v 28.484983 5.035924 -21.751696
v 28.520357 5.161244 -21.595520
v 29.167271 4.575587 -21.584146
v 29.169939 4.706210 -21.227356
v 29.202644 4.700907 -21.427971
v 28.891796 4.573792 -20.998722
v 29.574081 4.113456 -20.831173
v 28.885328 4.323517 -21.674660
v 29.567614 3.863180 -21.507111
v 28.963627 4.644487 -21.204891
v 28.960958 4.513865 -21.561682
v 28.996332 4.639185 -21.405506
v 29.643244 4.053529 -21.394133
v 29.645912 4.184151 -21.037342
v 29.678617 4.178848 -21.237955
v 29.367769 4.051733 -20.808708
v 30.050055 3.591397 -20.641159
v 29.361301 3.801458 -21.484646
v 30.043587 3.341122 -21.317097
v 29.439602 4.122428 -21.014877
v 29.436932 3.991806 -21.371668
v 29.472305 4.117126 -21.215492
v 30.119219 3.531470 -21.204119
v 30.121887 3.662092 -20.847328
v 30.154591 3.656789 -21.047941
v 27.300940 6.139969 -21.568764
v 26.618654 5.679633 -21.401215
v 27.307407 5.889694 -22.244701
v 26.625122 5.429358 -22.077152
v 27.229109 6.210664 -21.774933
v 27.231777 6.080042 -22.131723
v 27.196404 6.205362 -21.975548
v 26.549492 5.619705 -21.964172
v 26.546822 5.750328 -21.607384
v 26.514118 5.745025 -21.807999
v 26.824966 5.617910 -21.378750
v 26.142681 5.157574 -21.211201
v 26.831434 5.367635 -22.054688
v 26.149147 4.907298 -21.887140
v 26.753134 5.688605 -21.584919
v 26.755804 5.557983 -21.941710
v 26.720430 5.683303 -21.785534
v 26.073517 5.097647 -21.774160
v 26.070848 5.228269 -21.417370
v 26.038143 5.222966 -21.617985
v 26.348993 5.095852 -21.188736
v 25.666706 4.635515 -21.021187
v 26.355459 4.845576 -21.864674
v 25.673174 4.385240 -21.697124
v 26.277161 5.166546 -21.394905
v 26.279829 5.035924 -21.751696
v 26.244455 5.161244 -21.595520
v 25.597544 4.575587 -21.584145
v 25.594875 4.706210 -21.227356
v 25.562170 4.700907 -21.427969
v 25.873018 4.573792 -20.998722
v 25.190733 4.113456 -20.831173
v 25.879486 4.323517 -21.674660
v 25.197201 3.863181 -21.507111
v 25.801186 4.644487 -21.204891
v 25.803856 4.513865 -21.561680
v 25.768482 4.639185 -21.405504
v 25.121569 4.053529 -21.394131
v 25.118900 4.184151 -21.037342
v 25.086197 4.178848 -21.237955
v 25.397045 4.051733 -20.808708
v 24.714760 3.591397 -20.641159
v 25.403511 3.801458 -21.484646
v 24.721226 3.341122 -21.317097
v 25.325212 4.122428 -21.014877
v 25.327881 3.991806 -21.371666
v 25.292507 4.117126 -21.215490
v 24.645596 3.531470 -21.204117
v 24.642927 3.662092 -20.847328
v 24.610222 3.656789 -21.047941
v 27.463873 5.881124 -22.279934
v 28.146160 5.420788 -22.112385
v 27.457407 5.630849 -22.955873
v 28.139692 5.170512 -22.788324
v 27.535706 5.951819 -22.486103
v 27.533037 5.821197 -22.842894
v 27.568411 5.946517 -22.686718
v 28.215322 5.360860 -22.675344
v 28.217991 5.491483 -22.318556
v 28.250696 5.486180 -22.519169
v 27.939848 5.359066 -22.089920
v 28.622133 4.898729 -21.922371
v 27.933380 5.108790 -22.765860
v 28.615665 4.648453 -22.598310
v 28.011679 5.429760 -22.296089
v 28.009010 5.299138 -22.652880
v 28.044384 5.424458 -22.496704
v 28.691296 4.838801 -22.485331
v 28.693966 4.969424 -22.128542
v 28.726669 4.964121 -22.329155
v 28.415821 4.837007 -21.899906
v 29.098106 4.376670 -21.732357
v 28.409353 4.586731 -22.575844
v 29.091640 4.126394 -22.408297
v 28.487654 4.907701 -22.106075
v 28.484983 4.777079 -22.462866
v 28.520357 4.902399 -22.306690
v 29.167271 4.316742 -22.295317
v 29.169939 4.447365 -21.938528
v 29.202644 4.442062 -22.139141
v 28.891796 4.314948 -21.709892
v 29.574081 3.854611 -21.542343
v 28.885328 4.064672 -22.385830
v 29.567614 3.604335 -22.218283
v 28.963627 4.385642 -21.916061
v 28.960958 4.255020 -22.272852
v 28.996332 4.380340 -22.116676
v 29.643244 3.794683 -22.105303
v 29.645912 3.925306 -21.748514
v 29.678617 3.920003 -21.949127
v 29.367769 3.792889 -21.519878
v 30.050055 3.332552 -21.352329
v 29.361301 3.542613 -22.195816
v 30.043587 3.082277 -22.028269
v 29.439602 3.863583 -21.726048
v 29.436932 3.732961 -22.082838
v 29.472305 3.858281 -21.926662
v 30.119219 3.272624 -21.915289
v 30.121887 3.403247 -21.558500
v 30.154591 3.397944 -21.759113
v 27.300940 5.881124 -22.279934
v 26.618654 5.420788 -22.112385
v 27.307407 5.630849 -22.955873
v 26.625122 5.170512 -22.788324
v 27.229109 5.951819 -22.486103
v 27.231777 5.821197 -22.842894
v 27.196404 5.946517 -22.686718
v 26.549492 5.360860 -22.675344
v 26.546822 5.491483 -22.318556
v 26.514118 5.486180 -22.519169
v 26.824966 5.359066 -22.089920
v 26.142681 4.898729 -21.922371
v 26.831434 5.108790 -22.765860
v 26.149147 4.648453 -22.598310
v 26.753134 5.429760 -22.296089
v 26.755804 5.299138 -22.652880
v 26.720430 5.424458 -22.496704
v 26.073517 4.838801 -22.485331
v 26.070848 4.969424 -22.128542
v 26.038143 4.964121 -22.329155
v 26.348993 4.837007 -21.899906
v 25.666706 4.376670 -21.732357
v 26.355459 4.586731 -22.575844
v 25.673174 4.126394 -22.408297
v 26.277161 4.907701 -22.106075
v 26.279829 4.777079 -22.462866
v 26.244455 4.902399 -22.306690
v 25.597544 4.316742 -22.295317
v 25.594875 4.447365 -21.938528
v 25.562170 4.442062 -22.139141
v 25.873018 4.314948 -21.709892
v 25.190733 3.854611 -21.542343
v 25.879486 4.064672 -22.385830
v 25.197201 3.604335 -22.218283
v 25.801186 4.385642 -21.916061
v 25.803856 4.255020 -22.272852
v 25.768482 4.380340 -22.116676
v 25.121569 3.794683 -22.105303
v 25.118900 3.925306 -21.748514
v 25.086197 3.920003 -21.949127
v 25.397045 3.792889 -21.519878
v 24.714760 3.332552 -21.352329
v 25.403511 3.542613 -22.195816
v 24.721226 3.082277 -22.028269
v 25.325212 3.863583 -21.726048
v 25.327881 3.732961 -22.082838
v 25.292507 3.858281 -21.926662
v 24.645596 3.272624 -21.915289
v 24.642927 3.403247 -21.558500
v 24.610222 3.397944 -21.759113
v 27.463873 5.622279 -22.991106
v 28.146158 5.161942 -22.823557
v 27.457407 5.372004 -23.667044
v 28.139692 4.911667 -23.499495
v 27.535706 5.692974 -23.197275
v 27.533037 5.562352 -23.554064
v 27.568411 5.687672 -23.397888
v 28.215322 5.102015 -23.386517
v 28.217991 5.232637 -23.029726
v 28.250696 5.227335 -23.230339
v 27.939848 5.100220 -22.801092
v 28.622133 4.639884 -22.633543
v 27.933380 4.849945 -23.477030
v 28.615665 4.389608 -23.309481
v 28.011679 5.170915 -23.007261
v 28.009010 5.040293 -23.364050
v 28.044384 5.165613 -23.207874
v 28.691296 4.579957 -23.196503
v 28.693966 4.710579 -22.839712
v 28.726669 4.705276 -23.040325
v 28.415821 4.578162 -22.611078
v 29.098106 4.117825 -22.443529
v 28.409353 4.327886 -23.287016
v 29.091640 3.867549 -23.119467
v 28.487654 4.648856 -22.817247
v 28.484983 4.518234 -23.174036
v 28.520357 4.643554 -23.017860
v 29.167271 4.057898 -23.006489
v 29.169939 4.188519 -22.649698
v 29.202644 4.183217 -22.850311
v 28.891796 4.056102 -22.421064
v 29.574081 3.595766 -22.253515
v 28.885328 3.805827 -23.097002
v 29.567614 3.345490 -22.929453
v 28.963627 4.126797 -22.627234
v 28.960958 3.996175 -22.984022
v 28.996332 4.121495 -22.827847
v 29.643244 3.535839 -22.816473
v 29.645912 3.666461 -22.459684
v 29.678617 3.661158 -22.660297
v 29.367769 3.534043 -22.231050
v 30.050055 3.073707 -22.063501
v 29.361301 3.283768 -22.906988
v 30.043587 2.823431 -22.739439
v 29.439602 3.604738 -22.437220
v 29.436932 3.474116 -22.794008
v 29.472305 3.599436 -22.637833
v 30.119219 3.013780 -22.626459
v 30.121887 3.144402 -22.269670
v 30.154591 3.139099 -22.470284
v 27.300940 5.622279 -22.991106
v 26.618654 5.161942 -22.823557
v 27.307407 5.372004 -23.667044
v 26.625122 4.911667 -23.499495
v 27.229109 5.692974 -23.197275
v 27.231777 5.562352 -23.554064
v 27.196404 5.687672 -23.397888
v 26.549492 5.102015 -23.386517
v 26.546822 5.232637 -23.029726
v 26.514118 5.227335 -23.230339
v 26.824966 5.100220 -22.801092
v 26.142681 4.639884 -22.633543
v 26.831434 4.849945 -23.477030
v 26.149147 4.389608 -23.309481
v 26.753134 5.170915 -23.007261
v 26.755804 5.040293 -23.364050
v 26.720430 5.165613 -23.207874
v 26.073517 4.579957 -23.196503
v 26.070848 4.710579 -22.839712
v 26.038143 4.705276 -23.040325
v 26.348993 4.578162 -22.611078
v 25.666706 4.117825 -22.443529
v 26.355459 4.327886 -23.287016
v 25.673174 3.867549 -23.119467
v 26.277161 4.648856 -22.817247
v 26.279829 4.518234 -23.174036
v 26.244455 4.643554 -23.017860
v 25.597544 4.057898 -23.006489
v 25.594875 4.188519 -22.649698
v 25.562170 4.183217 -22.850311
v 25.873018 4.056102 -22.421064
v 25.190733 3.595766 -22.253515
v 25.879486 3.805827 -23.097002
v 25.197201 3.345490 -22.929453
v 25.801186 4.126797 -22.627234
v 25.803856 3.996175 -22.984022
v 25.768482 4.121495 -22.827847
v 25.121569 3.535839 -22.816473
v 25.118900 3.666461 -22.459684
v 25.086197 3.661158 -22.660297
v 25.397045 3.534043 -22.231050
v 24.714760 3.073707 -22.063501
v 25.403511 3.283768 -22.906988
v 24.721226 2.823431 -22.739439
v 25.325212 3.604738 -22.437220
v 25.327881 3.474116 -22.794008
v 25.292507 3.599436 -22.637833
v 24.645596 3.013780 -22.626459
v 24.642927 3.144402 -22.269670
v 24.610222 3.139099 -22.470284
v 27.436909 7.125777 -18.750473
v 28.119196 6.665440 -18.582926
v 27.430702 6.904572 -19.347601
v 28.112989 6.444236 -19.180052
v 27.504471 7.194280 -18.945280
v 27.502026 7.085935 -19.241766
v 27.532076 7.193329 -19.113171
v 28.184614 6.626284 -19.073572
v 28.187092 6.734057 -18.778782
v 28.214363 6.732948 -18.945742
v 27.912884 6.603718 -18.560459
v 28.595169 6.143381 -18.392912
v 27.906677 6.382514 -19.157587
v 28.588963 5.922177 -18.990038
v 27.980446 6.672221 -18.755266
v 27.977999 6.563876 -19.051752
v 28.008051 6.671270 -18.923157
v 28.660589 6.104225 -18.883558
v 28.663065 6.211998 -18.588768
v 28.690336 6.210890 -18.755728
v 28.388857 6.081659 -18.370445
v 29.071142 5.621322 -18.202898
v 28.382650 5.860455 -18.967573
v 29.064936 5.400118 -18.800024
v 28.456419 6.150163 -18.565252
v 28.453972 6.041817 -18.861738
v 28.484024 6.149212 -18.733143
v 29.136562 5.582166 -18.693544
v 29.139040 5.689939 -18.398754
v 29.166311 5.688830 -18.565714
v 28.864832 5.559599 -18.180431
v 29.547117 5.099263 -18.012884
v 28.858625 5.338395 -18.777559
v 29.540911 4.878059 -18.610010
v 28.932392 5.628102 -18.375240
v 28.929947 5.519758 -18.671724
v 28.959999 5.627152 -18.543129
v 29.612537 5.060107 -18.503531
v 29.615013 5.167880 -18.208740
v 29.642284 5.166771 -18.375700
v 29.340805 5.037540 -17.990417
v 30.023090 4.577204 -17.822870
v 29.334599 4.816337 -18.587545
v 30.016884 4.356000 -18.419996
v 29.408367 5.106044 -18.185225
v 29.405920 4.997699 -18.481710
v 29.435972 5.105093 -18.353115
v 30.088511 4.538048 -18.313517
v 30.090986 4.645821 -18.018726
v 30.118258 4.644712 -18.185686
v 27.327904 7.125777 -18.750473
v 26.645618 6.665440 -18.582926
v 27.334110 6.904572 -19.347601
v 26.651825 6.444236 -19.180052
v 27.260344 7.194280 -18.945280
v 27.262789 7.085935 -19.241766
v 27.232737 7.193329 -19.113171
v 26.580198 6.626284 -19.073572
v 26.577723 6.734057 -18.778782
v 26.550451 6.732948 -18.945742
v 26.851931 6.603718 -18.560459
v 26.169645 6.143381 -18.392912
v 26.858137 6.382514 -19.157587
v 26.175852 5.922177 -18.990038
v 26.784369 6.672221 -18.755266
v 26.786816 6.563876 -19.051752
v 26.756763 6.671271 -18.923157
v 26.104225 6.104225 -18.883558
v 26.101749 6.211998 -18.588768
v 26.074478 6.210890 -18.755728
v 26.375957 6.081659 -18.370445
v 25.693670 5.621322 -18.202896
v 26.382164 5.860455 -18.967573
v 25.699877 5.400118 -18.800024
v 26.308395 6.150163 -18.565252
v 26.310841 6.041817 -18.861738
v 26.280790 6.149212 -18.733143
v 25.628250 5.582166 -18.693544
v 25.625774 5.689939 -18.398754
v 25.598503 5.688830 -18.565714
v 25.899982 5.559599 -18.180431
v 25.217697 5.099263 -18.012882
v 25.906189 5.338395 -18.777559
v 25.223904 4.878059 -18.610010
v 25.832420 5.628103 -18.375238
v 25.834867 5.519758 -18.671724
v 25.804815 5.627152 -18.543129
v 25.152277 5.060107 -18.503531
v 25.149801 5.167880 -18.208740
v 25.122530 5.166772 -18.375700
v 25.424009 5.037540 -17.990417
v 24.741724 4.577204 -17.822868
v 25.430216 4.816337 -18.587545
v 24.747931 4.356000 -18.419996
v 25.356447 5.106044 -18.185225
v 25.358894 4.997699 -18.481710
v 25.328842 5.105094 -18.353115
v 24.676304 4.538048 -18.313517
v 24.673826 4.645822 -18.018726
v 24.646557 4.644713 -18.185686
v 27.436909 6.866931 -19.461645
v 28.119196 6.406595 -19.294096
v 27.430702 6.645727 -20.058771
v 28.112988 6.185390 -19.891224
v 27.504471 6.935435 -19.656450
v 27.502026 6.827090 -19.952936
v 27.532076 6.934484 -19.824341
v 28.184614 6.367439 -19.784742
v 28.187092 6.475212 -19.489952
v 28.214363 6.474103 -19.656914
v 27.912884 6.344873 -19.271631
v 28.595169 5.884536 -19.104082
v 27.906677 6.123669 -19.868759
v 28.588963 5.663332 -19.701210
v 27.980446 6.413376 -19.466436
v 27.977999 6.305031 -19.762922
v 28.008051 6.412426 -19.634327
v 28.660589 5.845380 -19.594728
v 28.663065 5.953153 -19.299938
v 28.690336 5.952044 -19.466900
v 28.388857 5.822814 -19.081617
v 29.071142 5.362477 -18.914068
v 28.382650 5.601609 -19.678743
v 29.064936 5.141273 -19.511196
v 28.456419 5.891317 -19.276423
v 28.453972 5.782972 -19.572908
v 28.484024 5.890367 -19.444313
v 29.136562 5.323321 -19.404715
v 29.139040 5.431094 -19.109924
v 29.166311 5.429986 -19.276886
v 28.864832 5.300755 -18.891603
v 29.547117 4.840418 -18.724054
v 28.858625 5.079550 -19.488729
v 29.540911 4.619214 -19.321182
v 28.932392 5.369257 -19.086411
v 28.929947 5.260913 -19.382895
v 28.959999 5.368308 -19.254299
v 29.612537 4.801262 -19.214701
v 29.615013 4.909035 -18.919910
v 29.642284 4.907927 -19.086872
v 29.340805 4.778696 -18.701590
v 30.023090 4.318359 -18.534040
v 29.334599 4.557492 -19.298716
v 30.016884 4.097155 -19.131168
v 29.408367 4.847199 -18.896395
v 29.405920 4.738854 -19.192881
v 29.435972 4.846249 -19.064285
v 30.088511 4.279203 -19.024687
v 30.090986 4.386976 -18.729897
v 30.118258 4.385868 -18.896858
v 27.327904 6.866931 -19.461645
v 26.645618 6.406595 -19.294096
v 27.334110 6.645727 -20.058771
v 26.651825 6.185390 -19.891224
v 27.260344 6.935435 -19.656450
v 27.262789 6.827090 -19.952936
v 27.232737 6.934484 -19.824341
v 26.580198 6.367439 -19.784742
v 26.577723 6.475212 -19.489952
v 26.550451 6.474103 -19.656914
v 26.851931 6.344873 -19.271631
v 26.169645 5.884536 -19.104082
v 26.858137 6.123669 -19.868759
v 26.175852 5.663332 -19.701210
v 26.784369 6.413376 -19.466436
v 26.786816 6.305031 -19.762922
v 26.756763 6.412426 -19.634327
v 26.104225 5.845380 -19.594728
v 26.101749 5.953153 -19.299938
v 26.074478 5.952044 -19.466900
v 26.375957 5.822814 -19.081617
v 25.693670 5.362477 -18.914068
v 26.382164 5.601610 -19.678743
v 25.699877 5.141273 -19.511196
v 26.308395 5.891317 -19.276423
v 26.310841 5.782972 -19.572908
v 26.280790 5.890367 -19.444313
v 25.628250 5.323321 -19.404715
v 25.625774 5.431094 -19.109924
v 25.598503 5.429986 -19.276886
v 25.899982 5.300755 -18.891603
v 25.217697 4.840418 -18.724054
v 25.906189 5.079551 -19.488729
v 25.223904 4.619214 -19.321182
v 25.832420 5.369258 -19.086409
v 25.834867 5.260913 -19.382895
v 25.804815 5.368308 -19.254299
v 25.152277 4.801262 -19.214701
v 25.149801 4.909035 -18.919910
v 25.122530 4.907927 -19.086872
v 25.424009 4.778696 -18.701590
v 24.741724 4.318359 -18.534040
v 25.430216 4.557492 -19.298716
v 24.747931 4.097155 -19.131168
v 25.356447 4.847199 -18.896395
v 25.358894 4.738854 -19.192881
v 25.328842 4.846249 -19.064285
v 24.676304 4.279203 -19.024687
v 24.673826 4.386976 -18.729897
v 24.646557 4.385868 -18.896858
v 27.436909 6.608087 -20.172815
v 28.119196 6.147750 -20.005266
v 27.430702 6.386882 -20.769943
v 28.112988 5.926546 -20.602394
v 27.504471 6.676590 -20.367622
v 27.502026 6.568245 -20.664106
v 27.532076 6.675639 -20.535511
v 28.184614 6.108594 -20.495913
v 28.187092 6.216367 -20.201124
v 28.214363 6.215259 -20.368084
v 27.912884 6.086028 -19.982801
v 28.595169 5.625691 -19.815252
v 27.906677 5.864824 -20.579929
v 28.588963 5.404487 -20.412380
v 27.980444 6.154531 -20.177608
v 27.977999 6.046186 -20.474092
v 28.008051 6.153581 -20.345497
v 28.660589 5.586535 -20.305899
v 28.663065 5.694308 -20.011110
v 28.690336 5.693200 -20.178070
v 28.388857 5.563969 -19.792788
v 29.071142 5.103632 -19.625238
v 28.382650 5.342765 -20.389915
v 29.064936 4.882428 -20.222366
v 28.456419 5.632473 -19.987595
v 28.453972 5.524127 -20.284079
v 28.484024 5.631522 -20.155483
v 29.136562 5.064476 -20.115885
v 29.139040 5.172249 -19.821096
v 29.166311 5.171141 -19.988056
v 28.864832 5.041909 -19.602774
v 29.547117 4.581573 -19.435225
v 28.858625 4.820705 -20.199902
v 29.540911 4.360369 -20.032352
v 28.932392 5.110413 -19.797581
v 28.929947 5.002068 -20.094065
v 28.959999 5.109463 -19.965469
v 29.612537 4.542417 -19.925871
v 29.615013 4.650190 -19.631083
v 29.642284 4.649081 -19.798042
v 29.340805 4.519851 -19.412760
v 30.023090 4.059514 -19.245211
v 29.334599 4.298646 -20.009888
v 30.016884 3.838310 -19.842339
v 29.408367 4.588354 -19.607567
v 29.405920 4.480009 -19.904051
v 29.435972 4.587403 -19.775455
v 30.088511 4.020358 -19.735857
v 30.090986 4.128131 -19.441069
v 30.118258 4.127023 -19.608028
v 27.327904 6.608087 -20.172815
v 26.645618 6.147750 -20.005266
v 27.334110 6.386882 -20.769943
v 26.651825 5.926546 -20.602394
v 27.260344 6.676590 -20.367622
v 27.262789 6.568245 -20.664106
v 27.232737 6.675639 -20.535511
v 26.580198 6.108594 -20.495913
v 26.577723 6.216367 -20.201124
v 26.550451 6.215259 -20.368084
v 26.851931 6.086028 -19.982801
v 26.169645 5.625691 -19.815252
v 26.858137 5.864824 -20.579929
v 26.175852 5.404487 -20.412380
v 26.784369 6.154531 -20.177608
v 26.786816 6.046186 -20.474092
v 26.756763 6.153581 -20.345497
v 26.104225 5.586535 -20.305899
v 26.101749 5.694308 -20.011110
v 26.074478 5.693200 -20.178070
v 26.375957 5.563969 -19.792788
v 25.693670 5.103632 -19.625238
v 26.382164 5.342765 -20.389915
v 25.699877 4.882428 -20.222366
v 26.308395 5.632473 -19.987595
v 26.310841 5.524127 -20.284079
v 26.280790 5.631522 -20.155483
v 25.628250 5.064476 -20.115885
v 25.625774 5.172249 -19.821096
v 25.598503 5.171141 -19.988056
v 25.899982 5.041909 -19.602774
v 25.217697 4.581573 -19.435225
v 25.906189 4.820705 -20.199902
v 25.223904 4.360369 -20.032352
v 25.832420 5.110414 -19.797579
v 25.834867 5.002068 -20.094065
v 25.804815 5.109463 -19.965469
v 25.152277 4.542418 -19.925871
v 25.149801 4.650190 -19.631083
v 25.122530 4.649082 -19.798042
v 25.424009 4.519851 -19.412760
v 24.741724 4.059514 -19.245211
v 25.430216 4.298647 -20.009888
v 24.747931 3.838310 -19.842339
v 25.356447 4.588354 -19.607565
v 25.358894 4.480009 -19.904051
v 25.328842 4.587404 -19.775455
v 24.676304 4.020359 -19.735857
v 24.673826 4.128131 -19.441069
v 24.646557 4.127023 -19.608028
v 27.436909 6.349242 -20.883986
v 28.119196 5.888906 -20.716438
v 27.430702 6.128037 -21.481113
v 28.112988 5.667701 -21.313564
v 27.504471 6.417745 -21.078793
v 27.502024 6.309400 -21.375278
v 27.532076 6.416795 -21.246681
v 28.184614 5.849749 -21.207085
v 28.187092 5.957522 -20.912294
v 28.214363 5.956413 -21.079254
v 27.912884 5.827183 -20.693972
v 28.595169 5.366846 -20.526424
v 27.906677 5.605979 -21.291100
v 28.588963 5.145642 -21.123550
v 27.980444 5.895686 -20.888779
v 27.977999 5.787341 -21.185265
v 28.008051 5.894736 -21.056667
v 28.660589 5.327690 -21.017071
v 28.663065 5.435463 -20.722281
v 28.690336 5.434355 -20.889240
v 28.388857 5.305124 -20.503958
v 29.071142 4.844787 -20.336409
v 28.382650 5.083920 -21.101086
v 29.064936 4.623583 -20.933537
v 28.456419 5.373628 -20.698765
v 28.453972 5.265282 -20.995251
v 28.484024 5.372677 -20.866653
v 29.136562 4.805631 -20.827057
v 29.139040 4.913404 -20.532267
v 29.166311 4.912295 -20.699226
v 28.864832 4.783065 -20.313944
v 29.547117 4.322728 -20.146395
v 28.858625 4.561860 -20.911072
v 29.540911 4.101524 -20.743523
v 28.932392 4.851567 -20.508753
v 28.929947 4.743223 -20.805237
v 28.959999 4.850617 -20.676640
v 29.612537 4.283572 -20.637043
v 29.615013 4.391345 -20.342253
v 29.642284 4.390237 -20.509212
v 29.340805 4.261005 -20.123930
v 30.023090 3.800669 -19.956381
v 29.334599 4.039802 -20.721058
v 30.016884 3.579465 -20.553509
v 29.408367 4.329509 -20.318737
v 29.405920 4.221164 -20.615223
v 29.435972 4.328559 -20.486626
v 30.088511 3.761513 -20.447029
v 30.090986 3.869286 -20.152239
v 30.118258 3.868178 -20.319199
v 27.327904 6.349242 -20.883986
v 26.645618 5.888906 -20.716438
v 27.334110 6.128037 -21.481113
v 26.651825 5.667701 -21.313564
v 27.260344 6.417745 -21.078793
v 27.262789 6.309400 -21.375278
v 27.232737 6.416795 -21.246681
v 26.580198 5.849749 -21.207085
v 26.577723 5.957522 -20.912294
v 26.550451 5.956413 -21.079254
v 26.851931 5.827183 -20.693972
v 26.169645 5.366846 -20.526424
v 26.858137 5.605979 -21.291100
v 26.175852 5.145642 -21.123550
v 26.784369 5.895686 -20.888779
v 26.786816 5.787341 -21.185265
v 26.756763 5.894736 -21.056667
v 26.104225 5.327690 -21.017071
v 26.101749 5.435463 -20.722281
v 26.074478 5.434355 -20.889240
v 26.375957 5.305124 -20.503958
v 25.693670 4.844787 -20.336409
v 26.382164 5.083920 -21.101086
v 25.699877 4.623583 -20.933537
v 26.308395 5.373628 -20.698765
v 26.310841 5.265282 -20.995251
v 26.280790 5.372677 -20.866653
v 25.628250 4.805631 -20.827057
v 25.625774 4.913404 -20.532267
v 25.598503 4.912296 -20.699226
v 25.899982 4.783065 -20.313944
v 25.217697 4.322728 -20.146395
v 25.906189 4.561860 -20.911072
v 25.223904 4.101524 -20.743523
v 25.832420 4.851568 -20.508751
v 25.834867 4.743223 -20.805235
v 25.804815 4.850617 -20.676640
v 25.152277 4.283572 -20.637041
v 25.149801 4.391346 -20.342253
v 25.122530 4.390237 -20.509212
v 25.424009 4.261006 -20.123930
v 24.741724 3.800669 -19.956381
v 25.430216 4.039802 -20.721058
v 24.747931 3.579465 -20.553509
v 25.356447 4.329509 -20.318737
v 25.358894 4.221164 -20.615221
v 25.328842 4.328559 -20.486626
v 24.676304 3.761513 -20.447027
v 24.673826 3.869287 -20.152239
v 24.646557 3.868178 -20.319199
v 27.436909 6.090397 -21.595158
v 28.119196 5.630060 -21.427608
v 27.430702 5.869192 -22.192284
v 28.112988 5.408855 -22.024734
v 27.504471 6.158900 -21.789963
v 27.502024 6.050555 -22.086449
v 27.532076 6.157949 -21.957853
v 28.184614 5.590904 -21.918255
v 28.187092 5.698677 -21.623465
v 28.214363 5.697568 -21.790424
v 27.912884 5.568338 -21.405144
v 28.595169 5.108001 -21.237595
v 27.906677 5.347134 -22.002270
v 28.588963 4.886797 -21.834721
v 27.980444 5.636841 -21.599949
v 27.977999 5.528496 -21.896435
v 28.008051 5.635891 -21.767839
v 28.660589 5.068845 -21.728241
v 28.663065 5.176618 -21.433451
v 28.690336 5.175509 -21.600410
v 28.388857 5.046279 -21.215130
v 29.071142 4.585942 -21.047581
v 28.382650 4.825075 -21.812256
v 29.064936 4.364738 -21.644707
v 28.456419 5.114782 -21.409935
v 28.453972 5.006437 -21.706421
v 28.484024 5.113832 -21.577826
v 29.136562 4.546786 -21.538227
v 29.139040 4.654559 -21.243437
v 29.166311 4.653450 -21.410397
v 28.864832 4.524220 -21.025116
v 29.547117 4.063883 -20.857567
v 28.858625 4.303015 -21.622242
v 29.540911 3.842679 -21.454693
v 28.932392 4.592723 -21.219923
v 28.929947 4.484378 -21.516407
v 28.959999 4.591773 -21.387812
v 29.612537 4.024727 -21.348213
v 29.615013 4.132500 -21.053423
v 29.642284 4.131392 -21.220383
v 29.340805 4.002161 -20.835102
v 30.023090 3.541824 -20.667553
v 29.334599 3.780957 -21.432228
v 30.016884 3.320620 -21.264679
v 29.408367 4.070664 -21.029907
v 29.405920 3.962319 -21.326393
v 29.435972 4.069714 -21.197798
v 30.088511 3.502668 -21.158199
v 30.090986 3.610441 -20.863409
v 30.118258 3.609333 -21.030371
v 27.327904 6.090397 -21.595158
v 26.645618 5.630060 -21.427608
v 27.334110 5.869192 -22.192284
v 26.651825 5.408855 -22.024734
v 27.260344 6.158900 -21.789963
v 27.262789 6.050555 -22.086449
v 27.232737 6.157949 -21.957853
v 26.580198 5.590904 -21.918255
v 26.577723 5.698677 -21.623465
v 26.550451 5.697568 -21.790424
v 26.851931 5.568338 -21.405144
v 26.169645 5.108001 -21.237595
v 26.858137 5.347134 -22.002270
v 26.175852 4.886797 -21.834721
v 26.784369 5.636841 -21.599949
v 26.786816 5.528496 -21.896435
v 26.756763 5.635891 -21.767839
v 26.104225 5.068845 -21.728241
v 26.101748 5.176618 -21.433451
v 26.074478 5.175509 -21.600410
v 26.375957 5.046279 -21.215130
v 25.693670 4.585942 -21.047581
v 26.382164 4.825075 -21.812256
v 25.699877 4.364738 -21.644707
v 26.308395 5.114782 -21.409935
v 26.310841 5.006437 -21.706421
v 26.280788 5.113832 -21.577826
v 25.628250 4.546786 -21.538227
v 25.625774 4.654559 -21.243437
v 25.598503 4.653450 -21.410397
v 25.899982 4.524220 -21.025116
v 25.217697 4.063883 -20.857567
v 25.906189 4.303015 -21.622242
v 25.223904 3.842679 -21.454693
v 25.832420 4.592723 -21.219921
v 25.834867 4.484378 -21.516407
v 25.804815 4.591773 -21.387812
v 25.152277 4.024727 -21.348213
v 25.149801 4.132501 -21.053423
v 25.122530 4.131392 -21.220383
v 25.424009 4.002161 -20.835102
v 24.741724 3.541824 -20.667553
v 25.430216 3.780957 -21.432228
v 24.747931 3.320620 -21.264679
v 25.356447 4.070664 -21.029907
v 25.358894 3.962319 -21.326393
v 25.328842 4.069714 -21.197798
v 24.676304 3.502669 -21.158199
v 24.673826 3.610441 -20.863409
v 24.646557 3.609333 -21.030369
v 27.436909 5.831552 -22.306328
v 28.119196 5.371215 -22.138779
v 27.430702 5.610347 -22.903454
v 28.112988 5.150011 -22.735907
v 27.504471 5.900055 -22.501133
v 27.502024 5.791710 -22.797619
v 27.532076 5.899105 -22.669024
v 28.184614 5.332059 -22.629425
v 28.187092 5.439832 -22.334637
v 28.214363 5.438724 -22.501596
v 27.912884 5.309493 -22.116314
v 28.595169 4.849156 -21.948765
v 27.906677 5.088289 -22.713440
v 28.588963 4.627952 -22.545893
v 27.980444 5.377996 -22.311119
v 27.977999 5.269651 -22.607605
v 28.008051 5.377046 -22.479010
v 28.660589 4.810000 -22.439411
v 28.663065 4.917773 -22.144623
v 28.690336 4.916665 -22.311583
v 28.388857 4.787434 -21.926300
v 29.071142 4.327097 -21.758751
v 28.382650 4.566230 -22.523426
v 29.064936 4.105893 -22.355879
v 28.456419 4.855937 -22.121105
v 28.453972 4.747592 -22.417591
v 28.484024 4.854987 -22.288996
v 29.136562 4.287941 -22.249397
v 29.139040 4.395714 -21.954609
v 29.166309 4.394606 -22.121569
v 28.864832 4.265375 -21.736286
v 29.547117 3.805038 -21.568737
v 28.858624 4.044170 -22.333412
v 29.540911 3.583834 -22.165865
v 28.932392 4.333878 -21.931093
v 28.929947 4.225533 -22.227577
v 28.959999 4.332928 -22.098982
v 29.612537 3.765882 -22.059383
v 29.615013 3.873655 -21.764595
v 29.642284 3.872547 -21.931555
v 29.340805 3.743316 -21.546272
v 30.023090 3.282979 -21.378723
v 29.334599 3.522112 -22.143398
v 30.016884 3.061775 -21.975851
v 29.408367 3.811819 -21.741077
v 29.405920 3.703474 -22.037563
v 29.435972 3.810869 -21.908968
v 30.088511 3.243824 -21.869370
v 30.090986 3.351596 -21.574581
v 30.118258 3.350488 -21.741541
v 27.327904 5.831552 -22.306328
v 26.645618 5.371215 -22.138779
v 27.334110 5.610347 -22.903454
v 26.651825 5.150011 -22.735907
v 27.260344 5.900055 -22.501133
v 27.262789 5.791710 -22.797619
v 27.232737 5.899105 -22.669024
v 26.580198 5.332059 -22.629425
v 26.577723 5.439832 -22.334637
v 26.550451 5.438724 -22.501596
v 26.851931 5.309493 -22.116314
v 26.169645 4.849156 -21.948765
v 26.858137 5.088289 -22.713440
v 26.175852 4.627952 -22.545893
v 26.784369 5.377996 -22.311119
v 26.786816 5.269651 -22.607605
v 26.756763 5.377046 -22.479010
v 26.104225 4.810000 -22.439411
v 26.101748 4.917773 -22.144623
v 26.074478 4.916665 -22.311583
v 26.375957 4.787434 -21.926300
v 25.693670 4.327097 -21.758751
v 26.382164 4.566230 -22.523426
v 25.699877 4.105893 -22.355879
v 26.308395 4.855937 -22.121105
v 26.310841 4.747592 -22.417591
v 26.280788 4.854987 -22.288996
v 25.628250 4.287941 -22.249397
v 25.625774 4.395714 -21.954609
v 25.598503 4.394606 -22.121569
v 25.899982 4.265375 -21.736286
v 25.217697 3.805038 -21.568737
v 25.906189 4.044170 -22.333412
v 25.223904 3.583834 -22.165865
v 25.832420 4.333879 -21.931091
v 25.834867 4.225533 -22.227577
v 25.804815 4.332928 -22.098982
v 25.152277 3.765882 -22.059383
v 25.149801 3.873655 -21.764595
v 25.122530 3.872547 -21.931555
v 25.424009 3.743316 -21.546272
v 24.741724 3.282979 -21.378723
v 25.430216 3.522112 -22.143398
v 24.747931 3.061775 -21.975851
v 25.356447 3.811819 -21.741077
v 25.358894 3.703474 -22.037563
v 25.328842 3.810869 -21.908968
v 24.676304 3.243824 -21.869370
v 24.673826 3.351596 -21.574581
v 24.646557 3.350488 -21.741541
v 27.436909 5.572707 -23.017498
v 28.119196 5.112370 -22.849949
v 27.430702 5.351502 -23.614626
v 28.112988 4.891166 -23.447077
v 27.504471 5.641210 -23.212305
v 27.502024 5.532865 -23.508789
v 27.532076 5.640260 -23.380196
v 28.184614 5.073214 -23.340595
v 28.187092 5.180987 -23.045807
v 28.214363 5.179878 -23.212767
v 27.912884 5.050648 -22.827484
v 28.595169 4.590311 -22.659935
v 27.906677 4.829444 -23.424612
v 28.588963 4.369107 -23.257063
v 27.980444 5.119151 -23.022291
v 27.977999 5.010806 -23.318775
v 28.008051 5.118201 -23.190182
v 28.660589 4.551155 -23.150581
v 28.663065 4.658928 -22.855793
v 28.690336 4.657820 -23.022753
v 28.388857 4.528589 -22.637470
v 29.071142 4.068252 -22.469921
v 28.382650 4.307384 -23.234598
v 29.064936 3.847048 -23.067049
v 28.456419 4.597093 -22.832277
v 28.453972 4.488747 -23.128761
v 28.484024 4.596142 -23.000168
v 29.136562 4.029096 -22.960567
v 29.139040 4.136869 -22.665779
v 29.166309 4.135760 -22.832739
v 28.864832 4.006530 -22.447456
v 29.547117 3.546193 -22.279907
v 28.858624 3.785326 -23.044584
v 29.540911 3.324989 -22.877035
v 28.932392 4.075033 -22.642265
v 28.929947 3.966688 -22.938747
v 28.959999 4.074082 -22.810154
v 29.612537 3.507037 -22.770554
v 29.615013 3.614810 -22.475765
v 29.642284 3.613702 -22.642725
v 29.340805 3.484471 -22.257442
v 30.023090 3.024134 -22.089893
v 29.334599 3.263267 -22.854570
v 30.016884 2.802930 -22.687021
v 29.408367 3.552974 -22.452248
v 29.405920 3.444629 -22.748734
v 29.435972 3.552024 -22.620140
v 30.088511 2.984978 -22.580540
v 30.090986 3.092751 -22.285751
v 30.118258 3.091643 -22.452711
v 27.327904 5.572707 -23.017498
v 26.645618 5.112370 -22.849949
v 27.334110 5.351502 -23.614626
v 26.651825 4.891166 -23.447077
v 27.260344 5.641210 -23.212305
v 27.262789 5.532865 -23.508789
v 27.232737 5.640260 -23.380196
v 26.580198 5.073214 -23.340595
v 26.577723 5.180987 -23.045807
v 26.550451 5.179878 -23.212767
v 26.851931 5.050648 -22.827484
v 26.169645 4.590311 -22.659935
v 26.858137 4.829444 -23.424612
v 26.175852 4.369107 -23.257063
v 26.784369 5.119151 -23.022291
v 26.786816 5.010806 -23.318775
v 26.756763 5.118201 -23.190182
v 26.104225 4.551155 -23.150581
v 26.101748 4.658928 -22.855793
v 26.074478 4.657820 -23.022753
v 26.375957 4.528589 -22.637470
v 25.693670 4.068252 -22.469921
v 26.382164 4.307384 -23.234598
v 25.699877 3.847048 -23.067049
v 26.308395 4.597093 -22.832277
v 26.310841 4.488747 -23.128761
v 26.280788 4.596142 -23.000168
v 25.628250 4.029096 -22.960567
v 25.625774 4.136869 -22.665779
v 25.598503 4.135760 -22.832739
v 25.899982 4.006530 -22.447456
v 25.217697 3.546193 -22.279907
v 25.906189 3.785326 -23.044584
v 25.223904 3.324989 -22.877035
v 25.832420 4.075033 -22.642265
v 25.834867 3.966688 -22.938747
v 25.804815 4.074082 -22.810154
v 25.152277 3.507037 -22.770554
v 25.149801 3.614810 -22.475765
v 25.122530 3.613702 -22.642725
v 25.424009 3.484471 -22.257442
v 24.741724 3.024134 -22.089893
v 25.430216 3.263267 -22.854570
v 24.747931 2.802930 -22.687021
v 25.356447 3.552974 -22.452248
v 25.358894 3.444629 -22.748734
v 25.328842 3.552024 -22.620140
v 24.676304 2.984978 -22.580540
v 24.673826 3.092751 -22.285751
v 24.646557 3.091643 -22.452711
v 27.182608 5.400537 -24.794552
v 27.182608 7.898693 -17.930923
v 27.182608 5.036186 -24.661938
v 27.182608 7.534342 -17.798311
v 27.587826 5.400537 -24.794552
v 27.587826 7.898693 -17.930923
v 27.587826 5.036186 -24.661938
v 27.587826 7.534342 -17.798311
v 27.182608 6.537579 -21.307529
v 27.182608 6.173228 -21.174917
v 27.587826 6.537579 -21.307529
v 27.587826 6.173228 -21.174917
v 30.090286 4.717484 -17.415760
v 29.802078 4.422063 -17.318377
v 30.090286 4.591518 -17.761850
v 29.802078 4.296096 -17.664467
v 29.334812 5.267216 -17.819298
v 29.334812 3.420098 -17.147001
v 29.091816 5.267216 -17.819298
v 29.091816 3.420098 -17.147001
v 29.334812 5.178126 -18.064070
v 29.334812 3.331008 -17.391773
v 29.091816 5.178126 -18.064070
v 29.091816 3.331008 -17.391773
v 27.901648 4.712769 -17.506107
v 27.901648 3.189339 -16.951624
v 27.901648 4.643103 -17.697514
v 27.901648 3.119673 -17.143030
v 29.322781 5.057228 -17.643829
v 29.322781 5.285570 -17.726940
v 29.322781 4.927145 -18.001232
v 29.322781 5.155487 -18.084341
v 28.663115 5.941513 -18.064722
v 28.663115 5.111338 -17.762562
v 28.420118 5.941513 -18.064722
v 28.420118 5.111338 -17.762562
v 28.663115 5.852423 -18.309494
v 28.663115 5.022248 -18.007336
v 28.420118 5.852423 -18.309494
v 28.420118 5.022248 -18.007336
v 29.147900 3.992384 -17.365494
v 28.047606 3.992384 -17.365494
v 29.147900 4.220726 -17.448603
v 28.047606 4.220726 -17.448603
v 29.147900 3.903295 -17.610266
v 28.047606 3.903295 -17.610266
v 29.147900 4.131637 -17.693377
v 28.047606 4.131637 -17.693377
v 29.292933 3.920527 -17.562922
v 29.292933 4.148869 -17.646032
v 29.032452 3.920527 -17.562922
v 29.032452 4.148869 -17.646032
v 28.726830 6.120664 -17.963884
v 28.609198 5.750120 -17.837271
v 28.726830 6.018136 -18.245575
v 28.609198 5.647593 -18.118963
v 30.090286 2.637539 -23.130363
v 29.802078 2.348637 -23.015068
v 30.090286 2.763505 -22.784273
v 29.802078 2.474603 -22.668980
v 29.334812 3.318047 -23.174597
v 29.334812 1.470929 -22.502300
v 29.091816 3.318047 -23.174597
v 29.091816 1.470929 -22.502300
v 29.334812 3.407137 -22.929823
v 29.334812 1.560019 -22.257526
v 29.091816 3.407137 -22.929823
v 29.091816 1.560019 -22.257526
v 27.901648 2.692001 -23.058121
v 27.901648 1.168571 -22.503639
v 27.901648 2.761667 -22.866714
v 27.901648 1.238237 -22.312233
v 29.322781 3.044398 -23.174034
v 29.322781 3.272741 -23.257145
v 29.322781 3.174482 -22.816633
v 29.322781 3.402824 -22.899742
v 28.663115 3.992343 -23.420021
v 28.663115 3.162169 -23.117861
v 28.420118 3.992343 -23.420021
v 28.420118 3.162169 -23.117861
v 28.663115 4.081433 -23.175247
v 28.663115 3.251258 -22.873089
v 28.420118 4.081433 -23.175247
v 28.420118 3.251258 -22.873089
v 29.147900 2.049769 -22.702784
v 28.047606 2.049769 -22.702784
v 29.147900 2.278111 -22.785894
v 28.047606 2.278111 -22.785894
v 29.147900 2.138860 -22.458012
v 28.047606 2.138860 -22.458012
v 29.147900 2.367202 -22.541121
v 28.047606 2.367202 -22.541121
v 29.292933 3.021077 -20.034138
v 29.292933 2.121628 -22.505356
v 29.292933 3.249419 -20.117249
v 29.292933 2.349970 -22.588467
v 29.032452 3.021077 -20.034138
v 29.032452 2.121628 -22.505356
v 29.032452 3.249419 -20.117249
v 29.032452 2.349970 -22.588467
v 28.726828 4.064764 -23.612423
v 28.609198 3.699526 -23.471231
v 28.726828 4.167291 -23.330730
v 28.609198 3.802053 -23.189541
v 27.382406 7.571440 -18.491922
v 24.674528 4.717484 -17.415760
v 27.382406 7.070047 -18.317686
v 24.962736 4.422063 -17.318377
v 27.382406 7.468913 -18.773615
v 24.674528 4.591518 -17.761848
v 27.382406 6.967520 -18.599377
v 24.962736 4.296097 -17.664467
v 25.430002 5.267216 -17.819298
v 25.430002 3.420098 -17.147001
v 25.672998 5.267216 -17.819298
v 25.672998 3.420098 -17.147001
v 25.430002 5.178126 -18.064070
v 25.430002 3.331008 -17.391773
v 25.672998 5.178126 -18.064070
v 25.672998 3.331008 -17.391773
v 26.863167 4.712769 -17.506107
v 26.863167 3.189339 -16.951624
v 27.382406 4.712769 -17.506107
v 27.382406 3.189339 -16.951624
v 26.863167 4.643103 -17.697514
v 26.863167 3.119673 -17.143030
v 27.382406 4.643103 -17.697514
v 27.382406 3.119673 -17.143030
v 25.442032 5.057228 -17.643829
v 27.382406 5.057228 -17.643829
v 25.442032 5.285570 -17.726940
v 27.382406 5.285570 -17.726940
v 25.442032 4.927145 -18.001232
v 27.382406 4.927145 -18.001232
v 25.442032 5.155487 -18.084341
v 27.382406 5.155487 -18.084341
v 26.101700 5.941513 -18.064720
v 26.101700 5.111338 -17.762562
v 26.344696 5.941513 -18.064720
v 26.344696 5.111338 -17.762562
v 26.101700 5.852423 -18.309494
v 26.101700 5.022248 -18.007336
v 26.344696 5.852423 -18.309494
v 26.344696 5.022248 -18.007336
v 25.616915 3.992384 -17.365494
v 26.717209 3.992384 -17.365494
v 25.616915 4.220726 -17.448603
v 26.717209 4.220726 -17.448603
v 25.616915 3.903295 -17.610266
v 26.717209 3.903295 -17.610266
v 25.616915 4.131637 -17.693377
v 26.717209 4.131637 -17.693377
v 25.471882 3.920527 -17.562922
v 25.471882 4.148869 -17.646030
v 25.732363 3.920527 -17.562922
v 25.732363 4.148869 -17.646030
v 26.037985 6.120664 -17.963884
v 26.155617 5.750120 -17.837271
v 26.037985 6.018136 -18.245575
v 26.155617 5.647593 -18.118963
v 27.382406 5.515541 -24.140461
v 24.674528 2.637539 -23.130363
v 27.382406 5.019454 -23.951647
v 24.962736 2.348637 -23.015068
v 27.382406 5.618068 -23.858770
v 24.674528 2.763505 -22.784273
v 27.382406 5.121981 -23.669954
v 24.962736 2.474603 -22.668980
v 25.430002 3.318047 -23.174597
v 25.430002 1.470929 -22.502300
v 25.672998 3.318047 -23.174597
v 25.672998 1.470929 -22.502300
v 25.430002 3.407137 -22.929823
v 25.430002 1.560019 -22.257526
v 25.672998 3.407137 -22.929823
v 25.672998 1.560019 -22.257526
v 26.863167 2.692001 -23.058121
v 26.863167 1.168571 -22.503639
v 27.382406 2.692001 -23.058121
v 27.382406 1.168571 -22.503639
v 26.863167 2.761667 -22.866714
v 26.863167 1.238237 -22.312233
v 27.382406 2.761667 -22.866714
v 27.382406 1.238237 -22.312233
v 25.442032 3.044398 -23.174034
v 27.382406 3.044398 -23.174034
v 25.442032 3.272741 -23.257145
v 27.382406 3.272741 -23.257145
v 25.442032 3.174482 -22.816633
v 27.382406 3.174482 -22.816633
v 25.442032 3.402824 -22.899742
v 27.382406 3.402824 -22.899742
v 26.101700 3.992343 -23.420021
v 26.101700 3.162169 -23.117861
v 26.344696 3.992343 -23.420021
v 26.344696 3.162169 -23.117861
v 26.101700 4.081433 -23.175247
v 26.101700 3.251258 -22.873089
v 26.344696 4.081433 -23.175247
v 26.344696 3.251258 -22.873089
v 25.616915 2.049769 -22.702784
v 26.717209 2.049769 -22.702784
v 25.616915 2.278111 -22.785894
v 26.717209 2.278111 -22.785894
v 25.616915 2.138860 -22.458012
v 26.717209 2.138860 -22.458012
v 25.616915 2.367202 -22.541121
v 26.717209 2.367202 -22.541121
v 25.471882 3.021077 -20.034138
v 25.471880 2.121628 -22.505356
v 25.471882 3.249419 -20.117249
v 25.471880 2.349970 -22.588467
v 25.732363 3.021077 -20.034138
v 25.732363 2.121628 -22.505356
v 25.732363 3.249419 -20.117249
v 25.732363 2.349970 -22.588467
v 26.037985 4.064764 -23.612423
v 26.155617 3.699526 -23.471231
v 26.037985 4.167291 -23.330730
v 26.155617 3.802053 -23.189541
vn 0.7571 0.6139 -0.2235
vn -0.0000 -0.3420 -0.9397
vn -0.0000 0.3420 0.9397
vn -0.7617 -0.6089 0.2216
vn 1.0000 -0.0000 -0.0000
vn -0.0000 -0.9397 0.3420
vn 0.7293 0.6430 -0.2340
vn -0.0000 -0.2834 -0.9590
vn 0.9991 0.0397 -0.0144
vn -0.0000 0.9397 -0.3420
vn -0.0000 0.3993 0.9168
vn 0.5532 -0.7828 0.2849
vn -0.7571 0.6139 -0.2235
vn 0.7617 -0.6089 0.2216
vn -1.0000 -0.0000 -0.0000
vn -0.7293 0.6430 -0.2340
vn -0.9991 0.0397 -0.0144
vn -0.5532 -0.7828 0.2849
vn -0.9993 -0.0172 -0.0332
vn -0.9989 0.0150 0.0451
vn -0.9992 -0.0181 -0.0354
vn 0.9989 -0.0151 -0.0452
vn 0.9993 0.0172 0.0330
vn 0.9992 0.0181 0.0352
vn 0.0080 0.3420 0.9397
vn -0.9999 -0.0065 0.0080
vn 0.9999 0.0065 -0.0080
vn 1.0000 -0.0003 -0.0050
vn -1.0000 -0.0002 0.0052
vn -1.0000 0.0003 0.0050
vn 1.0000 0.0002 -0.0052
vn -1.0000 -0.0057 0.0070
vn 1.0000 0.0057 -0.0070
vn 0.0092 0.3420 0.9397
vn -1.0000 -0.0002 0.0045
vn 1.0000 0.0002 -0.0045
vn 0.0542 0.3007 0.9522
vn 0.0479 0.3818 0.9230
vn 0.0545 0.2965 0.9535
vn -0.0479 -0.3008 -0.9525
vn -0.0542 -0.3817 -0.9227
vn -0.0476 -0.2966 -0.9538
vn -0.0454 -0.3417 -0.9387
vn 0.0616 0.3414 0.9379
vn -0.0616 -0.3414 -0.9379
vn -0.0481 -0.3416 -0.9386
vn 0.9988 -0.0319 -0.0367
vn 0.0491 0.3416 0.9386
vn -0.9988 0.0319 0.0367
vn 0.0481 0.3416 0.9386
vn -0.0491 -0.3416 -0.9386
vn -0.0777 -0.3314 -0.9403
vn -0.0131 -0.3390 -0.9407
vn -0.0829 -0.3307 -0.9401
vn 0.0777 0.3380 0.9379
vn 0.0131 0.3324 0.9431
vn 0.0829 0.3384 0.9373
vn 0.9990 -0.0155 -0.0427
vn -0.0454 -0.3327 -0.9420
vn 0.0454 0.3327 0.9420
vn 0.0454 0.3387 0.9398
vn -0.0454 -0.3376 -0.9402
vn -0.0454 -0.3387 -0.9398
vn 0.0454 0.3376 0.9402
vn 0.0537 0.3021 0.9518
vn 0.0478 0.3805 0.9235
vn 0.0540 0.2981 0.9530
vn -0.0478 -0.3022 -0.9521
vn -0.0537 -0.3804 -0.9233
vn -0.0475 -0.2983 -0.9533
vn -0.0479 -0.3416 -0.9386
vn 0.9957 -0.0341 -0.0858
vn 1.0000 -0.0084 0.0046
vn 0.9953 -0.0354 -0.0902
vn 0.0488 0.3416 0.9386
vn -0.9957 0.0404 0.0834
vn -1.0000 0.0020 -0.0023
vn -0.9952 0.0423 0.0877
vn 0.0479 0.3416 0.9386
vn -0.0488 -0.3416 -0.9386
vn -0.0994 -0.3312 -0.9383
vn 0.0086 -0.3394 -0.9406
vn -0.1041 -0.3308 -0.9379
vn 0.0994 0.3378 0.9360
vn -0.0088 0.3329 0.9429
vn 0.1042 0.3379 0.9354
vn -0.9990 0.0155 0.0427
vn -0.0454 -0.3254 -0.9445
vn 0.0454 0.3254 0.9445
vn 0.0454 0.3389 0.9397
vn -0.0454 -0.3383 -0.9399
vn -0.0454 -0.3389 -0.9397
vn 0.0454 0.3383 0.9400
vn -0.9997 -0.0179 -0.0193
vn -0.9934 0.0366 0.1087
vn -0.9995 -0.0199 -0.0240
vn 0.9997 0.0109 0.0217
vn 0.9933 -0.0297 -0.1114
vn 0.9996 0.0123 0.0265
vn 0.9990 -0.0192 -0.0413
vn 0.0454 0.3417 0.9387
vn -0.9990 0.0182 0.0417
vn -0.9988 -0.0020 0.0491
vn 0.9988 0.0020 -0.0491
vn -0.9990 0.0192 0.0414
vn 0.9990 -0.0182 -0.0417
vn 0.9990 -0.0126 -0.0437
vn -0.9990 0.0116 0.0441
vn -0.9990 0.0126 0.0437
vn 0.9990 -0.0116 -0.0441
vn 0.5432 -0.2872 -0.7890
vn -0.9816 0.1560 0.1099
vn -0.9819 -0.0602 0.1798
vn -0.9816 -0.0489 0.1845
vn -0.9913 0.0909 -0.0955
vn -0.9918 0.0796 -0.1002
vn -0.9913 -0.1310 -0.0148
vn -0.9918 -0.1254 -0.0256
vn -0.5436 0.7968 -0.2637
vn -0.1566 -0.2333 -0.9597
vn -0.1484 -0.4468 -0.8823
vn -0.1566 -0.4382 -0.8851
vn 0.0587 -0.2281 -0.9719
vn 0.0669 -0.2367 -0.9693
vn 0.0587 -0.4500 -0.8911
vn 0.0669 -0.4417 -0.8947
vn 0.0357 0.8489 0.5274
vn 0.9816 0.0489 -0.1845
vn 0.9819 -0.1617 -0.0991
vn 0.9816 -0.1560 -0.1099
vn 0.9918 0.1254 0.0256
vn 0.9819 0.0602 -0.1798
vn 0.9913 -0.0909 0.0955
vn 0.9918 -0.0796 0.1002
vn 0.0247 -0.6024 0.7978
vn 0.1484 0.4468 0.8823
vn 0.1566 0.2333 0.9597
vn 0.1566 0.4382 0.8851
vn -0.0587 0.4500 0.8911
vn -0.0669 0.4417 0.8947
vn -0.0587 0.2281 0.9719
vn -0.0669 0.2367 0.9693
vn -0.8396 -0.1858 -0.5104
vn 0.0918 -0.9653 0.2444
vn -0.1005 -0.9623 0.2526
vn 0.1005 -0.8996 0.4251
vn -0.0918 -0.8966 0.4333
vn 0.0357 -0.3112 0.9497
vn -0.1005 0.8996 -0.4251
vn 0.0918 0.8966 -0.4333
vn -0.0918 0.9653 -0.2444
vn 0.1005 0.9623 -0.2526
vn -0.7859 -0.5678 0.2447
vn -0.0247 0.6024 -0.7978
vn 0.8396 0.1858 0.5104
vn 0.7859 0.5678 -0.2447
vn 0.5436 0.7799 -0.3102
vn -0.0357 -0.8489 -0.5274
vn 0.0247 0.9743 0.2239
vn -0.0357 0.3113 -0.9497
vn 0.7859 -0.5923 0.1775
vn -0.7859 0.5923 -0.1775
vn -0.6171 -0.2691 -0.7394
vn 0.7868 -0.2111 -0.5799
vn -0.5436 -0.7799 0.3102
vn 0.6171 0.2691 0.7394
vn -0.0247 -0.9743 -0.2239
vn -0.7868 0.2111 0.5799
vn -0.7869 0.2111 0.5799
vn -0.5432 0.2872 0.7890
vn 0.5436 -0.7968 0.2637
vn 0.2855 0.2869 0.9144
vn 0.2795 0.3686 0.8866
vn 0.2857 0.2828 0.9156
vn -0.2795 -0.2876 -0.9161
vn -0.2855 -0.3680 -0.8849
vn -0.2791 -0.2834 -0.9175
vn -0.2773 -0.3286 -0.9028
vn 0.2928 0.3270 0.8985
vn -0.2928 -0.3270 -0.8985
vn -0.2799 -0.3284 -0.9021
vn 0.9607 -0.1105 -0.2548
vn 0.2808 0.3283 0.9019
vn -0.9607 0.1105 0.2548
vn 0.2799 0.3284 0.9021
vn -0.2808 -0.3283 -0.9019
vn -0.3084 -0.3161 -0.8972
vn -0.2458 -0.3287 -0.9119
vn -0.3131 -0.3151 -0.8959
vn 0.3085 0.3225 0.8949
vn 0.2458 0.3223 0.9142
vn 0.3131 0.3225 0.8933
vn 0.9608 -0.0948 -0.2606
vn -0.2773 -0.3200 -0.9059
vn 0.2773 0.3200 0.9059
vn 0.2773 0.3258 0.9039
vn -0.2773 -0.3248 -0.9042
vn -0.2773 -0.3258 -0.9039
vn 0.2773 0.3248 0.9042
vn 0.2850 0.2884 0.9141
vn 0.2793 0.3673 0.8872
vn 0.2853 0.2844 0.9153
vn -0.2793 -0.2889 -0.9157
vn -0.2850 -0.3667 -0.8856
vn -0.2790 -0.2850 -0.9170
vn -0.2797 -0.3284 -0.9022
vn 0.9467 -0.1126 -0.3019
vn 0.9727 -0.0878 -0.2147
vn 0.9452 -0.1138 -0.3060
vn 0.2806 0.3283 0.9019
vn -0.9466 0.1187 0.2997
vn -0.9728 0.0817 0.2169
vn -0.9452 0.1205 0.3036
vn 0.2797 0.3284 0.9022
vn -0.2806 -0.3283 -0.9019
vn -0.3291 -0.3143 -0.8905
vn -0.2248 -0.3308 -0.9165
vn -0.3334 -0.3135 -0.8892
vn 0.3291 0.3205 0.8882
vn 0.2246 0.3246 0.9188
vn 0.3334 0.3203 0.8867
vn -0.9608 0.0948 0.2606
vn -0.2773 -0.3131 -0.9084
vn 0.2773 0.3131 0.9084
vn 0.2773 0.3259 0.9038
vn -0.2773 -0.3254 -0.9040
vn -0.2773 -0.3259 -0.9038
vn 0.2773 0.3254 0.9040
vn -0.9778 0.0624 0.2002
vn -0.9391 0.1150 0.3237
vn -0.9788 0.0606 0.1958
vn 0.9391 -0.1151 -0.3239
vn 0.9777 -0.0625 -0.2004
vn 0.9787 -0.0607 -0.1960
vn 0.9608 -0.0983 -0.2593
vn 0.2773 0.3286 0.9028
vn -0.9608 0.0974 0.2596
vn -0.9606 0.0780 0.2666
vn 0.9606 -0.0780 -0.2666
vn -0.9608 0.0983 0.2593
vn 0.9608 -0.0974 -0.2596
vn 0.9608 -0.0921 -0.2616
vn -0.9608 0.0911 0.2619
vn -0.9608 0.0921 0.2616
vn 0.9608 -0.0911 -0.2619
vn 0.3323 -0.3226 -0.8863
vn -0.9180 0.2329 0.3211
vn -0.9201 0.0168 0.3913
vn -0.9180 0.0280 0.3957
vn -0.9776 0.1705 0.1234
vn -0.9800 0.1594 0.1191
vn -0.9776 -0.0513 0.2041
vn -0.9800 -0.0456 0.1936
vn -0.5229 0.8400 -0.1451
vn -0.3814 -0.2115 -0.8999
vn -0.3734 -0.4256 -0.8242
vn -0.3814 -0.4164 -0.8253
vn -0.1743 -0.2234 -0.9590
vn -0.1664 -0.2327 -0.9582
vn -0.1743 -0.4453 -0.8783
vn -0.1664 -0.4377 -0.8836
vn 0.2182 0.8386 0.4992
vn 0.9180 -0.0280 -0.3957
vn 0.9201 -0.2387 -0.3105
vn 0.9180 -0.2329 -0.3211
vn 0.9776 0.0513 -0.2041
vn 0.9800 0.0456 -0.1936
vn 0.9776 -0.1705 -0.1234
vn 0.9800 -0.1594 -0.1191
vn 0.1509 -0.6095 0.7783
vn 0.3814 0.4164 0.8253
vn 0.3734 0.2038 0.9050
vn 0.3814 0.2115 0.8999
vn 0.1664 0.4377 0.8836
vn 0.3734 0.4256 0.8242
vn 0.1742 0.2234 0.9590
vn 0.1664 0.2327 0.9582
vn -0.9432 -0.1136 -0.3122
vn 0.0658 -0.9717 0.2269
vn -0.1191 -0.9534 0.2770
vn 0.1191 -0.9085 0.4006
vn -0.0658 -0.8902 0.4508
vn 0.2182 -0.3215 0.9214
vn -0.1191 0.9085 -0.4006
vn 0.0658 0.8902 -0.4508
vn -0.0658 0.9717 -0.2269
vn 0.1191 0.9534 -0.2770
vn -0.7559 -0.5054 0.4161
vn -0.1509 0.6095 -0.7783
vn 0.9432 0.1136 0.3122
vn 0.7559 0.5055 -0.4161
vn 0.7559 0.5054 -0.4161
vn 0.5229 0.7367 -0.4287
vn -0.2182 -0.8386 -0.4992
vn 0.1509 0.9672 0.2044
vn -0.2182 0.3215 -0.9214
vn 0.7559 -0.6547 0.0061
vn -0.7559 0.6547 -0.0061
vn -0.7837 -0.2124 -0.5837
vn 0.6211 -0.2680 -0.7365
vn -0.5229 -0.7368 0.4287
vn -0.5229 -0.7367 0.4287
vn 0.7837 0.2124 0.5836
vn -0.1509 -0.9672 -0.2044
vn -0.6211 0.2680 0.7364
vn -0.6211 0.2680 0.7365
vn -0.3323 0.3226 0.8863
vn 0.5229 -0.8400 0.1451
vn -0.6296 0.2248 0.7437
vn -0.6344 0.3045 0.7105
vn -0.6292 0.2207 0.7452
vn 0.6344 -0.2235 -0.7400
vn 0.6296 -0.3058 -0.7142
vn 0.6346 -0.2192 -0.7411
vn 0.6370 -0.2637 -0.7244
vn -0.6244 0.2672 0.7340
vn 0.6244 -0.2672 -0.7340
vn 0.6349 -0.2642 -0.7260
vn 0.7709 0.2087 0.6019
vn -0.6342 0.2644 0.7266
vn -0.7708 -0.2087 -0.6019
vn -0.7709 -0.2087 -0.6019
vn -0.6349 0.2642 0.7260
vn 0.6342 -0.2644 -0.7266
vn 0.6099 -0.2655 -0.7467
vn 0.6633 -0.2544 -0.7038
vn 0.6076 -0.2660 -0.7484
vn -0.6099 0.2695 0.7452
vn -0.6633 0.2504 0.7052
vn -0.6076 0.2703 0.7468
vn 0.7709 0.2179 0.5986
vn 0.6370 -0.2586 -0.7262
vn -0.6370 0.2586 0.7262
vn -0.6370 0.2620 0.7250
vn 0.6370 -0.2614 -0.7252
vn 0.6370 -0.2620 -0.7250
vn -0.6370 0.2614 0.7252
vn -0.6300 0.2261 0.7430
vn -0.6346 0.3031 0.7109
vn -0.6297 0.2222 0.7444
vn 0.6346 -0.2248 -0.7394
vn 0.6300 -0.3044 -0.7145
vn 0.6347 -0.2208 -0.7405
vn 0.6350 -0.2642 -0.7259
vn 0.8011 0.2033 0.5629
vn 0.7387 0.2255 0.6352
vn 0.8027 0.2027 0.5609
vn -0.6343 0.2644 0.7264
vn -0.8012 -0.1996 -0.5642
vn -0.7388 -0.2292 -0.6338
vn -0.8027 -0.1988 -0.5622
vn -0.6350 0.2642 0.7259
vn 0.6343 -0.2644 -0.7264
vn 0.5926 -0.2704 -0.7588
vn 0.6793 -0.2497 -0.6901
vn 0.5904 -0.2709 -0.7603
vn -0.5926 0.2741 0.7574
vn -0.6794 0.2459 0.6914
vn -0.5905 0.2748 0.7588
vn -0.7709 -0.2179 -0.5986
vn 0.6369 -0.2546 -0.7277
vn -0.6369 0.2546 0.7277
vn -0.6370 0.2621 0.7250
vn 0.6370 -0.2618 -0.7251
vn 0.6370 -0.2621 -0.7249
vn 0.6370 -0.2621 -0.7250
vn -0.6370 0.2618 0.7251
vn -0.7231 -0.2377 -0.6486
vn -0.8145 -0.2038 -0.5431
vn -0.8162 -0.2031 -0.5409
vn 0.8147 0.1998 0.5444
vn 0.7232 0.2416 0.6469
vn 0.7213 0.2424 0.6488
vn 0.7709 0.2158 0.5993
vn -0.6370 0.2637 0.7244
vn -0.7709 -0.2164 -0.5991
vn -0.7709 -0.2163 -0.5991
vn -0.7708 -0.2277 -0.5950
vn 0.7708 0.2277 0.5949
vn 0.7708 0.2277 0.5950
vn -0.7709 -0.2158 -0.5993
vn 0.7709 0.2163 0.5991
vn 0.7709 0.2195 0.5980
vn 0.7709 0.2195 0.5979
vn -0.7709 -0.2201 -0.5978
vn -0.7709 -0.2195 -0.5980
vn 0.7709 0.2201 0.5978
vn 0.9662 -0.0881 -0.2421
vn -0.8327 -0.0832 -0.5474
vn -0.8273 -0.2988 -0.4757
vn -0.8327 -0.2882 -0.4729
vn -0.6953 -0.1315 -0.7066
vn -0.6901 -0.1422 -0.7096
vn -0.6953 -0.3534 -0.6258
vn -0.6901 -0.3472 -0.6350
vn -0.4195 0.6698 -0.6127
vn 0.5429 -0.1823 -0.8198
vn 0.5492 -0.3939 -0.7371
vn 0.5429 -0.3873 -0.7452
vn 0.7090 -0.1269 -0.6937
vn 0.7154 -0.1336 -0.6858
vn 0.7090 -0.3487 -0.6130
vn 0.7154 -0.3385 -0.6112
vn -0.5011 0.7875 0.3588
vn 0.8327 0.2882 0.4729
vn 0.8273 0.0769 0.5564
vn 0.8327 0.0832 0.5475
vn 0.6901 0.3472 0.6350
vn 0.8273 0.2988 0.4757
vn 0.6953 0.1315 0.7066
vn 0.6901 0.1422 0.7096
vn -0.3466 -0.6449 0.6812
vn -0.5492 0.3939 0.7371
vn -0.5429 0.1823 0.8198
vn -0.5429 0.3873 0.7452
vn -0.7154 0.3385 0.6112
vn -0.7090 0.1269 0.6937
vn -0.7154 0.1336 0.6858
vn -0.5492 0.1720 0.8178
vn -0.2576 -0.3305 -0.9080
vn 0.1355 -0.9354 0.3267
vn -0.0129 -0.9773 0.2115
vn 0.0129 -0.8846 0.4662
vn -0.1355 -0.9265 0.3509
vn -0.5011 -0.3726 0.7810
vn -0.0129 0.8846 -0.4662
vn 0.1355 0.9265 -0.3509
vn -0.1355 0.9354 -0.3267
vn 0.0129 0.9773 -0.2115
vn -0.6065 -0.7515 -0.2598
vn -0.6065 -0.7514 -0.2598
vn 0.3466 0.6449 -0.6812
vn 0.2576 0.3305 0.9080
vn 0.6065 0.7515 0.2598
vn 0.6065 0.7514 0.2598
vn 0.4195 0.9069 0.0388
vn 0.5011 -0.7875 -0.3588
vn -0.3466 0.9318 0.1073
vn 0.5011 0.3726 -0.7810
vn 0.6065 -0.4087 0.6820
vn 0.6065 -0.4086 0.6820
vn -0.6065 0.4086 -0.6820
vn -0.6065 0.4087 -0.6820
vn 0.0708 -0.3412 -0.9373
vn 0.9975 0.0242 0.0666
vn -0.4195 -0.9069 -0.0388
vn -0.0708 0.3412 0.9373
vn 0.3466 -0.9318 -0.1073
vn -0.9975 -0.0242 -0.0666
vn -0.9662 0.0881 0.2421
vn 0.4195 -0.6698 0.6127
vn 0.6895 0.2068 0.6941
vn 0.6849 0.2893 0.6687
vn 0.6896 0.2026 0.6953
vn -0.6849 -0.2082 -0.6982
vn -0.6895 -0.2878 -0.6647
vn -0.6846 -0.2042 -0.6998
vn -0.6837 -0.2496 -0.6857
vn 0.6955 0.2458 0.6752
vn -0.6955 -0.2458 -0.6752
vn -0.6857 -0.2490 -0.6840
vn 0.7295 -0.2579 -0.6335
vn 0.6864 0.2487 0.6834
vn -0.7295 0.2579 0.6335
vn 0.6857 0.2490 0.6840
vn -0.6864 -0.2487 -0.6834
vn -0.7052 -0.2287 -0.6711
vn -0.6615 -0.2517 -0.7064
vn -0.7105 -0.2257 -0.6665
vn 0.7053 0.2377 0.6679
vn 0.6615 0.2427 0.7096
vn 0.7106 0.2370 0.6624
vn 0.7297 -0.2338 -0.6425
vn 0.7297 -0.2339 -0.6425
vn -0.6837 -0.2363 -0.6905
vn 0.6837 0.2363 0.6905
vn 0.6837 0.2452 0.6873
vn -0.6837 -0.2436 -0.6879
vn -0.6837 -0.2452 -0.6873
vn 0.6837 0.2436 0.6879
vn 0.6892 0.2083 0.6940
vn 0.6849 0.2880 0.6693
vn 0.6893 0.2043 0.6951
vn -0.6849 -0.2096 -0.6979
vn -0.6892 -0.2866 -0.6655
vn -0.6845 -0.2058 -0.6993
vn -0.6856 -0.2490 -0.6841
vn 0.6984 -0.2487 -0.6711
vn 0.7594 -0.2354 -0.6065
vn 0.6935 -0.2497 -0.6758
vn 0.6862 0.2488 0.6835
vn -0.6984 0.2576 0.6677
vn -0.7596 0.2264 0.6097
vn -0.6935 0.2600 0.6720
vn 0.6856 0.2490 0.6841
vn -0.6862 -0.2488 -0.6835
vn -0.7204 -0.2237 -0.6565
vn -0.6452 -0.2572 -0.7194
vn -0.7254 -0.2213 -0.6518
vn 0.7206 0.2331 0.6530
vn 0.6450 0.2478 0.7229
vn 0.7255 0.2320 0.6479
vn -0.7297 0.2339 0.6425
vn -0.6835 -0.2255 -0.6942
vn -0.6835 -0.2255 -0.6943
vn 0.6835 0.2255 0.6943
vn 0.6835 0.2255 0.6942
vn -0.7297 0.2338 0.6425
vn 0.6837 0.2454 0.6873
vn -0.6837 -0.2445 -0.6876
vn -0.6837 -0.2454 -0.6873
vn 0.6837 0.2445 0.6876
vn -0.7740 0.2025 0.6000
vn -0.6823 0.2460 0.6885
vn -0.7787 0.1999 0.5947
vn 0.7739 -0.2125 -0.5966
vn 0.6820 -0.2360 -0.6922
vn 0.7786 -0.2111 -0.5909
vn 0.7297 -0.2393 -0.6405
vn 0.6837 0.2496 0.6857
vn -0.7297 0.2378 0.6410
vn -0.7295 0.2078 0.6517
vn 0.7295 -0.2078 -0.6517
vn -0.7297 0.2393 0.6405
vn 0.7297 -0.2378 -0.6411
vn 0.7297 -0.2295 -0.6440
vn 0.7297 -0.2296 -0.6441
vn -0.7297 0.2280 0.6446
vn -0.7297 0.2296 0.6441
vn -0.7297 0.2296 0.6440
vn 0.7297 -0.2280 -0.6446
vn -0.1328 -0.3390 -0.9314
vn -0.6443 0.3614 0.6740
vn -0.6498 0.1459 0.7460
vn -0.6443 0.1564 0.7486
vn -0.7973 0.3055 0.5206
vn -0.6498 0.3678 0.6652
vn -0.7915 0.0941 0.6038
vn -0.7973 0.1006 0.5952
vn -0.3971 0.9156 0.0627
vn -0.7570 -0.1179 -0.6427
vn -0.7509 -0.3332 -0.5702
vn -0.7570 -0.3228 -0.5681
vn -0.5996 -0.1598 -0.7842
vn -0.5937 -0.1702 -0.7865
vn -0.5996 -0.3817 -0.7034
vn -0.5937 -0.3752 -0.7119
vn 0.5379 0.7764 0.3284
vn 0.6443 -0.1564 -0.7486
vn 0.6498 -0.3678 -0.6652
vn 0.6443 -0.3614 -0.6740
vn 0.7973 -0.1006 -0.5952
vn 0.6498 -0.1459 -0.7460
vn 0.7915 -0.3160 -0.5231
vn 0.7973 -0.3055 -0.5206
vn 0.3721 -0.6525 0.6601
vn 0.7570 0.3228 0.5681
vn 0.7509 0.1113 0.6510
vn 0.7570 0.1179 0.6427
vn 0.5996 0.3817 0.7034
vn 0.5937 0.3752 0.7119
vn 0.5996 0.1598 0.7842
vn 0.5937 0.1702 0.7865
vn -0.9911 0.0454 0.1248
vn 0.0044 -0.9775 0.2110
vn -0.1360 -0.9325 0.3347
vn 0.1360 -0.9294 0.3430
vn -0.0044 -0.8844 0.4667
vn 0.5379 -0.3837 0.7506
vn -0.1360 0.9294 -0.3430
vn 0.0044 0.8844 -0.4667
vn -0.0044 0.9775 -0.2110
vn 0.1360 0.9325 -0.3347
vn -0.5741 -0.3961 0.7166
vn -0.3721 0.6525 -0.6601
vn 0.9911 -0.0454 -0.1248
vn 0.5741 0.3961 -0.7166
vn 0.3971 0.6611 -0.6366
vn -0.5379 -0.7764 -0.3284
vn 0.3721 0.9242 0.0862
vn -0.5379 0.3837 -0.7506
vn 0.5741 -0.7640 -0.2944
vn -0.5741 0.7640 0.2944
vn -0.9804 -0.0674 -0.1851
vn 0.1970 -0.3353 -0.9213
vn -0.3971 -0.6611 0.6366
vn 0.9804 0.0674 0.1851
vn -0.3721 -0.9242 -0.0862
vn -0.1970 0.3353 0.9213
vn 0.1328 0.3390 0.9314
vn 0.3971 -0.9156 -0.0627
vn 0.6883 0.6817 -0.2481
vn 0.6883 -0.6817 0.2481
vn 0.4929 0.4623 -0.7371
vn 0.4287 0.3291 -0.8414
vn 0.4978 0.4733 -0.7267
vn 0.5832 0.7618 -0.2821
vn 0.5014 0.8309 0.2413
vn 0.4960 0.8291 0.2581
vn 0.4328 0.7957 0.4237
vn -0.4287 0.3291 -0.8414
vn -0.4929 0.4623 -0.7371
vn -0.4978 0.4733 -0.7267
vn -0.5832 0.7618 -0.2821
vn -0.5014 0.8309 0.2413
vn -0.5832 0.7610 -0.2840
vn -0.4328 0.7957 0.4237
vn -0.4960 0.8291 0.2581
vn -0.3909 -0.2578 0.8836
vn -0.3955 -0.7690 -0.5022
vn 0.8306 -0.4998 0.2457
vn 0.8153 -0.5457 0.1938
vn 0.8330 -0.4967 0.2437
vn -0.8300 0.5004 -0.2463
vn -0.8152 0.5458 -0.1937
vn -0.8123 0.5496 -0.1952
vn 0.8320 -0.5405 0.1246
vn 0.8123 -0.5497 0.1951
vn -0.8313 0.5417 -0.1246
vn -0.8342 0.5374 -0.1237
vn -0.8453 0.5227 -0.1104
vn -0.8470 0.5198 -0.1110
vn 0.8453 -0.5226 0.1109
vn 0.8348 -0.5364 0.1241
vn -0.8436 0.4768 -0.2468
vn -0.8325 0.4972 -0.2445
vn 0.8436 -0.4770 0.2465
vn 0.8451 -0.4755 0.2445
vn 0.8123 -0.5496 0.1951
vn -0.8325 0.4971 -0.2445
vn 0.8450 -0.4755 0.2445
vn 0.8320 -0.5406 0.1246
vn 0.3909 -0.2578 0.8836
vn 0.3955 -0.7690 -0.5022
vn -0.8306 -0.4998 0.2457
vn -0.8153 -0.5457 0.1938
vn -0.8123 -0.5497 0.1951
vn 0.8300 0.5004 -0.2463
vn 0.8152 0.5458 -0.1937
vn 0.8325 0.4972 -0.2445
vn -0.8320 -0.5405 0.1246
vn -0.8348 -0.5364 0.1241
vn 0.8313 0.5417 -0.1246
vn 0.8123 0.5496 -0.1952
vn 0.8453 0.5227 -0.1104
vn 0.8342 0.5374 -0.1237
vn -0.8453 -0.5226 0.1109
vn -0.8469 -0.5200 0.1114
vn 0.8436 0.4768 -0.2468
vn 0.8452 0.4752 -0.2447
vn -0.8436 -0.4770 0.2464
vn -0.8330 -0.4967 0.2437
vn -0.8123 -0.5496 0.1951
vn 0.8325 0.4971 -0.2445
vn -0.8436 -0.4770 0.2465
vn -0.8320 -0.5406 0.1246
vn 0.8436 -0.4770 0.2464
vn 0.3955 -0.7690 -0.5023
vn -0.0000 0.9396 -0.3421
vn -0.0000 0.9507 -0.3100
vn -0.0000 -0.9396 0.3421
vn -0.0000 -0.9275 0.3739
vn -0.0000 -0.9507 0.3100
vn -0.0000 0.9275 -0.3739
vn -0.0230 0.3298 0.9438
vn -0.0000 0.3282 0.9446
vn -0.0294 0.3321 0.9428
vn 0.0107 -0.3264 -0.9452
vn -0.0000 -0.3282 -0.9446
vn -0.0000 -0.3283 -0.9446
vn 0.7334 -0.6388 0.2325
vn 0.7477 0.6240 -0.2271
vn 0.7541 0.6171 -0.2246
vn -0.7601 -0.6106 0.2222
vn -0.7669 -0.6031 0.2195
vn -0.7532 -0.6181 0.2250
vn 0.7413 0.6307 -0.2295
vn 0.0028 -0.3168 -0.9485
vn 0.0044 -0.3240 -0.9460
vn -0.0312 0.3390 0.9403
vn -0.0306 0.3398 0.9400
vn -0.0230 -0.3540 -0.9350
vn -0.0000 -0.3557 -0.9346
vn 0.0108 0.3575 0.9338
vn -0.0000 0.3557 0.9346
vn 0.0044 0.3599 0.9330
vn 0.0028 0.3670 0.9302
vn 0.0034 0.3677 0.9299
vn -0.0312 -0.3447 -0.9382
vn -0.0294 -0.3516 -0.9357
vn 0.0230 0.3298 0.9438
vn -0.0000 0.3283 0.9446
vn -0.0107 -0.3264 -0.9452
vn -0.0044 -0.3240 -0.9460
vn -0.7334 -0.6388 0.2325
vn -0.7541 0.6171 -0.2246
vn -0.7477 0.6240 -0.2271
vn 0.7669 -0.6031 0.2195
vn 0.7601 -0.6106 0.2222
vn 0.7532 -0.6181 0.2250
vn -0.7413 0.6307 -0.2295
vn -0.0028 -0.3168 -0.9485
vn -0.0034 -0.3161 -0.9487
vn 0.0312 0.3390 0.9403
vn 0.0294 0.3321 0.9428
vn 0.0230 -0.3540 -0.9350
vn 0.0294 -0.3516 -0.9357
vn -0.0108 0.3575 0.9338
vn -0.0028 0.3670 0.9302
vn -0.0044 0.3599 0.9330
vn 0.0312 -0.3447 -0.9382
vn 0.0306 -0.3440 -0.9385
vn -0.9988 0.0159 0.0473
vn 0.9987 -0.0160 -0.0474
vn 0.0476 0.3858 0.9213
vn -0.0545 -0.3857 -0.9210
vn -0.0079 -0.3396 -0.9406
vn 0.0079 0.3319 0.9433
vn 0.0475 0.3843 0.9220
vn -0.0540 -0.3842 -0.9217
vn 0.9999 -0.0071 0.0091
vn -1.0000 0.0001 -0.0066
vn 0.0134 -0.3397 -0.9404
vn -0.0136 0.3326 0.9430
vn -0.9928 0.0386 0.1133
vn 0.9927 -0.0312 -0.1162
vn -0.9819 0.1617 0.0991
vn -0.1484 -0.2249 -0.9630
vn 0.9913 0.1310 0.0148
vn 0.1484 0.2249 0.9630
vn 0.2791 0.3726 0.8850
vn -0.2857 -0.3720 -0.8832
vn -0.2411 -0.3296 -0.9128
vn 0.2410 0.3222 0.9155
vn 0.2790 0.3711 0.8857
vn -0.2853 -0.3705 -0.8840
vn 0.9738 -0.0866 -0.2105
vn -0.9738 0.0799 0.2129
vn -0.2203 -0.3314 -0.9174
vn 0.2201 0.3246 0.9199
vn -0.9375 0.1168 0.3279
vn 0.9374 -0.1168 -0.3281
vn -0.9201 0.2387 0.3105
vn -0.3734 -0.2037 -0.9050
vn 0.9201 -0.0168 -0.3913
vn 0.1743 0.4453 0.8783
vn -0.6346 0.3084 0.7087
vn 0.6292 -0.3099 -0.7128
vn 0.6654 -0.2539 -0.7019
vn -0.6655 0.2496 0.7035
vn -0.6347 0.3069 0.7092
vn 0.6297 -0.3083 -0.7131
vn 0.7370 0.2260 0.6370
vn -0.7370 -0.2299 -0.6356
vn 0.6812 -0.2491 -0.6884
vn -0.6813 0.2452 0.6897
vn -0.7211 -0.2383 -0.6505
vn 0.8163 0.1989 0.5423
vn -0.8273 -0.0769 -0.5564
vn 0.5492 -0.1720 -0.8178
vn 0.6953 0.3534 0.6258
vn -0.7090 0.3487 0.6130
vn 0.6846 0.2934 0.6673
vn -0.6896 -0.2918 -0.6628
vn -0.6559 -0.2546 -0.7107
vn 0.6558 0.2432 0.7146
vn 0.6845 0.2919 0.6680
vn -0.6893 -0.2903 -0.6638
vn 0.7639 -0.2342 -0.6013
vn -0.7640 0.2239 0.6051
vn -0.6396 -0.2595 -0.7236
vn 0.6394 0.2488 0.7275
vn -0.6768 0.2483 0.6931
vn 0.6765 -0.2372 -0.6971
vn -0.7297 0.2378 0.6411
vn -0.7915 0.3160 0.5231
vn -0.7509 -0.1113 -0.6510
vn 0.7915 -0.0941 -0.6038
vn 0.7509 0.3332 0.5702
vn 0.5832 0.7610 -0.2840
vn 0.8469 -0.5200 0.1114
vn -0.8452 0.4752 -0.2447
vn 0.8470 0.5198 -0.1110
vn -0.8451 -0.4755 0.2445
vn -0.8450 -0.4755 0.2445
vn 0.0034 -0.3161 -0.9487
vn -0.0306 -0.3440 -0.9385
vn 0.0306 0.3398 0.9400
vn -0.0034 0.3677 0.9299
vt -0.000000 0.000000
vt 0.047619 0.047619
vt 0.000000 0.047619
vt -0.000000 0.047619
vt 0.047619 0.095238
vt 0.000000 0.095238
vt 0.095238 0.047619
vt 0.047619 0.000000
vt 0.095238 -0.000000
vt 0.047619 0.095238
vt 0.095238 0.047619
vt 0.095238 0.095238
vt 0.000000 0.142857
vt 0.047619 0.142857
vt 0.095238 0.142857
vt 0.095238 0.047619
vt 0.142857 -0.000000
vt 0.142857 0.047619
vt 0.095238 0.095238
vt 0.142857 0.095238
vt 0.095238 0.142857
vt 0.142857 0.142857
vt 0.000000 0.190476
vt 0.047619 0.190476
vt 0.047619 0.142857
vt 0.095238 0.190476
vt 0.142857 0.142857
vt 0.142857 0.190476
vt 0.190476 -0.000000
vt 0.190476 0.047619
vt 0.190476 0.095238
vt 0.190476 0.095238
vt 0.190476 0.142857
vt 0.142857 0.190476
vt 0.190476 0.142857
vt 0.190476 0.190476
vt -0.000000 0.190476
vt 0.047619 0.238095
vt 0.000000 0.238095
vt 0.095238 0.238095
vt 0.142857 0.238095
vt 0.190476 0.238095
vt 0.190476 0.047619
vt 0.238095 -0.000000
vt 0.238095 0.047619
vt 0.190476 0.095238
vt 0.238095 0.047619
vt 0.238095 0.095238
vt 0.190476 0.142857
vt 0.238095 0.142857
vt 0.190476 0.190476
vt 0.238095 0.142857
vt 0.238095 0.190476
vt 0.190476 0.238095
vt 0.238095 0.238095
vt -0.000000 0.238095
vt 0.047619 0.285714
vt 0.000000 0.285714
vt 0.095238 0.285714
vt 0.142857 0.285714
vt 0.190476 0.285714
vt 0.238095 0.285714
vt 0.285714 -0.000000
vt 0.285714 0.047619
vt 0.285714 0.095238
vt 0.285714 0.142857
vt 0.238095 0.190476
vt 0.285714 0.190476
vt 0.238095 0.238095
vt 0.285714 0.190476
vt 0.285714 0.238095
vt 0.238095 0.285714
vt 0.285714 0.238095
vt 0.285714 0.285714
vt -0.000000 0.285714
vt 0.047619 0.333333
vt 0.000000 0.333333
vt 0.095238 0.333333
vt 0.095238 0.285714
vt 0.142857 0.333333
vt 0.190476 0.333333
vt 0.238095 0.333333
vt 0.285714 0.333333
vt 0.285714 0.047619
vt 0.333333 -0.000000
vt 0.333333 0.047619
vt 0.333333 0.047619
vt 0.333333 0.095238
vt 0.333333 0.142857
vt 0.333333 0.190476
vt 0.333333 0.190476
vt 0.333333 0.238095
vt 0.333333 0.238095
vt 0.333333 0.285714
vt 0.285714 0.333333
vt 0.333333 0.333333
vt -0.000000 0.333333
vt 0.047619 0.380952
vt 0.000000 0.380952
vt 0.047619 0.333333
vt 0.095238 0.380952
vt 0.142857 0.380952
vt 0.190476 0.380952
vt 0.238095 0.380952
vt 0.285714 0.380952
vt 0.238095 0.380952
vt 0.333333 0.380952
vt 0.380952 0.047619
vt 0.333333 0.000000
vt 0.380952 0.000000
vt 0.380952 0.047619
vt 0.380952 0.095238
vt 0.380952 0.142857
vt 0.380952 0.190476
vt 0.380952 0.190476
vt 0.380952 0.238095
vt 0.380952 0.238095
vt 0.380952 0.285714
vt 0.380952 0.333333
vt 0.333333 0.380952
vt 0.380952 0.333333
vt 0.380952 0.380952
vt -0.000000 0.380952
vt 0.047619 0.428571
vt 0.000000 0.428571
vt 0.047619 0.380952
vt 0.095238 0.428571
vt 0.142857 0.428571
vt 0.142857 0.380952
vt 0.190476 0.428571
vt 0.142857 0.428571
vt 0.238095 0.428571
vt 0.285714 0.428571
vt 0.333333 0.428571
vt 0.380952 0.428571
vt 0.428571 -0.000000
vt 0.428571 0.047619
vt 0.380952 0.095238
vt 0.428571 0.095238
vt 0.543770 0.965216
vt 0.544309 0.952382
vt 0.544309 0.965215
vt 0.542369 0.952383
vt 0.542908 0.965217
vt 0.542368 0.965216
vt 0.542908 0.952382
vt 0.543770 0.952381
vt 0.534133 0.952392
vt 0.533594 0.965227
vt 0.533594 0.952394
vt 0.535979 0.965215
vt 0.535440 0.952381
vt 0.535980 0.952383
vt 0.535440 0.965216
vt 0.534133 0.965228
vt 0.544792 0.952382
vt 0.545740 0.965216
vt 0.544792 0.965217
vt 0.538684 0.952383
vt 0.539877 0.965216
vt 0.538683 0.965218
vt 0.544309 0.952384
vt 0.540359 0.952382
vt 0.539877 0.952381
vt 0.546223 0.952382
vt 0.545740 0.952381
vt 0.538201 0.952385
vt 0.536519 0.952390
vt 0.535980 0.965224
vt 0.535980 0.952391
vt 0.538200 0.965215
vt 0.537662 0.952381
vt 0.538201 0.952383
vt 0.537662 0.965216
vt 0.536518 0.965225
vt 0.540842 0.952383
vt 0.541885 0.965216
vt 0.540842 0.965218
vt 0.542368 0.952382
vt 0.541886 0.952381
vt 0.540360 0.952384
vt 0.956632 0.185100
vt 0.952389 0.184791
vt 0.956634 0.184791
vt 0.956626 0.186059
vt 0.952383 0.185749
vt 0.956631 0.185750
vt 0.956545 0.202975
vt 0.952383 0.202137
vt 0.956547 0.202137
vt 0.952385 0.185100
vt 0.956632 0.182269
vt 0.952386 0.181961
vt 0.956630 0.181960
vt 0.952382 0.183376
vt 0.956628 0.183067
vt 0.956627 0.183376
vt 0.952385 0.182270
vt 0.956628 0.191028
vt 0.952382 0.190268
vt 0.956629 0.190268
vt 0.952381 0.188443
vt 0.956628 0.187563
vt 0.956628 0.188443
vt 0.952383 0.190032
vt 0.952382 0.203274
vt 0.956544 0.203274
vt 0.952382 0.187327
vt 0.952381 0.187563
vt 0.952384 0.201838
vt 0.956546 0.201838
vt 0.956627 0.191264
vt 0.952381 0.191028
vt 0.956627 0.188679
vt 0.956578 0.199299
vt 0.952390 0.198843
vt 0.956581 0.198843
vt 0.956572 0.200366
vt 0.952384 0.199910
vt 0.956577 0.199911
vt 0.952385 0.199299
vt 0.956574 0.195814
vt 0.952382 0.195359
vt 0.956573 0.195359
vt 0.952386 0.197198
vt 0.956578 0.196742
vt 0.956577 0.197198
vt 0.952385 0.196742
vt 0.952381 0.195814
vt 0.952382 0.200766
vt 0.956574 0.201439
vt 0.952381 0.201439
vt 0.956574 0.197597
vt 0.952381 0.198444
vt 0.952381 0.197597
vt 0.956573 0.201838
vt 0.956574 0.198843
vt 0.956575 0.198444
vt 0.952383 0.200366
vt 0.956576 0.200766
vt 0.952382 0.197198
vt 0.952386 0.180676
vt 0.956861 0.180995
vt 0.952381 0.180995
vt 0.952386 0.181641
vt 0.956861 0.181960
vt 0.952383 0.181960
vt 0.956548 0.205595
vt 0.952384 0.204912
vt 0.956549 0.204912
vt 0.952382 0.192497
vt 0.956611 0.192816
vt 0.952381 0.192815
vt 0.956616 0.193609
vt 0.952388 0.193927
vt 0.952387 0.193609
vt 0.952382 0.177677
vt 0.956861 0.176921
vt 0.956862 0.177678
vt 0.956861 0.175406
vt 0.952381 0.176283
vt 0.952381 0.175406
vt 0.956861 0.177996
vt 0.952383 0.177996
vt 0.956544 0.205894
vt 0.952384 0.205595
vt 0.956860 0.176601
vt 0.952382 0.176601
vt 0.952389 0.204613
vt 0.956551 0.204613
vt 0.956860 0.176602
vt 0.952381 0.176920
vt 0.952382 0.176601
vt 0.952382 0.175087
vt 0.956860 0.175087
vt 0.952385 0.212946
vt 0.956399 0.213204
vt 0.952381 0.213204
vt 0.952384 0.213877
vt 0.956391 0.214136
vt 0.952381 0.214136
vt 0.956392 0.213877
vt 0.952382 0.209708
vt 0.956519 0.209966
vt 0.952381 0.209966
vt 0.956525 0.210646
vt 0.952387 0.210904
vt 0.952386 0.210646
vt 0.952383 0.215560
vt 0.956355 0.216348
vt 0.952381 0.216348
vt 0.952384 0.214338
vt 0.956362 0.215157
vt 0.952381 0.215157
vt 0.956355 0.215560
vt 0.952384 0.215358
vt 0.956354 0.215358
vt 0.956361 0.215358
vt 0.952382 0.215358
vt 0.956354 0.216550
vt 0.952382 0.216550
vt 0.956362 0.214337
vt 0.952385 0.214136
vt 0.956361 0.214136
vt 0.952383 0.211717
vt 0.956532 0.211939
vt 0.952383 0.211939
vt 0.952382 0.210904
vt 0.956532 0.211126
vt 0.952381 0.211126
vt 0.952382 0.205894
vt 0.956545 0.206123
vt 0.952381 0.206123
vt 0.956533 0.211717
vt 0.952383 0.207277
vt 0.956546 0.207505
vt 0.952382 0.207505
vt 0.956532 0.203495
vt 0.952382 0.203274
vt 0.956531 0.203274
vt 0.952398 0.204613
vt 0.956549 0.204392
vt 0.956548 0.204613
vt 0.956545 0.207277
vt 0.952382 0.207049
vt 0.956546 0.207049
vt 0.952398 0.204392
vt 0.952381 0.203495
vt 0.956545 0.208533
vt 0.952381 0.208305
vt 0.956545 0.208305
vt 0.952383 0.212768
vt 0.956531 0.212117
vt 0.956533 0.212768
vt 0.952384 0.209530
vt 0.956532 0.208711
vt 0.956535 0.209530
vt 0.956533 0.212946
vt 0.952382 0.208533
vt 0.952381 0.208711
vt 0.952382 0.211939
vt 0.952381 0.212117
vt 0.956534 0.209708
vt 0.380952 0.142857
vt 0.428571 0.095238
vt 0.428571 0.142857
vt 0.428571 0.190476
vt 0.428571 0.238095
vt 0.380952 0.285714
vt 0.428571 0.285714
vt 0.380952 0.333333
vt 0.428571 0.333333
vt 0.380952 0.380952
vt 0.428571 0.333333
vt 0.428571 0.380952
vt 0.380952 0.428571
vt 0.428571 0.428571
vt 0.000000 0.476190
vt 0.047619 0.476190
vt 0.095238 0.476190
vt 0.095238 0.428571
vt 0.142857 0.476190
vt 0.190476 0.476190
vt 0.238095 0.476190
vt 0.285714 0.476190
vt 0.333333 0.476190
vt 0.380952 0.476190
vt 0.428571 0.428571
vt 0.428571 0.476190
vt 0.428571 0.047619
vt 0.476190 -0.000000
vt 0.476190 0.047619
vt 0.476191 0.095238
vt 0.476190 0.047619
vt 0.476191 0.142857
vt 0.476191 0.095238
vt 0.476191 0.190476
vt 0.476191 0.238095
vt 0.476191 0.285714
vt 0.476191 0.333333
vt 0.476191 0.333333
vt 0.476191 0.380952
vt 0.476191 0.428571
vt 0.476191 0.476190
vt -0.000000 0.476190
vt 0.047619 0.523810
vt 0.000000 0.523810
vt 0.047619 0.476190
vt 0.095238 0.523810
vt 0.142857 0.523810
vt 0.190476 0.523810
vt 0.238095 0.523810
vt 0.285714 0.523809
vt 0.333333 0.523809
vt 0.380952 0.523809
vt 0.428571 0.523809
vt 0.428571 0.523809
vt 0.476190 0.476190
vt 0.476190 0.523809
vt 0.476190 0.047619
vt 0.523810 -0.000000
vt 0.523810 0.047619
vt 0.523810 0.095238
vt 0.523810 0.142857
vt 0.523810 0.190476
vt 0.523810 0.238095
vt 0.523810 0.285714
vt 0.523810 0.333333
vt 0.523810 0.380952
vt 0.476191 0.428571
vt 0.523810 0.428571
vt 0.523810 0.476190
vt 0.476190 0.523810
vt 0.523810 0.523810
vt -0.000000 0.523810
vt 0.047619 0.571429
vt 0.000000 0.571429
vt 0.095238 0.571429
vt 0.142857 0.571429
vt 0.190476 0.571429
vt 0.238095 0.571429
vt 0.285714 0.571429
vt 0.333333 0.571429
vt 0.952383 0.239749
vt 0.955864 0.240002
vt 0.952381 0.240002
vt 0.952388 0.238962
vt 0.955869 0.239216
vt 0.952384 0.239216
vt 0.955952 0.229620
vt 0.952383 0.228933
vt 0.955954 0.228933
vt 0.955868 0.239749
vt 0.952381 0.238708
vt 0.955865 0.238961
vt 0.952382 0.238962
vt 0.955868 0.237801
vt 0.952384 0.238054
vt 0.952385 0.237801
vt 0.955865 0.238708
vt 0.952382 0.241305
vt 0.955866 0.241930
vt 0.952381 0.241930
vt 0.955866 0.240196
vt 0.952381 0.240918
vt 0.952381 0.240196
vt 0.955865 0.242123
vt 0.955951 0.229866
vt 0.952381 0.229620
vt 0.955865 0.241112
vt 0.955866 0.240919
vt 0.952384 0.228688
vt 0.955953 0.228688
vt 0.952383 0.241112
vt 0.955866 0.241306
vt 0.952382 0.240002
vt 0.952383 0.227106
vt 0.955974 0.227480
vt 0.952381 0.227480
vt 0.952388 0.226230
vt 0.955979 0.226604
vt 0.952384 0.226604
vt 0.955978 0.227106
vt 0.955976 0.220364
vt 0.952382 0.219990
vt 0.955975 0.219990
vt 0.952385 0.221498
vt 0.955979 0.221126
vt 0.955977 0.221499
vt 0.952384 0.221125
vt 0.952381 0.220364
vt 0.952382 0.227808
vt 0.955976 0.228360
vt 0.952381 0.228360
vt 0.955976 0.225208
vt 0.952381 0.225903
vt 0.952381 0.225208
vt 0.955975 0.228688
vt 0.955975 0.226230
vt 0.955976 0.225903
vt 0.952383 0.227480
vt 0.955977 0.227808
vt 0.952382 0.224880
vt 0.952385 0.218936
vt 0.956057 0.219198
vt 0.952381 0.219198
vt 0.952385 0.219728
vt 0.956057 0.219990
vt 0.952383 0.219990
vt 0.952384 0.230111
vt 0.955954 0.230671
vt 0.952383 0.230671
vt 0.952382 0.242123
vt 0.955851 0.242385
vt 0.952381 0.242385
vt 0.955856 0.243036
vt 0.952386 0.243297
vt 0.952386 0.243035
vt 0.956057 0.218054
vt 0.952382 0.218675
vt 0.952381 0.218053
vt 0.952381 0.217530
vt 0.956057 0.216811
vt 0.956057 0.217530
vt 0.952382 0.217792
vt 0.956056 0.217792
vt 0.952388 0.229865
vt 0.955955 0.230111
vt 0.952382 0.216550
vt 0.956056 0.216550
vt 0.955950 0.230917
vt 0.952381 0.230917
vt 0.956057 0.218936
vt 0.952383 0.218936
vt 0.956056 0.217792
vt 0.952382 0.217792
vt 0.952385 0.243297
vt 0.955832 0.243510
vt 0.952381 0.243509
vt 0.952383 0.244062
vt 0.955826 0.244274
vt 0.952381 0.244274
vt 0.955827 0.244062
vt 0.952382 0.235145
vt 0.955931 0.235356
vt 0.952381 0.235356
vt 0.955936 0.235914
vt 0.952387 0.236126
vt 0.952386 0.235914
vt 0.952383 0.250843
vt 0.955796 0.251490
vt 0.952381 0.251490
vt 0.952383 0.249840
vt 0.955802 0.250512
vt 0.952381 0.250512
vt 0.955796 0.250843
vt 0.952384 0.250677
vt 0.955795 0.250677
vt 0.955801 0.250677
vt 0.952382 0.250677
vt 0.955796 0.251655
vt 0.952382 0.251655
vt 0.955802 0.249840
vt 0.952384 0.249675
vt 0.955801 0.249675
vt 0.952382 0.236793
vt 0.955941 0.236975
vt 0.952383 0.236975
vt 0.955940 0.236126
vt 0.952381 0.236308
vt 0.952382 0.236126
vt 0.952382 0.230917
vt 0.955952 0.231104
vt 0.952381 0.231104
vt 0.955941 0.236308
vt 0.955942 0.236793
vt 0.952382 0.233150
vt 0.955953 0.233337
vt 0.952382 0.233337
vt 0.955941 0.232233
vt 0.952382 0.232051
vt 0.955940 0.232051
vt 0.952395 0.233149
vt 0.955954 0.232968
vt 0.955954 0.233150
vt 0.955952 0.232051
vt 0.952381 0.231864
vt 0.955953 0.231864
vt 0.952394 0.232968
vt 0.952381 0.232233
vt 0.955952 0.233993
vt 0.952382 0.234180
vt 0.952381 0.233993
vt 0.952383 0.237655
vt 0.955941 0.237121
vt 0.955942 0.237655
vt 0.952384 0.234998
vt 0.955941 0.234327
vt 0.955943 0.234998
vt 0.955942 0.237801
vt 0.952382 0.234180
vt 0.952381 0.234327
vt 0.952382 0.236975
vt 0.952381 0.237121
vt 0.952384 0.235144
vt 0.380952 0.571429
vt 0.428571 0.571429
vt 0.476190 0.571429
vt 0.428571 0.571429
vt 0.523809 0.571429
vt 0.571429 -0.000000
vt 0.571429 0.047619
vt 0.571429 0.095238
vt 0.571429 0.142857
vt 0.571429 0.190476
vt 0.571429 0.238095
vt 0.571429 0.285714
vt 0.571429 0.333333
vt 0.571429 0.380952
vt 0.571429 0.428571
vt 0.523810 0.380952
vt 0.571429 0.380952
vt 0.523810 0.476191
vt 0.571429 0.476191
vt 0.571429 0.523810
vt 0.571429 0.571429
vt 0.523809 0.523810
vt 0.571429 0.523810
vt -0.000000 0.571429
vt 0.047619 0.619048
vt 0.000000 0.619048
vt 0.095238 0.619048
vt 0.142857 0.619048
vt 0.190476 0.619048
vt 0.238095 0.619048
vt 0.285714 0.619048
vt 0.333333 0.619048
vt 0.380952 0.619048
vt 0.428571 0.619048
vt 0.476190 0.619048
vt 0.523809 0.619048
vt 0.523809 0.619048
vt 0.571429 0.619048
vt 0.571429 0.047619
vt 0.619048 -0.000000
vt 0.619048 0.047619
vt 0.619048 0.095238
vt 0.619048 0.047619
vt 0.619048 0.142857
vt 0.619048 0.190476
vt 0.619048 0.238095
vt 0.619048 0.285714
vt 0.619048 0.333333
vt 0.619048 0.380952
vt 0.619048 0.380952
vt 0.619048 0.428571
vt 0.619048 0.476191
vt 0.619048 0.523810
vt 0.619048 0.476191
vt 0.619048 0.523810
vt 0.619048 0.571429
vt 0.619048 0.619048
vt -0.000000 0.619048
vt 0.047619 0.666667
vt 0.000000 0.666667
vt 0.095238 0.666667
vt 0.142857 0.666667
vt 0.142857 0.666667
vt 0.190476 0.666667
vt 0.238095 0.619048
vt 0.238095 0.666667
vt 0.285714 0.666667
vt 0.238095 0.666667
vt 0.333333 0.666667
vt 0.380952 0.666667
vt 0.428571 0.666667
vt 0.476190 0.666667
vt 0.523809 0.666667
vt 0.523809 0.666667
vt 0.571429 0.666667
vt 0.619048 0.619048
vt 0.619048 0.666667
vt 0.956632 0.186368
vt 0.952389 0.186059
vt 0.956634 0.186059
vt 0.956626 0.187327
vt 0.952383 0.187018
vt 0.956631 0.187018
vt 0.949469 0.989664
vt 0.950307 0.982241
vt 0.950307 0.989673
vt 0.952384 0.186368
vt 0.956632 0.183685
vt 0.952386 0.183376
vt 0.956631 0.183376
vt 0.952382 0.184791
vt 0.956628 0.184482
vt 0.956627 0.184791
vt 0.952385 0.183685
vt 0.956628 0.192261
vt 0.952382 0.191500
vt 0.956629 0.191500
vt 0.952381 0.189796
vt 0.956628 0.188915
vt 0.956628 0.189796
vt 0.952383 0.191264
vt 0.949170 0.982234
vt 0.949170 0.989663
vt 0.952382 0.188679
vt 0.952381 0.188915
vt 0.950606 0.982242
vt 0.950606 0.989671
vt 0.956627 0.192497
vt 0.952381 0.192261
vt 0.956627 0.190032
vt 0.950238 0.974768
vt 0.950693 0.967313
vt 0.950693 0.974771
vt 0.949170 0.974762
vt 0.949626 0.967306
vt 0.949626 0.974767
vt 0.950238 0.967308
vt 0.950554 0.959842
vt 0.951009 0.952382
vt 0.951009 0.959840
vt 0.949171 0.952382
vt 0.949626 0.959842
vt 0.949170 0.959840
vt 0.949626 0.952381
vt 0.950554 0.952381
vt 0.949570 0.982231
vt 0.950243 0.974772
vt 0.950243 0.982233
vt 0.949570 0.967303
vt 0.950417 0.959843
vt 0.950416 0.967304
vt 0.950642 0.974774
vt 0.949170 0.967301
vt 0.949570 0.959842
vt 0.949170 0.982230
vt 0.949570 0.974770
vt 0.950816 0.959844
vt 0.952386 0.179391
vt 0.956861 0.179710
vt 0.952381 0.179710
vt 0.952386 0.180356
vt 0.956861 0.180676
vt 0.952383 0.180676
vt 0.949469 0.997107
vt 0.950153 0.989677
vt 0.950152 0.997108
vt 0.952382 0.193928
vt 0.956611 0.194246
vt 0.952381 0.194246
vt 0.956616 0.195040
vt 0.952388 0.195358
vt 0.952387 0.195040
vt 0.952382 0.179072
vt 0.956861 0.178315
vt 0.956862 0.179072
vt 0.952381 0.174768
vt 0.956861 0.173892
vt 0.956861 0.174769
vt 0.956861 0.179391
vt 0.952383 0.179391
vt 0.949170 0.997102
vt 0.949470 0.989675
vt 0.956860 0.173573
vt 0.952381 0.173892
vt 0.952382 0.173573
vt 0.950452 0.989681
vt 0.950452 0.997111
vt 0.952382 0.177996
vt 0.956860 0.177996
vt 0.956860 0.175087
vt 0.952382 0.175087
vt 0.952385 0.165562
vt 0.959666 0.165820
vt 0.952381 0.165820
vt 0.952387 0.166493
vt 0.959661 0.166752
vt 0.952384 0.166752
vt 0.952382 0.162324
vt 0.959786 0.162582
vt 0.952381 0.162582
vt 0.959797 0.163262
vt 0.952393 0.163520
vt 0.952392 0.163262
vt 0.959621 0.168175
vt 0.952381 0.168964
vt 0.952382 0.168175
vt 0.952383 0.166953
vt 0.959629 0.167772
vt 0.952381 0.167772
vt 0.952383 0.167974
vt 0.959620 0.167974
vt 0.959628 0.167974
vt 0.952382 0.167974
vt 0.959621 0.169165
vt 0.952382 0.169165
vt 0.959628 0.166953
vt 0.952384 0.166752
vt 0.959627 0.166752
vt 0.959798 0.163521
vt 0.952381 0.163742
vt 0.952382 0.163521
vt 0.952383 0.164555
vt 0.959799 0.164333
vt 0.959799 0.164555
vt 0.951834 0.989674
vt 0.951606 0.997105
vt 0.951606 0.989673
vt 0.959799 0.163742
vt 0.952382 0.164333
vt 0.952383 0.158554
vt 0.959814 0.158783
vt 0.952383 0.158783
vt 0.959798 0.159811
vt 0.952381 0.160032
vt 0.952382 0.159811
vt 0.952391 0.161149
vt 0.959808 0.160929
vt 0.959807 0.161150
vt 0.950452 0.997103
vt 0.950680 0.989673
vt 0.950680 0.997104
vt 0.959799 0.160032
vt 0.952390 0.160928
vt 0.959812 0.159811
vt 0.952381 0.159582
vt 0.959813 0.159583
vt 0.959799 0.164733
vt 0.952382 0.165383
vt 0.952381 0.164733
vt 0.959799 0.161328
vt 0.952383 0.162146
vt 0.952381 0.161328
vt 0.952382 0.164555
vt 0.959800 0.162324
vt 0.959800 0.162146
vt 0.959799 0.165562
vt 0.959800 0.165384
vt 0.952382 0.161149
vt 0.619048 0.047619
vt 0.666667 -0.000000
vt 0.666667 0.047619
vt 0.619048 0.095238
vt 0.666667 0.095238
vt 0.619048 0.142857
vt 0.666667 0.142857
vt 0.666667 0.142857
vt 0.666667 0.190476
vt 0.666667 0.238095
vt 0.666667 0.285714
vt 0.666667 0.333333
vt 0.666667 0.380952
vt 0.666667 0.380952
vt 0.666667 0.428571
vt 0.666667 0.476191
vt 0.666667 0.476191
vt 0.666667 0.523810
vt 0.666667 0.571429
vt 0.666667 0.523810
vt 0.666667 0.619048
vt 0.619048 0.666667
vt 0.666667 0.666667
vt -0.000000 0.666667
vt 0.047619 0.714286
vt 0.000000 0.714286
vt 0.095238 0.714286
vt 0.095238 0.666667
vt 0.142857 0.714286
vt 0.190476 0.714286
vt 0.238095 0.714286
vt 0.285714 0.714286
vt 0.238095 0.714286
vt 0.333333 0.714286
vt 0.380952 0.714286
vt 0.428571 0.714286
vt 0.476190 0.714286
vt 0.523809 0.714286
vt 0.571429 0.714286
vt 0.619048 0.714286
vt 0.666667 0.666667
vt 0.666667 0.714286
vt 0.714286 0.047619
vt 0.666667 0.000000
vt 0.714286 -0.000000
vt 0.714286 0.095238
vt 0.714286 0.047619
vt 0.714286 0.142857
vt 0.666667 0.095238
vt 0.714286 0.095238
vt 0.714286 0.190476
vt 0.714286 0.142857
vt 0.714286 0.238095
vt 0.714286 0.285714
vt 0.714286 0.333333
vt 0.714286 0.380952
vt 0.714286 0.428571
vt 0.714286 0.380952
vt 0.714286 0.476191
vt 0.714286 0.523810
vt 0.714286 0.476191
vt 0.714286 0.523810
vt 0.714286 0.571429
vt 0.714286 0.619048
vt 0.714286 0.666667
vt 0.714286 0.714286
vt -0.000000 0.714286
vt 0.047619 0.761905
vt 0.000000 0.761905
vt 0.095238 0.761905
vt 0.142857 0.761905
vt 0.190476 0.761905
vt 0.238095 0.761905
vt 0.285714 0.761905
vt 0.238095 0.761905
vt 0.333333 0.761905
vt 0.380952 0.761905
vt 0.428571 0.761905
vt 0.476190 0.761905
vt 0.523809 0.761905
vt 0.955808 0.245664
vt 0.952388 0.245415
vt 0.955810 0.245415
vt 0.955803 0.246437
vt 0.952383 0.246188
vt 0.955807 0.246188
vt 0.954652 0.258200
vt 0.952385 0.258875
vt 0.952381 0.258200
vt 0.952384 0.245664
vt 0.955808 0.244523
vt 0.952385 0.244274
vt 0.955807 0.244274
vt 0.952382 0.245415
vt 0.955805 0.245166
vt 0.955804 0.245415
vt 0.952384 0.244523
vt 0.952382 0.247718
vt 0.955805 0.248331
vt 0.952381 0.248331
vt 0.955805 0.246627
vt 0.952381 0.247337
vt 0.952381 0.246627
vt 0.955804 0.248521
vt 0.952385 0.259116
vt 0.954656 0.258876
vt 0.954655 0.259117
vt 0.955805 0.247527
vt 0.955805 0.247337
vt 0.952382 0.257959
vt 0.954651 0.257959
vt 0.952382 0.247528
vt 0.955806 0.247718
vt 0.952382 0.246437
vt 0.954678 0.254833
vt 0.952387 0.254465
vt 0.954680 0.254465
vt 0.954674 0.255693
vt 0.952383 0.255326
vt 0.954678 0.255326
vt 0.952383 0.254833
vt 0.954674 0.251655
vt 0.952381 0.252022
vt 0.952381 0.251655
vt 0.952388 0.253136
vt 0.954682 0.252771
vt 0.954680 0.253139
vt 0.954676 0.252022
vt 0.952388 0.252769
vt 0.954676 0.256015
vt 0.952381 0.256558
vt 0.952381 0.256015
vt 0.954675 0.253461
vt 0.952382 0.254143
vt 0.952381 0.253460
vt 0.952382 0.255693
vt 0.954676 0.254465
vt 0.954677 0.254144
vt 0.954675 0.256880
vt 0.954676 0.256558
vt 0.952382 0.253139
vt 0.952385 0.223844
vt 0.955993 0.224102
vt 0.952381 0.224102
vt 0.952385 0.224623
vt 0.955993 0.224880
vt 0.952383 0.224880
vt 0.954654 0.260473
vt 0.952383 0.261023
vt 0.952383 0.260473
vt 0.952381 0.248778
vt 0.955790 0.248521
vt 0.955791 0.248778
vt 0.955796 0.249418
vt 0.952387 0.249675
vt 0.952386 0.249418
vt 0.955993 0.222977
vt 0.952382 0.223587
vt 0.952381 0.222977
vt 0.955993 0.221756
vt 0.952381 0.222463
vt 0.952381 0.221756
vt 0.952382 0.222720
vt 0.955992 0.222720
vt 0.954651 0.261265
vt 0.954654 0.261024
vt 0.955992 0.222720
vt 0.952382 0.222720
vt 0.952387 0.260232
vt 0.954656 0.260232
vt 0.955993 0.223844
vt 0.952383 0.223844
vt 0.952382 0.221499
vt 0.955992 0.221499
vt 0.952387 0.265836
vt 0.954537 0.266044
vt 0.952384 0.266044
vt 0.952383 0.266587
vt 0.954527 0.266795
vt 0.952381 0.266795
vt 0.954528 0.266587
vt 0.952382 0.264872
vt 0.954631 0.265079
vt 0.952381 0.265079
vt 0.952381 0.265628
vt 0.954630 0.265836
vt 0.952381 0.265836
vt 0.954631 0.265628
vt 0.954497 0.268578
vt 0.952382 0.267943
vt 0.954500 0.267943
vt 0.954502 0.267618
vt 0.952383 0.266957
vt 0.954506 0.266957
vt 0.952381 0.268578
vt 0.954496 0.268741
vt 0.952382 0.268741
vt 0.952383 0.266795
vt 0.954505 0.266795
vt 0.952382 0.267780
vt 0.954499 0.267780
vt 0.952381 0.267618
vt 0.954501 0.267780
vt 0.952382 0.267780
vt 0.954641 0.263404
vt 0.952382 0.263225
vt 0.954640 0.263225
vt 0.954642 0.264059
vt 0.952383 0.263880
vt 0.954642 0.263881
vt 0.952381 0.259301
vt 0.954651 0.259117
vt 0.954652 0.259301
vt 0.952381 0.263404
vt 0.952382 0.261265
vt 0.954652 0.261449
vt 0.952381 0.261449
vt 0.952401 0.257781
vt 0.954661 0.257959
vt 0.952402 0.257959
vt 0.954641 0.256880
vt 0.952381 0.257058
vt 0.952382 0.256880
vt 0.954654 0.260232
vt 0.952383 0.260048
vt 0.954654 0.260048
vt 0.954642 0.257058
vt 0.954662 0.257781
vt 0.954652 0.262094
vt 0.952382 0.262278
vt 0.952381 0.262094
vt 0.952383 0.264727
vt 0.954641 0.264203
vt 0.954643 0.264727
vt 0.952385 0.263081
vt 0.954641 0.262422
vt 0.954645 0.263082
vt 0.952384 0.264871
vt 0.952381 0.262422
vt 0.954640 0.262278
vt 0.952382 0.264059
vt 0.952381 0.264203
vt 0.954644 0.263225
vt 0.571429 0.761905
vt 0.619048 0.761905
vt 0.619048 0.714286
vt 0.666667 0.761905
vt 0.666667 0.714286
vt 0.714286 0.761905
vt 0.761905 -0.000000
vt 0.761905 0.047619
vt 0.761905 0.047619
vt 0.761905 0.095238
vt 0.761905 0.142857
vt 0.761905 0.190476
vt 0.761905 0.142857
vt 0.761905 0.238095
vt 0.761905 0.285714
vt 0.761905 0.333333
vt 0.761905 0.380952
vt 0.761905 0.428571
vt 0.761905 0.380952
vt 0.761905 0.476191
vt 0.761905 0.476191
vt 0.761905 0.523810
vt 0.761905 0.571429
vt 0.761905 0.523810
vt 0.761905 0.619048
vt 0.761905 0.666667
vt 0.761905 0.714286
vt 0.761905 0.714286
vt 0.761905 0.761905
vt -0.000000 0.761905
vt 0.047619 0.809524
vt 0.000000 0.809524
vt 0.095238 0.809524
vt 0.142857 0.809524
vt 0.190476 0.809524
vt 0.238095 0.809524
vt 0.285714 0.761905
vt 0.285714 0.809524
vt 0.333333 0.809524
vt 0.380952 0.809524
vt 0.428571 0.809524
vt 0.476190 0.809524
vt 0.523810 0.809524
vt 0.571429 0.809524
vt 0.619048 0.809524
vt 0.666667 0.809524
vt 0.714286 0.809524
vt 0.761905 0.809524
vt 0.809524 0.047619
vt 0.761905 0.000000
vt 0.809524 -0.000000
vt 0.809524 0.095238
vt 0.809524 0.142857
vt 0.761905 0.190476
vt 0.809524 0.190476
vt 0.761905 0.238095
vt 0.809524 0.190476
vt 0.809524 0.238095
vt 0.761905 0.285714
vt 0.809524 0.285714
vt 0.809524 0.333333
vt 0.809524 0.380952
vt 0.761905 0.333333
vt 0.809524 0.428571
vt 0.809524 0.476191
vt 0.761905 0.523810
vt 0.809524 0.523810
vt 0.761905 0.571429
vt 0.809524 0.571429
vt 0.809524 0.619048
vt 0.809524 0.666667
vt 0.761905 0.619048
vt 0.761905 0.714286
vt 0.809524 0.714286
vt 0.761905 0.761905
vt 0.809524 0.714286
vt 0.809524 0.761905
vt 0.761905 0.809524
vt 0.809524 0.809524
vt 0.000000 0.857143
vt 0.047619 0.857143
vt 0.095238 0.857143
vt 0.095238 0.809524
vt 0.142857 0.857143
vt 0.190476 0.857143
vt 0.238095 0.857143
vt 0.285714 0.857143
vt 0.333333 0.857143
vt 0.953410 0.169165
vt 0.955219 0.170922
vt 0.954202 0.170878
vt 0.954145 0.170925
vt 0.954674 0.171816
vt 0.952381 0.171342
vt 0.953677 0.173573
vt 0.957512 0.171396
vt 0.956216 0.169165
vt 0.956483 0.173573
vt 0.955747 0.171813
vt 0.955690 0.171860
vt 0.614712 0.952936
vt 0.616443 0.959236
vt 0.614722 0.959534
vt 0.613170 0.953018
vt 0.611677 0.959534
vt 0.611627 0.952938
vt 0.609988 0.959246
vt 0.743065 0.952936
vt 0.744796 0.959236
vt 0.743076 0.959534
vt 0.741523 0.953018
vt 0.740030 0.959534
vt 0.739981 0.952938
vt 0.738342 0.959246
vt 0.622262 0.952936
vt 0.623993 0.959236
vt 0.622273 0.959534
vt 0.620720 0.953018
vt 0.619227 0.959534
vt 0.619178 0.952938
vt 0.617539 0.959246
vt 0.952936 0.070202
vt 0.959236 0.068471
vt 0.959534 0.070191
vt 0.953018 0.071744
vt 0.959534 0.073237
vt 0.952938 0.073286
vt 0.959246 0.074925
vt 0.952936 0.077752
vt 0.959236 0.076021
vt 0.959534 0.077742
vt 0.953018 0.079294
vt 0.959534 0.080787
vt 0.952938 0.080837
vt 0.959246 0.082476
vt 0.593792 0.953206
vt 0.592061 0.959506
vt 0.592072 0.952907
vt 0.590519 0.959424
vt 0.589026 0.952907
vt 0.590549 0.952863
vt 0.587338 0.953196
vt 0.588977 0.959503
vt 0.587222 0.959406
vt 0.737246 0.953206
vt 0.735515 0.959506
vt 0.735525 0.952907
vt 0.733973 0.959424
vt 0.732480 0.952907
vt 0.734003 0.952863
vt 0.730791 0.953196
vt 0.732430 0.959503
vt 0.730676 0.959406
vt 0.601342 0.953206
vt 0.599611 0.959506
vt 0.599622 0.952907
vt 0.598069 0.959424
vt 0.596577 0.952907
vt 0.598099 0.952863
vt 0.594888 0.953196
vt 0.596527 0.959503
vt 0.594772 0.959406
vt 0.953206 0.143973
vt 0.959506 0.145704
vt 0.952907 0.145694
vt 0.959424 0.147246
vt 0.952908 0.148739
vt 0.952863 0.147216
vt 0.953196 0.150428
vt 0.959503 0.148789
vt 0.959406 0.150543
vt 0.714595 0.953206
vt 0.712864 0.959506
vt 0.712875 0.952907
vt 0.711322 0.959424
vt 0.709830 0.952907
vt 0.711352 0.952863
vt 0.708141 0.953196
vt 0.709780 0.959503
vt 0.708025 0.959406
vt 0.629812 0.952936
vt 0.631543 0.959236
vt 0.629823 0.959534
vt 0.628270 0.953018
vt 0.626777 0.959534
vt 0.626728 0.952938
vt 0.625089 0.959246
vt 0.750615 0.952936
vt 0.752346 0.959236
vt 0.750626 0.959534
vt 0.749073 0.953018
vt 0.747581 0.959534
vt 0.747531 0.952938
vt 0.745892 0.959246
vt 0.682664 0.952936
vt 0.684395 0.959236
vt 0.682674 0.959534
vt 0.681121 0.953018
vt 0.679629 0.959534
vt 0.679579 0.952938
vt 0.677940 0.959246
vt 0.952936 0.085302
vt 0.959236 0.083571
vt 0.959534 0.085292
vt 0.953018 0.086844
vt 0.959534 0.088337
vt 0.952938 0.088387
vt 0.959246 0.090026
vt 0.687164 0.959506
vt 0.685432 0.953206
vt 0.687153 0.952907
vt 0.688706 0.959424
vt 0.690198 0.952907
vt 0.690248 0.959503
vt 0.691887 0.953196
vt 0.934589 0.959236
vt 0.936320 0.952936
vt 0.936309 0.959534
vt 0.937862 0.953018
vt 0.939355 0.959534
vt 0.937832 0.959579
vt 0.941043 0.959246
vt 0.939404 0.952938
vt 0.941159 0.953036
vt 0.639093 0.953206
vt 0.637362 0.959506
vt 0.637373 0.952907
vt 0.635820 0.959424
vt 0.634328 0.952907
vt 0.635850 0.952863
vt 0.632639 0.953196
vt 0.634278 0.959503
vt 0.632523 0.959406
vt 0.953206 0.008069
vt 0.959506 0.009800
vt 0.952907 0.009790
vt 0.959424 0.011342
vt 0.952907 0.012835
vt 0.952863 0.011312
vt 0.953196 0.014524
vt 0.959503 0.012885
vt 0.959406 0.014639
vt 0.865599 0.953206
vt 0.863868 0.959506
vt 0.863879 0.952907
vt 0.862326 0.959424
vt 0.860833 0.952907
vt 0.862356 0.952863
vt 0.859145 0.953196
vt 0.860784 0.959503
vt 0.859029 0.959406
vt 0.669294 0.953206
vt 0.667563 0.959506
vt 0.667574 0.952907
vt 0.666021 0.959424
vt 0.664528 0.952907
vt 0.666051 0.952863
vt 0.662840 0.953196
vt 0.664479 0.959503
vt 0.662724 0.959406
vt 0.959506 0.027951
vt 0.953206 0.029682
vt 0.952907 0.027961
vt 0.959424 0.026409
vt 0.952908 0.024916
vt 0.959503 0.024866
vt 0.953196 0.023227
vt 0.952936 0.100403
vt 0.959236 0.098672
vt 0.959534 0.100392
vt 0.953018 0.101945
vt 0.959534 0.103437
vt 0.952938 0.103487
vt 0.959246 0.105126
vt 0.641862 0.959506
vt 0.640131 0.953206
vt 0.641852 0.952908
vt 0.643405 0.959424
vt 0.644897 0.952908
vt 0.644947 0.959503
vt 0.646586 0.953196
vt 0.815517 0.959506
vt 0.813786 0.953206
vt 0.815506 0.952907
vt 0.817059 0.959424
vt 0.818552 0.952907
vt 0.818601 0.959503
vt 0.820240 0.953196
vt 0.959506 0.111003
vt 0.953206 0.112734
vt 0.952907 0.111014
vt 0.959424 0.109461
vt 0.952907 0.107968
vt 0.959503 0.107919
vt 0.953196 0.106280
vt 0.889288 0.959236
vt 0.891019 0.952936
vt 0.891008 0.959534
vt 0.892561 0.953018
vt 0.894053 0.959534
vt 0.892531 0.959579
vt 0.895742 0.959246
vt 0.894103 0.952938
vt 0.895858 0.953036
vt 0.783585 0.959236
vt 0.785316 0.952936
vt 0.785306 0.959534
vt 0.786858 0.953018
vt 0.788351 0.959534
vt 0.786828 0.959579
vt 0.790040 0.959246
vt 0.788401 0.952938
vt 0.790155 0.953035
vt 0.579730 0.959236
vt 0.581461 0.952936
vt 0.581450 0.959534
vt 0.583003 0.953018
vt 0.584495 0.959534
vt 0.582973 0.959579
vt 0.586184 0.959246
vt 0.584545 0.952938
vt 0.586300 0.953036
vt 0.959236 0.158036
vt 0.952936 0.156305
vt 0.959534 0.156315
vt 0.953018 0.154762
vt 0.959534 0.153270
vt 0.959579 0.154792
vt 0.959246 0.151581
vt 0.952938 0.153220
vt 0.953036 0.151465
vt 0.948651 0.953206
vt 0.946920 0.959506
vt 0.946931 0.952907
vt 0.945378 0.959424
vt 0.943886 0.952907
vt 0.945408 0.952863
vt 0.942197 0.953196
vt 0.943836 0.959503
vt 0.942081 0.959406
vt 0.952936 0.115503
vt 0.959236 0.113772
vt 0.959534 0.115493
vt 0.953018 0.117045
vt 0.959534 0.118538
vt 0.952938 0.118588
vt 0.959246 0.120227
vt 0.959506 0.043051
vt 0.953206 0.044782
vt 0.952908 0.043062
vt 0.959424 0.041509
vt 0.952908 0.040017
vt 0.959503 0.039967
vt 0.953196 0.038328
vt 0.952936 0.032451
vt 0.959236 0.030720
vt 0.959534 0.032440
vt 0.953018 0.033993
vt 0.959534 0.035485
vt 0.952938 0.035535
vt 0.959246 0.037174
vt 0.952936 0.092852
vt 0.959236 0.091121
vt 0.959534 0.092842
vt 0.953018 0.094395
vt 0.959534 0.095887
vt 0.952938 0.095937
vt 0.959246 0.097576
vt 0.952936 0.123053
vt 0.959236 0.121322
vt 0.959534 0.123043
vt 0.953018 0.124595
vt 0.959534 0.126088
vt 0.952938 0.126138
vt 0.959246 0.127777
vt 0.722146 0.953206
vt 0.720415 0.959506
vt 0.720425 0.952907
vt 0.718872 0.959424
vt 0.717380 0.952907
vt 0.718902 0.952863
vt 0.715691 0.953196
vt 0.717330 0.959503
vt 0.715575 0.959406
vt 0.782547 0.953206
vt 0.780816 0.959506
vt 0.780827 0.952907
vt 0.779274 0.959424
vt 0.777781 0.952908
vt 0.779304 0.952863
vt 0.776093 0.953196
vt 0.777732 0.959503
vt 0.775977 0.959406
vt 0.953206 0.045820
vt 0.959506 0.047551
vt 0.952907 0.047541
vt 0.959424 0.049093
vt 0.952908 0.050586
vt 0.952863 0.049064
vt 0.953196 0.052275
vt 0.959503 0.050636
vt 0.959406 0.052390
vt 0.759897 0.953206
vt 0.758165 0.959506
vt 0.758176 0.952907
vt 0.756623 0.959424
vt 0.755131 0.952908
vt 0.756653 0.952863
vt 0.753442 0.953196
vt 0.755081 0.959503
vt 0.753326 0.959406
vt 0.760934 0.959236
vt 0.762665 0.952936
vt 0.762655 0.959534
vt 0.764208 0.953018
vt 0.765700 0.959534
vt 0.764178 0.959579
vt 0.767389 0.959246
vt 0.765750 0.952938
vt 0.767504 0.953036
vt 0.795916 0.952936
vt 0.797648 0.959236
vt 0.795927 0.959534
vt 0.794374 0.953018
vt 0.792882 0.959534
vt 0.792832 0.952938
vt 0.791193 0.959246
vt 0.770216 0.959506
vt 0.768485 0.953206
vt 0.770205 0.952908
vt 0.771758 0.959424
vt 0.773250 0.952908
vt 0.773300 0.959503
vt 0.774939 0.953196
vt 0.656963 0.959506
vt 0.655232 0.953206
vt 0.656952 0.952907
vt 0.658505 0.959424
vt 0.659998 0.952908
vt 0.660047 0.959503
vt 0.661686 0.953196
vt 0.675113 0.952936
vt 0.676844 0.959236
vt 0.675124 0.959534
vt 0.673571 0.953018
vt 0.672079 0.959534
vt 0.672029 0.952938
vt 0.670390 0.959246
vt 0.952936 0.130603
vt 0.959236 0.128872
vt 0.959534 0.130593
vt 0.953018 0.132146
vt 0.959534 0.133638
vt 0.952938 0.133688
vt 0.959246 0.135327
vt 0.729696 0.953206
vt 0.727965 0.959506
vt 0.727975 0.952907
vt 0.726423 0.959424
vt 0.724930 0.952907
vt 0.726452 0.952863
vt 0.723241 0.953196
vt 0.724880 0.959503
vt 0.723126 0.959406
vt 0.828886 0.959236
vt 0.830617 0.952936
vt 0.830607 0.959534
vt 0.832159 0.953018
vt 0.833652 0.959534
vt 0.832129 0.959579
vt 0.835341 0.959246
vt 0.833702 0.952938
vt 0.835456 0.953036
vt 0.933551 0.953206
vt 0.931820 0.959506
vt 0.931830 0.952907
vt 0.930278 0.959424
vt 0.928785 0.952907
vt 0.930308 0.952863
vt 0.927096 0.953196
vt 0.928735 0.959503
vt 0.926981 0.959406
vt 0.959236 0.007031
vt 0.952936 0.005300
vt 0.959534 0.005311
vt 0.953018 0.003758
vt 0.959534 0.002266
vt 0.959579 0.003788
vt 0.959246 0.000577
vt 0.952938 0.002216
vt 0.953036 0.000461
vt 0.904388 0.959236
vt 0.906119 0.952936
vt 0.906109 0.959534
vt 0.907661 0.953018
vt 0.909154 0.959534
vt 0.907631 0.959579
vt 0.910843 0.959246
vt 0.909204 0.952938
vt 0.910958 0.953035
vt 0.604111 0.959506
vt 0.602380 0.953206
vt 0.604101 0.952908
vt 0.605654 0.959424
vt 0.607146 0.952908
vt 0.607196 0.959503
vt 0.608835 0.953196
vt 0.838167 0.959506
vt 0.836436 0.953206
vt 0.838157 0.952907
vt 0.839710 0.959424
vt 0.841202 0.952907
vt 0.841252 0.959503
vt 0.842891 0.953196
vt 0.649413 0.959506
vt 0.647681 0.953206
vt 0.649402 0.952907
vt 0.650955 0.959424
vt 0.652447 0.952908
vt 0.652497 0.959503
vt 0.654136 0.953196
vt 0.868368 0.959506
vt 0.866637 0.953206
vt 0.868358 0.952907
vt 0.869910 0.959424
vt 0.871403 0.952907
vt 0.871453 0.959503
vt 0.873092 0.953196
vt 0.959506 0.065702
vt 0.953206 0.067433
vt 0.952907 0.065712
vt 0.959424 0.064160
vt 0.952908 0.062667
vt 0.959503 0.062617
vt 0.953196 0.060978
vt 0.692983 0.959236
vt 0.694714 0.952936
vt 0.694703 0.959534
vt 0.696256 0.953018
vt 0.697748 0.959534
vt 0.696226 0.959579
vt 0.699437 0.959246
vt 0.697798 0.952938
vt 0.699553 0.953035
vt 0.896838 0.959236
vt 0.898569 0.952936
vt 0.898558 0.959534
vt 0.900111 0.953018
vt 0.901604 0.959534
vt 0.900081 0.959579
vt 0.903292 0.959246
vt 0.901653 0.952938
vt 0.903408 0.953035
vt 0.821336 0.959236
vt 0.823067 0.952936
vt 0.823057 0.959534
vt 0.824609 0.953018
vt 0.826102 0.959534
vt 0.824579 0.959579
vt 0.827791 0.959246
vt 0.826152 0.952938
vt 0.827906 0.953035
vt 0.959236 0.022132
vt 0.952936 0.020401
vt 0.959534 0.020411
vt 0.953018 0.018858
vt 0.959534 0.017366
vt 0.959579 0.018888
vt 0.959246 0.015677
vt 0.952938 0.017316
vt 0.953036 0.015562
vt 0.911938 0.959236
vt 0.913669 0.952936
vt 0.913659 0.959534
vt 0.915212 0.953018
vt 0.916704 0.959534
vt 0.915182 0.959579
vt 0.918393 0.959246
vt 0.916754 0.952938
vt 0.918508 0.953036
vt 0.921220 0.959506
vt 0.919489 0.953206
vt 0.921209 0.952907
vt 0.922762 0.959424
vt 0.924254 0.952908
vt 0.924304 0.959503
vt 0.925943 0.953196
vt 0.800416 0.959506
vt 0.798685 0.953206
vt 0.800406 0.952907
vt 0.801959 0.959424
vt 0.803451 0.952907
vt 0.803501 0.959503
vt 0.805140 0.953196
vt 0.875918 0.959506
vt 0.874187 0.953206
vt 0.875908 0.952907
vt 0.877461 0.959424
vt 0.878953 0.952907
vt 0.879003 0.959503
vt 0.880642 0.953196
vt 0.853268 0.959506
vt 0.851537 0.953206
vt 0.853257 0.952908
vt 0.854810 0.959424
vt 0.856303 0.952908
vt 0.856352 0.959503
vt 0.857991 0.953196
vt 0.807967 0.959506
vt 0.806236 0.953206
vt 0.807956 0.952907
vt 0.809509 0.959424
vt 0.811001 0.952907
vt 0.811051 0.959503
vt 0.812690 0.953196
vt 0.959236 0.059883
vt 0.952936 0.058152
vt 0.959534 0.058162
vt 0.953018 0.056609
vt 0.959534 0.055117
vt 0.959579 0.056639
vt 0.959246 0.053428
vt 0.952938 0.055067
vt 0.953036 0.053313
vt 0.843986 0.959236
vt 0.845717 0.952936
vt 0.845707 0.959534
vt 0.847260 0.953018
vt 0.848752 0.959534
vt 0.847230 0.959579
vt 0.850441 0.959246
vt 0.848802 0.952938
vt 0.850557 0.953035
vt 0.881737 0.959236
vt 0.883469 0.952936
vt 0.883458 0.959534
vt 0.885011 0.953018
vt 0.886503 0.959534
vt 0.884981 0.959579
vt 0.888192 0.959246
vt 0.886553 0.952938
vt 0.888308 0.953036
vt 0.959236 0.142935
vt 0.952936 0.141204
vt 0.959534 0.141215
vt 0.953018 0.139662
vt 0.959534 0.138169
vt 0.959579 0.139692
vt 0.959246 0.136481
vt 0.952938 0.138120
vt 0.953035 0.136365
vt 0.700533 0.959236
vt 0.702264 0.952936
vt 0.702253 0.959534
vt 0.703806 0.953018
vt 0.705299 0.959534
vt 0.703776 0.959579
vt 0.706987 0.959246
vt 0.705348 0.952938
vt 0.707103 0.953035
vt 0.609873 0.953035
vt 0.609516 0.959444
vt 0.609412 0.952819
vt 0.616503 0.953026
vt 0.616916 0.959434
vt 0.613170 0.952532
vt 0.614757 0.952381
vt 0.613199 0.960059
vt 0.613200 0.959579
vt 0.611586 0.960061
vt 0.611579 0.952382
vt 0.614813 0.960061
vt 0.616962 0.952804
vt 0.738226 0.953035
vt 0.737870 0.959444
vt 0.737765 0.952819
vt 0.744856 0.953026
vt 0.745269 0.959434
vt 0.741523 0.952532
vt 0.743111 0.952381
vt 0.741553 0.960059
vt 0.741553 0.959579
vt 0.739940 0.960061
vt 0.739933 0.952382
vt 0.743167 0.960061
vt 0.745315 0.952804
vt 0.617423 0.953035
vt 0.617067 0.959444
vt 0.616962 0.952819
vt 0.624053 0.953026
vt 0.624466 0.959434
vt 0.620720 0.952532
vt 0.622307 0.952381
vt 0.620749 0.960059
vt 0.620750 0.959579
vt 0.619137 0.960061
vt 0.619129 0.952382
vt 0.622364 0.960061
vt 0.624512 0.952804
vt 0.953036 0.075041
vt 0.959444 0.075397
vt 0.952819 0.075502
vt 0.953027 0.068411
vt 0.959434 0.067998
vt 0.952532 0.071744
vt 0.952381 0.070157
vt 0.960059 0.071715
vt 0.959579 0.071714
vt 0.960061 0.073327
vt 0.952382 0.073335
vt 0.960061 0.070100
vt 0.952804 0.067952
vt 0.953036 0.082591
vt 0.959444 0.082948
vt 0.952819 0.083052
vt 0.953027 0.075961
vt 0.959434 0.075548
vt 0.952532 0.079294
vt 0.952381 0.077707
vt 0.960059 0.079265
vt 0.959579 0.079264
vt 0.960061 0.080877
vt 0.952382 0.080885
vt 0.960061 0.077651
vt 0.952804 0.075502
vt 0.586866 0.952998
vt 0.593852 0.959415
vt 0.594265 0.953008
vt 0.594311 0.959638
vt 0.590519 0.959909
vt 0.590549 0.952383
vt 0.592163 0.952381
vt 0.588929 0.960060
vt 0.588936 0.952381
vt 0.586761 0.959622
vt 0.592107 0.960061
vt 0.730319 0.952998
vt 0.737306 0.959415
vt 0.737719 0.953008
vt 0.737765 0.959638
vt 0.733973 0.959909
vt 0.734002 0.952383
vt 0.735616 0.952381
vt 0.732382 0.960060
vt 0.732390 0.952381
vt 0.730215 0.959622
vt 0.735560 0.960061
vt 0.594416 0.952998
vt 0.601403 0.959415
vt 0.601816 0.953008
vt 0.601861 0.959638
vt 0.598069 0.959909
vt 0.598099 0.952383
vt 0.599713 0.952381
vt 0.596479 0.960060
vt 0.596486 0.952381
vt 0.594311 0.959622
vt 0.599657 0.960061
vt 0.952998 0.150900
vt 0.959415 0.143913
vt 0.953008 0.143500
vt 0.959638 0.143454
vt 0.959909 0.147246
vt 0.952383 0.147217
vt 0.952381 0.145603
vt 0.960060 0.148837
vt 0.952381 0.148829
vt 0.959623 0.151004
vt 0.960061 0.145659
vt 0.707669 0.952998
vt 0.714655 0.959415
vt 0.715069 0.953008
vt 0.715114 0.959638
vt 0.711322 0.959909
vt 0.711352 0.952383
vt 0.712966 0.952381
vt 0.709732 0.960060
vt 0.709739 0.952381
vt 0.707564 0.959622
vt 0.712910 0.960061
vt 0.624973 0.953036
vt 0.624617 0.959444
vt 0.624512 0.952819
vt 0.631603 0.953027
vt 0.632016 0.959434
vt 0.628270 0.952532
vt 0.629857 0.952381
vt 0.628299 0.960059
vt 0.628300 0.959579
vt 0.626687 0.960061
vt 0.626679 0.952382
vt 0.629914 0.960061
vt 0.632062 0.952804
vt 0.745776 0.953035
vt 0.745420 0.959444
vt 0.745315 0.952819
vt 0.752407 0.953026
vt 0.752820 0.959434
vt 0.749073 0.952532
vt 0.750661 0.952381
vt 0.749103 0.960059
vt 0.749103 0.959579
vt 0.747490 0.960061
vt 0.747483 0.952382
vt 0.750717 0.960061
vt 0.752865 0.952804
vt 0.677824 0.953036
vt 0.677468 0.959444
vt 0.677363 0.952819
vt 0.684455 0.953027
vt 0.684868 0.959434
vt 0.681121 0.952532
vt 0.682709 0.952381
vt 0.681151 0.960059
vt 0.681151 0.959579
vt 0.679538 0.960061
vt 0.679531 0.952382
vt 0.682765 0.960061
vt 0.684914 0.952804
vt 0.953035 0.090141
vt 0.959444 0.090498
vt 0.952819 0.090602
vt 0.953026 0.083511
vt 0.959434 0.083098
vt 0.952532 0.086844
vt 0.952381 0.085257
vt 0.960059 0.086815
vt 0.959579 0.086815
vt 0.960061 0.088428
vt 0.952381 0.088435
vt 0.960061 0.085201
vt 0.952804 0.083052
vt 0.692003 0.959406
vt 0.692359 0.952998
vt 0.692464 0.959622
vt 0.685372 0.959415
vt 0.684959 0.953008
vt 0.688706 0.959909
vt 0.687118 0.960061
vt 0.688676 0.952383
vt 0.688676 0.952863
vt 0.690289 0.952381
vt 0.690296 0.960060
vt 0.687062 0.952381
vt 0.684914 0.959638
vt 0.941515 0.959444
vt 0.934529 0.953027
vt 0.934116 0.959434
vt 0.934070 0.952804
vt 0.937862 0.952532
vt 0.937833 0.960059
vt 0.936218 0.960061
vt 0.939453 0.952382
vt 0.939445 0.960061
vt 0.941620 0.952819
vt 0.936275 0.952381
vt 0.632167 0.952998
vt 0.639154 0.959415
vt 0.639567 0.953008
vt 0.639612 0.959638
vt 0.635820 0.959909
vt 0.635850 0.952383
vt 0.637464 0.952381
vt 0.634230 0.960060
vt 0.634237 0.952381
vt 0.632062 0.959622
vt 0.637408 0.960061
vt 0.952998 0.014996
vt 0.959415 0.008009
vt 0.953008 0.007596
vt 0.959638 0.007550
vt 0.959909 0.011342
vt 0.952383 0.011313
vt 0.952381 0.009699
vt 0.960060 0.012933
vt 0.952381 0.012926
vt 0.959623 0.015100
vt 0.960061 0.009755
vt 0.858673 0.952998
vt 0.865659 0.959415
vt 0.866072 0.953008
vt 0.866118 0.959638
vt 0.862326 0.959909
vt 0.862356 0.952383
vt 0.863970 0.952381
vt 0.860736 0.960060
vt 0.860743 0.952381
vt 0.858568 0.959622
vt 0.863913 0.960061
vt 0.662368 0.952998
vt 0.669354 0.959415
vt 0.669767 0.953008
vt 0.669813 0.959638
vt 0.666021 0.959909
vt 0.666050 0.952383
vt 0.667665 0.952381
vt 0.664430 0.960060
vt 0.664438 0.952381
vt 0.662263 0.959622
vt 0.667608 0.960061
vt 0.959406 0.023112
vt 0.952998 0.022755
vt 0.959623 0.022651
vt 0.959415 0.029742
vt 0.953008 0.030155
vt 0.959909 0.026409
vt 0.960061 0.027996
vt 0.952383 0.026438
vt 0.952863 0.026439
vt 0.952381 0.024826
vt 0.960060 0.024818
vt 0.952381 0.028052
vt 0.959638 0.030201
vt 0.953036 0.105242
vt 0.959444 0.105598
vt 0.952819 0.105703
vt 0.953027 0.098612
vt 0.959434 0.098198
vt 0.952532 0.101945
vt 0.952381 0.100357
vt 0.960059 0.101915
vt 0.959579 0.101915
vt 0.960061 0.103528
vt 0.952382 0.103535
vt 0.960061 0.100301
vt 0.952804 0.098153
vt 0.646701 0.959406
vt 0.647058 0.952998
vt 0.647163 0.959623
vt 0.640071 0.959415
vt 0.639658 0.953008
vt 0.643405 0.959910
vt 0.641817 0.960061
vt 0.643375 0.952383
vt 0.643375 0.952863
vt 0.644988 0.952381
vt 0.644995 0.960060
vt 0.641761 0.952381
vt 0.639612 0.959638
vt 0.820356 0.959406
vt 0.820712 0.952998
vt 0.820817 0.959622
vt 0.813726 0.959415
vt 0.813313 0.953008
vt 0.817059 0.959909
vt 0.815472 0.960061
vt 0.817029 0.952383
vt 0.817029 0.952863
vt 0.818642 0.952381
vt 0.818649 0.960060
vt 0.815415 0.952381
vt 0.813267 0.959638
vt 0.959406 0.106164
vt 0.952998 0.105808
vt 0.959622 0.105703
vt 0.959415 0.112794
vt 0.953008 0.113207
vt 0.959909 0.109461
vt 0.960061 0.111049
vt 0.952383 0.109491
vt 0.952863 0.109491
vt 0.952381 0.107878
vt 0.960060 0.107871
vt 0.952381 0.111105
vt 0.959638 0.113253
vt 0.896214 0.959444
vt 0.889228 0.953027
vt 0.888814 0.959434
vt 0.888769 0.952804
vt 0.892561 0.952532
vt 0.892531 0.960059
vt 0.890917 0.960061
vt 0.894151 0.952382
vt 0.894144 0.960061
vt 0.896319 0.952819
vt 0.890973 0.952381
vt 0.790512 0.959444
vt 0.783525 0.953026
vt 0.783112 0.959434
vt 0.783066 0.952804
vt 0.786858 0.952532
vt 0.786829 0.960059
vt 0.785215 0.960061
vt 0.788449 0.952382
vt 0.788441 0.960061
vt 0.790616 0.952819
vt 0.785271 0.952381
vt 0.586656 0.959444
vt 0.579670 0.953027
vt 0.579256 0.959434
vt 0.579211 0.952804
vt 0.583003 0.952532
vt 0.582973 0.960059
vt 0.581359 0.960061
vt 0.584593 0.952382
vt 0.584586 0.960061
vt 0.586761 0.952819
vt 0.581415 0.952381
vt 0.959444 0.151109
vt 0.953027 0.158096
vt 0.959434 0.158509
vt 0.952804 0.158554
vt 0.952532 0.154762
vt 0.960059 0.154792
vt 0.960061 0.156406
vt 0.952382 0.153172
vt 0.960061 0.153179
vt 0.952819 0.151004
vt 0.952381 0.156350
vt 0.941725 0.952998
vt 0.948712 0.959415
vt 0.949125 0.953008
vt 0.949170 0.959638
vt 0.945378 0.959909
vt 0.945408 0.952383
vt 0.947022 0.952381
vt 0.943788 0.960060
vt 0.943795 0.952381
vt 0.941620 0.959622
vt 0.946966 0.960061
vt 0.953035 0.120342
vt 0.959444 0.120699
vt 0.952819 0.120803
vt 0.953026 0.113712
vt 0.959434 0.113299
vt 0.952532 0.117045
vt 0.952381 0.115458
vt 0.960059 0.117016
vt 0.959579 0.117015
vt 0.960061 0.118628
vt 0.952382 0.118636
vt 0.960061 0.115402
vt 0.952804 0.113253
vt 0.959406 0.038212
vt 0.952998 0.037856
vt 0.959623 0.037751
vt 0.959415 0.044842
vt 0.953008 0.045256
vt 0.959910 0.041509
vt 0.960061 0.043097
vt 0.952383 0.041539
vt 0.952863 0.041539
vt 0.952381 0.039926
vt 0.960060 0.039919
vt 0.952381 0.043153
vt 0.959638 0.045301
vt 0.953035 0.037290
vt 0.959444 0.037646
vt 0.952819 0.037751
vt 0.953026 0.030660
vt 0.959434 0.030247
vt 0.952532 0.033993
vt 0.952381 0.032405
vt 0.960059 0.033963
vt 0.959579 0.033963
vt 0.960061 0.035576
vt 0.952381 0.035583
vt 0.960061 0.032349
vt 0.952804 0.030201
vt 0.953035 0.097692
vt 0.959444 0.098048
vt 0.952819 0.098153
vt 0.953027 0.091061
vt 0.959434 0.090648
vt 0.952532 0.094395
vt 0.952381 0.092807
vt 0.960059 0.094365
vt 0.959579 0.094365
vt 0.960061 0.095978
vt 0.952382 0.095985
vt 0.960061 0.092751
vt 0.952804 0.090603
vt 0.953036 0.127892
vt 0.959444 0.128249
vt 0.952819 0.128354
vt 0.953027 0.121262
vt 0.959434 0.120849
vt 0.952532 0.124596
vt 0.952381 0.123008
vt 0.960059 0.124566
vt 0.959579 0.124566
vt 0.960061 0.126179
vt 0.952382 0.126186
vt 0.960061 0.122952
vt 0.952804 0.120803
vt 0.715219 0.952998
vt 0.722206 0.959415
vt 0.722619 0.953008
vt 0.722664 0.959638
vt 0.718872 0.959909
vt 0.718902 0.952383
vt 0.720516 0.952381
vt 0.717282 0.960060
vt 0.717289 0.952381
vt 0.715114 0.959622
vt 0.720460 0.960061
vt 0.775621 0.952998
vt 0.782607 0.959415
vt 0.783020 0.953008
vt 0.783066 0.959638
vt 0.779274 0.959909
vt 0.779303 0.952383
vt 0.780918 0.952381
vt 0.777683 0.960060
vt 0.777691 0.952381
vt 0.775516 0.959623
vt 0.780861 0.960061
vt 0.952998 0.052747
vt 0.959415 0.045760
vt 0.953008 0.045347
vt 0.959638 0.045301
vt 0.959910 0.049093
vt 0.952383 0.049064
vt 0.952381 0.047450
vt 0.960060 0.050684
vt 0.952381 0.050677
vt 0.959623 0.052851
vt 0.960061 0.047506
vt 0.752970 0.952998
vt 0.759957 0.959415
vt 0.760370 0.953008
vt 0.760415 0.959638
vt 0.756623 0.959909
vt 0.756653 0.952383
vt 0.758267 0.952381
vt 0.755033 0.960060
vt 0.755040 0.952381
vt 0.752865 0.959623
vt 0.758211 0.960061
vt 0.767861 0.959444
vt 0.760874 0.953027
vt 0.760461 0.959434
vt 0.760415 0.952804
vt 0.764208 0.952532
vt 0.764178 0.960059
vt 0.762564 0.960061
vt 0.765798 0.952382
vt 0.765791 0.960061
vt 0.767966 0.952819
vt 0.762620 0.952381
vt 0.791077 0.953035
vt 0.790721 0.959444
vt 0.790616 0.952819
vt 0.797708 0.953026
vt 0.798121 0.959434
vt 0.794374 0.952532
vt 0.795962 0.952381
vt 0.794404 0.960059
vt 0.794404 0.959579
vt 0.792791 0.960061
vt 0.792784 0.952381
vt 0.796018 0.960061
vt 0.798166 0.952804
vt 0.775055 0.959406
vt 0.775411 0.952998
vt 0.775516 0.959623
vt 0.768424 0.959415
vt 0.768011 0.953008
vt 0.771758 0.959910
vt 0.770170 0.960061
vt 0.771728 0.952383
vt 0.771728 0.952863
vt 0.773341 0.952381
vt 0.773348 0.960060
vt 0.770114 0.952381
vt 0.767966 0.959638
vt 0.661802 0.959406
vt 0.662158 0.952998
vt 0.662263 0.959623
vt 0.655172 0.959415
vt 0.654759 0.953008
vt 0.658505 0.959909
vt 0.656918 0.960061
vt 0.658476 0.952383
vt 0.658475 0.952863
vt 0.660088 0.952381
vt 0.660096 0.960060
vt 0.656861 0.952381
vt 0.654713 0.959638
vt 0.670274 0.953035
vt 0.669918 0.959444
vt 0.669813 0.952819
vt 0.676904 0.953027
vt 0.677318 0.959434
vt 0.673571 0.952532
vt 0.675159 0.952381
vt 0.673601 0.960059
vt 0.673601 0.959579
vt 0.671988 0.960061
vt 0.671981 0.952382
vt 0.675215 0.960061
vt 0.677363 0.952804
vt 0.953035 0.135443
vt 0.959444 0.135799
vt 0.952819 0.135904
vt 0.953027 0.128812
vt 0.959434 0.128399
vt 0.952532 0.132146
vt 0.952381 0.130558
vt 0.960059 0.132116
vt 0.959579 0.132116
vt 0.960061 0.133729
vt 0.952382 0.133736
vt 0.960061 0.130502
vt 0.952804 0.128354
vt 0.722769 0.952998
vt 0.729756 0.959415
vt 0.730169 0.953008
vt 0.730215 0.959638
vt 0.726423 0.959909
vt 0.726452 0.952383
vt 0.728066 0.952381
vt 0.724832 0.960060
vt 0.724839 0.952381
vt 0.722665 0.959622
vt 0.728010 0.960061
vt 0.835813 0.959444
vt 0.828826 0.953027
vt 0.828413 0.959434
vt 0.828367 0.952804
vt 0.832159 0.952532
vt 0.832130 0.960059
vt 0.830516 0.960061
vt 0.833750 0.952382
vt 0.833743 0.960061
vt 0.835917 0.952819
vt 0.830572 0.952381
vt 0.926624 0.952998
vt 0.933611 0.959415
vt 0.934024 0.953008
vt 0.934070 0.959638
vt 0.930278 0.959909
vt 0.930307 0.952383
vt 0.931921 0.952381
vt 0.928687 0.960060
vt 0.928695 0.952381
vt 0.926520 0.959622
vt 0.931865 0.960061
vt 0.959444 0.000105
vt 0.953027 0.007091
vt 0.959434 0.007505
vt 0.952804 0.007550
vt 0.952532 0.003758
vt 0.960059 0.003788
vt 0.960061 0.005402
vt 0.952382 0.002168
vt 0.960061 0.002175
vt 0.952819 0.000000
vt 0.952381 0.005346
vt 0.911315 0.959444
vt 0.904328 0.953027
vt 0.903915 0.959434
vt 0.903869 0.952804
vt 0.907661 0.952532
vt 0.907632 0.960059
vt 0.906018 0.960061
vt 0.909252 0.952382
vt 0.909245 0.960061
vt 0.911419 0.952819
vt 0.906074 0.952381
vt 0.608950 0.959406
vt 0.609307 0.952998
vt 0.609412 0.959623
vt 0.602320 0.959415
vt 0.601907 0.953008
vt 0.605654 0.959910
vt 0.604066 0.960061
vt 0.605624 0.952383
vt 0.605624 0.952863
vt 0.607237 0.952381
vt 0.607244 0.960060
vt 0.604010 0.952381
vt 0.601861 0.959638
vt 0.843006 0.959406
vt 0.843363 0.952998
vt 0.843468 0.959623
vt 0.836376 0.959415
vt 0.835963 0.953008
vt 0.839710 0.959909
vt 0.838122 0.960061
vt 0.839680 0.952383
vt 0.839680 0.952863
vt 0.841293 0.952381
vt 0.841300 0.960060
vt 0.838066 0.952381
vt 0.835917 0.959638
vt 0.654252 0.959406
vt 0.654608 0.952998
vt 0.654713 0.959623
vt 0.647621 0.959415
vt 0.647208 0.953008
vt 0.650955 0.959909
vt 0.649367 0.960061
vt 0.650925 0.952383
vt 0.650925 0.952863
vt 0.652538 0.952381
vt 0.652545 0.960060
vt 0.649311 0.952381
vt 0.647163 0.959638
vt 0.873207 0.959406
vt 0.873564 0.952998
vt 0.873668 0.959622
vt 0.866577 0.959415
vt 0.866164 0.953008
vt 0.869910 0.959909
vt 0.868323 0.960061
vt 0.869881 0.952383
vt 0.869881 0.952863
vt 0.871494 0.952381
vt 0.871501 0.960060
vt 0.868267 0.952381
vt 0.866118 0.959638
vt 0.959406 0.060863
vt 0.952998 0.060506
vt 0.959623 0.060402
vt 0.959415 0.067493
vt 0.953008 0.067906
vt 0.959909 0.064160
vt 0.960061 0.065747
vt 0.952383 0.064189
vt 0.952863 0.064190
vt 0.952381 0.062576
vt 0.960060 0.062569
vt 0.952381 0.065803
vt 0.959638 0.067952
vt 0.699909 0.959444
vt 0.692923 0.953026
vt 0.692509 0.959434
vt 0.692464 0.952804
vt 0.696256 0.952532
vt 0.696226 0.960059
vt 0.694612 0.960061
vt 0.697846 0.952381
vt 0.697839 0.960061
vt 0.700014 0.952819
vt 0.694668 0.952381
vt 0.903764 0.959444
vt 0.896778 0.953026
vt 0.896365 0.959434
vt 0.896319 0.952804
vt 0.900111 0.952532
vt 0.900082 0.960059
vt 0.898467 0.960061
vt 0.901702 0.952382
vt 0.901694 0.960061
vt 0.903869 0.952819
vt 0.898524 0.952381
vt 0.828263 0.959444
vt 0.821276 0.953026
vt 0.820863 0.959434
vt 0.820817 0.952804
vt 0.824609 0.952532
vt 0.824580 0.960059
vt 0.822966 0.960061
vt 0.826200 0.952382
vt 0.826192 0.960061
vt 0.828367 0.952819
vt 0.823022 0.952381
vt 0.959444 0.015205
vt 0.953027 0.022192
vt 0.959434 0.022605
vt 0.952804 0.022651
vt 0.952532 0.018858
vt 0.960059 0.018888
vt 0.960061 0.020502
vt 0.952382 0.017268
vt 0.960061 0.017275
vt 0.952819 0.015100
vt 0.952381 0.020446
vt 0.918865 0.959444
vt 0.911878 0.953027
vt 0.911465 0.959434
vt 0.911419 0.952804
vt 0.915212 0.952532
vt 0.915182 0.960059
vt 0.913568 0.960061
vt 0.916802 0.952382
vt 0.916795 0.960061
vt 0.918970 0.952819
vt 0.913624 0.952381
vt 0.926059 0.959406
vt 0.926415 0.952998
vt 0.926520 0.959623
vt 0.919428 0.959415
vt 0.919015 0.953008
vt 0.922762 0.959909
vt 0.921174 0.960061
vt 0.922732 0.952383
vt 0.922732 0.952863
vt 0.924345 0.952381
vt 0.924352 0.960060
vt 0.921118 0.952381
vt 0.918970 0.959638
vt 0.805255 0.959406
vt 0.805612 0.952998
vt 0.805717 0.959622
vt 0.798625 0.959415
vt 0.798212 0.953008
vt 0.801959 0.959909
vt 0.800371 0.960061
vt 0.801929 0.952383
vt 0.801929 0.952863
vt 0.803542 0.952381
vt 0.803549 0.960060
vt 0.800315 0.952381
vt 0.798166 0.959638
vt 0.880757 0.959406
vt 0.881114 0.952998
vt 0.881219 0.959623
vt 0.874127 0.959415
vt 0.873714 0.953008
vt 0.877461 0.959909
vt 0.875873 0.960061
vt 0.877431 0.952383
vt 0.877431 0.952863
vt 0.879044 0.952381
vt 0.879051 0.960060
vt 0.875817 0.952381
vt 0.873668 0.959638
vt 0.858107 0.959406
vt 0.858463 0.952998
vt 0.858568 0.959623
vt 0.851477 0.959415
vt 0.851064 0.953008
vt 0.854810 0.959910
vt 0.853223 0.960061
vt 0.854781 0.952383
vt 0.854780 0.952863
vt 0.856393 0.952381
vt 0.856401 0.960060
vt 0.853166 0.952381
vt 0.851018 0.959638
vt 0.812806 0.959406
vt 0.813162 0.952998
vt 0.813267 0.959623
vt 0.806176 0.959415
vt 0.805762 0.953008
vt 0.809509 0.959909
vt 0.807921 0.960061
vt 0.809479 0.952383
vt 0.809479 0.952863
vt 0.811092 0.952381
vt 0.811099 0.960060
vt 0.807865 0.952381
vt 0.805717 0.959638
vt 0.959444 0.052956
vt 0.953027 0.059943
vt 0.959434 0.060356
vt 0.952804 0.060402
vt 0.952532 0.056609
vt 0.960059 0.056639
vt 0.960061 0.058253
vt 0.952382 0.055019
vt 0.960061 0.055026
vt 0.952819 0.052851
vt 0.952381 0.058197
vt 0.850913 0.959444
vt 0.843926 0.953026
vt 0.843513 0.959434
vt 0.843468 0.952804
vt 0.847260 0.952532
vt 0.847230 0.960059
vt 0.845616 0.960061
vt 0.848850 0.952381
vt 0.848843 0.960061
vt 0.851018 0.952819
vt 0.845672 0.952381
vt 0.888664 0.959444
vt 0.881677 0.953027
vt 0.881264 0.959434
vt 0.881219 0.952804
vt 0.885011 0.952532
vt 0.884981 0.960059
vt 0.883367 0.960061
vt 0.886601 0.952382
vt 0.886594 0.960061
vt 0.888769 0.952819
vt 0.883423 0.952381
vt 0.959444 0.136009
vt 0.953026 0.142995
vt 0.959434 0.143408
vt 0.952804 0.143454
vt 0.952532 0.139662
vt 0.960059 0.139691
vt 0.960061 0.141306
vt 0.952382 0.138071
vt 0.960061 0.138079
vt 0.952819 0.135904
vt 0.952381 0.141249
vt 0.707459 0.959444
vt 0.700473 0.953026
vt 0.700060 0.959434
vt 0.700014 0.952804
vt 0.703806 0.952532
vt 0.703777 0.960059
vt 0.702162 0.960061
vt 0.705397 0.952381
vt 0.705389 0.960061
vt 0.707564 0.952819
vt 0.702219 0.952381
vt 0.380952 0.857143
vt 0.428571 0.857143
vt 0.476190 0.857143
vt 0.523810 0.857143
vt 0.571429 0.857143
vt 0.619048 0.857143
vt 0.666667 0.857143
vt 0.714286 0.857143
vt 0.761905 0.857143
vt 0.809524 0.857143
vt 0.857143 0.047619
vt 0.809524 0.000000
vt 0.857143 -0.000000
vt 0.857143 0.095238
vt 0.857143 0.047619
vt 0.857143 0.142857
vt 0.857143 0.190476
vt 0.857143 0.190476
vt 0.857143 0.238095
vt 0.857143 0.285714
vt 0.857143 0.333333
vt 0.857143 0.380952
vt 0.857143 0.428571
vt 0.857143 0.476191
vt 0.857143 0.523810
vt 0.857143 0.571429
vt 0.857143 0.619048
vt 0.857143 0.666667
vt 0.857143 0.714286
vt 0.857143 0.714286
vt 0.857143 0.761905
vt 0.519209 0.973821
vt 0.509130 0.963844
vt 0.515395 0.967847
vt 0.509281 0.955463
vt 0.519209 0.952381
vt 0.515665 0.959818
vt 0.504824 0.952400
vt 0.505099 0.971679
vt 0.857143 0.809524
vt 0.809524 0.857143
vt 0.857143 0.857143
vt -0.000000 0.857143
vt 0.047619 0.904762
vt 0.000000 0.904762
vt 0.047619 0.857143
vt 0.095238 0.904762
vt 0.142857 0.904762
vt 0.190476 0.904762
vt 0.574112 0.957482
vt 0.579211 0.961106
vt 0.571064 0.960651
vt 0.579211 0.952381
vt 0.574883 0.955721
vt 0.570964 0.952570
vt 0.576090 0.956158
vt 0.575448 0.957206
vt 0.480723 0.963619
vt 0.490524 0.975540
vt 0.476277 0.973350
vt 0.490524 0.952395
vt 0.480943 0.955617
vt 0.476190 0.952381
vt 0.486973 0.960762
vt 0.486932 0.968802
vt 0.238095 0.904762
vt 0.285714 0.904762
vt 0.238095 0.904762
vt 0.333333 0.904762
vt 0.380952 0.904762
vt 0.428571 0.904762
vt 0.476190 0.904762
vt 0.523810 0.904762
vt 0.571429 0.904762
vt 0.619048 0.904762
vt 0.666667 0.904762
vt 0.714286 0.904762
vt 0.761905 0.904762
vt 0.809524 0.904762
vt 0.809524 0.857143
vt 0.857143 0.904762
vt 0.809524 0.904762
vt 0.857143 0.047619
vt 0.904762 0.000000
vt 0.904762 0.047619
vt 0.904762 0.047619
vt 0.904762 0.095238
vt 0.904762 0.142857
vt 0.904762 0.190476
vt 0.904762 0.190476
vt 0.904762 0.238095
vt 0.904762 0.285714
vt 0.529303 0.963831
vt 0.519238 0.973821
vt 0.523044 0.967842
vt 0.529141 0.955449
vt 0.522763 0.959813
vt 0.533594 0.952381
vt 0.533344 0.971660
vt 0.904762 0.333333
vt 0.904762 0.380952
vt 0.904762 0.428571
vt 0.904762 0.476191
vt 0.904762 0.523810
vt 0.904762 0.571429
vt 0.559569 0.957482
vt 0.554470 0.961106
vt 0.558232 0.957206
vt 0.554470 0.952381
vt 0.558798 0.955721
vt 0.557591 0.956159
vt 0.562717 0.952570
vt 0.562616 0.960651
vt 0.484169 0.962719
vt 0.483983 0.962183
vt 0.484556 0.961875
vt 0.483729 0.961639
vt 0.904762 0.619048
vt 0.904762 0.666667
vt 0.904762 0.714286
vt 0.904762 0.761905
vt 0.904762 0.714286
vt 0.904762 0.809524
vt 0.904762 0.857143
vt 0.904762 0.904762
vt -0.000000 0.904762
vt 0.047619 0.952381
vt 0.000000 0.952381
vt 0.047619 0.904762
vt 0.095238 0.952381
vt 0.142857 0.952381
vt 0.142857 0.904762
vt 0.190476 0.952381
vt 0.142857 0.952381
vt 0.238095 0.952381
vt 0.285714 0.952381
vt 0.333333 0.952381
vt 0.380952 0.952381
vt 0.428571 0.952381
vt 0.476190 0.952381
vt 0.523810 0.952381
vt 0.571429 0.952381
vt 0.619048 0.952381
vt 0.512644 0.962334
vt 0.512131 0.960704
vt 0.511539 0.960819
vt 0.511974 0.961880
vt 0.666667 0.952381
vt 0.714286 0.952381
vt 0.761905 0.952381
vt 0.809524 0.952381
vt 0.857143 0.952381
vt 0.809524 0.952381
vt 0.904762 0.952381
vt 0.562717 0.961106
vt 0.567816 0.957482
vt 0.570863 0.960651
vt 0.567045 0.955721
vt 0.562717 0.952381
vt 0.570964 0.952570
vt 0.565838 0.956158
vt 0.566479 0.957206
vt 0.490524 0.975454
vt 0.500220 0.964115
vt 0.504734 0.973535
vt 0.500152 0.955624
vt 0.490524 0.952383
vt 0.504824 0.952381
vt 0.494047 0.960662
vt 0.494150 0.968920
vt 0.952381 -0.000000
vt 0.952381 0.047619
vt 0.904762 0.095238
vt 0.952381 0.095238
vt 0.952381 0.142857
vt 0.904762 0.095238
vt 0.952381 0.095238
vt 0.952381 0.190476
vt 0.904762 0.142857
vt 0.952381 0.238095
vt 0.952381 0.285714
vt 0.952381 0.333333
vt 0.952381 0.380952
vt 0.952381 0.428571
vt 0.952381 0.476191
vt 0.952381 0.523810
vt 0.952381 0.571429
vt 0.952381 0.619048
vt 0.952381 0.666667
vt 0.952381 0.714286
vt 0.952381 0.714286
vt 0.952381 0.761905
vt 0.952381 0.809524
vt 0.952381 0.857143
vt 0.952381 0.904762
vt 0.904762 0.952381
vt 0.952381 0.952381
vt 0.525788 0.962325
vt 0.526298 0.960694
vt 0.526890 0.960808
vt 0.526457 0.961870
vt -0.000000 0.952381
vt 0.047619 1.000000
vt 0.000000 1.000000
vt 0.095238 1.000000
vt 0.095238 0.952381
vt 0.142857 1.000000
vt 0.190476 1.000000
vt 0.238095 1.000000
vt 0.285714 1.000000
vt 0.554470 0.961106
vt 0.549371 0.957483
vt 0.550707 0.957206
vt 0.550142 0.955721
vt 0.554470 0.952381
vt 0.551349 0.956159
vt 0.546223 0.952570
vt 0.546323 0.960651
vt 0.496926 0.962602
vt 0.497482 0.962170
vt 0.497255 0.961509
vt 0.497786 0.961539
vt 0.333333 1.000000
vt 0.380952 1.000000
vt 0.428571 1.000000
vt 0.476190 1.000000
vt 0.047619 -0.000000
vt 0.047619 0.047619
vt 0.047619 0.047619
vt -0.000000 0.095238
vt 0.095238 0.000000
vt 0.095238 0.095238
vt -0.000000 0.142857
vt 0.142857 0.095238
vt 0.142857 0.142857
vt 0.047619 0.190476
vt 0.190476 0.000000
vt 0.190476 0.047619
vt 0.190476 0.142857
vt 0.238095 0.238095
vt 0.238095 0.000000
vt 0.238095 0.190476
vt 0.238095 0.238095
vt 0.142857 0.285714
vt 0.285714 0.285714
vt 0.285714 0.000000
vt 0.333333 0.333333
vt 0.333333 0.047619
vt 0.333333 0.333333
vt 0.544309 0.965216
vt 0.540359 0.965214
vt 0.546223 0.965214
vt 0.538201 0.965217
vt 0.542368 0.965214
vt 0.540359 0.965216
vt 0.952381 0.186059
vt 0.952381 0.202975
vt 0.952381 0.183067
vt 0.956628 0.190032
vt 0.956627 0.187327
vt 0.952382 0.191264
vt 0.952382 0.188679
vt 0.952381 0.200366
vt 0.952382 0.201838
vt 0.952383 0.198843
vt 0.956574 0.200366
vt 0.956573 0.197198
vt 0.956864 0.180676
vt 0.956866 0.181641
vt 0.956609 0.192497
vt 0.956615 0.193928
vt 0.956861 0.176283
vt 0.952381 0.205894
vt 0.956398 0.212946
vt 0.956518 0.209708
vt 0.956524 0.210904
vt 0.956531 0.210905
vt 0.956544 0.205894
vt 0.956545 0.207277
vt 0.952383 0.207277
vt 0.952382 0.208533
vt 0.952384 0.212946
vt 0.956531 0.208533
vt 0.956531 0.211939
vt 0.952385 0.209708
vt 0.380952 0.095238
vt 0.380952 0.333333
vt -0.000000 0.428571
vt 0.428571 0.000000
vt 0.428571 0.476190
vt 0.428571 0.476190
vt 0.476190 0.000000
vt 0.476191 0.380952
vt 0.476191 0.476190
vt 0.476190 0.476190
vt 0.047619 0.523810
vt 0.955871 0.238962
vt 0.955869 0.238054
vt 0.952382 0.242123
vt 0.952382 0.229866
vt 0.952382 0.241112
vt 0.955866 0.241112
vt 0.955865 0.240002
vt 0.955981 0.226230
vt 0.952382 0.228688
vt 0.952382 0.226230
vt 0.955976 0.227480
vt 0.955975 0.224880
vt 0.956059 0.218936
vt 0.956061 0.219728
vt 0.955850 0.242123
vt 0.955855 0.243297
vt 0.956058 0.218675
vt 0.952381 0.216811
vt 0.955957 0.229865
vt 0.955831 0.243297
vt 0.955930 0.235145
vt 0.955935 0.236126
vt 0.955951 0.230917
vt 0.955952 0.233150
vt 0.952382 0.232051
vt 0.955952 0.234180
vt 0.952383 0.237801
vt 0.955940 0.234180
vt 0.955940 0.236975
vt 0.955943 0.235144
vt 0.523809 0.523809
vt 0.523810 0.428571
vt 0.523809 0.571429
vt 0.047619 0.571429
vt 0.523809 0.571429
vt 0.571429 0.000000
vt 0.142857 0.619048
vt 0.952381 0.187327
vt 0.949469 0.982233
vt 0.952381 0.184482
vt 0.956628 0.191264
vt 0.956627 0.188679
vt 0.952382 0.192497
vt 0.952382 0.190032
vt 0.949170 0.967304
vt 0.950642 0.982232
vt 0.949170 0.959843
vt 0.949170 0.974772
vt 0.950816 0.967302
vt 0.956864 0.179391
vt 0.956866 0.180357
vt 0.956609 0.193928
vt 0.956615 0.195359
vt 0.952381 0.178315
vt 0.949170 0.989673
vt 0.959665 0.165562
vt 0.959662 0.166493
vt 0.959785 0.162324
vt 0.959796 0.163520
vt 0.959622 0.168964
vt 0.951834 0.997104
vt 0.959813 0.158554
vt 0.950452 0.989674
vt 0.952382 0.159811
vt 0.959798 0.164555
vt 0.952384 0.162324
vt 0.952383 0.165562
vt 0.959798 0.161149
vt 0.619048 0.000000
vt 0.047619 0.666667
vt 0.666667 0.047619
vt 0.666667 0.714286
vt 0.047619 0.714286
vt 0.952381 0.246437
vt 0.952381 0.245166
vt 0.952382 0.248521
vt 0.952382 0.247527
vt 0.955805 0.247528
vt 0.955804 0.246437
vt 0.952381 0.255693
vt 0.954675 0.255693
vt 0.952384 0.254465
vt 0.952382 0.256880
vt 0.954674 0.253139
vt 0.955995 0.223844
vt 0.955997 0.224623
vt 0.952382 0.248521
vt 0.955795 0.249675
vt 0.955994 0.223587
vt 0.955993 0.222463
vt 0.952381 0.261265
vt 0.954536 0.265836
vt 0.954630 0.264871
vt 0.952383 0.264059
vt 0.952382 0.259117
vt 0.954651 0.261265
vt 0.952384 0.260232
vt 0.954652 0.262278
vt 0.954643 0.264871
vt 0.952382 0.262278
vt 0.954640 0.264059
vt 0.952386 0.263225
vt 0.714286 0.714286
vt 0.714286 0.047619
vt 0.714286 0.714286
vt 0.238095 0.761905
vt 0.333333 0.761905
vt 0.761905 0.190476
vt 0.761905 0.666667
vt 0.761905 0.714286
vt -0.000000 0.809524
vt 0.142857 0.809524
vt 0.809524 0.809524
vt 0.809524 0.047619
vt 0.857143 0.000000
vt 0.857143 0.904762
vt 0.904762 0.904762
s 1
f 5548/5959/1579 5560/5960/1579 5559/5961/1579
f 5547/5962/1580 5558/5963/1580 5560/5964/1580
f 5557/5965/1581 5548/5966/1581 5559/5967/1581
f 5545/5968/1582 5557/5969/1582 5558/5970/1582
f 5571/5971/1580 5552/5963/1580 5551/5972/1580
f 5552/5963/1583 5549/5973/1583 5551/5972/1583
f 5571/5974/1584 5549/5975/1584 5569/5976/1584
f 5570/5977/1585 5552/5976/1585 5572/5978/1585
f 5550/5979/1581 5569/5978/1581 5549/5980/1581
f 5579/5981/1584 5556/5972/1584 5555/5982/1584
f 5554/5983/1586 5580/5984/1586 5578/5982/1586
f 5554/5984/1587 5555/5985/1587 5556/5986/1587
f 5553/5976/1588 5578/5987/1588 5577/5988/1588
f 5553/5989/1589 5579/5976/1589 5555/5988/1589
f 5545/5980/1590 5548/5990/1590 5546/5991/1590
f 5560/5992/1591 5564/5993/1591 5559/5994/1591
f 5558/5995/1580 5563/5996/1580 5560/5997/1580
f 5557/5996/1581 5564/5984/1581 5562/5998/1581
f 5557/5984/1592 5561/5999/1592 5558/5998/1592
f 5571/5999/1580 5568/5994/1580 5572/6000/1580
f 5565/6001/1593 5568/6002/1593 5567/6003/1593
f 5565/6004/1584 5571/6005/1584 5569/6006/1584
f 5568/6007/1594 5570/6006/1594 5572/6008/1594
f 5569/6009/1581 5566/6010/1581 5565/6011/1581
f 5575/6012/1584 5580/6011/1584 5579/6013/1584
f 5580/6014/1586 5574/6015/1586 5578/6016/1586
f 5576/5996/1595 5573/6017/1595 5574/6015/1595
f 5578/5998/1588 5573/6018/1588 5577/6017/1588
f 5573/6018/1589 5579/6000/1589 5577/6019/1589
f 5564/6000/1596 5561/6020/1596 5562/6019/1596
f 5581/6005/1581 5584/6021/1581 5582/6022/1581
f 5588/6006/1580 5585/6022/1580 5586/6023/1580
f 5588/6008/1584 5582/6023/1584 5584/6024/1584
f 5586/6025/1583 5581/6024/1583 5582/6026/1583
f 5585/6027/1588 5583/6028/1588 5581/6029/1588
f 5587/6030/1593 5584/6031/1593 5583/6032/1593
f 5590/6033/1588 5614/6034/1588 5589/6035/1588
f 5618/6015/1584 5592/6036/1584 5591/6034/1584
f 5592/6037/1580 5616/6038/1580 5590/6036/1580
f 5591/6018/1583 5590/6039/1583 5589/6038/1583
f 5618/6019/1581 5589/6040/1581 5614/6039/1581
f 5596/6020/1580 5593/6041/1580 5594/6040/1580
f 5597/6042/1581 5600/6043/1581 5598/6044/1581
f 5594/6023/1584 5600/6045/1584 5596/6046/1584
f 5593/6024/1583 5598/6046/1583 5594/6047/1583
f 5595/6026/1588 5597/6047/1588 5593/6048/1588
f 5596/6029/1593 5599/6049/1593 5595/6050/1593
f 5630/6032/1588 5602/6051/1588 5601/6052/1588
f 5604/6053/1584 5634/6052/1584 5603/6054/1584
f 5632/6055/1581 5604/6056/1581 5602/6057/1581
f 5602/6058/1583 5603/6059/1583 5601/6056/1583
f 5601/6036/1580 5634/6060/1580 5630/6059/1580
f 5608/6038/1581 5605/6061/1581 5606/6060/1581
f 5609/6039/1580 5612/6062/1580 5610/6061/1580
f 5606/6040/1584 5612/6063/1584 5608/6064/1584
f 5605/6041/1593 5610/6065/1593 5606/6063/1593
f 5605/6066/1588 5611/6067/1588 5609/6068/1588
f 5608/6046/1583 5611/6069/1583 5607/6070/1583
f 5614/6047/1588 5615/6070/1588 5613/6071/1588
f 5619/6048/1584 5618/6071/1584 5617/6072/1584
f 5616/6050/1580 5619/6073/1580 5615/6074/1580
f 5615/6052/1593 5617/6075/1593 5613/6076/1593
f 5613/6054/1581 5618/6076/1581 5614/6077/1581
f 5621/6078/1580 5624/6079/1580 5622/6080/1580
f 5628/6081/1581 5625/6082/1581 5626/6083/1581
f 5628/6084/1584 5622/6085/1584 5624/6082/1584
f 5626/6059/1593 5621/6086/1593 5622/6085/1593
f 5625/6087/1588 5623/6088/1588 5621/6089/1588
f 5627/6061/1583 5624/6090/1583 5623/6088/1583
f 5631/6064/1588 5630/6091/1588 5629/6090/1588
f 5634/6063/1584 5635/6092/1584 5633/6091/1584
f 5635/6065/1581 5632/6093/1581 5631/6092/1581
f 5633/6066/1593 5631/6094/1593 5629/6095/1593
f 5634/6096/1580 5629/6095/1580 5630/6097/1580
f 5640/6098/1597 5637/6099/1598 5639/6100/1599
f 5641/6101/1600 5643/6102/1601 5644/6103/1602
f 5640/6098/1603 5642/6104/1603 5638/6105/1603
f 5648/6106/1604 5645/6107/1604 5647/6108/1604
f 5649/6109/1605 5651/6110/1605 5652/6111/1605
f 5648/6106/1603 5650/6112/1603 5646/6113/1603
f 5654/6114/1603 5655/6115/1603 5653/6116/1603
f 5658/6117/1603 5659/6118/1603 5657/6119/1603
f 5653/6116/1606 5661/6120/1606 5654/6114/1606
f 5667/6121/1607 5659/6118/1607 5660/6122/1607
f 5663/6123/1608 5655/6115/1608 5656/6124/1608
f 5657/6119/1609 5665/6125/1609 5658/6117/1609
f 5672/6126/1610 5669/6127/1610 5671/6128/1610
f 5673/6129/1611 5675/6130/1611 5676/6131/1611
f 5672/6126/1612 5674/6132/1612 5670/6133/1612
f 5678/6134/1612 5679/6135/1612 5677/6136/1612
f 5683/6137/1613 5679/6135/1613 5680/6138/1613
f 5677/6136/1614 5681/6139/1614 5678/6134/1614
f 5688/6140/1615 5685/6141/1616 5687/6142/1617
f 5692/6143/1618 5690/6144/1619 5691/6145/1620
f 5859/6146/1621 5854/6147/1621 5856/6148/1621
f 5691/6145/1588 5686/6149/1588 5688/6140/1588
f 5696/6150/1622 5693/6151/1622 5695/6152/1622
f 5697/6153/1623 5699/6154/1623 5700/6155/1623
f 5699/6154/1588 5694/6156/1588 5696/6150/1588
f 5704/6157/1588 5701/6158/1588 5702/6159/1588
f 5706/6160/1588 5707/6161/1588 5705/6162/1588
f 5710/6163/1624 5702/6159/1624 5701/6158/1624
f 5857/6164/1625 5859/6146/1625 5860/6165/1625
f 5715/6166/1626 5707/6161/1626 5708/6167/1626
f 5856/6148/1627 5853/6168/1627 5855/6169/1627
f 5711/6170/1628 5703/6171/1628 5704/6157/1628
f 5714/6172/1629 5706/6160/1629 5705/6162/1629
f 5720/6173/1630 5717/6174/1631 5719/6175/1632
f 5724/6176/1633 5722/6177/1634 5723/6178/1635
f 5723/6178/1636 5718/6179/1636 5720/6173/1636
f 5728/6180/1637 5725/6181/1637 5727/6182/1637
f 5729/6183/1638 5731/6184/1638 5732/6185/1638
f 5728/6180/1636 5730/6186/1636 5726/6187/1636
f 5736/6188/1636 5733/6189/1636 5734/6190/1636
f 5738/6191/1636 5739/6192/1636 5737/6193/1636
f 5742/6194/1639 5734/6190/1639 5733/6189/1639
f 5747/6195/1640 5739/6192/1640 5740/6196/1640
f 5743/6197/1641 5735/6198/1641 5736/6188/1641
f 5746/6199/1642 5738/6191/1642 5737/6193/1642
f 5752/6200/1643 5749/6201/1644 5751/6202/1645
f 5756/6203/1646 5754/6204/1647 5755/6205/1648
f 5749/6201/1584 5756/6203/1584 5751/6202/1584
f 5851/6206/1621 5846/6207/1621 5848/6208/1621
f 5760/6209/1622 5757/6210/1622 5759/6211/1622
f 5761/6212/1623 5763/6213/1623 5764/6214/1623
f 5757/6210/1584 5764/6214/1584 5759/6211/1584
f 5774/6215/1584 5775/6216/1584 5773/6217/1584
f 5778/6218/1584 5779/6219/1584 5777/6220/1584
f 5774/6215/1649 5766/6221/1649 5765/6222/1649
f 5852/6223/1650 5850/6224/1651 5851/6206/1652
f 5779/6219/1653 5771/6225/1653 5772/6226/1653
f 5848/6208/1654 5845/6227/1655 5847/6228/1656
f 5768/6229/1657 5776/6230/1657 5767/6231/1657
f 5778/6218/1658 5770/6232/1658 5769/6233/1658
f 5784/6234/1659 5781/6235/1660 5783/6236/1661
f 5788/6237/1662 5786/6238/1663 5787/6239/1664
f 5785/6240/1665 5783/6236/1665 5781/6235/1665
f 5792/6241/1666 5789/6242/1666 5791/6243/1666
f 5793/6244/1667 5795/6245/1667 5796/6246/1667
f 5789/6242/1665 5796/6246/1665 5791/6243/1665
f 5805/6247/1665 5808/6248/1665 5807/6249/1665
f 5809/6250/1665 5812/6251/1665 5811/6252/1665
f 5806/6253/1668 5798/6254/1668 5797/6255/1668
f 5811/6252/1669 5803/6256/1669 5804/6257/1669
f 5807/6249/1670 5799/6258/1670 5800/6259/1670
f 5810/6260/1671 5802/6261/1671 5801/6262/1671
f 5816/6263/1672 5813/6264/1673 5815/6265/1674
f 5820/6266/1675 5818/6267/1676 5819/6268/1677
f 5874/6269/1678 5866/6270/1678 5865/6271/1678
f 5816/6263/1679 5818/6267/1679 5814/6272/1679
f 5871/6273/1680 5863/6274/1680 5864/6275/1680
f 5824/6276/1681 5821/6277/1681 5823/6278/1681
f 5825/6279/1682 5827/6280/1682 5828/6281/1682
f 5875/6282/1683 5867/6283/1683 5868/6284/1683
f 5824/6276/1679 5826/6285/1679 5822/6286/1679
f 5870/6287/1684 5862/6288/1684 5861/6289/1684
f 5830/6290/1679 5831/6291/1679 5829/6292/1679
f 5834/6293/1679 5835/6294/1679 5833/6295/1679
f 5838/6296/1685 5830/6290/1685 5829/6292/1685
f 5843/6297/1686 5835/6294/1686 5836/6298/1686
f 5839/6299/1687 5831/6291/1687 5832/6300/1687
f 5866/6270/1621 5867/6283/1621 5865/6271/1621
f 5842/6301/1688 5834/6293/1688 5833/6295/1688
f 5864/6275/1621 5861/6289/1621 5862/6288/1621
f 5929/6302/1588 5932/6303/1588 5930/6304/1588
f 5925/6073/1584 5928/6304/1584 5926/6305/1584
f 5921/6074/1679 5924/6305/1679 5922/6306/1679
f 5917/6307/1636 5920/6306/1636 5918/6308/1636
f 5913/6309/1621 5916/6308/1621 5914/6310/1621
f 5909/6311/1665 5912/6312/1665 5910/6313/1665
f 5896/6314/1689 5919/6313/1689 5895/6315/1689
f 5878/6316/1690 5885/6082/1691 5877/6317/1692
f 5887/6082/1693 5878/6318/1690 5880/6317/1694
f 5888/6319/1695 5880/6320/1694 5879/6318/1696
f 5885/6089/1691 5879/6321/1696 5877/6320/1692
f 5885/6088/1697 5912/6322/1697 5888/6321/1697
f 5880/6322/1698 5889/6091/1699 5879/6323/1700
f 5891/6091/1701 5880/6324/1698 5884/6323/1702
f 5892/6092/1703 5884/6325/1702 5883/6324/1704
f 5879/6325/1700 5892/6326/1703 5883/6327/1704
f 5906/6328/1705 5930/6329/1705 5905/6330/1705
f 5884/6331/1706 5893/6095/1707 5883/6332/1708
f 5882/6333/1709 5894/6303/1710 5884/6334/1706
f 5896/6305/1711 5882/6333/1709 5881/6335/1712
f 5893/6306/1707 5881/6335/1712 5883/6336/1708
f 5898/6337/1713 5923/6306/1713 5921/6336/1713
f 5898/6310/1714 5881/6337/1715 5882/6338/1716
f 5899/6313/1717 5882/6339/1716 5878/6340/1718
f 5900/6315/1719 5878/6340/1718 5877/6341/1720
f 5881/6342/1715 5900/6315/1719 5877/6341/1720
f 5892/6343/1721 5915/6344/1721 5891/6345/1721
f 5902/6346/1722 5879/6347/1723 5883/6344/1722
f 5903/6318/1724 5883/6348/1722 5881/6347/1724
f 5877/6348/1725 5903/6321/1724 5881/6349/1724
f 5879/6349/1723 5904/6322/1725 5877/6350/1725
f 5901/6350/1726 5925/6323/1726 5926/6351/1726
f 5880/6351/1727 5905/6324/1728 5884/6352/1728
f 5907/6324/1729 5880/6353/1727 5878/6352/1729
f 5908/6325/1730 5878/6354/1729 5882/6353/1730
f 5884/6355/1728 5908/6356/1730 5882/6357/1730
f 5903/6358/1731 5925/6359/1731 5902/6360/1731
f 5892/6361/1732 5914/6358/1732 5916/6360/1732
f 5900/6333/1733 5923/6361/1733 5899/6362/1733
f 5907/6335/1734 5929/6362/1734 5906/6363/1734
f 5893/6336/1735 5920/6363/1735 5896/6364/1735
f 5904/6337/1736 5927/6364/1736 5903/6365/1736
f 5897/6338/1737 5924/6365/1737 5900/6366/1737
f 5907/6367/1738 5932/6338/1738 5931/6366/1738
f 5901/6368/1739 5928/6367/1739 5904/6369/1739
f 5908/6370/1740 5930/6368/1740 5932/6369/1740
f 5886/6371/1741 5910/6370/1741 5885/6372/1741
f 5890/6373/1742 5914/6374/1742 5889/6375/1742
f 5886/6374/1743 5911/6347/1743 5909/6376/1743
f 5894/6347/1744 5918/6377/1744 5893/6376/1744
f 5891/6348/1745 5913/6378/1745 5890/6377/1745
f 5898/6349/1746 5922/6379/1747 5897/6378/1747
f 5888/6350/1748 5911/6380/1748 5887/6379/1748
f 5894/6380/1749 5919/6352/1749 5917/6381/1749
f 5936/6382/1750 5933/6383/1751 5935/6384/1752
f 5940/6385/1753 5938/6386/1754 5939/6387/1755
f 6107/6388/1756 6102/6389/1756 6104/6390/1756
f 5939/6387/1588 5934/6391/1588 5936/6382/1588
f 5944/6392/1757 5941/6393/1757 5943/6394/1757
f 5945/6395/1758 5947/6396/1758 5948/6397/1758
f 5947/6396/1588 5942/6398/1588 5944/6392/1588
f 5952/6399/1588 5949/6400/1588 5950/6401/1588
f 5954/6402/1588 5955/6403/1588 5953/6404/1588
f 5958/6405/1759 5950/6401/1759 5949/6400/1759
f 6108/6406/1760 6106/6407/1760 6107/6388/1760
f 5963/6408/1761 5955/6403/1761 5956/6409/1761
f 6104/6390/1762 6101/6410/1762 6103/6411/1762
f 5959/6412/1763 5951/6413/1763 5952/6399/1763
f 5962/6414/1764 5954/6402/1764 5953/6404/1764
f 5968/6415/1765 5965/6416/1766 5967/6417/1767
f 5972/6418/1768 5970/6419/1769 5971/6420/1770
f 5971/6420/1771 5966/6421/1771 5968/6415/1771
f 5976/6422/1772 5973/6423/1772 5975/6424/1772
f 5977/6425/1773 5979/6426/1773 5980/6427/1773
f 5976/6422/1771 5978/6428/1771 5974/6429/1771
f 5984/6430/1771 5981/6431/1771 5982/6432/1771
f 5986/6433/1771 5987/6434/1771 5985/6435/1771
f 5990/6436/1774 5982/6432/1774 5981/6431/1774
f 5995/6437/1775 5987/6434/1775 5988/6438/1775
f 5991/6439/1776 5983/6440/1776 5984/6430/1776
f 5994/6441/1777 5986/6433/1777 5985/6435/1777
f 6000/6442/1778 5997/6443/1779 5999/6444/1780
f 6004/6445/1781 6002/6446/1782 6003/6447/1783
f 5997/6443/1584 6004/6445/1584 5999/6444/1584
f 6099/6448/1756 6094/6449/1756 6096/6450/1756
f 6008/6451/1757 6005/6452/1757 6007/6453/1757
f 6009/6454/1758 6011/6455/1758 6012/6456/1758
f 6005/6452/1584 6012/6456/1584 6007/6453/1584
f 6022/6457/1584 6023/6458/1584 6021/6459/1584
f 6026/6460/1584 6027/6461/1584 6025/6462/1584
f 6022/6457/1784 6014/6463/1784 6013/6464/1784
f 6100/6465/1785 6098/6466/1786 6099/6448/1787
f 6027/6461/1788 6019/6467/1788 6020/6468/1788
f 6096/6450/1789 6093/6469/1790 6095/6470/1791
f 6023/6458/1792 6015/6471/1792 6016/6472/1792
f 6026/6460/1793 6018/6473/1793 6017/6474/1793
f 6032/6475/1794 6029/6476/1795 6031/6477/1796
f 6036/6478/1797 6034/6479/1798 6035/6480/1799
f 6033/6481/1800 6031/6477/1800 6029/6476/1800
f 6040/6482/1801 6037/6483/1801 6039/6484/1801
f 6041/6485/1802 6043/6486/1802 6044/6487/1802
f 6037/6483/1800 6044/6487/1800 6039/6484/1800
f 6053/6488/1800 6056/6489/1800 6055/6490/1800
f 6057/6491/1800 6060/6492/1800 6059/6493/1800
f 6054/6494/1803 6046/6495/1803 6045/6496/1803
f 6059/6493/1804 6051/6497/1804 6052/6498/1804
f 6055/6490/1805 6047/6499/1805 6048/6500/1805
f 6058/6501/1806 6050/6502/1806 6049/6503/1806
f 6064/6504/1807 6061/6505/1808 6063/6506/1809
f 6065/6507/1810 6067/6508/1811 6068/6509/1812
f 6122/6510/1813 6114/6511/1813 6113/6512/1813
f 6064/6504/1814 6066/6513/1814 6062/6514/1814
f 6119/6515/1815 6111/6516/1815 6112/6517/1815
f 6072/6518/1816 6069/6519/1816 6071/6520/1816
f 6073/6521/1817 6075/6522/1817 6076/6523/1817
f 6123/6524/1818 6115/6525/1818 6116/6526/1818
f 6072/6518/1814 6074/6527/1814 6070/6528/1814
f 6109/6529/1819 6117/6530/1819 6110/6531/1819
f 6078/6532/1814 6079/6533/1814 6077/6534/1814
f 6082/6535/1814 6083/6536/1814 6081/6537/1814
f 6086/6538/1820 6078/6532/1820 6077/6534/1820
f 6091/6539/1821 6083/6536/1821 6084/6540/1821
f 6087/6541/1822 6079/6533/1822 6080/6542/1822
f 6114/6511/1756 6115/6525/1756 6113/6512/1756
f 6081/6537/1823 6089/6543/1823 6082/6535/1823
f 6112/6517/1756 6109/6529/1756 6110/6531/1756
f 6177/6352/1588 6180/6544/1588 6178/6381/1588
f 6173/6353/1584 6176/6545/1584 6174/6544/1584
f 6169/6355/1814 6172/6546/1814 6170/6547/1814
f 6165/6357/1771 6168/6548/1771 6166/6546/1771
f 6161/6360/1756 6164/6549/1756 6162/6550/1756
f 6157/6361/1800 6160/6550/1800 6158/6551/1800
f 6143/6552/1824 6168/6361/1824 6167/6551/1824
f 6126/6553/1825 6133/6362/1826 6125/6552/1827
f 6135/6364/1828 6126/6553/1825 6128/6554/1829
f 6136/6365/1830 6128/6554/1829 6127/6555/1831
f 6125/6556/1827 6136/6365/1830 6127/6555/1831
f 6133/6367/1832 6160/6556/1832 6136/6557/1832
f 6128/6558/1833 6137/6559/1834 6127/6560/1835
f 6139/6561/1836 6128/6558/1833 6132/6562/1837
f 6140/6372/1838 6132/6562/1837 6131/6563/1839
f 6127/6564/1835 6140/6565/1838 6131/6566/1839
f 6154/6567/1840 6178/6568/1840 6153/6569/1840
f 6132/6568/1841 6141/6376/1842 6131/6570/1843
f 6143/6376/1844 6132/6571/1841 6130/6570/1845
f 6144/6377/1846 6130/6572/1845 6129/6571/1847
f 6141/6378/1842 6129/6573/1847 6131/6572/1843
f 6146/6573/1848 6171/6380/1848 6169/6574/1848
f 6130/6574/1849 6145/6381/1850 6129/6575/1851
f 6126/6575/1852 6146/6544/1853 6130/6576/1849
f 6148/6544/1854 6126/6577/1852 6125/6576/1855
f 6145/6547/1850 6125/6578/1855 6129/6577/1851
f 6139/6578/1856 6164/6548/1856 6163/6579/1856
f 6131/6580/1857 6149/6564/1858 6127/6581/1858
f 6151/6582/1859 6131/6583/1857 6129/6584/1859
f 6125/6585/1860 6151/6550/1859 6129/6586/1859
f 6127/6587/1858 6152/6551/1860 6125/6585/1860
f 6150/6553/1861 6174/6587/1861 6149/6588/1861
f 6128/6589/1862 6153/6553/1863 6132/6588/1863
f 6155/6555/1864 6128/6589/1862 6126/6590/1864
f 6156/6556/1865 6126/6590/1864 6130/6591/1865
f 6132/6592/1863 6156/6556/1865 6130/6591/1865
f 6151/6558/1866 6173/6593/1866 6150/6594/1866
f 6137/6562/1867 6164/6594/1867 6140/6595/1867
f 6147/6596/1868 6172/6562/1868 6171/6597/1868
f 6155/6564/1869 6177/6598/1870 6154/6599/1870
f 6141/6581/1871 6168/6599/1871 6144/6600/1871
f 6152/6601/1872 6175/6602/1872 6151/6603/1872
f 6145/6568/1873 6172/6604/1873 6148/6602/1873
f 6156/6570/1874 6179/6605/1874 6155/6604/1874
f 6152/6606/1875 6174/6572/1875 6176/6607/1875
f 6156/6607/1876 6178/6608/1876 6180/6609/1876
f 6134/6573/1877 6158/6610/1877 6133/6611/1877
f 6138/6574/1878 6162/6612/1878 6137/6610/1878
f 6134/6612/1879 6159/6576/1880 6157/6613/1879
f 6142/6576/1881 6166/6614/1881 6141/6613/1881
f 6139/6577/1882 6161/6615/1882 6138/6614/1882
f 6146/6578/1883 6170/6616/1884 6145/6615/1884
f 6135/6617/1885 6160/6581/1885 6159/6618/1885
f 6142/6618/1886 6167/6619/1886 6165/6620/1886
f 6184/6621/1887 6181/6622/1888 6183/6623/1889
f 6188/6624/1890 6186/6625/1891 6187/6626/1892
f 6355/6627/1893 6350/6628/1893 6352/6629/1893
f 6187/6626/1588 6182/6630/1588 6184/6621/1588
f 6192/6631/1894 6189/6632/1894 6191/6633/1894
f 6193/6634/1895 6195/6635/1895 6196/6636/1895
f 6195/6635/1588 6190/6637/1588 6192/6631/1588
f 6200/6638/1588 6197/6639/1588 6198/6640/1588
f 6202/6641/1588 6203/6642/1588 6201/6643/1588
f 6206/6644/1896 6198/6640/1896 6197/6639/1896
f 6353/6645/1897 6355/6627/1897 6356/6646/1897
f 6211/6647/1898 6203/6642/1898 6204/6648/1898
f 6352/6629/1899 6349/6649/1900 6351/6650/1899
f 6207/6651/1901 6199/6652/1901 6200/6638/1901
f 6210/6653/1902 6202/6641/1902 6201/6643/1902
f 6216/6654/1903 6213/6655/1904 6215/6656/1905
f 6220/6657/1906 6218/6658/1907 6219/6659/1908
f 6219/6659/1909 6214/6660/1909 6216/6654/1909
f 6224/6661/1910 6221/6662/1910 6223/6663/1910
f 6225/6664/1911 6227/6665/1911 6228/6666/1911
f 6224/6661/1909 6226/6667/1909 6222/6668/1909
f 6232/6669/1909 6229/6670/1909 6230/6671/1909
f 6236/6672/1909 6233/6673/1909 6234/6674/1909
f 6238/6675/1912 6230/6671/1912 6229/6670/1912
f 6243/6676/1913 6235/6677/1913 6236/6672/1913
f 6239/6678/1914 6231/6679/1914 6232/6669/1914
f 6242/6680/1915 6234/6674/1915 6233/6673/1915
f 6248/6681/1916 6245/6682/1917 6247/6683/1918
f 6252/6684/1919 6250/6685/1920 6251/6686/1921
f 6245/6682/1584 6252/6684/1584 6247/6683/1584
f 6347/6687/1893 6342/6688/1893 6344/6689/1893
f 6256/6690/1894 6253/6691/1894 6255/6692/1894
f 6257/6693/1895 6259/6694/1895 6260/6695/1895
f 6253/6691/1584 6260/6695/1584 6255/6692/1584
f 6270/6696/1584 6271/6697/1584 6269/6698/1584
f 6274/6699/1584 6275/6700/1584 6273/6701/1584
f 6270/6696/1922 6262/6702/1922 6261/6703/1922
f 6348/6704/1923 6346/6705/1924 6347/6687/1925
f 6268/6706/1926 6276/6707/1926 6267/6708/1926
f 6344/6689/1927 6341/6709/1928 6343/6710/1929
f 6271/6697/1930 6263/6711/1930 6264/6712/1930
f 6274/6699/1931 6266/6713/1931 6265/6714/1931
f 6280/6715/1932 6277/6716/1933 6279/6717/1934
f 6284/6718/1935 6282/6719/1936 6283/6720/1937
f 6277/6716/1938 6284/6718/1938 6279/6717/1938
f 6288/6721/1939 6285/6722/1939 6287/6723/1939
f 6289/6724/1940 6291/6725/1940 6292/6726/1940
f 6285/6722/1938 6292/6726/1938 6287/6723/1938
f 6302/6727/1938 6303/6728/1938 6301/6729/1938
f 6305/6730/1938 6308/6731/1938 6307/6732/1938
f 6302/6727/1941 6294/6733/1941 6293/6734/1941
f 6307/6732/1942 6299/6735/1942 6300/6736/1942
f 6303/6728/1943 6295/6737/1944 6296/6738/1943
f 6306/6739/1945 6298/6740/1945 6297/6741/1945
f 6311/6742/1946 6310/6743/1947 6309/6744/1948
f 6313/6745/1949 6315/6746/1950 6316/6747/1951
f 6370/6748/1952 6362/6749/1952 6361/6750/1952
f 6312/6751/1953 6314/6752/1953 6310/6743/1953
f 6367/6753/1954 6359/6754/1955 6360/6755/1954
f 6319/6756/1956 6318/6757/1956 6317/6758/1956
f 6321/6759/1957 6323/6760/1958 6324/6761/1958
f 6371/6762/1959 6363/6763/1959 6364/6764/1959
f 6320/6765/1953 6322/6766/1953 6318/6757/1953
f 6366/6767/1960 6358/6768/1960 6357/6769/1960
f 6326/6770/1953 6327/6771/1953 6325/6772/1953
f 6330/6773/1953 6331/6774/1953 6329/6775/1953
f 6334/6776/1961 6326/6770/1962 6325/6772/1961
f 6339/6777/1963 6331/6774/1963 6332/6778/1963
f 6335/6779/1964 6327/6771/1964 6328/6780/1964
f 6364/6764/1893 6361/6750/1893 6362/6749/1893
f 6338/6781/1965 6330/6773/1965 6329/6775/1965
f 6360/6755/1893 6357/6769/1893 6358/6768/1893
f 6425/6782/1588 6428/6783/1588 6426/6784/1588
f 6421/6785/1584 6424/6784/1584 6422/6786/1584
f 6417/6787/1953 6420/6786/1953 6418/6788/1953
f 6413/6588/1909 6416/6789/1909 6414/6790/1909
f 6409/6589/1893 6412/6790/1893 6410/6791/1893
f 6405/6590/1938 6408/6791/1938 6406/6792/1938
f 6391/6793/1966 6416/6590/1966 6415/6792/1966
f 6374/6794/1967 6381/6591/1968 6373/6793/1969
f 6383/6594/1970 6374/6795/1967 6376/6796/1971
f 6384/6595/1972 6376/6796/1971 6375/6797/1973
f 6381/6596/1968 6375/6798/1973 6373/6799/1969
f 6384/6800/1974 6406/6598/1974 6408/6801/1974
f 6376/6802/1975 6385/6599/1976 6375/6800/1977
f 6387/6803/1978 6376/6802/1975 6380/6804/1979
f 6388/6805/1980 6380/6806/1979 6379/6807/1981
f 6375/6806/1977 6388/6604/1980 6379/6808/1981
f 6402/6809/1982 6426/6810/1982 6401/6808/1982
f 6380/6810/1983 6389/6607/1984 6379/6811/1985
f 6378/6811/1986 6390/6609/1987 6380/6812/1983
f 6392/6611/1988 6378/6813/1986 6377/6814/1989
f 6389/6610/1984 6377/6815/1989 6379/6813/1985
f 6395/6612/1990 6417/6816/1990 6394/6815/1990
f 6394/6613/1991 6377/6817/1992 6378/6816/1993
f 6374/6817/1994 6394/6615/1991 6378/6818/1993
f 6396/6615/1995 6374/6819/1994 6373/6818/1996
f 6393/6617/1997 6373/6820/1996 6377/6819/1992
f 6387/6820/1998 6412/6620/1998 6411/6821/1998
f 6379/6821/1999 6397/6822/2000 6375/6823/2000
f 6377/6824/2001 6398/6825/1999 6379/6826/1999
f 6373/6827/2002 6399/6784/2001 6377/6828/2001
f 6375/6829/2000 6400/6830/2002 6373/6831/2002
f 6397/6832/2003 6421/6789/2003 6422/6833/2003
f 6402/6791/2004 6380/6832/2005 6376/6834/2004
f 6403/6792/2006 6376/6834/2004 6374/6835/2006
f 6404/6793/2007 6374/6835/2006 6378/6836/2007
f 6401/6794/2005 6378/6836/2007 6380/6837/2005
f 6398/6838/2008 6423/6795/2009 6421/6839/2008
f 6385/6797/2010 6412/6838/2010 6388/6840/2010
f 6395/6841/2011 6420/6798/2011 6419/6842/2011
f 6403/6800/2012 6425/6843/2013 6402/6844/2013
f 6392/6845/2014 6414/6800/2014 6416/6844/2014
f 6399/6846/2015 6424/6802/2015 6423/6845/2015
f 6396/6847/2016 6418/6804/2016 6420/6846/2016
f 6404/6848/2017 6427/6849/2017 6403/6850/2017
f 6400/6849/2018 6422/6808/2019 6424/6851/2018
f 6404/6851/2020 6426/6810/2021 6428/6852/2020
f 6382/6810/2022 6406/6853/2022 6381/6852/2022
f 6386/6811/2023 6410/6854/2023 6385/6853/2023
f 6383/6814/2024 6405/6855/2024 6382/6856/2024
f 6390/6813/2025 6414/6857/2025 6389/6855/2025
f 6386/6857/2026 6411/6816/2026 6409/6858/2026
f 6394/6816/2027 6418/6859/2027 6393/6858/2027
f 6383/6859/2028 6408/6818/2028 6407/6860/2028
f 6391/6818/2029 6413/6861/2029 6390/6860/2029
f 6432/6862/2030 6429/6863/2031 6431/6864/2032
f 6436/6865/2033 6434/6866/2034 6435/6867/2035
f 6600/6868/2036 6602/6869/2036 6598/6870/2036
f 6435/6867/1588 6430/6871/1588 6432/6862/1588
f 6440/6872/2037 6437/6873/2037 6439/6874/2037
f 6441/6875/2038 6443/6876/2038 6444/6877/2038
f 6443/6876/1588 6438/6878/1588 6440/6872/1588
f 6448/6879/1588 6445/6880/1588 6446/6881/1588
f 6450/6882/1588 6451/6883/1588 6449/6884/1588
f 6454/6885/2039 6446/6881/2039 6445/6880/2039
f 6601/6886/2040 6603/6887/2040 6604/6888/2040
f 6459/6889/2041 6451/6883/2041 6452/6890/2041
f 6600/6868/2042 6597/6891/2042 6599/6892/2042
f 6455/6893/2043 6447/6894/2043 6448/6879/2043
f 6458/6895/2044 6450/6882/2044 6449/6884/2044
f 6464/6896/2045 6461/6897/2046 6463/6898/2047
f 6468/6899/2048 6466/6900/2049 6467/6901/2050
f 6467/6901/2051 6462/6902/2052 6464/6896/2051
f 6471/6903/2053 6470/6904/2053 6469/6905/2053
f 6473/6906/2054 6475/6907/2054 6476/6908/2054
f 6472/6909/2051 6474/6910/2052 6470/6904/2052
f 6478/6911/2051 6479/6912/2052 6477/6913/2052
f 6482/6914/2052 6483/6915/2052 6481/6916/2052
f 6486/6917/2055 6478/6911/2055 6477/6913/2055
f 6491/6918/2056 6483/6915/2056 6484/6919/2056
f 6487/6920/2057 6479/6912/2057 6480/6921/2057
f 6490/6922/2058 6482/6914/2058 6481/6916/2058
f 6496/6923/2059 6493/6924/2060 6495/6925/2061
f 6500/6926/2062 6498/6927/2063 6499/6928/2064
f 6493/6924/1584 6500/6926/1584 6495/6925/1584
f 6592/6929/2036 6594/6930/2036 6590/6931/2036
f 6503/6932/2037 6502/6933/2037 6501/6934/2037
f 6505/6935/2038 6507/6936/2038 6508/6937/2038
f 6501/6934/1584 6508/6937/1584 6503/6932/1584
f 6518/6938/1584 6519/6939/1584 6517/6940/1584
f 6522/6941/1584 6523/6942/1584 6521/6943/1584
f 6518/6938/2065 6510/6944/2065 6509/6945/2065
f 6596/6946/2066 6594/6930/2067 6595/6947/2068
f 6523/6942/2069 6515/6948/2069 6516/6949/2069
f 6592/6929/2070 6589/6950/2071 6591/6951/2072
f 6519/6939/2073 6511/6952/2073 6512/6953/2073
f 6522/6941/2074 6514/6954/2074 6513/6955/2074
f 6528/6956/2075 6525/6957/2076 6527/6958/2077
f 6532/6959/2078 6530/6960/2079 6531/6961/2080
f 6529/6962/2081 6527/6958/2081 6525/6957/2081
f 6536/6963/2082 6533/6964/2083 6535/6965/2082
f 6540/6966/2084 6538/6967/2085 6539/6968/2084
f 6537/6969/2081 6535/6965/2086 6533/6964/2081
f 6549/6970/2086 6552/6971/2081 6551/6972/2086
f 6553/6973/2081 6556/6974/2081 6555/6975/2081
f 6550/6976/2087 6542/6977/2087 6541/6978/2087
f 6555/6975/2088 6547/6979/2088 6548/6980/2088
f 6551/6972/2089 6543/6981/2089 6544/6982/2089
f 6554/6983/2090 6546/6984/2090 6545/6985/2090
f 6560/6986/2091 6557/6987/2092 6559/6988/2093
f 6564/6989/2094 6562/6990/2095 6563/6991/2096
f 6609/6992/2097 6617/6993/2097 6610/6994/2097
f 6560/6986/2098 6562/6990/2098 6558/6995/2098
f 6615/6996/2099 6607/6997/2099 6608/6998/2099
f 6568/6999/2100 6565/7000/2100 6567/7001/2100
f 6569/7002/2101 6571/7003/2101 6572/7004/2101
f 6619/7005/2102 6611/7006/2102 6612/7007/2102
f 6568/6999/2098 6570/7008/2098 6566/7009/2098
f 6605/7010/2103 6613/7011/2103 6606/7012/2103
f 6574/7013/2098 6575/7014/2098 6573/7015/2098
f 6578/7016/2098 6579/7017/2098 6577/7018/2098
f 6573/7015/2104 6581/7019/2105 6574/7013/2105
f 6580/7020/2106 6588/7021/2106 6579/7017/2106
f 6583/7022/2107 6575/7014/2108 6576/7023/2107
f 6610/6994/2036 6611/7006/2036 6609/6992/2036
f 6586/7024/2109 6578/7016/2109 6577/7018/2109
f 6606/7012/2036 6607/6997/2036 6605/7010/2036
f 6673/6819/1588 6676/7025/1588 6674/6861/1588
f 6669/6820/1584 6672/7026/1584 6670/7025/1584
f 6665/7027/2098 6668/7028/2098 6666/7026/2098
f 6661/7029/2052 6664/7030/2052 6662/7028/2052
f 6657/6824/2036 6660/7031/2036 6658/7032/2036
f 6653/6831/2081 6656/7033/2081 6654/7034/2081
f 6640/6829/2110 6663/7034/2110 6639/7035/2110
f 6622/7036/2111 6629/6833/2112 6621/7037/2113
f 6624/7038/2114 6630/6832/2115 6622/7036/2111
f 6632/6835/2116 6624/7038/2114 6623/7039/2117
f 6629/6836/2112 6623/7039/2117 6621/7040/2113
f 6629/6837/2118 6656/7040/2118 6632/7041/2118
f 6624/7042/2119 6633/6839/2120 6623/7043/2121
f 6635/6840/2122 6624/7042/2119 6628/7044/2123
f 6636/6841/2124 6628/7045/2123 6627/7046/2125
f 6623/7047/2121 6636/6843/2124 6627/7048/2125
f 6650/6845/2126 6674/7047/2126 6649/7049/2126
f 6628/7050/2127 6637/6845/2128 6627/7049/2129
f 6626/7051/2130 6638/6846/2131 6628/7050/2127
f 6640/7030/2132 6626/7052/2130 6625/7053/2133
f 6637/7054/2128 6625/7055/2133 6627/7056/2129
f 6643/6849/2134 6665/7057/2134 6642/7055/2134
f 6626/7057/2135 6641/6852/2136 6625/7058/2137
f 6643/6852/2138 6626/7059/2135 6622/7058/2139
f 6644/6853/2140 6622/7060/2139 6621/7059/2141
f 6625/7060/2137 6644/7061/2140 6621/7062/2141
f 6636/7061/2142 6659/7063/2142 6635/7062/2142
f 6627/7063/2143 6645/6858/2144 6623/7064/2144
f 6625/7064/2145 6646/6859/2143 6627/7065/2143
f 6621/7065/2146 6647/6860/2145 6625/7066/2145
f 6623/7066/2144 6648/6861/2146 6621/7067/2146
f 6645/7067/2147 6669/7025/2147 6670/7068/2147
f 6650/7025/2148 6628/7069/2149 6624/7068/2148
f 6651/7026/2150 6624/7070/2148 6622/7069/2150
f 6652/7028/2151 6622/7071/2150 6626/7070/2151
f 6649/7030/2149 6626/7072/2151 6628/7071/2149
f 6646/7073/2152 6671/7074/2152 6669/7075/2152
f 6636/7076/2153 6658/7033/2153 6660/7073/2153
f 6644/7035/2154 6667/7076/2154 6643/7077/2154
f 6651/7078/2155 6673/7077/2155 6650/7079/2155
f 6637/7080/2156 6664/7081/2156 6640/7082/2156
f 6648/7083/2157 6671/7082/2157 6647/7084/2157
f 6644/7085/2158 6666/7083/2158 6668/7084/2158
f 6651/7086/2159 6676/7087/2159 6675/7085/2159
f 6645/7042/2160 6672/7086/2160 6648/7088/2160
f 6649/7044/2161 6676/7088/2161 6652/7089/2161
f 6630/7090/2162 6654/7089/2162 6629/7091/2162
f 6634/7092/2163 6658/7091/2163 6633/7093/2163
f 6630/7094/2164 6655/7092/2164 6653/7093/2164
f 6637/7095/2165 6661/7096/2165 6662/7094/2165
f 6635/7097/2166 6657/7095/2166 6634/7098/2166
f 6642/7099/2167 6666/7100/2167 6641/7101/2167
f 6632/7102/2168 6655/7101/2168 6631/7103/2168
f 6638/7104/2169 6663/7055/2169 6661/7105/2169
f 6679/7055/1583 6678/7106/1583 6677/7105/1583
f 6683/7107/1581 6680/7108/1581 6679/7106/1581
f 6681/7058/1593 6684/7109/1593 6683/7108/1593
f 6677/7059/1580 6682/7110/1580 6681/7109/1580
f 6677/7060/1588 6683/7111/1588 6679/7110/1588
f 6682/7062/1584 6680/7112/1584 6684/7111/1584
f 6686/7113/1580 6696/7114/1580 6692/7115/1580
f 6689/7116/2170 6696/7114/2170 6695/7117/2170
f 6686/7113/1584 6689/7116/1584 6688/7118/1584
f 6688/7118/1581 6695/7117/1581 6693/7119/1581
f 6685/7120/1580 6696/7114/1580 6694/7121/1580
f 6687/7122/1588 6691/7123/1588 6685/7120/1588
f 6687/7122/1581 6695/7117/1581 6690/7124/1581
f 6695/7117/2171 6691/7123/2171 6690/7124/2171
f 6704/7125/2172 6699/7126/2173 6702/7127/2174
f 6702/7127/2174 6706/7128/2175 6704/7125/2172
f 6706/7128/2175 6701/7129/2176 6705/7130/2177
f 6697/7131/2178 6705/7130/2177 6701/7129/2176
f 6714/7132/2172 6709/7133/2173 6712/7134/2174
f 6712/7134/2174 6716/7135/2175 6714/7132/2172
f 6716/7135/2175 6711/7136/2176 6715/7137/2177
f 6707/7138/2178 6715/7137/2177 6711/7136/2176
f 6724/7139/2172 6719/7140/2173 6722/7141/2174
f 6722/7141/2174 6726/7142/2175 6724/7139/2172
f 6726/7142/2175 6721/7143/2176 6725/7144/2177
f 6717/7145/2178 6725/7144/2177 6721/7143/2176
f 6734/7146/2172 6729/7147/2173 6732/7148/2174
f 6732/7148/2174 6736/7149/2175 6734/7146/2172
f 6736/7149/2175 6731/7150/2176 6735/7151/2177
f 6727/7152/2178 6735/7151/2177 6731/7150/2176
f 6744/7153/2172 6739/7154/2173 6742/7155/2174
f 6742/7155/2174 6746/7156/2175 6744/7153/2172
f 6746/7156/2175 6741/7157/2176 6745/7158/2177
f 6737/7159/2178 6745/7158/2177 6741/7157/2176
f 6749/7160/2179 6754/7161/2180 6752/7162/2181
f 6756/7163/2182 6752/7162/2181 6754/7161/2180
f 6756/7163/2182 6751/7164/2183 6753/7165/2184
f 6747/7166/2185 6755/7167/2186 6748/7168/2185
f 6759/7169/2179 6764/7170/2180 6762/7171/2181
f 6766/7172/2182 6762/7171/2181 6764/7170/2180
f 6766/7172/2182 6761/7173/2183 6763/7174/2184
f 6757/7175/2185 6765/7176/2186 6758/7177/2185
f 6769/7178/2179 6774/7179/2180 6772/7180/2181
f 6776/7181/2182 6772/7180/2181 6774/7179/2180
f 6776/7181/2182 6771/7182/2183 6773/7183/2184
f 6767/7184/2185 6775/7185/2186 6768/7186/2185
f 6779/7187/2179 6784/7188/2180 6782/7189/2181
f 6786/7190/2182 6782/7189/2181 6784/7188/2180
f 6786/7190/2182 6781/7191/2183 6783/7192/2184
f 6777/7193/2185 6785/7194/2186 6778/7195/2185
f 6789/7196/2179 6794/7197/2180 6792/7198/2181
f 6796/7199/2182 6792/7198/2181 6794/7197/2180
f 6796/7199/2182 6791/7200/2183 6793/7201/2184
f 6787/7202/2185 6795/7203/2186 6788/7204/2185
f 6804/7205/2172 6799/7206/2173 6802/7207/2174
f 6802/7207/2174 6806/7208/2175 6804/7205/2172
f 6806/7208/2175 6801/7209/2176 6805/7210/2177
f 6797/7211/2178 6805/7210/2177 6801/7209/2176
f 6814/7212/2172 6809/7213/2173 6812/7214/2174
f 6812/7214/2174 6816/7215/2175 6814/7212/2172
f 6816/7215/2175 6811/7216/2176 6815/7217/2177
f 6807/7218/2178 6815/7217/2177 6811/7216/2176
f 6824/7219/2172 6819/7220/2173 6822/7221/2174
f 6822/7221/2174 6826/7222/2175 6824/7219/2172
f 6826/7222/2175 6821/7223/2176 6825/7224/2177
f 6817/7225/2178 6825/7224/2177 6821/7223/2176
f 6834/7226/2172 6829/7227/2173 6832/7228/2174
f 6832/7228/2174 6836/7229/2175 6834/7226/2172
f 6836/7229/2175 6831/7230/2176 6835/7231/2177
f 6827/7232/2178 6835/7231/2177 6831/7230/2176
f 6844/7233/2172 6839/7234/2173 6842/7235/2174
f 6842/7235/2174 6846/7236/2175 6844/7233/2172
f 6846/7236/2175 6841/7237/2176 6845/7238/2177
f 6837/7239/2178 6845/7238/2177 6841/7237/2176
f 6849/7240/2179 6854/7241/2180 6852/7242/2181
f 6856/7243/2182 6852/7242/2181 6854/7241/2180
f 6856/7243/2182 6851/7244/2183 6853/7245/2184
f 6847/7246/2185 6855/7247/2186 6848/7248/2185
f 6859/7249/2179 6864/7250/2180 6862/7251/2181
f 6866/7252/2182 6862/7251/2181 6864/7250/2180
f 6866/7252/2182 6861/7253/2183 6863/7254/2184
f 6857/7255/2185 6865/7256/2186 6858/7257/2185
f 6869/7258/2179 6874/7259/2180 6872/7260/2181
f 6876/7261/2182 6872/7260/2181 6874/7259/2180
f 6876/7261/2182 6871/7262/2183 6873/7263/2184
f 6867/7264/2185 6875/7265/2186 6868/7266/2185
f 6879/7267/2179 6884/7268/2180 6882/7269/2181
f 6886/7270/2182 6882/7269/2181 6884/7268/2180
f 6886/7270/2182 6881/7271/2183 6883/7272/2184
f 6877/7273/2185 6885/7274/2186 6878/7275/2185
f 6889/7276/2179 6894/7277/2180 6892/7278/2181
f 6896/7279/2182 6892/7278/2181 6894/7277/2180
f 6896/7279/2182 6891/7280/2183 6893/7281/2184
f 6887/7282/2185 6895/7283/2186 6888/7284/2185
f 6904/7285/2172 6899/7286/2173 6902/7287/2174
f 6902/7287/2174 6906/7288/2175 6904/7285/2172
f 6906/7288/2175 6901/7289/2176 6905/7290/2177
f 6897/7291/2178 6905/7290/2177 6901/7289/2176
f 6914/7292/2172 6909/7293/2173 6912/7294/2174
f 6912/7294/2174 6916/7295/2175 6914/7292/2172
f 6916/7295/2175 6911/7296/2176 6915/7297/2177
f 6907/7298/2178 6915/7297/2177 6911/7296/2176
f 6924/7299/2172 6919/7300/2173 6922/7301/2174
f 6922/7301/2174 6926/7302/2175 6924/7299/2172
f 6926/7302/2175 6921/7303/2176 6925/7304/2177
f 6917/7305/2178 6925/7304/2177 6921/7303/2176
f 6934/7306/2172 6929/7307/2173 6932/7308/2174
f 6932/7308/2174 6936/7309/2175 6934/7306/2172
f 6936/7309/2175 6931/7310/2176 6935/7311/2177
f 6927/7312/2178 6935/7311/2177 6931/7310/2176
f 6944/7313/2172 6939/7314/2173 6942/7315/2174
f 6942/7315/2174 6946/7316/2175 6944/7313/2172
f 6946/7316/2175 6941/7317/2176 6945/7318/2177
f 6937/7319/2178 6945/7318/2177 6941/7317/2176
f 6949/7320/2179 6954/7321/2180 6952/7322/2181
f 6956/7323/2182 6952/7322/2181 6954/7321/2180
f 6956/7323/2182 6951/7324/2183 6953/7325/2184
f 6947/7326/2185 6955/7327/2186 6948/7328/2185
f 6959/7329/2179 6964/7330/2180 6962/7331/2181
f 6966/7332/2182 6962/7331/2181 6964/7330/2180
f 6966/7332/2182 6961/7333/2183 6963/7334/2184
f 6957/7335/2185 6965/7336/2186 6958/7337/2185
f 6969/7338/2179 6974/7339/2180 6972/7340/2181
f 6976/7341/2182 6972/7340/2181 6974/7339/2180
f 6976/7341/2182 6971/7342/2183 6973/7343/2184
f 6967/7344/2185 6975/7345/2186 6968/7346/2185
f 6979/7347/2179 6984/7348/2180 6982/7349/2181
f 6986/7350/2182 6982/7349/2181 6984/7348/2180
f 6986/7350/2182 6981/7351/2183 6983/7352/2184
f 6977/7353/2185 6985/7354/2186 6978/7355/2185
f 6989/7356/2179 6994/7357/2180 6992/7358/2181
f 6996/7359/2182 6992/7358/2181 6994/7357/2180
f 6996/7359/2182 6991/7360/2183 6993/7361/2184
f 6987/7362/2185 6995/7363/2186 6988/7364/2185
f 7004/7365/2172 6999/7366/2173 7002/7367/2174
f 7002/7367/2174 7006/7368/2175 7004/7365/2172
f 7006/7368/2175 7001/7369/2176 7005/7370/2177
f 6997/7371/2178 7005/7370/2177 7001/7369/2176
f 7014/7372/2172 7009/7373/2173 7012/7374/2174
f 7012/7374/2174 7016/7375/2175 7014/7372/2172
f 7016/7375/2175 7011/7376/2176 7015/7377/2177
f 7007/7378/2178 7015/7377/2177 7011/7376/2176
f 7024/7379/2172 7019/7380/2173 7022/7381/2174
f 7022/7381/2174 7026/7382/2175 7024/7379/2172
f 7026/7382/2175 7021/7383/2176 7025/7384/2177
f 7017/7385/2178 7025/7384/2177 7021/7383/2176
f 7034/7386/2172 7029/7387/2173 7032/7388/2174
f 7032/7388/2174 7036/7389/2175 7034/7386/2172
f 7036/7389/2175 7031/7390/2176 7035/7391/2177
f 7027/7392/2178 7035/7391/2177 7031/7390/2176
f 7044/7393/2172 7039/7394/2173 7042/7395/2174
f 7042/7395/2174 7046/7396/2175 7044/7393/2172
f 7046/7396/2175 7041/7397/2176 7045/7398/2177
f 7037/7399/2178 7045/7398/2177 7041/7397/2176
f 7049/7400/2179 7054/7401/2180 7052/7402/2181
f 7056/7403/2182 7052/7402/2181 7054/7401/2180
f 7056/7403/2182 7051/7404/2183 7053/7405/2184
f 7047/7406/2185 7055/7407/2186 7048/7408/2185
f 7059/7409/2179 7064/7410/2180 7062/7411/2181
f 7066/7412/2182 7062/7411/2181 7064/7410/2180
f 7066/7412/2182 7061/7413/2183 7063/7414/2184
f 7057/7415/2185 7065/7416/2186 7058/7417/2185
f 7069/7418/2179 7074/7419/2180 7072/7420/2181
f 7076/7421/2182 7072/7420/2181 7074/7419/2180
f 7076/7421/2182 7071/7422/2183 7073/7423/2184
f 7067/7424/2185 7075/7425/2186 7068/7426/2185
f 7079/7427/2179 7084/7428/2180 7082/7429/2181
f 7086/7430/2182 7082/7429/2181 7084/7428/2180
f 7086/7430/2182 7081/7431/2183 7083/7432/2184
f 7077/7433/2185 7085/7434/2186 7078/7435/2185
f 7089/7436/2179 7094/7437/2180 7092/7438/2181
f 7096/7439/2182 7092/7438/2181 7094/7437/2180
f 7096/7439/2182 7091/7440/2183 7093/7441/2184
f 7087/7442/2185 7095/7443/2186 7088/7444/2185
f 7104/7445/2172 7099/7446/2173 7102/7447/2174
f 7102/7447/2174 7106/7448/2175 7104/7445/2172
f 7106/7448/2175 7101/7449/2176 7105/7450/2177
f 7097/7451/2178 7105/7450/2177 7101/7449/2176
f 7114/7452/2172 7109/7453/2173 7112/7454/2174
f 7112/7454/2174 7116/7455/2175 7114/7452/2172
f 7116/7455/2175 7111/7456/2176 7115/7457/2177
f 7107/7458/2178 7115/7457/2177 7111/7456/2176
f 7124/7459/2172 7119/7460/2173 7122/7461/2174
f 7122/7461/2174 7126/7462/2175 7124/7459/2172
f 7126/7462/2175 7121/7463/2176 7125/7464/2177
f 7117/7465/2178 7125/7464/2177 7121/7463/2176
f 7134/7466/2172 7129/7467/2173 7132/7468/2174
f 7132/7468/2174 7136/7469/2175 7134/7466/2172
f 7136/7469/2175 7131/7470/2176 7135/7471/2177
f 7127/7472/2178 7135/7471/2177 7131/7470/2176
f 7144/7473/2172 7139/7474/2173 7142/7475/2174
f 7142/7475/2174 7146/7476/2175 7144/7473/2172
f 7146/7476/2175 7141/7477/2176 7145/7478/2177
f 7137/7479/2178 7145/7478/2177 7141/7477/2176
f 7149/7480/2179 7154/7481/2180 7152/7482/2181
f 7156/7483/2182 7152/7482/2181 7154/7481/2180
f 7156/7483/2182 7151/7484/2183 7153/7485/2184
f 7147/7486/2185 7155/7487/2186 7148/7488/2185
f 7159/7489/2179 7164/7490/2180 7162/7491/2181
f 7166/7492/2182 7162/7491/2181 7164/7490/2180
f 7166/7492/2182 7161/7493/2183 7163/7494/2184
f 7157/7495/2185 7165/7496/2186 7158/7497/2185
f 7169/7498/2179 7174/7499/2180 7172/7500/2181
f 7176/7501/2182 7172/7500/2181 7174/7499/2180
f 7176/7501/2182 7171/7502/2183 7173/7503/2184
f 7167/7504/2185 7175/7505/2186 7168/7506/2185
f 7179/7507/2179 7184/7508/2180 7182/7509/2181
f 7186/7510/2182 7182/7509/2181 7184/7508/2180
f 7186/7510/2182 7181/7511/2183 7183/7512/2184
f 7177/7513/2185 7185/7514/2186 7178/7515/2185
f 7189/7516/2179 7194/7517/2180 7192/7518/2181
f 7196/7519/2182 7192/7518/2181 7194/7517/2180
f 7196/7519/2182 7191/7520/2183 7193/7521/2184
f 7187/7522/2185 7195/7523/2186 7188/7524/2185
f 7204/7525/2172 7199/7526/2173 7202/7527/2174
f 7202/7527/2174 7206/7528/2175 7204/7525/2172
f 7206/7528/2175 7201/7529/2176 7205/7530/2177
f 7197/7531/2178 7205/7530/2177 7201/7529/2176
f 7214/7532/2172 7209/7533/2173 7212/7534/2174
f 7212/7534/2174 7216/7535/2175 7214/7532/2172
f 7216/7535/2175 7211/7536/2176 7215/7537/2177
f 7207/7538/2178 7215/7537/2177 7211/7536/2176
f 7224/7539/2172 7219/7540/2173 7222/7541/2174
f 7222/7541/2174 7226/7542/2175 7224/7539/2172
f 7226/7542/2175 7221/7543/2176 7225/7544/2177
f 7217/7545/2178 7225/7544/2177 7221/7543/2176
f 7234/7546/2172 7229/7547/2173 7232/7548/2174
f 7232/7548/2174 7236/7549/2175 7234/7546/2172
f 7236/7549/2175 7231/7550/2176 7235/7551/2177
f 7227/7552/2178 7235/7551/2177 7231/7550/2176
f 7244/7553/2172 7239/7554/2173 7242/7555/2174
f 7242/7555/2174 7246/7556/2175 7244/7553/2172
f 7246/7556/2175 7241/7557/2176 7245/7558/2177
f 7237/7559/2178 7245/7558/2177 7241/7557/2176
f 7249/7560/2179 7254/7561/2180 7252/7562/2181
f 7256/7563/2182 7252/7562/2181 7254/7561/2180
f 7256/7563/2182 7251/7564/2183 7253/7565/2184
f 7247/7566/2185 7255/7567/2186 7248/7568/2185
f 7259/7569/2179 7264/7570/2180 7262/7571/2181
f 7266/7572/2182 7262/7571/2181 7264/7570/2180
f 7266/7572/2182 7261/7573/2183 7263/7574/2184
f 7257/7575/2185 7265/7576/2186 7258/7577/2185
f 7269/7578/2179 7274/7579/2180 7272/7580/2181
f 7276/7581/2182 7272/7580/2181 7274/7579/2180
f 7276/7581/2182 7271/7582/2183 7273/7583/2184
f 7267/7584/2185 7275/7585/2186 7268/7586/2185
f 7279/7587/2179 7284/7588/2180 7282/7589/2181
f 7286/7590/2182 7282/7589/2181 7284/7588/2180
f 7286/7590/2182 7281/7591/2183 7283/7592/2184
f 7277/7593/2185 7285/7594/2186 7278/7595/2185
f 7289/7596/2179 7294/7597/2180 7292/7598/2181
f 7296/7599/2182 7292/7598/2181 7294/7597/2180
f 7296/7599/2182 7291/7600/2183 7293/7601/2184
f 7287/7602/2185 7295/7603/2186 7288/7604/2185
f 7304/7605/2172 7299/7606/2173 7302/7607/2174
f 7302/7607/2174 7306/7608/2175 7304/7605/2172
f 7306/7608/2175 7301/7609/2176 7305/7610/2177
f 7297/7611/2178 7305/7610/2177 7301/7609/2176
f 7314/7612/2172 7309/7613/2173 7312/7614/2174
f 7312/7614/2174 7316/7615/2175 7314/7612/2172
f 7316/7615/2175 7311/7616/2176 7315/7617/2177
f 7307/7618/2178 7315/7617/2177 7311/7616/2176
f 7324/7619/2172 7319/7620/2173 7322/7621/2174
f 7322/7621/2174 7326/7622/2175 7324/7619/2172
f 7326/7622/2175 7321/7623/2176 7325/7624/2177
f 7317/7625/2178 7325/7624/2177 7321/7623/2176
f 7334/7626/2172 7329/7627/2173 7332/7628/2174
f 7332/7628/2174 7336/7629/2175 7334/7626/2172
f 7336/7629/2175 7331/7630/2176 7335/7631/2177
f 7327/7632/2178 7335/7631/2177 7331/7630/2176
f 7344/7633/2172 7339/7634/2173 7342/7635/2174
f 7342/7635/2174 7346/7636/2175 7344/7633/2172
f 7346/7636/2175 7341/7637/2176 7345/7638/2177
f 7337/7639/2178 7345/7638/2177 7341/7637/2176
f 7349/7640/2179 7354/7641/2180 7352/7642/2181
f 7356/7643/2182 7352/7642/2181 7354/7641/2180
f 7356/7643/2182 7351/7644/2183 7353/7645/2184
f 7347/7646/2185 7355/7647/2186 7348/7648/2185
f 7359/7649/2179 7364/7650/2180 7362/7651/2181
f 7366/7652/2182 7362/7651/2181 7364/7650/2180
f 7366/7652/2182 7361/7653/2183 7363/7654/2184
f 7357/7655/2185 7365/7656/2186 7358/7657/2185
f 7369/7658/2179 7374/7659/2180 7372/7660/2181
f 7376/7661/2182 7372/7660/2181 7374/7659/2180
f 7376/7661/2182 7371/7662/2183 7373/7663/2184
f 7367/7664/2185 7375/7665/2186 7368/7666/2185
f 7379/7667/2179 7384/7668/2180 7382/7669/2181
f 7386/7670/2182 7382/7669/2181 7384/7668/2180
f 7386/7670/2182 7381/7671/2183 7383/7672/2184
f 7377/7673/2185 7385/7674/2186 7378/7675/2185
f 7389/7676/2179 7394/7677/2180 7392/7678/2181
f 7396/7679/2182 7392/7678/2181 7394/7677/2180
f 7396/7679/2182 7391/7680/2183 7393/7681/2184
f 7387/7682/2185 7395/7683/2186 7388/7684/2185
f 6698/7685/2187 7397/7686/2187 7398/7687/2187
f 6700/7688/2188 7399/7689/2188 6699/7126/2188
f 6704/7125/2189 7406/7690/2190 7404/7691/2191
f 6702/7127/2192 7403/7692/2193 6703/7693/2194
f 6705/7130/2195 7406/7690/2190 6706/7128/2196
f 6701/7129/2197 7403/7692/2193 7401/7694/2198
f 6697/7131/2199 7401/7694/2198 7397/7686/2200
f 6698/7685/2201 7405/7695/2202 6705/7130/2195
f 6699/7126/2203 7402/7696/2204 6702/7127/2192
f 6700/7688/2205 7404/7691/2191 7400/7697/2206
f 6708/7698/2187 7407/7699/2187 7408/7700/2187
f 6710/7701/2188 7409/7702/2188 6709/7133/2188
f 6714/7132/2189 7416/7703/2190 7414/7704/2191
f 6712/7134/2192 7413/7705/2193 6713/7706/2194
f 6715/7137/2195 7416/7703/2190 6716/7135/2207
f 6711/7136/2197 7413/7705/2193 7411/7707/2198
f 6707/7138/2199 7411/7707/2198 7407/7699/2200
f 6708/7698/2201 7415/7708/2202 6715/7137/2195
f 6709/7133/2203 7412/7709/2208 6712/7134/2192
f 6710/7701/2205 7414/7704/2191 7410/7710/2209
f 6718/7711/2187 7417/7712/2187 7418/7713/2187
f 6720/7714/2188 7419/7715/2188 6719/7140/2188
f 6724/7139/2189 7426/7716/2190 7424/7717/2191
f 6722/7141/2192 7423/7718/2193 6723/7719/2194
f 6725/7144/2210 7426/7716/2190 6726/7142/2196
f 6721/7143/2197 7423/7718/2193 7421/7720/2198
f 6717/7145/2199 7421/7720/2198 7417/7712/2200
f 6718/7711/2201 7425/7721/2202 6725/7144/2210
f 6719/7140/2203 7422/7722/2204 6722/7141/2192
f 6720/7714/2205 7424/7717/2191 7420/7723/2209
f 6728/7724/2187 7427/7725/2187 7428/7726/2187
f 6730/7727/2188 7429/7728/2188 6729/7147/2188
f 6734/7146/2189 7436/7729/2190 7434/7730/2191
f 6732/7148/2192 7433/7731/2193 6733/7732/2194
f 6735/7151/2210 7436/7729/2190 6736/7149/2207
f 6731/7150/2197 7433/7731/2193 7431/7733/2198
f 6727/7152/2199 7431/7733/2198 7427/7725/2200
f 6728/7724/2201 7435/7734/2202 6735/7151/2210
f 6729/7147/2203 7432/7735/2204 6732/7148/2192
f 6730/7727/2205 7434/7730/2191 7430/7736/2209
f 6738/7737/2187 7437/7738/2187 7438/7739/2187
f 6740/7740/2188 7439/7741/2188 6739/7154/2188
f 6744/7153/2189 7446/7742/2190 7444/7743/2191
f 6742/7155/2192 7443/7744/2193 6743/7745/2194
f 6745/7158/2210 7446/7742/2190 6746/7156/2207
f 6741/7157/2197 7443/7744/2193 7441/7746/2198
f 6737/7159/2199 7441/7746/2198 7437/7738/2200
f 6738/7737/2201 7445/7747/2202 6745/7158/2210
f 6739/7154/2203 7442/7748/2204 6742/7155/2192
f 6740/7740/2205 7444/7743/2191 7440/7749/2209
f 6748/7168/2211 7447/7750/2211 6747/7166/2211
f 6750/7751/2212 7449/7752/2212 7450/7753/2212
f 6754/7161/2213 7456/7754/2214 6756/7163/2215
f 6752/7162/2216 7453/7755/2217 7452/7756/2218
f 6755/7167/2219 7456/7754/2214 7455/7757/2220
f 6751/7164/2221 7453/7755/2217 6753/7165/2222
f 6747/7166/2223 7451/7758/2224 6751/7164/2221
f 6748/7168/2225 7455/7757/2220 7448/7759/2226
f 6749/7160/2227 7452/7756/2218 7449/7752/2228
f 6750/7751/2229 7454/7760/2230 6754/7161/2213
f 6758/7177/2211 7457/7761/2211 6757/7175/2211
f 6760/7762/2212 7459/7763/2212 7460/7764/2212
f 6764/7170/2213 7466/7765/2214 6766/7172/2231
f 6762/7171/2216 7463/7766/2217 7462/7767/2232
f 6765/7176/2219 7466/7765/2214 7465/7768/2220
f 6761/7173/2221 7463/7766/2217 6763/7174/2222
f 6757/7175/2223 7461/7769/2224 6761/7173/2221
f 6758/7177/2225 7465/7768/2220 7458/7770/2226
f 6759/7169/2227 7462/7767/2232 7459/7763/2228
f 6760/7762/2233 7464/7771/2230 6764/7170/2213
f 6768/7186/2211 7467/7772/2211 6767/7184/2211
f 6770/7773/2212 7469/7774/2212 7470/7775/2212
f 6774/7179/2213 7476/7776/2214 6776/7181/2215
f 6772/7180/2216 7473/7777/2217 7472/7778/2232
f 6775/7185/2234 7476/7776/2214 7475/7779/2220
f 6771/7182/2221 7473/7777/2217 6773/7183/2222
f 6767/7184/2223 7471/7780/2224 6771/7182/2221
f 6768/7186/2225 7475/7779/2220 7468/7781/2226
f 6769/7178/2227 7472/7778/2232 7469/7774/2228
f 6770/7773/2233 7474/7782/2230 6774/7179/2213
f 6778/7195/2211 7477/7783/2211 6777/7193/2211
f 6780/7784/2212 7479/7785/2212 7480/7786/2212
f 6784/7188/2213 7486/7787/2214 6786/7190/2231
f 6782/7189/2216 7483/7788/2217 7482/7789/2218
f 6785/7194/2234 7486/7787/2214 7485/7790/2220
f 6781/7191/2221 7483/7788/2217 6783/7192/2222
f 6777/7193/2223 7481/7791/2224 6781/7191/2221
f 6778/7195/2225 7485/7790/2220 7478/7792/2226
f 6779/7187/2227 7482/7789/2218 7479/7785/2228
f 6780/7784/2233 7484/7793/2230 6784/7188/2213
f 6788/7204/2211 7487/7794/2211 6787/7202/2211
f 6790/7795/2212 7489/7796/2212 7490/7797/2212
f 6794/7197/2213 7496/7798/2214 6796/7199/2231
f 6792/7198/2216 7493/7799/2217 7492/7800/2218
f 6795/7203/2219 7496/7798/2214 7495/7801/2220
f 6791/7200/2221 7493/7799/2217 6793/7201/2222
f 6787/7202/2223 7491/7802/2224 6791/7200/2221
f 6788/7204/2225 7495/7801/2220 7488/7803/2226
f 6789/7196/2227 7492/7800/2218 7489/7796/2228
f 6790/7795/2233 7494/7804/2230 6794/7197/2213
f 6798/7805/2187 7497/7806/2187 7498/7807/2187
f 6800/7808/2188 7499/7809/2188 6799/7206/2188
f 6804/7205/2189 7506/7810/2190 7504/7811/2191
f 6802/7207/2192 7503/7812/2193 6803/7813/2194
f 6805/7210/2195 7506/7810/2190 6806/7208/2196
f 6801/7209/2197 7503/7812/2193 7501/7814/2198
f 6797/7211/2199 7501/7814/2198 7497/7806/2200
f 6798/7805/2201 7505/7815/2202 6805/7210/2195
f 6799/7206/2203 7502/7816/2204 6802/7207/2192
f 6800/7808/2235 7504/7811/2191 7500/7817/2206
f 6808/7818/2187 7507/7819/2187 7508/7820/2187
f 6810/7821/2188 7509/7822/2188 6809/7213/2188
f 6814/7212/2189 7516/7823/2190 7514/7824/2191
f 6812/7214/2192 7513/7825/2193 6813/7826/2194
f 6815/7217/2195 7516/7823/2190 6816/7215/2207
f 6811/7216/2197 7513/7825/2193 7511/7827/2198
f 6807/7218/2199 7511/7827/2198 7507/7819/2200
f 6808/7818/2201 7515/7828/2202 6815/7217/2195
f 6809/7213/2203 7512/7829/2208 6812/7214/2192
f 6810/7821/2205 7514/7824/2191 7510/7830/2209
f 6818/7831/2187 7517/7832/2187 7518/7833/2187
f 6820/7834/2188 7519/7835/2188 6819/7220/2188
f 6824/7219/2189 7526/7836/2190 7524/7837/2191
f 6822/7221/2192 7523/7838/2193 6823/7839/2194
f 6825/7224/2210 7526/7836/2190 6826/7222/2196
f 6821/7223/2197 7523/7838/2193 7521/7840/2198
f 6817/7225/2199 7521/7840/2198 7517/7832/2200
f 6818/7831/2201 7525/7841/2202 6825/7224/2210
f 6819/7220/2203 7522/7842/2208 6822/7221/2192
f 6820/7834/2205 7524/7837/2191 7520/7843/2209
f 6828/7844/2187 7527/7845/2187 7528/7846/2187
f 6830/7847/2188 7529/7848/2188 6829/7227/2188
f 6834/7226/2189 7536/7849/2190 7534/7850/2191
f 6832/7228/2192 7533/7851/2193 6833/7852/2194
f 6835/7231/2210 7536/7849/2190 6836/7229/2196
f 6831/7230/2197 7533/7851/2193 7531/7853/2198
f 6827/7232/2199 7531/7853/2198 7527/7845/2200
f 6828/7844/2201 7535/7854/2202 6835/7231/2210
f 6829/7227/2203 7532/7855/2204 6832/7228/2192
f 6830/7847/2205 7534/7850/2191 7530/7856/2209
f 6838/7857/2187 7537/7858/2187 7538/7859/2187
f 6840/7860/2188 7539/7861/2188 6839/7234/2188
f 6844/7233/2189 7546/7862/2190 7544/7863/2191
f 6842/7235/2192 7543/7864/2193 6843/7865/2194
f 6845/7238/2210 7546/7862/2190 6846/7236/2207
f 6841/7237/2197 7543/7864/2193 7541/7866/2198
f 6837/7239/2199 7541/7866/2198 7537/7858/2200
f 6838/7857/2201 7545/7867/2202 6845/7238/2210
f 6839/7234/2203 7542/7868/2204 6842/7235/2192
f 6840/7860/2205 7544/7863/2191 7540/7869/2209
f 6848/7248/2211 7547/7870/2211 6847/7246/2211
f 6850/7871/2212 7549/7872/2212 7550/7873/2212
f 6854/7241/2213 7556/7874/2214 6856/7243/2231
f 6852/7242/2216 7553/7875/2217 7552/7876/2218
f 6855/7247/2219 7556/7874/2214 7555/7877/2220
f 6851/7244/2221 7553/7875/2217 6853/7245/2222
f 6847/7246/2223 7551/7878/2224 6851/7244/2221
f 6848/7248/2225 7555/7877/2220 7548/7879/2226
f 6849/7240/2227 7552/7876/2218 7549/7872/2228
f 6850/7871/2229 7554/7880/2230 6854/7241/2213
f 6858/7257/2211 7557/7881/2211 6857/7255/2211
f 6860/7882/2212 7559/7883/2212 7560/7884/2212
f 6864/7250/2213 7566/7885/2214 6866/7252/2215
f 6862/7251/2216 7563/7886/2217 7562/7887/2232
f 6865/7256/2219 7566/7885/2214 7565/7888/2220
f 6861/7253/2221 7563/7886/2217 6863/7254/2222
f 6857/7255/2223 7561/7889/2224 6861/7253/2221
f 6858/7257/2225 7565/7888/2220 7558/7890/2226
f 6859/7249/2227 7562/7887/2232 7559/7883/2228
f 6860/7882/2233 7564/7891/2230 6864/7250/2213
f 6868/7266/2211 7567/7892/2211 6867/7264/2211
f 6870/7893/2212 7569/7894/2212 7570/7895/2212
f 6874/7259/2213 7576/7896/2214 6876/7261/2215
f 6872/7260/2216 7573/7897/2217 7572/7898/2232
f 6875/7265/2234 7576/7896/2214 7575/7899/2220
f 6871/7262/2221 7573/7897/2217 6873/7263/2222
f 6867/7264/2223 7571/7900/2224 6871/7262/2221
f 6868/7266/2225 7575/7899/2220 7568/7901/2226
f 6869/7258/2227 7572/7898/2232 7569/7894/2228
f 6870/7893/2233 7574/7902/2230 6874/7259/2213
f 6878/7275/2211 7577/7903/2211 6877/7273/2211
f 6880/7904/2212 7579/7905/2212 7580/7906/2212
f 6884/7268/2213 7586/7907/2214 6886/7270/2231
f 6882/7269/2216 7583/7908/2217 7582/7909/2218
f 6885/7274/2234 7586/7907/2214 7585/7910/2220
f 6881/7271/2221 7583/7908/2217 6883/7272/2222
f 6877/7273/2223 7581/7911/2224 6881/7271/2221
f 6878/7275/2225 7585/7910/2220 7578/7912/2226
f 6879/7267/2227 7582/7909/2218 7579/7905/2228
f 6880/7904/2233 7584/7913/2230 6884/7268/2213
f 6888/7284/2211 7587/7914/2211 6887/7282/2211
f 6890/7915/2212 7589/7916/2212 7590/7917/2212
f 6894/7277/2213 7596/7918/2214 6896/7279/2231
f 6892/7278/2216 7593/7919/2217 7592/7920/2218
f 6895/7283/2219 7596/7918/2214 7595/7921/2220
f 6891/7280/2221 7593/7919/2217 6893/7281/2222
f 6887/7282/2223 7591/7922/2224 6891/7280/2221
f 6888/7284/2225 7595/7921/2220 7588/7923/2226
f 6889/7276/2227 7592/7920/2218 7589/7916/2228
f 6890/7915/2233 7594/7924/2230 6894/7277/2213
f 6898/7925/2187 7597/7926/2187 7598/7927/2187
f 6900/7928/2188 7599/7929/2188 6899/7286/2188
f 6904/7285/2189 7606/7930/2190 7604/7931/2191
f 6902/7287/2192 7603/7932/2193 6903/7933/2194
f 6905/7290/2195 7606/7930/2190 6906/7288/2196
f 6901/7289/2197 7603/7932/2193 7601/7934/2198
f 6897/7291/2199 7601/7934/2198 7597/7926/2200
f 6898/7925/2201 7605/7935/2202 6905/7290/2195
f 6899/7286/2203 7602/7936/2204 6902/7287/2192
f 6900/7928/2235 7604/7931/2191 7600/7937/2206
f 6908/7938/2187 7607/7939/2187 7608/7940/2187
f 6910/7941/2188 7609/7942/2188 6909/7293/2188
f 6914/7292/2189 7616/7943/2190 7614/7944/2191
f 6912/7294/2192 7613/7945/2193 6913/7946/2194
f 6915/7297/2195 7616/7943/2190 6916/7295/2207
f 6911/7296/2197 7613/7945/2193 7611/7947/2198
f 6907/7298/2199 7611/7947/2198 7607/7939/2200
f 6908/7938/2201 7615/7948/2202 6915/7297/2195
f 6909/7293/2203 7612/7949/2208 6912/7294/2192
f 6910/7941/2205 7614/7944/2191 7610/7950/2209
f 6918/7951/2187 7617/7952/2187 7618/7953/2187
f 6920/7954/2188 7619/7955/2188 6919/7300/2188
f 6924/7299/2189 7626/7956/2190 7624/7957/2191
f 6922/7301/2192 7623/7958/2193 6923/7959/2194
f 6925/7304/2210 7626/7956/2190 6926/7302/2196
f 6921/7303/2197 7623/7958/2193 7621/7960/2198
f 6917/7305/2199 7621/7960/2198 7617/7952/2200
f 6918/7951/2201 7625/7961/2202 6925/7304/2210
f 6919/7300/2203 7622/7962/2204 6922/7301/2192
f 6920/7954/2205 7624/7957/2191 7620/7963/2209
f 6928/7964/2187 7627/7965/2187 7628/7966/2187
f 6930/7967/2188 7629/7968/2188 6929/7307/2188
f 6934/7306/2189 7636/7969/2190 7634/7970/2191
f 6932/7308/2192 7633/7971/2193 6933/7972/2194
f 6935/7311/2210 7636/7969/2190 6936/7309/2207
f 6931/7310/2197 7633/7971/2193 7631/7973/2198
f 6927/7312/2199 7631/7973/2198 7627/7965/2200
f 6928/7964/2201 7635/7974/2202 6935/7311/2210
f 6929/7307/2203 7632/7975/2204 6932/7308/2192
f 6930/7967/2205 7634/7970/2191 7630/7976/2209
f 6938/7977/2187 7637/7978/2187 7638/7979/2187
f 6940/7980/2188 7639/7981/2188 6939/7314/2188
f 6944/7313/2189 7646/7982/2190 7644/7983/2191
f 6942/7315/2192 7643/7984/2193 6943/7985/2194
f 6945/7318/2195 7646/7982/2190 6946/7316/2196
f 6941/7317/2197 7643/7984/2193 7641/7986/2198
f 6937/7319/2199 7641/7986/2198 7637/7978/2200
f 6938/7977/2201 7645/7987/2202 6945/7318/2195
f 6939/7314/2203 7642/7988/2204 6942/7315/2192
f 6940/7980/2205 7644/7983/2191 7640/7989/2209
f 6948/7328/2211 7647/7990/2211 6947/7326/2211
f 6950/7991/2212 7649/7992/2212 7650/7993/2212
f 6954/7321/2213 7656/7994/2214 6956/7323/2215
f 6952/7322/2216 7653/7995/2217 7652/7996/2218
f 6955/7327/2234 7656/7994/2214 7655/7997/2220
f 6951/7324/2221 7653/7995/2217 6953/7325/2222
f 6947/7326/2223 7651/7998/2224 6951/7324/2221
f 6948/7328/2225 7655/7997/2220 7648/7999/2226
f 6949/7320/2227 7652/7996/2218 7649/7992/2228
f 6950/7991/2229 7654/8000/2230 6954/7321/2213
f 6958/7337/2211 7657/8001/2211 6957/7335/2211
f 6960/8002/2212 7659/8003/2212 7660/8004/2212
f 6964/7330/2213 7666/8005/2214 6966/7332/2231
f 6962/7331/2216 7663/8006/2217 7662/8007/2232
f 6965/7336/2219 7666/8005/2214 7665/8008/2220
f 6961/7333/2221 7663/8006/2217 6963/7334/2222
f 6957/7335/2223 7661/8009/2224 6961/7333/2221
f 6958/7337/2225 7665/8008/2220 7658/8010/2226
f 6959/7329/2227 7662/8007/2232 7659/8003/2228
f 6960/8002/2233 7664/8011/2230 6964/7330/2213
f 6968/7346/2211 7667/8012/2211 6967/7344/2211
f 6970/8013/2212 7669/8014/2212 7670/8015/2212
f 6974/7339/2213 7676/8016/2214 6976/7341/2215
f 6972/7340/2216 7673/8017/2217 7672/8018/2218
f 6975/7345/2234 7676/8016/2214 7675/8019/2220
f 6971/7342/2221 7673/8017/2217 6973/7343/2222
f 6967/7344/2223 7671/8020/2224 6971/7342/2221
f 6968/7346/2225 7675/8019/2220 7668/8021/2226
f 6969/7338/2227 7672/8018/2218 7669/8014/2228
f 6970/8013/2233 7674/8022/2230 6974/7339/2213
f 6978/7355/2211 7677/8023/2211 6977/7353/2211
f 6980/8024/2212 7679/8025/2212 7680/8026/2212
f 6984/7348/2213 7686/8027/2214 6986/7350/2231
f 6982/7349/2216 7683/8028/2217 7682/8029/2218
f 6985/7354/2234 7686/8027/2214 7685/8030/2220
f 6981/7351/2221 7683/8028/2217 6983/7352/2222
f 6977/7353/2223 7681/8031/2224 6981/7351/2221
f 6978/7355/2225 7685/8030/2220 7678/8032/2226
f 6979/7347/2227 7682/8029/2218 7679/8025/2228
f 6980/8024/2233 7684/8033/2230 6984/7348/2213
f 6988/7364/2211 7687/8034/2211 6987/7362/2211
f 6990/8035/2212 7689/8036/2212 7690/8037/2212
f 6994/7357/2213 7696/8038/2214 6996/7359/2215
f 6992/7358/2216 7693/8039/2217 7692/8040/2218
f 6995/7363/2219 7696/8038/2214 7695/8041/2220
f 6991/7360/2221 7693/8039/2217 6993/7361/2222
f 6987/7362/2223 7691/8042/2224 6991/7360/2221
f 6988/7364/2225 7695/8041/2220 7688/8043/2226
f 6989/7356/2227 7692/8040/2218 7689/8036/2228
f 6990/8035/2233 7694/8044/2230 6994/7357/2213
f 6998/8045/2187 7697/8046/2187 7698/8047/2187
f 7000/8048/2188 7699/8049/2188 6999/7366/2188
f 7004/7365/2189 7706/8050/2190 7704/8051/2191
f 7002/7367/2192 7703/8052/2193 7003/8053/2194
f 7005/7370/2195 7706/8050/2190 7006/7368/2196
f 7001/7369/2197 7703/8052/2193 7701/8054/2198
f 6997/7371/2199 7701/8054/2198 7697/8046/2200
f 6998/8045/2201 7705/8055/2202 7005/7370/2195
f 6999/7366/2203 7702/8056/2204 7002/7367/2192
f 7000/8048/2235 7704/8051/2191 7700/8057/2206
f 7008/8058/2187 7707/8059/2187 7708/8060/2187
f 7010/8061/2188 7709/8062/2188 7009/7373/2188
f 7014/7372/2189 7716/8063/2190 7714/8064/2191
f 7012/7374/2192 7713/8065/2193 7013/8066/2194
f 7015/7377/2195 7716/8063/2190 7016/7375/2207
f 7011/7376/2197 7713/8065/2193 7711/8067/2198
f 7007/7378/2199 7711/8067/2198 7707/8059/2200
f 7008/8058/2201 7715/8068/2202 7015/7377/2195
f 7009/7373/2203 7712/8069/2208 7012/7374/2192
f 7010/8061/2205 7714/8064/2191 7710/8070/2209
f 7018/8071/2187 7717/8072/2187 7718/8073/2187
f 7020/8074/2188 7719/8075/2188 7019/7380/2188
f 7024/7379/2189 7726/8076/2190 7724/8077/2191
f 7022/7381/2192 7723/8078/2193 7023/8079/2194
f 7025/7384/2210 7726/8076/2190 7026/7382/2207
f 7021/7383/2197 7723/8078/2193 7721/8080/2198
f 7017/7385/2199 7721/8080/2198 7717/8072/2200
f 7018/8071/2201 7725/8081/2202 7025/7384/2210
f 7019/7380/2203 7722/8082/2204 7022/7381/2192
f 7020/8074/2205 7724/8077/2191 7720/8083/2209
f 7028/8084/2187 7727/8085/2187 7728/8086/2187
f 7030/8087/2188 7729/8088/2188 7029/7387/2188
f 7034/7386/2189 7736/8089/2190 7734/8090/2191
f 7032/7388/2192 7733/8091/2193 7033/8092/2194
f 7035/7391/2210 7736/8089/2190 7036/7389/2207
f 7031/7390/2197 7733/8091/2193 7731/8093/2198
f 7027/7392/2199 7731/8093/2198 7727/8085/2200
f 7028/8084/2201 7735/8094/2202 7035/7391/2210
f 7029/7387/2203 7732/8095/2208 7032/7388/2192
f 7030/8087/2205 7734/8090/2191 7730/8096/2209
f 7038/8097/2187 7737/8098/2187 7738/8099/2187
f 7040/8100/2188 7739/8101/2188 7039/7394/2188
f 7044/7393/2189 7746/8102/2190 7744/8103/2191
f 7042/7395/2192 7743/8104/2193 7043/8105/2194
f 7045/7398/2210 7746/8102/2190 7046/7396/2196
f 7041/7397/2197 7743/8104/2193 7741/8106/2198
f 7037/7399/2199 7741/8106/2198 7737/8098/2200
f 7038/8097/2201 7745/8107/2202 7045/7398/2210
f 7039/7394/2203 7742/8108/2204 7042/7395/2192
f 7040/8100/2205 7744/8103/2191 7740/8109/2209
f 7048/7408/2211 7747/8110/2211 7047/7406/2211
f 7050/8111/2212 7749/8112/2212 7750/8113/2212
f 7054/7401/2213 7756/8114/2214 7056/7403/2215
f 7052/7402/2216 7753/8115/2217 7752/8116/2218
f 7055/7407/2219 7756/8114/2214 7755/8117/2220
f 7051/7404/2221 7753/8115/2217 7053/7405/2222
f 7047/7406/2223 7751/8118/2224 7051/7404/2221
f 7048/7408/2225 7755/8117/2220 7748/8119/2226
f 7049/7400/2227 7752/8116/2218 7749/8112/2228
f 7050/8111/2229 7754/8120/2230 7054/7401/2213
f 7058/7417/2211 7757/8121/2211 7057/7415/2211
f 7060/8122/2212 7759/8123/2212 7760/8124/2212
f 7064/7410/2213 7766/8125/2214 7066/7412/2231
f 7062/7411/2216 7763/8126/2217 7762/8127/2232
f 7065/7416/2219 7766/8125/2214 7765/8128/2220
f 7061/7413/2221 7763/8126/2217 7063/7414/2222
f 7057/7415/2223 7761/8129/2224 7061/7413/2221
f 7058/7417/2225 7765/8128/2220 7758/8130/2226
f 7059/7409/2227 7762/8127/2232 7759/8123/2228
f 7060/8122/2233 7764/8131/2230 7064/7410/2213
f 7068/7426/2211 7767/8132/2211 7067/7424/2211
f 7070/8133/2212 7769/8134/2212 7770/8135/2212
f 7074/7419/2213 7776/8136/2214 7076/7421/2215
f 7072/7420/2216 7773/8137/2217 7772/8138/2218
f 7075/7425/2234 7776/8136/2214 7775/8139/2220
f 7071/7422/2221 7773/8137/2217 7073/7423/2222
f 7067/7424/2223 7771/8140/2224 7071/7422/2221
f 7068/7426/2225 7775/8139/2220 7768/8141/2226
f 7069/7418/2227 7772/8138/2218 7769/8134/2228
f 7070/8133/2233 7774/8142/2230 7074/7419/2213
f 7078/7435/2211 7777/8143/2211 7077/7433/2211
f 7080/8144/2212 7779/8145/2212 7780/8146/2212
f 7084/7428/2213 7786/8147/2214 7086/7430/2231
f 7082/7429/2216 7783/8148/2217 7782/8149/2232
f 7085/7434/2234 7786/8147/2214 7785/8150/2220
f 7081/7431/2221 7783/8148/2217 7083/7432/2222
f 7077/7433/2223 7781/8151/2224 7081/7431/2221
f 7078/7435/2225 7785/8150/2220 7778/8152/2226
f 7079/7427/2227 7782/8149/2232 7779/8145/2228
f 7080/8144/2233 7784/8153/2230 7084/7428/2213
f 7088/7444/2211 7787/8154/2211 7087/7442/2211
f 7090/8155/2236 7789/8156/2212 7790/8157/2236
f 7094/7437/2213 7796/8158/2214 7096/7439/2231
f 7092/7438/2216 7793/8159/2217 7792/8160/2218
f 7095/7443/2219 7796/8158/2214 7795/8161/2220
f 7091/7440/2221 7793/8159/2217 7093/7441/2222
f 7087/7442/2223 7791/8162/2224 7091/7440/2221
f 7088/7444/2225 7795/8161/2220 7788/8163/2226
f 7089/7436/2227 7792/8160/2218 7789/8156/2228
f 7090/8155/2233 7794/8164/2230 7094/7437/2213
f 7098/8165/2187 7797/8166/2187 7798/8167/2187
f 7100/8168/2188 7799/8169/2188 7099/7446/2188
f 7104/7445/2189 7806/8170/2190 7804/8171/2191
f 7102/7447/2192 7803/8172/2193 7103/8173/2194
f 7105/7450/2195 7806/8170/2190 7106/7448/2196
f 7101/7449/2197 7803/8172/2193 7801/8174/2198
f 7097/7451/2199 7801/8174/2198 7797/8166/2200
f 7098/8165/2201 7805/8175/2202 7105/7450/2195
f 7099/7446/2203 7802/8176/2204 7102/7447/2192
f 7100/8168/2235 7804/8171/2191 7800/8177/2206
f 7108/8178/2187 7807/8179/2187 7808/8180/2187
f 7110/8181/2188 7809/8182/2188 7109/7453/2188
f 7114/7452/2189 7816/8183/2190 7814/8184/2191
f 7112/7454/2192 7813/8185/2193 7113/8186/2194
f 7115/7457/2195 7816/8183/2190 7116/7455/2207
f 7111/7456/2197 7813/8185/2193 7811/8187/2198
f 7107/7458/2199 7811/8187/2198 7807/8179/2200
f 7108/8178/2201 7815/8188/2202 7115/7457/2195
f 7109/7453/2203 7812/8189/2208 7112/7454/2192
f 7110/8181/2205 7814/8184/2191 7810/8190/2209
f 7118/8191/2187 7817/8192/2187 7818/8193/2187
f 7120/8194/2188 7819/8195/2188 7119/7460/2188
f 7124/7459/2189 7826/8196/2190 7824/8197/2191
f 7122/7461/2192 7823/8198/2193 7123/8199/2194
f 7125/7464/2210 7826/8196/2190 7126/7462/2196
f 7121/7463/2197 7823/8198/2193 7821/8200/2198
f 7117/7465/2199 7821/8200/2198 7817/8192/2200
f 7118/8191/2201 7825/8201/2202 7125/7464/2210
f 7119/7460/2203 7822/8202/2204 7122/7461/2192
f 7120/8194/2205 7824/8197/2191 7820/8203/2209
f 7128/8204/2187 7827/8205/2187 7828/8206/2187
f 7130/8207/2188 7829/8208/2188 7129/7467/2188
f 7134/7466/2189 7836/8209/2190 7834/8210/2191
f 7132/7468/2192 7833/8211/2193 7133/8212/2194
f 7135/7471/2210 7836/8209/2190 7136/7469/2207
f 7131/7470/2197 7833/8211/2193 7831/8213/2198
f 7127/7472/2199 7831/8213/2198 7827/8205/2200
f 7128/8204/2201 7835/8214/2202 7135/7471/2210
f 7129/7467/2203 7832/8215/2208 7132/7468/2192
f 7130/8207/2205 7834/8210/2191 7830/8216/2209
f 7138/8217/2187 7837/8218/2187 7838/8219/2187
f 7140/8220/2188 7839/8221/2188 7139/7474/2188
f 7144/7473/2189 7846/8222/2190 7844/8223/2191
f 7142/7475/2192 7843/8224/2193 7143/8225/2194
f 7145/7478/2195 7846/8222/2190 7146/7476/2196
f 7141/7477/2197 7843/8224/2193 7841/8226/2198
f 7137/7479/2199 7841/8226/2198 7837/8218/2200
f 7138/8217/2201 7845/8227/2202 7145/7478/2195
f 7139/7474/2203 7842/8228/2204 7142/7475/2192
f 7140/8220/2235 7844/8223/2191 7840/8229/2209
f 7148/7488/2211 7847/8230/2211 7147/7486/2211
f 7150/8231/2212 7849/8232/2212 7850/8233/2212
f 7154/7481/2213 7856/8234/2214 7156/7483/2215
f 7152/7482/2216 7853/8235/2217 7852/8236/2218
f 7155/7487/2219 7856/8234/2214 7855/8237/2220
f 7151/7484/2221 7853/8235/2217 7153/7485/2222
f 7147/7486/2223 7851/8238/2224 7151/7484/2221
f 7148/7488/2225 7855/8237/2220 7848/8239/2226
f 7149/7480/2227 7852/8236/2218 7849/8232/2228
f 7150/8231/2229 7854/8240/2230 7154/7481/2213
f 7158/7497/2211 7857/8241/2211 7157/7495/2211
f 7160/8242/2212 7859/8243/2212 7860/8244/2212
f 7164/7490/2213 7866/8245/2214 7166/7492/2231
f 7162/7491/2216 7863/8246/2217 7862/8247/2232
f 7165/7496/2219 7866/8245/2214 7865/8248/2220
f 7161/7493/2221 7863/8246/2217 7163/7494/2222
f 7157/7495/2223 7861/8249/2224 7161/7493/2221
f 7158/7497/2225 7865/8248/2220 7858/8250/2226
f 7159/7489/2227 7862/8247/2232 7859/8243/2228
f 7160/8242/2233 7864/8251/2230 7164/7490/2213
f 7168/7506/2211 7867/8252/2211 7167/7504/2211
f 7170/8253/2212 7869/8254/2212 7870/8255/2212
f 7174/7499/2213 7876/8256/2214 7176/7501/2215
f 7172/7500/2216 7873/8257/2217 7872/8258/2218
f 7175/7505/2234 7876/8256/2214 7875/8259/2220
f 7171/7502/2221 7873/8257/2217 7173/7503/2222
f 7167/7504/2223 7871/8260/2224 7171/7502/2221
f 7168/7506/2225 7875/8259/2220 7868/8261/2226
f 7169/7498/2227 7872/8258/2218 7869/8254/2228
f 7170/8253/2233 7874/8262/2230 7174/7499/2213
f 7178/7515/2211 7877/8263/2211 7177/7513/2211
f 7180/8264/2212 7879/8265/2212 7880/8266/2212
f 7184/7508/2213 7886/8267/2214 7186/7510/2231
f 7182/7509/2216 7883/8268/2217 7882/8269/2232
f 7185/7514/2234 7886/8267/2214 7885/8270/2220
f 7181/7511/2221 7883/8268/2217 7183/7512/2222
f 7177/7513/2223 7881/8271/2224 7181/7511/2221
f 7178/7515/2225 7885/8270/2220 7878/8272/2226
f 7179/7507/2227 7882/8269/2232 7879/8265/2228
f 7180/8264/2233 7884/8273/2230 7184/7508/2213
f 7188/7524/2211 7887/8274/2211 7187/7522/2211
f 7190/8275/2212 7889/8276/2212 7890/8277/2212
f 7194/7517/2213 7896/8278/2214 7196/7519/2215
f 7192/7518/2216 7893/8279/2217 7892/8280/2218
f 7195/7523/2219 7896/8278/2214 7895/8281/2220
f 7191/7520/2221 7893/8279/2217 7193/7521/2222
f 7187/7522/2223 7891/8282/2224 7191/7520/2221
f 7188/7524/2225 7895/8281/2220 7888/8283/2226
f 7189/7516/2227 7892/8280/2218 7889/8276/2228
f 7190/8275/2233 7894/8284/2230 7194/7517/2213
f 7198/8285/2187 7897/8286/2187 7898/8287/2187
f 7200/8288/2188 7899/8289/2188 7199/7526/2188
f 7204/7525/2189 7906/8290/2190 7904/8291/2191
f 7202/7527/2192 7903/8292/2193 7203/8293/2194
f 7205/7530/2210 7906/8290/2190 7206/7528/2196
f 7201/7529/2197 7903/8292/2193 7901/8294/2198
f 7197/7531/2199 7901/8294/2198 7897/8286/2200
f 7198/8285/2201 7905/8295/2202 7205/7530/2210
f 7199/7526/2203 7902/8296/2204 7202/7527/2192
f 7200/8288/2235 7904/8291/2191 7900/8297/2206
f 7208/8298/2187 7907/8299/2187 7908/8300/2187
f 7210/8301/2188 7909/8302/2188 7209/7533/2188
f 7214/7532/2189 7916/8303/2190 7914/8304/2191
f 7212/7534/2192 7913/8305/2193 7213/8306/2194
f 7215/7537/2195 7916/8303/2190 7216/7535/2207
f 7211/7536/2197 7913/8305/2193 7911/8307/2198
f 7207/7538/2199 7911/8307/2198 7907/8299/2200
f 7208/8298/2201 7915/8308/2202 7215/7537/2195
f 7209/7533/2203 7912/8309/2204 7212/7534/2192
f 7210/8301/2205 7914/8304/2191 7910/8310/2209
f 7218/8311/2187 7917/8312/2187 7918/8313/2187
f 7220/8314/2188 7919/8315/2188 7219/7540/2188
f 7224/7539/2189 7926/8316/2190 7924/8317/2191
f 7222/7541/2192 7923/8318/2193 7223/8319/2194
f 7225/7544/2195 7926/8316/2190 7226/7542/2207
f 7221/7543/2197 7923/8318/2193 7921/8320/2198
f 7217/7545/2199 7921/8320/2198 7917/8312/2200
f 7218/8311/2201 7925/8321/2202 7225/7544/2195
f 7219/7540/2203 7922/8322/2204 7222/7541/2192
f 7220/8314/2205 7924/8317/2191 7920/8323/2209
f 7228/8324/2187 7927/8325/2187 7928/8326/2187
f 7230/8327/2188 7929/8328/2188 7229/7547/2188
f 7234/7546/2189 7936/8329/2190 7934/8330/2191
f 7232/7548/2192 7933/8331/2193 7233/8332/2194
f 7235/7551/2195 7936/8329/2190 7236/7549/2207
f 7231/7550/2197 7933/8331/2193 7931/8333/2198
f 7227/7552/2199 7931/8333/2198 7927/8325/2200
f 7228/8324/2201 7935/8334/2202 7235/7551/2195
f 7229/7547/2203 7932/8335/2204 7232/7548/2192
f 7230/8327/2205 7934/8330/2191 7930/8336/2209
f 7238/8337/2187 7937/8338/2187 7938/8339/2187
f 7240/8340/2188 7939/8341/2188 7239/7554/2188
f 7244/7553/2189 7946/8342/2190 7944/8343/2191
f 7242/7555/2192 7943/8344/2193 7243/8345/2194
f 7245/7558/2195 7946/8342/2190 7246/7556/2207
f 7241/7557/2197 7943/8344/2193 7941/8346/2198
f 7237/7559/2199 7941/8346/2198 7937/8338/2200
f 7238/8337/2201 7945/8347/2202 7245/7558/2195
f 7239/7554/2203 7942/8348/2204 7242/7555/2192
f 7240/8340/2235 7944/8343/2191 7940/8349/2209
f 7248/7568/2211 7947/8350/2211 7247/7566/2211
f 7250/8351/2212 7949/8352/2212 7950/8353/2212
f 7254/7561/2213 7956/8354/2214 7256/7563/2215
f 7252/7562/2216 7953/8355/2217 7952/8356/2218
f 7255/7567/2234 7956/8354/2214 7955/8357/2220
f 7251/7564/2221 7953/8355/2217 7253/7565/2222
f 7247/7566/2223 7951/8358/2224 7251/7564/2221
f 7248/7568/2225 7955/8357/2220 7948/8359/2226
f 7249/7560/2227 7952/8356/2218 7949/8352/2228
f 7250/8351/2229 7954/8360/2230 7254/7561/2213
f 7258/7577/2211 7957/8361/2211 7257/7575/2211
f 7260/8362/2212 7959/8363/2212 7960/8364/2212
f 7264/7570/2213 7966/8365/2214 7266/7572/2231
f 7262/7571/2216 7963/8366/2217 7962/8367/2218
f 7265/7576/2219 7966/8365/2214 7965/8368/2220
f 7261/7573/2221 7963/8366/2217 7263/7574/2222
f 7257/7575/2223 7961/8369/2224 7261/7573/2221
f 7258/7577/2225 7965/8368/2220 7958/8370/2226
f 7259/7569/2227 7962/8367/2218 7959/8363/2228
f 7260/8362/2233 7964/8371/2230 7264/7570/2213
f 7268/7586/2211 7967/8372/2211 7267/7584/2211
f 7270/8373/2212 7969/8374/2212 7970/8375/2212
f 7274/7579/2213 7976/8376/2214 7276/7581/2231
f 7272/7580/2216 7973/8377/2217 7972/8378/2218
f 7275/7585/2234 7976/8376/2214 7975/8379/2220
f 7271/7582/2221 7973/8377/2217 7273/7583/2222
f 7267/7584/2223 7971/8380/2224 7271/7582/2221
f 7268/7586/2225 7975/8379/2220 7968/8381/2226
f 7269/7578/2227 7972/8378/2218 7969/8374/2228
f 7270/8373/2233 7974/8382/2230 7274/7579/2213
f 7278/7595/2211 7977/8383/2211 7277/7593/2211
f 7280/8384/2212 7979/8385/2212 7980/8386/2212
f 7284/7588/2213 7986/8387/2214 7286/7590/2231
f 7282/7589/2216 7983/8388/2217 7982/8389/2218
f 7285/7594/2234 7986/8387/2214 7985/8390/2220
f 7281/7591/2221 7983/8388/2217 7283/7592/2222
f 7277/7593/2223 7981/8391/2224 7281/7591/2221
f 7278/7595/2225 7985/8390/2220 7978/8392/2226
f 7279/7587/2227 7982/8389/2218 7979/8385/2228
f 7280/8384/2233 7984/8393/2230 7284/7588/2213
f 7288/7604/2211 7987/8394/2211 7287/7602/2211
f 7290/8395/2212 7989/8396/2212 7990/8397/2212
f 7294/7597/2213 7996/8398/2214 7296/7599/2231
f 7292/7598/2216 7993/8399/2217 7992/8400/2218
f 7295/7603/2219 7996/8398/2214 7995/8401/2220
f 7291/7600/2221 7993/8399/2217 7293/7601/2222
f 7287/7602/2223 7991/8402/2224 7291/7600/2221
f 7288/7604/2225 7995/8401/2220 7988/8403/2226
f 7289/7596/2227 7992/8400/2218 7989/8396/2228
f 7290/8395/2233 7994/8404/2230 7294/7597/2213
f 7298/8405/2187 7997/8406/2187 7998/8407/2187
f 7300/8408/2188 7999/8409/2188 7299/7606/2188
f 7304/7605/2189 8006/8410/2190 8004/8411/2191
f 7302/7607/2192 8003/8412/2193 7303/8413/2194
f 7305/7610/2210 8006/8410/2190 7306/7608/2196
f 7301/7609/2197 8003/8412/2193 8001/8414/2198
f 7297/7611/2199 8001/8414/2198 7997/8406/2200
f 7298/8405/2201 8005/8415/2202 7305/7610/2210
f 7299/7606/2203 8002/8416/2204 7302/7607/2192
f 7300/8408/2235 8004/8411/2191 8000/8417/2206
f 7308/8418/2187 8007/8419/2187 8008/8420/2187
f 7310/8421/2188 8009/8422/2188 7309/7613/2188
f 7314/7612/2189 8016/8423/2190 8014/8424/2191
f 7312/7614/2192 8013/8425/2193 7313/8426/2194
f 7315/7617/2195 8016/8423/2190 7316/7615/2207
f 7311/7616/2197 8013/8425/2193 8011/8427/2198
f 7307/7618/2199 8011/8427/2198 8007/8419/2200
f 7308/8418/2201 8015/8428/2202 7315/7617/2195
f 7309/7613/2203 8012/8429/2204 7312/7614/2192
f 7310/8421/2205 8014/8424/2191 8010/8430/2209
f 7318/8431/2187 8017/8432/2187 8018/8433/2187
f 7320/8434/2188 8019/8435/2188 7319/7620/2188
f 7324/7619/2189 8026/8436/2190 8024/8437/2191
f 7322/7621/2192 8023/8438/2193 7323/8439/2194
f 7325/7624/2195 8026/8436/2190 7326/7622/2196
f 7321/7623/2197 8023/8438/2193 8021/8440/2198
f 7317/7625/2199 8021/8440/2198 8017/8432/2200
f 7318/8431/2201 8025/8441/2202 7325/7624/2195
f 7319/7620/2203 8022/8442/2204 7322/7621/2192
f 7320/8434/2205 8024/8437/2191 8020/8443/2209
f 7328/8444/2187 8027/8445/2187 8028/8446/2187
f 7330/8447/2188 8029/8448/2188 7329/7627/2188
f 7334/7626/2189 8036/8449/2190 8034/8450/2191
f 7332/7628/2192 8033/8451/2193 7333/8452/2194
f 7335/7631/2195 8036/8449/2190 7336/7629/2207
f 7331/7630/2197 8033/8451/2193 8031/8453/2198
f 7327/7632/2199 8031/8453/2198 8027/8445/2200
f 7328/8444/2201 8035/8454/2202 7335/7631/2195
f 7329/7627/2203 8032/8455/2204 7332/7628/2192
f 7330/8447/2205 8034/8450/2191 8030/8456/2209
f 7338/8457/2187 8037/8458/2187 8038/8459/2187
f 7340/8460/2188 8039/8461/2188 7339/7634/2188
f 7344/7633/2189 8046/8462/2190 8044/8463/2191
f 7342/7635/2192 8043/8464/2193 7343/8465/2194
f 7345/7638/2210 8046/8462/2190 7346/7636/2196
f 7341/7637/2197 8043/8464/2193 8041/8466/2198
f 7337/7639/2199 8041/8466/2198 8037/8458/2200
f 7338/8457/2201 8045/8467/2202 7345/7638/2210
f 7339/7634/2203 8042/8468/2204 7342/7635/2192
f 7340/8460/2235 8044/8463/2191 8040/8469/2209
f 7348/7648/2211 8047/8470/2211 7347/7646/2211
f 7350/8471/2212 8049/8472/2212 8050/8473/2212
f 7354/7641/2213 8056/8474/2214 7356/7643/2215
f 7352/7642/2216 8053/8475/2217 8052/8476/2218
f 7355/7647/2219 8056/8474/2214 8055/8477/2220
f 7351/7644/2221 8053/8475/2217 7353/7645/2222
f 7347/7646/2223 8051/8478/2224 7351/7644/2221
f 7348/7648/2225 8055/8477/2220 8048/8479/2226
f 7349/7640/2227 8052/8476/2218 8049/8472/2228
f 7350/8471/2229 8054/8480/2230 7354/7641/2213
f 7358/7657/2211 8057/8481/2211 7357/7655/2211
f 7360/8482/2212 8059/8483/2212 8060/8484/2212
f 7364/7650/2213 8066/8485/2214 7366/7652/2231
f 7362/7651/2216 8063/8486/2217 8062/8487/2232
f 7365/7656/2219 8066/8485/2214 8065/8488/2220
f 7361/7653/2221 8063/8486/2217 7363/7654/2222
f 7357/7655/2223 8061/8489/2224 7361/7653/2221
f 7358/7657/2225 8065/8488/2220 8058/8490/2226
f 7359/7649/2227 8062/8487/2232 8059/8483/2228
f 7360/8482/2233 8064/8491/2230 7364/7650/2213
f 7368/7666/2211 8067/8492/2211 7367/7664/2211
f 7370/8493/2212 8069/8494/2212 8070/8495/2212
f 7374/7659/2213 8076/8496/2214 7376/7661/2215
f 7372/7660/2216 8073/8497/2217 8072/8498/2218
f 7375/7665/2219 8076/8496/2214 8075/8499/2220
f 7371/7662/2221 8073/8497/2217 7373/7663/2222
f 7367/7664/2223 8071/8500/2224 7371/7662/2221
f 7368/7666/2225 8075/8499/2220 8068/8501/2226
f 7369/7658/2227 8072/8498/2218 8069/8494/2228
f 7370/8493/2233 8074/8502/2230 7374/7659/2213
f 7378/7675/2211 8077/8503/2211 7377/7673/2211
f 7380/8504/2212 8079/8505/2212 8080/8506/2212
f 7384/7668/2213 8086/8507/2214 7386/7670/2231
f 7382/7669/2216 8083/8508/2217 8082/8509/2218
f 7385/7674/2219 8086/8507/2214 8085/8510/2220
f 7381/7671/2221 8083/8508/2217 7383/7672/2222
f 7377/7673/2223 8081/8511/2224 7381/7671/2221
f 7378/7675/2225 8085/8510/2220 8078/8512/2226
f 7379/7667/2227 8082/8509/2218 8079/8505/2228
f 7380/8504/2233 8084/8513/2230 7384/7668/2213
f 7388/7684/2211 8087/8514/2211 7387/7682/2211
f 7390/8515/2212 8089/8516/2212 8090/8517/2212
f 7394/7677/2213 8096/8518/2214 7396/7679/2231
f 7392/7678/2216 8093/8519/2217 8092/8520/2218
f 7395/7683/2219 8096/8518/2214 8095/8521/2220
f 7391/7680/2221 8093/8519/2217 7393/7681/2222
f 7387/7682/2223 8091/8522/2224 7391/7680/2221
f 7388/7684/2225 8095/8521/2220 8088/8523/2226
f 7389/7676/2227 8092/8520/2218 8089/8516/2228
f 7390/8515/2233 8094/8524/2230 7394/7677/2213
f 8105/7112/1593 8099/7064/1593 8106/8525/1593
f 8107/8525/1583 8103/7065/1583 8101/8526/1583
f 8104/7065/1581 8098/8527/1581 8100/8526/1581
f 8107/7066/2237 8097/8528/2238 8105/8527/2237
f 8101/7067/1580 8099/8529/1580 8097/8528/1580
f 8108/7068/2239 8100/8530/2240 8106/8529/2239
f 8103/7069/2241 8106/8531/2239 8099/8530/2241
f 8102/7070/2242 8105/8532/2237 8098/8531/2242
f 8104/7071/1583 8107/8533/1583 8102/8532/1583
f 8105/7072/1593 8100/8534/1593 8098/8533/1593
f 8149/8535/2243 8203/8536/2244 8150/8537/2245
f 8151/8538/2246 8207/7073/2247 8205/8539/2248
f 8110/8540/2249 8111/7076/2249 8109/8538/2249
f 8151/7079/2250 8201/8540/2251 8149/8541/2250
f 8152/7082/2252 8110/8542/2253 8150/8543/2252
f 8113/7084/1581 8116/8543/1581 8114/8544/1581
f 8120/7085/1580 8117/8544/1580 8118/8545/1580
f 8120/7086/1584 8114/8545/1584 8116/8546/1584
f 8118/7088/1583 8113/8546/1583 8114/8547/1583
f 8117/7089/1588 8115/8547/1588 8113/8548/1588
f 8119/7091/1593 8116/8548/1593 8115/8549/1593
f 8121/7093/1581 8220/8549/1581 8122/8550/1581
f 8224/7094/1580 8123/8550/1580 8124/8551/1580
f 8224/7095/1584 8122/8551/1584 8220/8552/1584
f 8124/7098/1583 8121/8552/1583 8122/8553/1583
f 8123/7101/1588 8219/8554/1588 8121/8555/1588
f 8125/8556/1581 8228/8557/1581 8226/8558/1581
f 8232/8559/1580 8127/8560/1580 8230/8561/1580
f 8230/8561/1584 8125/8556/1584 8226/8558/1584
f 8128/8562/1588 8228/8557/1588 8126/8563/1588
f 8129/7103/1581 8132/8555/1581 8130/8564/1581
f 8136/8565/1580 8133/8564/1580 8134/8566/1580
f 8136/8567/1584 8130/8568/1584 8132/8569/1584
f 8134/8570/1583 8129/8571/1583 8130/8568/1583
f 8129/8571/1588 8135/7108/1588 8131/8572/1588
f 8135/7108/1593 8132/8573/1593 8131/8572/1593
f 8137/8574/1581 8140/8575/1581 8138/8576/1581
f 8144/8577/1580 8141/8578/1580 8142/8579/1580
f 8142/8579/1584 8137/8574/1584 8138/8576/1584
f 8143/8580/1588 8140/8575/1588 8139/8581/1588
f 8189/8582/1583 8146/8583/1583 8145/8584/1583
f 8148/8585/1593 8193/8586/1593 8147/8587/1593
f 8147/8587/1584 8189/8582/1584 8145/8584/1584
f 8195/8588/1588 8146/8583/1588 8191/8589/1588
f 8207/7109/2254 8150/8590/2252 8203/8573/2254
f 8111/7110/2255 8149/8591/2250 8109/8592/2255
f 8111/8591/2256 8152/7112/2257 8151/8593/2246
f 8109/8593/2258 8150/8525/2245 8110/8594/2259
f 8197/8594/2260 8259/8526/2261 8257/8595/2261
f 8199/8595/2262 8263/8527/2263 8200/8596/2264
f 8154/8596/2249 8155/8528/2249 8156/8597/2249
f 8257/8528/2251 8199/8598/2250 8197/8597/2250
f 8154/8529/2253 8200/8599/2252 8198/8598/2252
f 8160/8530/1580 8157/8600/1580 8158/8599/1580
f 8161/8531/1581 8164/8601/1581 8162/8600/1581
f 8158/8532/1584 8164/8602/1584 8160/8601/1584
f 8157/8533/1583 8162/8603/1583 8158/8602/1583
f 8159/8604/1588 8161/8605/1588 8157/8606/1588
f 8160/8607/1593 8163/8608/1593 8159/8609/1593
f 8276/8538/1580 8165/8610/1580 8166/8611/1580
f 8167/8540/1581 8280/8611/1581 8168/8612/1581
f 8166/8541/1584 8280/8612/1584 8276/8613/1584
f 8165/8543/1583 8168/8614/1583 8166/8615/1583
f 8165/8616/1588 8279/8543/1588 8167/8615/1588
f 8284/8617/1580 8169/8618/1580 8282/8619/1580
f 8171/8560/1581 8288/8620/1581 8286/8621/1581
f 8169/8618/1584 8286/8621/1584 8282/8619/1584
f 8284/8617/1588 8172/8622/1588 8170/8623/1588
f 8176/8545/1580 8173/8616/1580 8174/8624/1580
f 8177/8546/1581 8180/8624/1581 8178/8625/1581
f 8174/8547/1584 8180/8625/1584 8176/8626/1584
f 8173/8548/1583 8178/8626/1583 8174/8627/1583
f 8175/8549/1588 8177/8627/1588 8173/8628/1588
f 8176/8550/1593 8179/8628/1593 8175/8629/1593
f 8184/8630/1580 8181/8631/1580 8182/8632/1580
f 8185/8633/1581 8188/8634/1581 8186/8635/1581
f 8181/8631/1584 8186/8635/1584 8182/8632/1584
f 8184/8630/1588 8187/8636/1588 8183/8637/1588
f 8192/8638/1583 8189/8582/1583 8190/8639/1583
f 8193/8586/1593 8196/8640/1593 8194/8641/1593
f 8189/8582/1584 8194/8641/1584 8190/8639/1584
f 8191/8589/1588 8196/8640/1588 8195/8588/1588
f 8198/8551/2252 8263/8629/2254 8259/8642/2254
f 8197/8552/2250 8155/8642/2255 8153/8643/2255
f 8155/8644/2265 8200/8552/2264 8156/8643/2266
f 8153/8645/2267 8198/8554/2268 8197/8646/2260
f 8253/8647/2269 8203/8555/2244 8201/8645/2270
f 8255/8648/2271 8207/8564/2247 8256/8647/2272
f 8204/8649/2273 8206/8566/2273 8208/8648/2273
f 8201/8650/2274 8255/8651/2275 8253/8652/2275
f 8204/8653/2276 8256/8654/2277 8254/8651/2277
f 8212/8571/1581 8209/8655/1581 8210/8654/1581
f 8213/8656/1580 8216/8657/1580 8214/8658/1580
f 8210/8573/1584 8216/8659/1584 8212/8657/1584
f 8209/8592/1593 8214/8660/1593 8210/8659/1593
f 8211/8591/1588 8213/8661/1588 8209/8660/1588
f 8212/8593/1583 8215/8662/1583 8211/8661/1583
f 8220/8594/1581 8217/8663/1581 8218/8662/1581
f 8221/8595/1580 8224/8664/1580 8222/8663/1580
f 8218/8596/1584 8224/8665/1584 8220/8664/1584
f 8217/8597/1593 8222/8666/1593 8218/8665/1593
f 8219/8598/1588 8221/8667/1588 8217/8666/1588
f 8228/8557/1581 8225/8668/1581 8226/8558/1581
f 8229/8669/1580 8232/8559/1580 8230/8561/1580
f 8225/8668/1584 8230/8561/1584 8226/8558/1584
f 8228/8557/1588 8231/8670/1588 8227/8671/1588
f 8236/8599/1581 8233/8672/1581 8234/8667/1581
f 8237/8600/1580 8240/8673/1580 8238/8672/1580
f 8234/8601/1584 8240/8674/1584 8236/8673/1584
f 8233/8602/1593 8238/8675/1593 8234/8674/1593
f 8235/8606/1588 8237/8676/1588 8233/8677/1588
f 8236/8605/1583 8239/8678/1583 8235/8676/1583
f 8244/8679/1581 8241/8680/1581 8242/8681/1581
f 8245/8682/1580 8248/8683/1580 8246/8684/1580
f 8241/8680/1584 8246/8684/1584 8242/8681/1584
f 8244/8679/1588 8247/8685/1588 8243/8686/1588
f 8250/8687/1593 8305/8688/1593 8249/8689/1593
f 8309/8690/1583 8252/8691/1583 8251/8692/1583
f 8305/8688/1584 8251/8692/1584 8249/8689/1584
f 8250/8687/1588 8311/8693/1588 8307/8694/1588
f 8254/8609/2277 8207/8695/2278 8203/8696/2278
f 8253/8697/2275 8206/8696/2279 8202/8698/2279
f 8206/8699/2280 8256/8700/2272 8208/8701/2281
f 8202/8702/2282 8254/8703/2283 8253/8699/2269
f 8313/8704/2284 8259/8614/2261 8314/8702/2285
f 8315/8705/2286 8263/8615/2263 8261/8704/2263
f 8260/8706/2273 8262/8616/2273 8258/8705/2273
f 8315/8625/2275 8257/8706/2274 8313/8707/2275
f 8316/8626/2277 8260/8707/2276 8314/8708/2277
f 8265/8627/1580 8268/8708/1580 8266/8709/1580
f 8272/8628/1581 8269/8709/1581 8270/8710/1581
f 8272/8629/1584 8266/8710/1584 8268/8711/1584
f 8270/8642/1593 8265/8711/1593 8266/8712/1593
f 8269/8643/1588 8267/8712/1588 8265/8713/1588
f 8271/8644/1583 8268/8713/1583 8267/8714/1583
f 8273/8645/1580 8276/8715/1580 8274/8716/1580
f 8280/8647/1581 8277/8716/1581 8278/8717/1581
f 8280/8648/1584 8274/8717/1584 8276/8718/1584
f 8278/8649/1593 8273/8718/1593 8274/8719/1593
f 8277/8720/1588 8275/8719/1588 8273/8721/1588
f 8281/8722/1580 8284/8617/1580 8282/8619/1580
f 8288/8620/1581 8285/8723/1581 8286/8621/1581
f 8286/8621/1584 8281/8722/1584 8282/8619/1584
f 8287/8724/1588 8284/8617/1588 8283/8725/1588
f 8289/8726/1580 8292/8727/1580 8290/8728/1580
f 8296/8651/1581 8293/8729/1581 8294/8727/1581
f 8296/8730/1584 8290/8731/1584 8292/8729/1584
f 8294/8658/1593 8289/8732/1593 8290/8731/1593
f 8293/8657/1588 8291/8733/1588 8289/8732/1588
f 8295/8659/1583 8292/8734/1583 8291/8733/1583
f 8297/8735/1580 8300/8736/1580 8298/8737/1580
f 8304/8738/1581 8301/8739/1581 8302/8740/1581
f 8302/8740/1584 8297/8735/1584 8298/8737/1584
f 8303/8741/1588 8300/8736/1588 8299/8742/1588
f 8305/8688/1593 8308/8743/1593 8306/8744/1593
f 8312/8745/1583 8309/8690/1583 8310/8746/1583
f 8310/8746/1584 8305/8688/1584 8306/8744/1584
f 8311/8693/1588 8308/8743/1588 8307/8694/1588
f 8263/8660/2278 8314/8747/2277 8259/8734/2278
f 8262/8661/2279 8313/8748/2275 8258/8747/2279
f 8262/8748/2287 8316/8663/2288 8315/8749/2286
f 8258/8749/2289 8314/8664/2285 8260/8750/2290
f 5548/5959/1579 5547/8751/1579 5560/5960/1579
f 5547/5962/1580 5545/5960/1580 5558/5963/1580
f 5557/5965/1581 5546/8752/1581 5548/5966/1581
f 5545/5968/1582 5546/8753/1582 5557/5969/1582
f 5571/5971/1580 5572/8754/1580 5552/5963/1580
f 5552/5963/1583 5550/5970/1583 5549/5973/1583
f 5571/5974/1584 5551/8755/1584 5549/5975/1584
f 5570/5977/1585 5550/5974/1585 5552/5976/1585
f 5550/5979/1581 5570/8756/1581 5569/5978/1581
f 5579/5981/1584 5580/8757/1584 5556/5972/1584
f 5554/5983/1586 5556/5973/1586 5580/5984/1586
f 5554/5984/1587 5553/5973/1587 5555/5985/1587
f 5553/5976/1588 5554/5975/1588 5578/5987/1588
f 5553/5989/1589 5577/5978/1589 5579/5976/1589
f 5545/5980/1590 5547/8758/1590 5548/5990/1590
f 5560/5992/1591 5563/8759/1591 5564/5993/1591
f 5558/5995/1580 5561/5982/1580 5563/5996/1580
f 5557/5996/1581 5559/8760/1581 5564/5984/1581
f 5557/5984/1592 5562/5986/1592 5561/5999/1592
f 5571/5999/1580 5567/5986/1580 5568/5994/1580
f 5565/6001/1593 5566/8761/1593 5568/6002/1593
f 5565/6004/1584 5567/8762/1584 5571/6005/1584
f 5568/6007/1594 5566/6004/1594 5570/6006/1594
f 5569/6009/1581 5570/8763/1581 5566/6010/1581
f 5575/6012/1584 5576/6009/1584 5580/6011/1584
f 5580/6014/1586 5576/5996/1586 5574/6015/1586
f 5576/5996/1595 5575/5998/1595 5573/6017/1595
f 5578/5998/1588 5574/5999/1588 5573/6018/1588
f 5573/6018/1589 5575/5999/1589 5579/6000/1589
f 5564/6000/1596 5563/8764/1596 5561/6020/1596
f 5581/6005/1581 5583/8765/1581 5584/6021/1581
f 5588/6006/1580 5587/6005/1580 5585/6022/1580
f 5588/6008/1584 5586/6006/1584 5582/6023/1584
f 5586/6025/1583 5585/6008/1583 5581/6024/1583
f 5585/6027/1588 5587/8766/1588 5583/6028/1588
f 5587/6030/1593 5588/8767/1593 5584/6031/1593
f 5590/6033/1588 5616/6015/1588 5614/6034/1588
f 5618/6015/1584 5620/6017/1584 5592/6036/1584
f 5592/6037/1580 5620/8768/1580 5616/6038/1580
f 5591/6018/1583 5592/6019/1583 5590/6039/1583
f 5618/6019/1581 5591/6020/1581 5589/6040/1581
f 5596/6020/1580 5595/8769/1580 5593/6041/1580
f 5597/6042/1581 5599/8770/1581 5600/6043/1581
f 5594/6023/1584 5598/6022/1584 5600/6045/1584
f 5593/6024/1583 5597/6023/1583 5598/6046/1583
f 5595/6026/1588 5599/6024/1588 5597/6047/1588
f 5596/6029/1593 5600/6028/1593 5599/6049/1593
f 5630/6032/1588 5632/6031/1588 5602/6051/1588
f 5604/6053/1584 5636/6032/1584 5634/6052/1584
f 5632/6055/1581 5636/6034/1581 5604/6056/1581
f 5602/6058/1583 5604/6036/1583 5603/6059/1583
f 5601/6036/1580 5603/6038/1580 5634/6060/1580
f 5608/6038/1581 5607/6039/1581 5605/6061/1581
f 5609/6039/1580 5611/6040/1580 5612/6062/1580
f 5606/6040/1584 5610/6041/1584 5612/6063/1584
f 5605/6041/1593 5609/8771/1593 5610/6065/1593
f 5605/6066/1588 5607/8772/1588 5611/6067/1588
f 5608/6046/1583 5612/6045/1583 5611/6069/1583
f 5614/6047/1588 5616/6046/1588 5615/6070/1588
f 5619/6048/1584 5620/6047/1584 5618/6071/1584
f 5616/6050/1580 5620/6049/1580 5619/6073/1580
f 5615/6052/1593 5619/6051/1593 5617/6075/1593
f 5613/6054/1581 5617/6052/1581 5618/6076/1581
f 5621/6078/1580 5623/8773/1580 5624/6079/1580
f 5628/6081/1581 5627/6056/1581 5625/6082/1581
f 5628/6084/1584 5626/6059/1584 5622/6085/1584
f 5626/6059/1593 5625/6060/1593 5621/6086/1593
f 5625/6087/1588 5627/6061/1588 5623/6088/1588
f 5627/6061/1583 5628/6064/1583 5624/6090/1583
f 5631/6064/1588 5632/6063/1588 5630/6091/1588
f 5634/6063/1584 5636/6065/1584 5635/6092/1584
f 5635/6065/1581 5636/6080/1581 5632/6093/1581
f 5633/6066/1593 5635/6068/1593 5631/6094/1593
f 5634/6096/1580 5633/6066/1580 5629/6095/1580
f 5640/6098/1597 5638/6105/2291 5637/6099/1598
f 5641/6101/1600 5642/6104/2292 5643/6102/1601
f 5640/6098/1603 5643/6102/1603 5642/6104/1603
f 5648/6106/1604 5646/6113/1604 5645/6107/1604
f 5649/6109/1605 5650/6112/1605 5651/6110/1605
f 5648/6106/1603 5651/6110/1603 5650/6112/1603
f 5654/6114/1603 5656/6124/1603 5655/6115/1603
f 5658/6117/1603 5660/6122/1603 5659/6118/1603
f 5653/6116/1606 5662/8774/1606 5661/6120/1606
f 5667/6121/1607 5668/8775/1607 5659/6118/1607
f 5663/6123/1608 5664/8776/1608 5655/6115/1608
f 5657/6119/1609 5666/8777/1609 5665/6125/1609
f 5672/6126/1610 5670/6133/1610 5669/6127/1610
f 5673/6129/1611 5674/6132/1611 5675/6130/1611
f 5672/6126/1612 5675/6130/1612 5674/6132/1612
f 5678/6134/1612 5680/6138/1612 5679/6135/1612
f 5683/6137/1613 5684/8778/1613 5679/6135/1613
f 5677/6136/1614 5682/8779/1614 5681/6139/1614
f 5688/6140/1615 5686/6149/2293 5685/6141/1616
f 5692/6143/1618 5689/8780/2294 5690/6144/1619
f 5859/6146/1621 5858/8781/1621 5854/6147/1621
f 5691/6145/1588 5690/6144/1588 5686/6149/1588
f 5696/6150/1622 5694/6156/1622 5693/6151/1622
f 5697/6153/1623 5698/8782/1623 5699/6154/1623
f 5699/6154/1588 5698/8782/1588 5694/6156/1588
f 5704/6157/1588 5703/6171/1588 5701/6158/1588
f 5706/6160/1588 5708/6167/1588 5707/6161/1588
f 5710/6163/1624 5709/8783/1624 5702/6159/1624
f 5857/6164/1625 5858/8781/1625 5859/6146/1625
f 5715/6166/1626 5716/8784/1626 5707/6161/1626
f 5856/6148/1627 5854/6147/1627 5853/6168/1627
f 5711/6170/1628 5712/8785/1628 5703/6171/1628
f 5714/6172/1629 5713/8786/1629 5706/6160/1629
f 5720/6173/1630 5718/6179/2295 5717/6174/1631
f 5724/6176/1633 5721/8787/2296 5722/6177/1634
f 5723/6178/1636 5722/6177/1636 5718/6179/1636
f 5728/6180/1637 5726/6187/1637 5725/6181/1637
f 5729/6183/1638 5730/6186/1638 5731/6184/1638
f 5728/6180/1636 5731/6184/1636 5730/6186/1636
f 5736/6188/1636 5735/6198/1636 5733/6189/1636
f 5738/6191/1636 5740/6196/1636 5739/6192/1636
f 5742/6194/1639 5741/8788/1639 5734/6190/1639
f 5747/6195/1640 5748/8789/1640 5739/6192/1640
f 5743/6197/1641 5744/8790/1641 5735/6198/1641
f 5746/6199/1642 5745/8791/1642 5738/6191/1642
f 5752/6200/1643 5750/8792/2297 5749/6201/1644
f 5756/6203/1646 5753/8793/2298 5754/6204/1647
f 5749/6201/1584 5753/8793/1584 5756/6203/1584
f 5851/6206/1621 5850/6224/1621 5846/6207/1621
f 5760/6209/1622 5758/8794/1622 5757/6210/1622
f 5761/6212/1623 5762/8795/1623 5763/6213/1623
f 5757/6210/1584 5761/6212/1584 5764/6214/1584
f 5774/6215/1584 5776/6230/1584 5775/6216/1584
f 5778/6218/1584 5780/8796/1584 5779/6219/1584
f 5774/6215/1649 5773/6217/1649 5766/6221/1649
f 5852/6223/1650 5849/8797/2299 5850/6224/1651
f 5779/6219/1653 5780/8796/1653 5771/6225/1653
f 5848/6208/1654 5846/6207/2300 5845/6227/1655
f 5768/6229/1657 5775/6216/1657 5776/6230/1657
f 5778/6218/1658 5777/6220/1658 5770/6232/1658
f 5784/6234/1659 5782/8798/2301 5781/6235/1660
f 5788/6237/1662 5785/6240/2302 5786/6238/1663
f 5785/6240/1665 5788/6237/1665 5783/6236/1665
f 5792/6241/1666 5790/8799/1666 5789/6242/1666
f 5793/6244/1667 5794/8800/1667 5795/6245/1667
f 5789/6242/1665 5793/6244/1665 5796/6246/1665
f 5805/6247/1665 5806/6253/1665 5808/6248/1665
f 5809/6250/1665 5810/6260/1665 5812/6251/1665
f 5806/6253/1668 5805/6247/1668 5798/6254/1668
f 5811/6252/1669 5812/6251/1669 5803/6256/1669
f 5807/6249/1670 5808/6248/1670 5799/6258/1670
f 5810/6260/1671 5809/6250/1671 5802/6261/1671
f 5816/6263/1672 5814/6272/2303 5813/6264/1673
f 5820/6266/1675 5817/8801/2304 5818/6267/1676
f 5874/6269/1678 5873/8802/1678 5866/6270/1678
f 5816/6263/1679 5819/6268/1679 5818/6267/1679
f 5871/6273/1680 5872/8803/1680 5863/6274/1680
f 5824/6276/1681 5822/6286/1681 5821/6277/1681
f 5825/6279/1682 5826/6285/1682 5827/6280/1682
f 5875/6282/1683 5876/8804/1683 5867/6283/1683
f 5824/6276/1679 5827/6280/1679 5826/6285/1679
f 5870/6287/1684 5869/8805/1684 5862/6288/1684
f 5830/6290/1679 5832/6300/1679 5831/6291/1679
f 5834/6293/1679 5836/6298/1679 5835/6294/1679
f 5838/6296/1685 5837/8806/1685 5830/6290/1685
f 5843/6297/1686 5844/8807/1686 5835/6294/1686
f 5839/6299/1687 5840/8808/1687 5831/6291/1687
f 5866/6270/1621 5868/6284/1621 5867/6283/1621
f 5842/6301/1688 5841/8809/1688 5834/6293/1688
f 5864/6275/1621 5863/6274/1621 5861/6289/1621
f 5929/6302/1588 5931/8810/1588 5932/6303/1588
f 5925/6073/1584 5927/6302/1584 5928/6304/1584
f 5921/6074/1679 5923/6073/1679 5924/6305/1679
f 5917/6307/1636 5919/6074/1636 5920/6306/1636
f 5913/6309/1621 5915/6307/1621 5916/6308/1621
f 5909/6311/1665 5911/8811/1665 5912/6312/1665
f 5896/6314/1689 5920/6311/1689 5919/6313/1689
f 5878/6316/1690 5886/8812/2305 5885/6082/1691
f 5887/6082/1693 5886/6085/2305 5878/6318/1690
f 5888/6319/1695 5887/6089/1693 5880/6320/1694
f 5885/6089/1691 5888/6088/1695 5879/6321/1696
f 5885/6088/1697 5910/6090/1697 5912/6322/1697
f 5880/6322/1698 5890/6090/2306 5889/6091/1699
f 5891/6091/1701 5890/6092/2306 5880/6324/1698
f 5892/6092/1703 5891/6093/1701 5884/6325/1702
f 5879/6325/1700 5889/6093/1699 5892/6326/1703
f 5906/6328/1705 5929/8813/1705 5930/6329/1705
f 5884/6331/1706 5894/6097/1710 5893/6095/1707
f 5882/6333/1709 5895/6304/2307 5894/6303/1710
f 5896/6305/1711 5895/6304/2307 5882/6333/1709
f 5893/6306/1707 5896/6305/1711 5881/6335/1712
f 5898/6337/1713 5899/6308/1713 5923/6306/1713
f 5898/6310/1714 5897/6308/2308 5881/6337/1715
f 5899/6313/1717 5898/6312/1714 5882/6339/1716
f 5900/6315/1719 5899/6313/1717 5878/6340/1718
f 5881/6342/1715 5897/8814/2308 5900/6315/1719
f 5892/6343/1721 5916/6317/1721 5915/6344/1721
f 5902/6346/1722 5901/6318/1723 5879/6347/1723
f 5903/6318/1724 5902/6320/1722 5883/6348/1722
f 5877/6348/1725 5904/6320/1725 5903/6321/1724
f 5879/6349/1723 5901/6321/1723 5904/6322/1725
f 5901/6350/1726 5902/6322/1726 5925/6323/1726
f 5880/6351/1727 5906/6323/1727 5905/6324/1728
f 5907/6324/1729 5906/6325/1727 5880/6353/1727
f 5908/6325/1730 5907/6327/1729 5878/6354/1729
f 5884/6355/1728 5905/8815/1728 5908/6356/1730
f 5903/6358/1731 5927/8816/1731 5925/6359/1731
f 5892/6361/1732 5889/6334/1732 5914/6358/1732
f 5900/6333/1733 5924/6334/1733 5923/6361/1733
f 5907/6335/1734 5931/6333/1734 5929/6362/1734
f 5893/6336/1735 5918/6335/1735 5920/6363/1735
f 5904/6337/1736 5928/6336/1736 5927/6364/1736
f 5897/6338/1737 5922/6337/1737 5924/6365/1737
f 5907/6367/1738 5908/8817/1738 5932/6338/1738
f 5901/6368/1739 5926/8817/1739 5928/6367/1739
f 5908/6370/1740 5905/8818/1740 5930/6368/1740
f 5886/6371/1741 5909/8819/1741 5910/6370/1741
f 5890/6373/1742 5913/6344/1742 5914/6374/1742
f 5886/6374/1743 5887/8820/1743 5911/6347/1743
f 5894/6347/1744 5917/6348/1744 5918/6377/1744
f 5891/6348/1745 5915/6349/1745 5913/6378/1745
f 5898/6349/1746 5921/6350/1746 5922/6379/1747
f 5888/6350/1748 5912/6351/1748 5911/6380/1748
f 5894/6380/1749 5895/6351/1749 5919/6352/1749
f 5936/6382/1750 5934/6391/2309 5933/6383/1751
f 5940/6385/1753 5937/8821/2310 5938/6386/1754
f 6107/6388/1756 6106/6407/1756 6102/6389/1756
f 5939/6387/1588 5938/6386/1588 5934/6391/1588
f 5944/6392/1757 5942/6398/1757 5941/6393/1757
f 5945/6395/1758 5946/8822/1758 5947/6396/1758
f 5947/6396/1588 5946/8822/1588 5942/6398/1588
f 5952/6399/1588 5951/6413/1588 5949/6400/1588
f 5954/6402/1588 5956/6409/1588 5955/6403/1588
f 5958/6405/1759 5957/8823/1759 5950/6401/1759
f 6108/6406/1760 6105/8824/1760 6106/6407/1760
f 5963/6408/1761 5964/8825/1761 5955/6403/1761
f 6104/6390/1762 6102/6389/1762 6101/6410/1762
f 5959/6412/1763 5960/8826/1763 5951/6413/1763
f 5962/6414/1764 5961/8827/1764 5954/6402/1764
f 5968/6415/1765 5966/6421/2311 5965/6416/1766
f 5972/6418/1768 5969/8828/2312 5970/6419/1769
f 5971/6420/1771 5970/6419/1771 5966/6421/1771
f 5976/6422/1772 5974/6429/1772 5973/6423/1772
f 5977/6425/1773 5978/6428/1773 5979/6426/1773
f 5976/6422/1771 5979/6426/1771 5978/6428/1771
f 5984/6430/1771 5983/6440/1771 5981/6431/1771
f 5986/6433/1771 5988/6438/1771 5987/6434/1771
f 5990/6436/1774 5989/8829/1774 5982/6432/1774
f 5995/6437/1775 5996/8830/1775 5987/6434/1775
f 5991/6439/1776 5992/8831/1776 5983/6440/1776
f 5994/6441/1777 5993/8832/1777 5986/6433/1777
f 6000/6442/1778 5998/8833/2313 5997/6443/1779
f 6004/6445/1781 6001/8834/2314 6002/6446/1782
f 5997/6443/1584 6001/8834/1584 6004/6445/1584
f 6099/6448/1756 6098/6466/1756 6094/6449/1756
f 6008/6451/1757 6006/8835/1757 6005/6452/1757
f 6009/6454/1758 6010/8836/1758 6011/6455/1758
f 6005/6452/1584 6009/6454/1584 6012/6456/1584
f 6022/6457/1584 6024/8837/1584 6023/6458/1584
f 6026/6460/1584 6028/8838/1584 6027/6461/1584
f 6022/6457/1784 6021/6459/1784 6014/6463/1784
f 6100/6465/1785 6097/8839/2315 6098/6466/1786
f 6027/6461/1788 6028/8838/1788 6019/6467/1788
f 6096/6450/1789 6094/6449/2316 6093/6469/1790
f 6023/6458/1792 6024/8837/1792 6015/6471/1792
f 6026/6460/1793 6025/6462/1793 6018/6473/1793
f 6032/6475/1794 6030/8840/2317 6029/6476/1795
f 6036/6478/1797 6033/6481/2318 6034/6479/1798
f 6033/6481/1800 6036/6478/1800 6031/6477/1800
f 6040/6482/1801 6038/8841/1801 6037/6483/1801
f 6041/6485/1802 6042/8842/1802 6043/6486/1802
f 6037/6483/1800 6041/6485/1800 6044/6487/1800
f 6053/6488/1800 6054/6494/1800 6056/6489/1800
f 6057/6491/1800 6058/6501/1800 6060/6492/1800
f 6054/6494/1803 6053/6488/1803 6046/6495/1803
f 6059/6493/1804 6060/6492/1804 6051/6497/1804
f 6055/6490/1805 6056/6489/1805 6047/6499/1805
f 6058/6501/1806 6057/6491/1806 6050/6502/1806
f 6064/6504/1807 6062/6514/2319 6061/6505/1808
f 6065/6507/1810 6066/6513/2320 6067/6508/1811
f 6122/6510/1813 6121/8843/1813 6114/6511/1813
f 6064/6504/1814 6067/6508/1814 6066/6513/1814
f 6119/6515/1815 6120/8844/1815 6111/6516/1815
f 6072/6518/1816 6070/6528/1816 6069/6519/1816
f 6073/6521/1817 6074/6527/1817 6075/6522/1817
f 6123/6524/1818 6124/8845/1818 6115/6525/1818
f 6072/6518/1814 6075/6522/1814 6074/6527/1814
f 6109/6529/1819 6118/8846/1819 6117/6530/1819
f 6078/6532/1814 6080/6542/1814 6079/6533/1814
f 6082/6535/1814 6084/6540/1814 6083/6536/1814
f 6086/6538/1820 6085/8847/1820 6078/6532/1820
f 6091/6539/1821 6092/8848/1821 6083/6536/1821
f 6087/6541/1822 6088/8849/1822 6079/6533/1822
f 6114/6511/1756 6116/6526/1756 6115/6525/1756
f 6081/6537/1823 6090/8850/1823 6089/6543/1823
f 6112/6517/1756 6111/6516/1756 6109/6529/1756
f 6177/6352/1588 6179/6353/1588 6180/6544/1588
f 6173/6353/1584 6175/6354/1584 6176/6545/1584
f 6169/6355/1814 6171/6357/1814 6172/6546/1814
f 6165/6357/1771 6167/8851/1771 6168/6548/1771
f 6161/6360/1756 6163/6359/1756 6164/6549/1756
f 6157/6361/1800 6159/6360/1800 6160/6550/1800
f 6143/6552/1824 6144/6362/1824 6168/6361/1824
f 6126/6553/1825 6134/6363/2321 6133/6362/1826
f 6135/6364/1828 6134/6363/2321 6126/6553/1825
f 6136/6365/1830 6135/6364/1828 6128/6554/1829
f 6125/6556/1827 6133/6366/1826 6136/6365/1830
f 6133/6367/1832 6158/6366/1832 6160/6556/1832
f 6128/6558/1833 6138/8852/2322 6137/6559/1834
f 6139/6561/1836 6138/8852/2322 6128/6558/1833
f 6140/6372/1838 6139/6561/1836 6132/6562/1837
f 6127/6564/1835 6137/8853/1834 6140/6565/1838
f 6154/6567/1840 6177/6374/1840 6178/6568/1840
f 6132/6568/1841 6142/8854/2323 6141/6376/1842
f 6143/6376/1844 6142/6377/2323 6132/6571/1841
f 6144/6377/1846 6143/6378/1844 6130/6572/1845
f 6141/6378/1842 6144/6379/1846 6129/6573/1847
f 6146/6573/1848 6147/6379/1848 6171/6380/1848
f 6130/6574/1849 6146/6380/1853 6145/6381/1850
f 6126/6575/1852 6147/6381/2324 6146/6544/1853
f 6148/6544/1854 6147/6545/2324 6126/6577/1852
f 6145/6547/1850 6148/6546/1854 6125/6578/1855
f 6139/6578/1856 6140/6546/1856 6164/6548/1856
f 6131/6580/1857 6150/8855/1857 6149/6564/1858
f 6151/6582/1859 6150/8856/1857 6131/6583/1857
f 6125/6585/1860 6152/6551/1860 6151/6550/1859
f 6127/6587/1858 6149/6552/1858 6152/6551/1860
f 6150/6553/1861 6173/6552/1861 6174/6587/1861
f 6128/6589/1862 6154/6554/1862 6153/6553/1863
f 6155/6555/1864 6154/6554/1862 6128/6589/1862
f 6156/6556/1865 6155/6555/1864 6126/6590/1864
f 6132/6592/1863 6153/6557/1863 6156/6556/1865
f 6151/6558/1866 6175/6560/1866 6173/6593/1866
f 6137/6562/1867 6162/6558/1867 6164/6594/1867
f 6147/6596/1868 6148/6563/1868 6172/6562/1868
f 6155/6564/1869 6179/6566/1869 6177/6598/1870
f 6141/6581/1871 6166/6564/1871 6168/6599/1871
f 6152/6601/1872 6176/6568/1872 6175/6602/1872
f 6145/6568/1873 6170/6570/1873 6172/6604/1873
f 6156/6570/1874 6180/6571/1874 6179/6605/1874
f 6152/6606/1875 6149/8857/1875 6174/6572/1875
f 6156/6607/1876 6153/6572/1876 6178/6608/1876
f 6134/6573/1877 6157/6574/1877 6158/6610/1877
f 6138/6574/1878 6161/6575/1878 6162/6612/1878
f 6134/6612/1879 6135/6575/1880 6159/6576/1880
f 6142/6576/1881 6165/6577/1881 6166/6614/1881
f 6139/6577/1882 6163/6578/1882 6161/6615/1882
f 6146/6578/1883 6169/6579/1883 6170/6616/1884
f 6135/6617/1885 6136/6580/1885 6160/6581/1885
f 6142/6618/1886 6143/6581/1886 6167/6619/1886
f 6184/6621/1887 6182/6630/2325 6181/6622/1888
f 6188/6624/1890 6185/8858/2326 6186/6625/1891
f 6355/6627/1893 6354/8859/1893 6350/6628/1893
f 6187/6626/1588 6186/6625/1588 6182/6630/1588
f 6192/6631/1894 6190/6637/1894 6189/6632/1894
f 6193/6634/1895 6194/8860/1895 6195/6635/1895
f 6195/6635/1588 6194/8860/1588 6190/6637/1588
f 6200/6638/1588 6199/6652/1588 6197/6639/1588
f 6202/6641/1588 6204/6648/1588 6203/6642/1588
f 6206/6644/1896 6205/8861/1896 6198/6640/1896
f 6353/6645/1897 6354/8859/1897 6355/6627/1897
f 6211/6647/1898 6212/8862/1898 6203/6642/1898
f 6352/6629/1899 6350/6628/1900 6349/6649/1900
f 6207/6651/1901 6208/8863/1901 6199/6652/1901
f 6210/6653/1902 6209/8864/1902 6202/6641/1902
f 6216/6654/1903 6214/6660/2327 6213/6655/1904
f 6220/6657/1906 6217/8865/2328 6218/6658/1907
f 6219/6659/1909 6218/6658/1909 6214/6660/1909
f 6224/6661/1910 6222/6668/1910 6221/6662/1910
f 6225/6664/1911 6226/6667/1911 6227/6665/1911
f 6224/6661/1909 6227/6665/1909 6226/6667/1909
f 6232/6669/1909 6231/6679/1909 6229/6670/1909
f 6236/6672/1909 6235/6677/1909 6233/6673/1909
f 6238/6675/1912 6237/8866/1912 6230/6671/1912
f 6243/6676/1913 6244/8867/1913 6235/6677/1913
f 6239/6678/1914 6240/8868/1914 6231/6679/1914
f 6242/6680/1915 6241/8869/1915 6234/6674/1915
f 6248/6681/1916 6246/8870/2329 6245/6682/1917
f 6252/6684/1919 6249/8871/2330 6250/6685/1920
f 6245/6682/1584 6249/8871/1584 6252/6684/1584
f 6347/6687/1893 6346/6705/1893 6342/6688/1893
f 6256/6690/1894 6254/8872/1894 6253/6691/1894
f 6257/6693/1895 6258/8873/1895 6259/6694/1895
f 6253/6691/1584 6257/6693/1584 6260/6695/1584
f 6270/6696/1584 6272/8874/1584 6271/6697/1584
f 6274/6699/1584 6276/6707/1584 6275/6700/1584
f 6270/6696/1922 6269/6698/1922 6262/6702/1922
f 6348/6704/1923 6345/8875/2331 6346/6705/1924
f 6268/6706/1926 6275/6700/1926 6276/6707/1926
f 6344/6689/1927 6342/6688/2332 6341/6709/1928
f 6271/6697/1930 6272/8874/1930 6263/6711/1930
f 6274/6699/1931 6273/6701/1931 6266/6713/1931
f 6280/6715/1932 6278/8876/2333 6277/6716/1933
f 6284/6718/1935 6281/8877/2334 6282/6719/1936
f 6277/6716/1938 6281/8877/1938 6284/6718/1938
f 6288/6721/1939 6286/8878/1939 6285/6722/1939
f 6289/6724/1940 6290/8879/1940 6291/6725/1940
f 6285/6722/1938 6289/6724/1938 6292/6726/1938
f 6302/6727/1938 6304/8880/1938 6303/6728/1938
f 6305/6730/1938 6306/6739/1938 6308/6731/1938
f 6302/6727/1941 6301/6729/1941 6294/6733/1941
f 6307/6732/1942 6308/6731/1942 6299/6735/1942
f 6303/6728/1943 6304/8880/1944 6295/6737/1944
f 6306/6739/1945 6305/6730/1945 6298/6740/1945
f 6311/6742/1946 6312/6751/2335 6310/6743/1947
f 6313/6745/1949 6314/6752/2336 6315/6746/1950
f 6370/6748/1952 6369/8881/1952 6362/6749/1952
f 6312/6751/1953 6315/6746/1953 6314/6752/1953
f 6367/6753/1954 6368/8882/1955 6359/6754/1955
f 6319/6756/1956 6320/6765/1956 6318/6757/1956
f 6321/6759/1957 6322/6766/1957 6323/6760/1958
f 6371/6762/1959 6372/8883/1959 6363/6763/1959
f 6320/6765/1953 6323/6760/1953 6322/6766/1953
f 6366/6767/1960 6365/8884/1960 6358/6768/1960
f 6326/6770/1953 6328/6780/1953 6327/6771/1953
f 6330/6773/1953 6332/6778/1953 6331/6774/1953
f 6334/6776/1961 6333/8885/1962 6326/6770/1962
f 6339/6777/1963 6340/8886/1963 6331/6774/1963
f 6335/6779/1964 6336/8887/1964 6327/6771/1964
f 6364/6764/1893 6363/6763/1893 6361/6750/1893
f 6338/6781/1965 6337/8888/1965 6330/6773/1965
f 6360/6755/1893 6359/6754/1893 6357/6769/1893
f 6425/6782/1588 6427/8889/1588 6428/6783/1588
f 6421/6785/1584 6423/6782/1584 6424/6784/1584
f 6417/6787/1953 6419/6785/1953 6420/6786/1953
f 6413/6588/1909 6415/6587/1909 6416/6789/1909
f 6409/6589/1893 6411/6588/1893 6412/6790/1893
f 6405/6590/1938 6407/6589/1938 6408/6791/1938
f 6391/6793/1966 6392/6591/1966 6416/6590/1966
f 6374/6794/1967 6382/6592/2337 6381/6591/1968
f 6383/6594/1970 6382/6593/2337 6374/6795/1967
f 6384/6595/1972 6383/6594/1970 6376/6796/1971
f 6381/6596/1968 6384/6597/1972 6375/6798/1973
f 6384/6800/1974 6381/6599/1974 6406/6598/1974
f 6376/6802/1975 6386/6600/2338 6385/6599/1976
f 6387/6803/1978 6386/6600/2338 6376/6802/1975
f 6388/6805/1980 6387/6602/1978 6380/6806/1979
f 6375/6806/1977 6385/8890/1976 6388/6604/1980
f 6402/6809/1982 6425/6606/1982 6426/6810/1982
f 6380/6810/1983 6390/6606/1987 6389/6607/1984
f 6378/6811/1986 6391/6607/2339 6390/6609/1987
f 6392/6611/1988 6391/6610/2339 6378/6813/1986
f 6389/6610/1984 6392/6612/1988 6377/6815/1989
f 6395/6612/1990 6419/6613/1990 6417/6816/1990
f 6394/6613/1991 6393/6614/1997 6377/6817/1992
f 6374/6817/1994 6395/6614/2340 6394/6615/1991
f 6396/6615/1995 6395/6616/2340 6374/6819/1994
f 6393/6617/1997 6396/6618/1995 6373/6820/1996
f 6387/6820/1998 6388/6618/1998 6412/6620/1998
f 6379/6821/1999 6398/6620/1999 6397/6822/2000
f 6377/6824/2001 6399/8891/2001 6398/6825/1999
f 6373/6827/2002 6400/6786/2002 6399/6784/2001
f 6375/6829/2000 6397/6788/2000 6400/6830/2002
f 6397/6832/2003 6398/6790/2003 6421/6789/2003
f 6402/6791/2004 6401/6790/2005 6380/6832/2005
f 6403/6792/2006 6402/6791/2004 6376/6834/2004
f 6404/6793/2007 6403/6792/2006 6374/6835/2006
f 6401/6794/2005 6404/6793/2007 6378/6836/2007
f 6398/6838/2008 6399/6796/2009 6423/6795/2009
f 6385/6797/2010 6410/6796/2010 6412/6838/2010
f 6395/6841/2011 6396/6799/2011 6420/6798/2011
f 6403/6800/2012 6427/6801/2012 6425/6843/2013
f 6392/6845/2014 6389/6802/2014 6414/6800/2014
f 6399/6846/2015 6400/6804/2015 6424/6802/2015
f 6396/6847/2016 6393/8892/2016 6418/6804/2016
f 6404/6848/2017 6428/6806/2017 6427/6849/2017
f 6400/6849/2018 6397/8893/2019 6422/6808/2019
f 6404/6851/2020 6401/6808/2021 6426/6810/2021
f 6382/6810/2022 6405/6811/2022 6406/6853/2022
f 6386/6811/2023 6409/6812/2023 6410/6854/2023
f 6383/6814/2024 6407/6813/2024 6405/6855/2024
f 6390/6813/2025 6413/6815/2025 6414/6857/2025
f 6386/6857/2026 6387/6815/2026 6411/6816/2026
f 6394/6816/2027 6417/6817/2027 6418/6859/2027
f 6383/6859/2028 6384/6817/2028 6408/6818/2028
f 6391/6818/2029 6415/6819/2029 6413/6861/2029
f 6432/6862/2030 6430/6871/2341 6429/6863/2031
f 6436/6865/2033 6433/8894/2342 6434/6866/2034
f 6600/6868/2036 6603/6887/2036 6602/6869/2036
f 6435/6867/1588 6434/6866/1588 6430/6871/1588
f 6440/6872/2037 6438/6878/2037 6437/6873/2037
f 6441/6875/2038 6442/8895/2038 6443/6876/2038
f 6443/6876/1588 6442/8895/1588 6438/6878/1588
f 6448/6879/1588 6447/6894/1588 6445/6880/1588
f 6450/6882/1588 6452/6890/1588 6451/6883/1588
f 6454/6885/2039 6453/8896/2039 6446/6881/2039
f 6601/6886/2040 6602/6869/2040 6603/6887/2040
f 6459/6889/2041 6460/8897/2041 6451/6883/2041
f 6600/6868/2042 6598/6870/2042 6597/6891/2042
f 6455/6893/2043 6456/8898/2043 6447/6894/2043
f 6458/6895/2044 6457/8899/2044 6450/6882/2044
f 6464/6896/2045 6462/6902/2343 6461/6897/2046
f 6468/6899/2048 6465/8900/2344 6466/6900/2049
f 6467/6901/2051 6466/6900/2052 6462/6902/2052
f 6471/6903/2053 6472/6909/2053 6470/6904/2053
f 6473/6906/2054 6474/6910/2054 6475/6907/2054
f 6472/6909/2051 6475/6907/2051 6474/6910/2052
f 6478/6911/2051 6480/6921/2051 6479/6912/2052
f 6482/6914/2052 6484/6919/2052 6483/6915/2052
f 6486/6917/2055 6485/8901/2055 6478/6911/2055
f 6491/6918/2056 6492/8902/2056 6483/6915/2056
f 6487/6920/2057 6488/8903/2057 6479/6912/2057
f 6490/6922/2058 6489/8904/2058 6482/6914/2058
f 6496/6923/2059 6494/8905/2345 6493/6924/2060
f 6500/6926/2062 6497/8906/2346 6498/6927/2063
f 6493/6924/1584 6497/8906/1584 6500/6926/1584
f 6592/6929/2036 6595/6947/2036 6594/6930/2036
f 6503/6932/2037 6504/8907/2037 6502/6933/2037
f 6505/6935/2038 6506/8908/2038 6507/6936/2038
f 6501/6934/1584 6505/6935/1584 6508/6937/1584
f 6518/6938/1584 6520/8909/1584 6519/6939/1584
f 6522/6941/1584 6524/8910/1584 6523/6942/1584
f 6518/6938/2065 6517/6940/2065 6510/6944/2065
f 6596/6946/2066 6593/8911/2347 6594/6930/2067
f 6523/6942/2069 6524/8910/2069 6515/6948/2069
f 6592/6929/2070 6590/6931/2348 6589/6950/2071
f 6519/6939/2073 6520/8909/2073 6511/6952/2073
f 6522/6941/2074 6521/6943/2074 6514/6954/2074
f 6528/6956/2075 6526/8912/2349 6525/6957/2076
f 6532/6959/2078 6529/6962/2350 6530/6960/2079
f 6529/6962/2081 6532/6959/2081 6527/6958/2081
f 6536/6963/2082 6534/8913/2083 6533/6964/2083
f 6540/6966/2084 6537/6969/2085 6538/6967/2085
f 6537/6969/2081 6540/6966/2086 6535/6965/2086
f 6549/6970/2086 6550/6976/2081 6552/6971/2081
f 6553/6973/2081 6554/6983/2081 6556/6974/2081
f 6550/6976/2087 6549/6970/2087 6542/6977/2087
f 6555/6975/2088 6556/6974/2088 6547/6979/2088
f 6551/6972/2089 6552/6971/2089 6543/6981/2089
f 6554/6983/2090 6553/6973/2090 6546/6984/2090
f 6560/6986/2091 6558/6995/2351 6557/6987/2092
f 6564/6989/2094 6561/8914/2352 6562/6990/2095
f 6609/6992/2097 6618/8915/2097 6617/6993/2097
f 6560/6986/2098 6563/6991/2098 6562/6990/2098
f 6615/6996/2099 6616/8916/2353 6607/6997/2099
f 6568/6999/2100 6566/7009/2100 6565/7000/2100
f 6569/7002/2101 6570/7008/2101 6571/7003/2101
f 6619/7005/2102 6620/8917/2102 6611/7006/2102
f 6568/6999/2098 6571/7003/2098 6570/7008/2098
f 6605/7010/2103 6614/8918/2103 6613/7011/2103
f 6574/7013/2098 6576/7023/2098 6575/7014/2098
f 6578/7016/2098 6580/7020/2098 6579/7017/2098
f 6573/7015/2104 6582/8919/2104 6581/7019/2105
f 6580/7020/2106 6587/8920/2106 6588/7021/2106
f 6583/7022/2107 6584/8921/2108 6575/7014/2108
f 6610/6994/2036 6612/7007/2036 6611/7006/2036
f 6586/7024/2109 6585/8922/2109 6578/7016/2109
f 6606/7012/2036 6608/6998/2036 6607/6997/2036
f 6673/6819/1588 6675/6820/1588 6676/7025/1588
f 6669/6820/1584 6671/7027/1584 6672/7026/1584
f 6665/7027/2098 6667/7029/2098 6668/7028/2098
f 6661/7029/2052 6663/8923/2052 6664/7030/2052
f 6657/6824/2036 6659/6826/2036 6660/7031/2036
f 6653/6831/2081 6655/8924/2081 6656/7033/2081
f 6640/6829/2110 6664/6831/2110 6663/7034/2110
f 6622/7036/2111 6630/6832/2115 6629/6833/2112
f 6624/7038/2114 6631/6834/2354 6630/6832/2115
f 6632/6835/2116 6631/6834/2354 6624/7038/2114
f 6629/6836/2112 6632/6835/2116 6623/7039/2117
f 6629/6837/2118 6654/6836/2118 6656/7040/2118
f 6624/7042/2119 6634/6838/2355 6633/6839/2120
f 6635/6840/2122 6634/6838/2355 6624/7042/2119
f 6636/6841/2124 6635/6842/2122 6628/7045/2123
f 6623/7047/2121 6633/6844/2120 6636/6843/2124
f 6650/6845/2126 6673/6844/2126 6674/7047/2126
f 6628/7050/2127 6638/6846/2131 6637/6845/2128
f 6626/7051/2130 6639/6847/2356 6638/6846/2131
f 6640/7030/2132 6639/8925/2356 6626/7052/2130
f 6637/7054/2128 6640/6849/2132 6625/7055/2133
f 6643/6849/2134 6667/6851/2134 6665/7057/2134
f 6626/7057/2135 6642/6851/2357 6641/6852/2136
f 6643/6852/2138 6642/6853/2357 6626/7059/2135
f 6644/6853/2140 6643/6854/2138 6622/7060/2139
f 6625/7060/2137 6641/8926/2136 6644/7061/2140
f 6636/7061/2142 6660/8927/2142 6659/7063/2142
f 6627/7063/2143 6646/8927/2143 6645/6858/2144
f 6625/7064/2145 6647/6858/2145 6646/6859/2143
f 6621/7065/2146 6648/6859/2146 6647/6860/2145
f 6623/7066/2144 6645/6860/2144 6648/6861/2146
f 6645/7067/2147 6646/6861/2147 6669/7025/2147
f 6650/7025/2148 6649/7026/2149 6628/7069/2149
f 6651/7026/2150 6650/7028/2148 6624/7070/2148
f 6652/7028/2151 6651/7030/2150 6622/7071/2150
f 6649/7030/2149 6652/7053/2151 6626/7072/2151
f 6646/7073/2152 6647/7033/2152 6671/7074/2152
f 6636/7076/2153 6633/7034/2153 6658/7033/2153
f 6644/7035/2154 6668/7034/2154 6667/7076/2154
f 6651/7078/2155 6675/7035/2155 6673/7077/2155
f 6637/7080/2156 6662/8928/2156 6664/7081/2156
f 6648/7083/2157 6672/7080/2157 6671/7082/2157
f 6644/7085/2158 6641/7087/2158 6666/7083/2158
f 6651/7086/2159 6652/7043/2159 6676/7087/2159
f 6645/7042/2160 6670/7043/2160 6672/7086/2160
f 6649/7044/2161 6674/7042/2161 6676/7088/2161
f 6630/7090/2162 6653/7044/2162 6654/7089/2162
f 6634/7092/2163 6657/7090/2163 6658/7091/2163
f 6630/7094/2164 6631/7096/2164 6655/7092/2164
f 6637/7095/2165 6638/8929/2165 6661/7096/2165
f 6635/7097/2166 6659/8929/2166 6657/7095/2166
f 6642/7099/2167 6665/8930/2167 6666/7100/2167
f 6632/7102/2168 6656/7099/2168 6655/7101/2168
f 6638/7104/2169 6639/8931/2169 6663/7055/2169
f 6679/7055/1583 6680/7057/1583 6678/7106/1583
f 6683/7107/1581 6684/8932/1581 6680/7108/1581
f 6681/7058/1593 6682/7059/1593 6684/7109/1593
f 6677/7059/1580 6678/7060/1580 6682/7110/1580
f 6677/7060/1588 6681/7062/1588 6683/7111/1588
f 6682/7062/1584 6678/7063/1584 6680/7112/1584
f 6686/7113/1580 6694/7121/1580 6696/7114/1580
f 6689/7116/2170 6692/7115/2170 6696/7114/2170
f 6686/7113/1584 6692/7115/1584 6689/7116/1584
f 6688/7118/1581 6689/7116/1581 6695/7117/1581
f 6685/7120/1580 6691/7123/1580 6696/7114/1580
f 6687/7122/1588 6690/7124/1588 6691/7123/1588
f 6687/7122/1581 6693/7119/1581 6695/7117/1581
f 6695/7117/2171 6696/7114/2171 6691/7123/2171
f 6704/7125/2172 6700/7688/2173 6699/7126/2173
f 6702/7127/2174 6703/7693/2358 6706/7128/2175
f 6706/7128/2175 6703/7693/2358 6701/7129/2176
f 6697/7131/2178 6698/7685/2178 6705/7130/2177
f 6714/7132/2172 6710/7701/2173 6709/7133/2173
f 6712/7134/2174 6713/7706/2358 6716/7135/2175
f 6716/7135/2175 6713/7706/2358 6711/7136/2176
f 6707/7138/2178 6708/7698/2178 6715/7137/2177
f 6724/7139/2172 6720/7714/2173 6719/7140/2173
f 6722/7141/2174 6723/7719/2358 6726/7142/2175
f 6726/7142/2175 6723/7719/2358 6721/7143/2176
f 6717/7145/2178 6718/7711/2178 6725/7144/2177
f 6734/7146/2172 6730/7727/2173 6729/7147/2173
f 6732/7148/2174 6733/7732/2358 6736/7149/2175
f 6736/7149/2175 6733/7732/2358 6731/7150/2176
f 6727/7152/2178 6728/7724/2178 6735/7151/2177
f 6744/7153/2172 6740/7740/2173 6739/7154/2173
f 6742/7155/2174 6743/7745/2358 6746/7156/2175
f 6746/7156/2175 6743/7745/2358 6741/7157/2176
f 6737/7159/2178 6738/7737/2178 6745/7158/2177
f 6749/7160/2179 6750/7751/2179 6754/7161/2180
f 6756/7163/2182 6753/7165/2184 6752/7162/2181
f 6756/7163/2182 6755/7167/2186 6751/7164/2183
f 6747/7166/2185 6751/7164/2183 6755/7167/2186
f 6759/7169/2179 6760/7762/2179 6764/7170/2180
f 6766/7172/2182 6763/7174/2184 6762/7171/2181
f 6766/7172/2182 6765/7176/2186 6761/7173/2183
f 6757/7175/2185 6761/7173/2183 6765/7176/2186
f 6769/7178/2179 6770/7773/2179 6774/7179/2180
f 6776/7181/2182 6773/7183/2184 6772/7180/2181
f 6776/7181/2182 6775/7185/2186 6771/7182/2183
f 6767/7184/2185 6771/7182/2183 6775/7185/2186
f 6779/7187/2179 6780/7784/2179 6784/7188/2180
f 6786/7190/2182 6783/7192/2184 6782/7189/2181
f 6786/7190/2182 6785/7194/2186 6781/7191/2183
f 6777/7193/2185 6781/7191/2183 6785/7194/2186
f 6789/7196/2179 6790/7795/2179 6794/7197/2180
f 6796/7199/2182 6793/7201/2184 6792/7198/2181
f 6796/7199/2182 6795/7203/2186 6791/7200/2183
f 6787/7202/2185 6791/7200/2183 6795/7203/2186
f 6804/7205/2172 6800/7808/2173 6799/7206/2173
f 6802/7207/2174 6803/7813/2358 6806/7208/2175
f 6806/7208/2175 6803/7813/2358 6801/7209/2176
f 6797/7211/2178 6798/7805/2178 6805/7210/2177
f 6814/7212/2172 6810/7821/2173 6809/7213/2173
f 6812/7214/2174 6813/7826/2358 6816/7215/2175
f 6816/7215/2175 6813/7826/2358 6811/7216/2176
f 6807/7218/2178 6808/7818/2178 6815/7217/2177
f 6824/7219/2172 6820/7834/2173 6819/7220/2173
f 6822/7221/2174 6823/7839/2358 6826/7222/2175
f 6826/7222/2175 6823/7839/2358 6821/7223/2176
f 6817/7225/2178 6818/7831/2178 6825/7224/2177
f 6834/7226/2172 6830/7847/2173 6829/7227/2173
f 6832/7228/2174 6833/7852/2358 6836/7229/2175
f 6836/7229/2175 6833/7852/2358 6831/7230/2176
f 6827/7232/2178 6828/7844/2178 6835/7231/2177
f 6844/7233/2172 6840/7860/2173 6839/7234/2173
f 6842/7235/2174 6843/7865/2358 6846/7236/2175
f 6846/7236/2175 6843/7865/2358 6841/7237/2176
f 6837/7239/2178 6838/7857/2178 6845/7238/2177
f 6849/7240/2179 6850/7871/2179 6854/7241/2180
f 6856/7243/2182 6853/7245/2184 6852/7242/2181
f 6856/7243/2182 6855/7247/2186 6851/7244/2183
f 6847/7246/2185 6851/7244/2183 6855/7247/2186
f 6859/7249/2179 6860/7882/2179 6864/7250/2180
f 6866/7252/2182 6863/7254/2184 6862/7251/2181
f 6866/7252/2182 6865/7256/2186 6861/7253/2183
f 6857/7255/2185 6861/7253/2183 6865/7256/2186
f 6869/7258/2179 6870/7893/2179 6874/7259/2180
f 6876/7261/2182 6873/7263/2184 6872/7260/2181
f 6876/7261/2182 6875/7265/2186 6871/7262/2183
f 6867/7264/2185 6871/7262/2183 6875/7265/2186
f 6879/7267/2179 6880/7904/2179 6884/7268/2180
f 6886/7270/2182 6883/7272/2184 6882/7269/2181
f 6886/7270/2182 6885/7274/2186 6881/7271/2183
f 6877/7273/2185 6881/7271/2183 6885/7274/2186
f 6889/7276/2179 6890/7915/2179 6894/7277/2180
f 6896/7279/2182 6893/7281/2184 6892/7278/2181
f 6896/7279/2182 6895/7283/2186 6891/7280/2183
f 6887/7282/2185 6891/7280/2183 6895/7283/2186
f 6904/7285/2172 6900/7928/2173 6899/7286/2173
f 6902/7287/2174 6903/7933/2358 6906/7288/2175
f 6906/7288/2175 6903/7933/2358 6901/7289/2176
f 6897/7291/2178 6898/7925/2178 6905/7290/2177
f 6914/7292/2172 6910/7941/2173 6909/7293/2173
f 6912/7294/2174 6913/7946/2358 6916/7295/2175
f 6916/7295/2175 6913/7946/2358 6911/7296/2176
f 6907/7298/2178 6908/7938/2178 6915/7297/2177
f 6924/7299/2172 6920/7954/2173 6919/7300/2173
f 6922/7301/2174 6923/7959/2358 6926/7302/2175
f 6926/7302/2175 6923/7959/2358 6921/7303/2176
f 6917/7305/2178 6918/7951/2178 6925/7304/2177
f 6934/7306/2172 6930/7967/2173 6929/7307/2173
f 6932/7308/2174 6933/7972/2358 6936/7309/2175
f 6936/7309/2175 6933/7972/2358 6931/7310/2176
f 6927/7312/2178 6928/7964/2178 6935/7311/2177
f 6944/7313/2172 6940/7980/2173 6939/7314/2173
f 6942/7315/2174 6943/7985/2358 6946/7316/2175
f 6946/7316/2175 6943/7985/2358 6941/7317/2176
f 6937/7319/2178 6938/7977/2178 6945/7318/2177
f 6949/7320/2179 6950/7991/2179 6954/7321/2180
f 6956/7323/2182 6953/7325/2184 6952/7322/2181
f 6956/7323/2182 6955/7327/2186 6951/7324/2183
f 6947/7326/2185 6951/7324/2183 6955/7327/2186
f 6959/7329/2179 6960/8002/2179 6964/7330/2180
f 6966/7332/2182 6963/7334/2184 6962/7331/2181
f 6966/7332/2182 6965/7336/2186 6961/7333/2183
f 6957/7335/2185 6961/7333/2183 6965/7336/2186
f 6969/7338/2179 6970/8013/2179 6974/7339/2180
f 6976/7341/2182 6973/7343/2184 6972/7340/2181
f 6976/7341/2182 6975/7345/2186 6971/7342/2183
f 6967/7344/2185 6971/7342/2183 6975/7345/2186
f 6979/7347/2179 6980/8024/2179 6984/7348/2180
f 6986/7350/2182 6983/7352/2184 6982/7349/2181
f 6986/7350/2182 6985/7354/2186 6981/7351/2183
f 6977/7353/2185 6981/7351/2183 6985/7354/2186
f 6989/7356/2179 6990/8035/2179 6994/7357/2180
f 6996/7359/2182 6993/7361/2184 6992/7358/2181
f 6996/7359/2182 6995/7363/2186 6991/7360/2183
f 6987/7362/2185 6991/7360/2183 6995/7363/2186
f 7004/7365/2172 7000/8048/2173 6999/7366/2173
f 7002/7367/2174 7003/8053/2358 7006/7368/2175
f 7006/7368/2175 7003/8053/2358 7001/7369/2176
f 6997/7371/2178 6998/8045/2178 7005/7370/2177
f 7014/7372/2172 7010/8061/2173 7009/7373/2173
f 7012/7374/2174 7013/8066/2358 7016/7375/2175
f 7016/7375/2175 7013/8066/2358 7011/7376/2176
f 7007/7378/2178 7008/8058/2178 7015/7377/2177
f 7024/7379/2172 7020/8074/2173 7019/7380/2173
f 7022/7381/2174 7023/8079/2358 7026/7382/2175
f 7026/7382/2175 7023/8079/2358 7021/7383/2176
f 7017/7385/2178 7018/8071/2178 7025/7384/2177
f 7034/7386/2172 7030/8087/2173 7029/7387/2173
f 7032/7388/2174 7033/8092/2358 7036/7389/2175
f 7036/7389/2175 7033/8092/2358 7031/7390/2176
f 7027/7392/2178 7028/8084/2178 7035/7391/2177
f 7044/7393/2172 7040/8100/2173 7039/7394/2173
f 7042/7395/2174 7043/8105/2358 7046/7396/2175
f 7046/7396/2175 7043/8105/2358 7041/7397/2176
f 7037/7399/2178 7038/8097/2178 7045/7398/2177
f 7049/7400/2179 7050/8111/2179 7054/7401/2180
f 7056/7403/2182 7053/7405/2184 7052/7402/2181
f 7056/7403/2182 7055/7407/2186 7051/7404/2183
f 7047/7406/2185 7051/7404/2183 7055/7407/2186
f 7059/7409/2179 7060/8122/2179 7064/7410/2180
f 7066/7412/2182 7063/7414/2184 7062/7411/2181
f 7066/7412/2182 7065/7416/2186 7061/7413/2183
f 7057/7415/2185 7061/7413/2183 7065/7416/2186
f 7069/7418/2179 7070/8133/2179 7074/7419/2180
f 7076/7421/2182 7073/7423/2184 7072/7420/2181
f 7076/7421/2182 7075/7425/2186 7071/7422/2183
f 7067/7424/2185 7071/7422/2183 7075/7425/2186
f 7079/7427/2179 7080/8144/2179 7084/7428/2180
f 7086/7430/2182 7083/7432/2184 7082/7429/2181
f 7086/7430/2182 7085/7434/2186 7081/7431/2183
f 7077/7433/2185 7081/7431/2183 7085/7434/2186
f 7089/7436/2179 7090/8155/2179 7094/7437/2180
f 7096/7439/2182 7093/7441/2184 7092/7438/2181
f 7096/7439/2182 7095/7443/2186 7091/7440/2183
f 7087/7442/2185 7091/7440/2183 7095/7443/2186
f 7104/7445/2172 7100/8168/2173 7099/7446/2173
f 7102/7447/2174 7103/8173/2358 7106/7448/2175
f 7106/7448/2175 7103/8173/2358 7101/7449/2176
f 7097/7451/2178 7098/8165/2178 7105/7450/2177
f 7114/7452/2172 7110/8181/2173 7109/7453/2173
f 7112/7454/2174 7113/8186/2358 7116/7455/2175
f 7116/7455/2175 7113/8186/2358 7111/7456/2176
f 7107/7458/2178 7108/8178/2178 7115/7457/2177
f 7124/7459/2172 7120/8194/2173 7119/7460/2173
f 7122/7461/2174 7123/8199/2358 7126/7462/2175
f 7126/7462/2175 7123/8199/2358 7121/7463/2176
f 7117/7465/2178 7118/8191/2178 7125/7464/2177
f 7134/7466/2172 7130/8207/2173 7129/7467/2173
f 7132/7468/2174 7133/8212/2358 7136/7469/2175
f 7136/7469/2175 7133/8212/2358 7131/7470/2176
f 7127/7472/2178 7128/8204/2178 7135/7471/2177
f 7144/7473/2172 7140/8220/2173 7139/7474/2173
f 7142/7475/2174 7143/8225/2358 7146/7476/2175
f 7146/7476/2175 7143/8225/2358 7141/7477/2176
f 7137/7479/2178 7138/8217/2178 7145/7478/2177
f 7149/7480/2179 7150/8231/2179 7154/7481/2180
f 7156/7483/2182 7153/7485/2184 7152/7482/2181
f 7156/7483/2182 7155/7487/2186 7151/7484/2183
f 7147/7486/2185 7151/7484/2183 7155/7487/2186
f 7159/7489/2179 7160/8242/2179 7164/7490/2180
f 7166/7492/2182 7163/7494/2184 7162/7491/2181
f 7166/7492/2182 7165/7496/2186 7161/7493/2183
f 7157/7495/2185 7161/7493/2183 7165/7496/2186
f 7169/7498/2179 7170/8253/2179 7174/7499/2180
f 7176/7501/2182 7173/7503/2184 7172/7500/2181
f 7176/7501/2182 7175/7505/2186 7171/7502/2183
f 7167/7504/2185 7171/7502/2183 7175/7505/2186
f 7179/7507/2179 7180/8264/2179 7184/7508/2180
f 7186/7510/2182 7183/7512/2184 7182/7509/2181
f 7186/7510/2182 7185/7514/2186 7181/7511/2183
f 7177/7513/2185 7181/7511/2183 7185/7514/2186
f 7189/7516/2179 7190/8275/2179 7194/7517/2180
f 7196/7519/2182 7193/7521/2184 7192/7518/2181
f 7196/7519/2182 7195/7523/2186 7191/7520/2183
f 7187/7522/2185 7191/7520/2183 7195/7523/2186
f 7204/7525/2172 7200/8288/2173 7199/7526/2173
f 7202/7527/2174 7203/8293/2358 7206/7528/2175
f 7206/7528/2175 7203/8293/2358 7201/7529/2176
f 7197/7531/2178 7198/8285/2178 7205/7530/2177
f 7214/7532/2172 7210/8301/2173 7209/7533/2173
f 7212/7534/2174 7213/8306/2358 7216/7535/2175
f 7216/7535/2175 7213/8306/2358 7211/7536/2176
f 7207/7538/2178 7208/8298/2178 7215/7537/2177
f 7224/7539/2172 7220/8314/2173 7219/7540/2173
f 7222/7541/2174 7223/8319/2358 7226/7542/2175
f 7226/7542/2175 7223/8319/2358 7221/7543/2176
f 7217/7545/2178 7218/8311/2178 7225/7544/2177
f 7234/7546/2172 7230/8327/2173 7229/7547/2173
f 7232/7548/2174 7233/8332/2358 7236/7549/2175
f 7236/7549/2175 7233/8332/2358 7231/7550/2176
f 7227/7552/2178 7228/8324/2178 7235/7551/2177
f 7244/7553/2172 7240/8340/2173 7239/7554/2173
f 7242/7555/2174 7243/8345/2358 7246/7556/2175
f 7246/7556/2175 7243/8345/2358 7241/7557/2176
f 7237/7559/2178 7238/8337/2178 7245/7558/2177
f 7249/7560/2179 7250/8351/2179 7254/7561/2180
f 7256/7563/2182 7253/7565/2184 7252/7562/2181
f 7256/7563/2182 7255/7567/2186 7251/7564/2183
f 7247/7566/2185 7251/7564/2183 7255/7567/2186
f 7259/7569/2179 7260/8362/2179 7264/7570/2180
f 7266/7572/2182 7263/7574/2184 7262/7571/2181
f 7266/7572/2182 7265/7576/2186 7261/7573/2183
f 7257/7575/2185 7261/7573/2183 7265/7576/2186
f 7269/7578/2179 7270/8373/2179 7274/7579/2180
f 7276/7581/2182 7273/7583/2184 7272/7580/2181
f 7276/7581/2182 7275/7585/2186 7271/7582/2183
f 7267/7584/2185 7271/7582/2183 7275/7585/2186
f 7279/7587/2179 7280/8384/2179 7284/7588/2180
f 7286/7590/2182 7283/7592/2184 7282/7589/2181
f 7286/7590/2182 7285/7594/2186 7281/7591/2183
f 7277/7593/2185 7281/7591/2183 7285/7594/2186
f 7289/7596/2179 7290/8395/2179 7294/7597/2180
f 7296/7599/2182 7293/7601/2184 7292/7598/2181
f 7296/7599/2182 7295/7603/2186 7291/7600/2183
f 7287/7602/2185 7291/7600/2183 7295/7603/2186
f 7304/7605/2172 7300/8408/2173 7299/7606/2173
f 7302/7607/2174 7303/8413/2358 7306/7608/2175
f 7306/7608/2175 7303/8413/2358 7301/7609/2176
f 7297/7611/2178 7298/8405/2178 7305/7610/2177
f 7314/7612/2172 7310/8421/2173 7309/7613/2173
f 7312/7614/2174 7313/8426/2358 7316/7615/2175
f 7316/7615/2175 7313/8426/2358 7311/7616/2176
f 7307/7618/2178 7308/8418/2178 7315/7617/2177
f 7324/7619/2172 7320/8434/2173 7319/7620/2173
f 7322/7621/2174 7323/8439/2358 7326/7622/2175
f 7326/7622/2175 7323/8439/2358 7321/7623/2176
f 7317/7625/2178 7318/8431/2178 7325/7624/2177
f 7334/7626/2172 7330/8447/2173 7329/7627/2173
f 7332/7628/2174 7333/8452/2358 7336/7629/2175
f 7336/7629/2175 7333/8452/2358 7331/7630/2176
f 7327/7632/2178 7328/8444/2178 7335/7631/2177
f 7344/7633/2172 7340/8460/2173 7339/7634/2173
f 7342/7635/2174 7343/8465/2358 7346/7636/2175
f 7346/7636/2175 7343/8465/2358 7341/7637/2176
f 7337/7639/2178 7338/8457/2178 7345/7638/2177
f 7349/7640/2179 7350/8471/2179 7354/7641/2180
f 7356/7643/2182 7353/7645/2184 7352/7642/2181
f 7356/7643/2182 7355/7647/2186 7351/7644/2183
f 7347/7646/2185 7351/7644/2183 7355/7647/2186
f 7359/7649/2179 7360/8482/2179 7364/7650/2180
f 7366/7652/2182 7363/7654/2184 7362/7651/2181
f 7366/7652/2182 7365/7656/2186 7361/7653/2183
f 7357/7655/2185 7361/7653/2183 7365/7656/2186
f 7369/7658/2179 7370/8493/2179 7374/7659/2180
f 7376/7661/2182 7373/7663/2184 7372/7660/2181
f 7376/7661/2182 7375/7665/2186 7371/7662/2183
f 7367/7664/2185 7371/7662/2183 7375/7665/2186
f 7379/7667/2179 7380/8504/2179 7384/7668/2180
f 7386/7670/2182 7383/7672/2184 7382/7669/2181
f 7386/7670/2182 7385/7674/2186 7381/7671/2183
f 7377/7673/2185 7381/7671/2183 7385/7674/2186
f 7389/7676/2179 7390/8515/2179 7394/7677/2180
f 7396/7679/2182 7393/7681/2184 7392/7678/2181
f 7396/7679/2182 7395/7683/2186 7391/7680/2183
f 7387/7682/2185 7391/7680/2183 7395/7683/2186
f 6698/7685/2187 6697/7131/2187 7397/7686/2187
f 6700/7688/2188 7400/7697/2188 7399/7689/2188
f 6704/7125/2189 6706/7128/2196 7406/7690/2190
f 6702/7127/2192 7402/7696/2204 7403/7692/2193
f 6705/7130/2195 7405/7695/2202 7406/7690/2190
f 6701/7129/2197 6703/7693/2194 7403/7692/2193
f 6697/7131/2199 6701/7129/2197 7401/7694/2198
f 6698/7685/2201 7398/7687/2359 7405/7695/2202
f 6699/7126/2203 7399/7689/2360 7402/7696/2204
f 6700/7688/2205 6704/7125/2189 7404/7691/2191
f 6708/7698/2187 6707/7138/2187 7407/7699/2187
f 6710/7701/2188 7410/7710/2188 7409/7702/2188
f 6714/7132/2189 6716/7135/2207 7416/7703/2190
f 6712/7134/2192 7412/7709/2208 7413/7705/2193
f 6715/7137/2195 7415/7708/2202 7416/7703/2190
f 6711/7136/2197 6713/7706/2194 7413/7705/2193
f 6707/7138/2199 6711/7136/2197 7411/7707/2198
f 6708/7698/2201 7408/7700/2359 7415/7708/2202
f 6709/7133/2203 7409/7702/2360 7412/7709/2208
f 6710/7701/2205 6714/7132/2189 7414/7704/2191
f 6718/7711/2187 6717/7145/2187 7417/7712/2187
f 6720/7714/2188 7420/7723/2188 7419/7715/2188
f 6724/7139/2189 6726/7142/2196 7426/7716/2190
f 6722/7141/2192 7422/7722/2204 7423/7718/2193
f 6725/7144/2210 7425/7721/2202 7426/7716/2190
f 6721/7143/2197 6723/7719/2194 7423/7718/2193
f 6717/7145/2199 6721/7143/2197 7421/7720/2198
f 6718/7711/2201 7418/7713/2359 7425/7721/2202
f 6719/7140/2203 7419/7715/2360 7422/7722/2204
f 6720/7714/2205 6724/7139/2189 7424/7717/2191
f 6728/7724/2187 6727/7152/2187 7427/7725/2187
f 6730/7727/2188 7430/7736/2188 7429/7728/2188
f 6734/7146/2189 6736/7149/2207 7436/7729/2190
f 6732/7148/2192 7432/7735/2204 7433/7731/2193
f 6735/7151/2210 7435/7734/2202 7436/7729/2190
f 6731/7150/2197 6733/7732/2194 7433/7731/2193
f 6727/7152/2199 6731/7150/2197 7431/7733/2198
f 6728/7724/2201 7428/7726/2359 7435/7734/2202
f 6729/7147/2203 7429/7728/2360 7432/7735/2204
f 6730/7727/2205 6734/7146/2189 7434/7730/2191
f 6738/7737/2187 6737/7159/2187 7437/7738/2187
f 6740/7740/2188 7440/7749/2188 7439/7741/2188
f 6744/7153/2189 6746/7156/2207 7446/7742/2190
f 6742/7155/2192 7442/7748/2204 7443/7744/2193
f 6745/7158/2210 7445/7747/2202 7446/7742/2190
f 6741/7157/2197 6743/7745/2194 7443/7744/2193
f 6737/7159/2199 6741/7157/2197 7441/7746/2198
f 6738/7737/2201 7438/7739/2359 7445/7747/2202
f 6739/7154/2203 7439/7741/2360 7442/7748/2204
f 6740/7740/2205 6744/7153/2189 7444/7743/2191
f 6748/7168/2211 7448/7759/2211 7447/7750/2211
f 6750/7751/2212 6749/7160/2212 7449/7752/2212
f 6754/7161/2213 7454/7760/2230 7456/7754/2214
f 6752/7162/2216 6753/7165/2222 7453/7755/2217
f 6755/7167/2219 6756/7163/2215 7456/7754/2214
f 6751/7164/2221 7451/7758/2224 7453/7755/2217
f 6747/7166/2223 7447/7750/2361 7451/7758/2224
f 6748/7168/2225 6755/7167/2219 7455/7757/2220
f 6749/7160/2227 6752/7162/2216 7452/7756/2218
f 6750/7751/2229 7450/7753/2362 7454/7760/2230
f 6758/7177/2211 7458/7770/2211 7457/7761/2211
f 6760/7762/2212 6759/7169/2212 7459/7763/2212
f 6764/7170/2213 7464/7771/2230 7466/7765/2214
f 6762/7171/2216 6763/7174/2222 7463/7766/2217
f 6765/7176/2219 6766/7172/2231 7466/7765/2214
f 6761/7173/2221 7461/7769/2224 7463/7766/2217
f 6757/7175/2223 7457/7761/2361 7461/7769/2224
f 6758/7177/2225 6765/7176/2219 7465/7768/2220
f 6759/7169/2227 6762/7171/2216 7462/7767/2232
f 6760/7762/2233 7460/7764/2363 7464/7771/2230
f 6768/7186/2211 7468/7781/2211 7467/7772/2211
f 6770/7773/2212 6769/7178/2212 7469/7774/2212
f 6774/7179/2213 7474/7782/2230 7476/7776/2214
f 6772/7180/2216 6773/7183/2222 7473/7777/2217
f 6775/7185/2234 6776/7181/2215 7476/7776/2214
f 6771/7182/2221 7471/7780/2224 7473/7777/2217
f 6767/7184/2223 7467/7772/2361 7471/7780/2224
f 6768/7186/2225 6775/7185/2234 7475/7779/2220
f 6769/7178/2227 6772/7180/2216 7472/7778/2232
f 6770/7773/2233 7470/7775/2363 7474/7782/2230
f 6778/7195/2211 7478/7792/2211 7477/7783/2211
f 6780/7784/2212 6779/7187/2212 7479/7785/2212
f 6784/7188/2213 7484/7793/2230 7486/7787/2214
f 6782/7189/2216 6783/7192/2222 7483/7788/2217
f 6785/7194/2234 6786/7190/2231 7486/7787/2214
f 6781/7191/2221 7481/7791/2224 7483/7788/2217
f 6777/7193/2223 7477/7783/2361 7481/7791/2224
f 6778/7195/2225 6785/7194/2234 7485/7790/2220
f 6779/7187/2227 6782/7189/2216 7482/7789/2218
f 6780/7784/2233 7480/7786/2363 7484/7793/2230
f 6788/7204/2211 7488/7803/2211 7487/7794/2211
f 6790/7795/2212 6789/7196/2212 7489/7796/2212
f 6794/7197/2213 7494/7804/2230 7496/7798/2214
f 6792/7198/2216 6793/7201/2222 7493/7799/2217
f 6795/7203/2219 6796/7199/2231 7496/7798/2214
f 6791/7200/2221 7491/7802/2224 7493/7799/2217
f 6787/7202/2223 7487/7794/2361 7491/7802/2224
f 6788/7204/2225 6795/7203/2219 7495/7801/2220
f 6789/7196/2227 6792/7198/2216 7492/7800/2218
f 6790/7795/2233 7490/7797/2363 7494/7804/2230
f 6798/7805/2187 6797/7211/2187 7497/7806/2187
f 6800/7808/2188 7500/7817/2188 7499/7809/2188
f 6804/7205/2189 6806/7208/2196 7506/7810/2190
f 6802/7207/2192 7502/7816/2204 7503/7812/2193
f 6805/7210/2195 7505/7815/2202 7506/7810/2190
f 6801/7209/2197 6803/7813/2194 7503/7812/2193
f 6797/7211/2199 6801/7209/2197 7501/7814/2198
f 6798/7805/2201 7498/7807/2359 7505/7815/2202
f 6799/7206/2203 7499/7809/2360 7502/7816/2204
f 6800/7808/2235 6804/7205/2189 7504/7811/2191
f 6808/7818/2187 6807/7218/2187 7507/7819/2187
f 6810/7821/2188 7510/7830/2188 7509/7822/2188
f 6814/7212/2189 6816/7215/2207 7516/7823/2190
f 6812/7214/2192 7512/7829/2208 7513/7825/2193
f 6815/7217/2195 7515/7828/2202 7516/7823/2190
f 6811/7216/2197 6813/7826/2194 7513/7825/2193
f 6807/7218/2199 6811/7216/2197 7511/7827/2198
f 6808/7818/2201 7508/7820/2359 7515/7828/2202
f 6809/7213/2203 7509/7822/2360 7512/7829/2208
f 6810/7821/2205 6814/7212/2189 7514/7824/2191
f 6818/7831/2187 6817/7225/2187 7517/7832/2187
f 6820/7834/2188 7520/7843/2188 7519/7835/2188
f 6824/7219/2189 6826/7222/2196 7526/7836/2190
f 6822/7221/2192 7522/7842/2208 7523/7838/2193
f 6825/7224/2210 7525/7841/2202 7526/7836/2190
f 6821/7223/2197 6823/7839/2194 7523/7838/2193
f 6817/7225/2199 6821/7223/2197 7521/7840/2198
f 6818/7831/2201 7518/7833/2359 7525/7841/2202
f 6819/7220/2203 7519/7835/2360 7522/7842/2208
f 6820/7834/2205 6824/7219/2189 7524/7837/2191
f 6828/7844/2187 6827/7232/2187 7527/7845/2187
f 6830/7847/2188 7530/7856/2188 7529/7848/2188
f 6834/7226/2189 6836/7229/2196 7536/7849/2190
f 6832/7228/2192 7532/7855/2204 7533/7851/2193
f 6835/7231/2210 7535/7854/2202 7536/7849/2190
f 6831/7230/2197 6833/7852/2194 7533/7851/2193
f 6827/7232/2199 6831/7230/2197 7531/7853/2198
f 6828/7844/2201 7528/7846/2359 7535/7854/2202
f 6829/7227/2203 7529/7848/2360 7532/7855/2204
f 6830/7847/2205 6834/7226/2189 7534/7850/2191
f 6838/7857/2187 6837/7239/2187 7537/7858/2187
f 6840/7860/2188 7540/7869/2188 7539/7861/2188
f 6844/7233/2189 6846/7236/2207 7546/7862/2190
f 6842/7235/2192 7542/7868/2204 7543/7864/2193
f 6845/7238/2210 7545/7867/2202 7546/7862/2190
f 6841/7237/2197 6843/7865/2194 7543/7864/2193
f 6837/7239/2199 6841/7237/2197 7541/7866/2198
f 6838/7857/2201 7538/7859/2359 7545/7867/2202
f 6839/7234/2203 7539/7861/2360 7542/7868/2204
f 6840/7860/2205 6844/7233/2189 7544/7863/2191
f 6848/7248/2211 7548/7879/2211 7547/7870/2211
f 6850/7871/2212 6849/7240/2212 7549/7872/2212
f 6854/7241/2213 7554/7880/2230 7556/7874/2214
f 6852/7242/2216 6853/7245/2222 7553/7875/2217
f 6855/7247/2219 6856/7243/2231 7556/7874/2214
f 6851/7244/2221 7551/7878/2224 7553/7875/2217
f 6847/7246/2223 7547/7870/2361 7551/7878/2224
f 6848/7248/2225 6855/7247/2219 7555/7877/2220
f 6849/7240/2227 6852/7242/2216 7552/7876/2218
f 6850/7871/2229 7550/7873/2362 7554/7880/2230
f 6858/7257/2211 7558/7890/2211 7557/7881/2211
f 6860/7882/2212 6859/7249/2212 7559/7883/2212
f 6864/7250/2213 7564/7891/2230 7566/7885/2214
f 6862/7251/2216 6863/7254/2222 7563/7886/2217
f 6865/7256/2219 6866/7252/2215 7566/7885/2214
f 6861/7253/2221 7561/7889/2224 7563/7886/2217
f 6857/7255/2223 7557/7881/2361 7561/7889/2224
f 6858/7257/2225 6865/7256/2219 7565/7888/2220
f 6859/7249/2227 6862/7251/2216 7562/7887/2232
f 6860/7882/2233 7560/7884/2363 7564/7891/2230
f 6868/7266/2211 7568/7901/2211 7567/7892/2211
f 6870/7893/2212 6869/7258/2212 7569/7894/2212
f 6874/7259/2213 7574/7902/2230 7576/7896/2214
f 6872/7260/2216 6873/7263/2222 7573/7897/2217
f 6875/7265/2234 6876/7261/2215 7576/7896/2214
f 6871/7262/2221 7571/7900/2224 7573/7897/2217
f 6867/7264/2223 7567/7892/2361 7571/7900/2224
f 6868/7266/2225 6875/7265/2234 7575/7899/2220
f 6869/7258/2227 6872/7260/2216 7572/7898/2232
f 6870/7893/2233 7570/7895/2363 7574/7902/2230
f 6878/7275/2211 7578/7912/2211 7577/7903/2211
f 6880/7904/2212 6879/7267/2212 7579/7905/2212
f 6884/7268/2213 7584/7913/2230 7586/7907/2214
f 6882/7269/2216 6883/7272/2222 7583/7908/2217
f 6885/7274/2234 6886/7270/2231 7586/7907/2214
f 6881/7271/2221 7581/7911/2224 7583/7908/2217
f 6877/7273/2223 7577/7903/2361 7581/7911/2224
f 6878/7275/2225 6885/7274/2234 7585/7910/2220
f 6879/7267/2227 6882/7269/2216 7582/7909/2218
f 6880/7904/2233 7580/7906/2363 7584/7913/2230
f 6888/7284/2211 7588/7923/2211 7587/7914/2211
f 6890/7915/2212 6889/7276/2212 7589/7916/2212
f 6894/7277/2213 7594/7924/2230 7596/7918/2214
f 6892/7278/2216 6893/7281/2222 7593/7919/2217
f 6895/7283/2219 6896/7279/2231 7596/7918/2214
f 6891/7280/2221 7591/7922/2224 7593/7919/2217
f 6887/7282/2223 7587/7914/2361 7591/7922/2224
f 6888/7284/2225 6895/7283/2219 7595/7921/2220
f 6889/7276/2227 6892/7278/2216 7592/7920/2218
f 6890/7915/2233 7590/7917/2363 7594/7924/2230
f 6898/7925/2187 6897/7291/2187 7597/7926/2187
f 6900/7928/2188 7600/7937/2188 7599/7929/2188
f 6904/7285/2189 6906/7288/2196 7606/7930/2190
f 6902/7287/2192 7602/7936/2204 7603/7932/2193
f 6905/7290/2195 7605/7935/2202 7606/7930/2190
f 6901/7289/2197 6903/7933/2194 7603/7932/2193
f 6897/7291/2199 6901/7289/2197 7601/7934/2198
f 6898/7925/2201 7598/7927/2359 7605/7935/2202
f 6899/7286/2203 7599/7929/2360 7602/7936/2204
f 6900/7928/2235 6904/7285/2189 7604/7931/2191
f 6908/7938/2187 6907/7298/2187 7607/7939/2187
f 6910/7941/2188 7610/7950/2188 7609/7942/2188
f 6914/7292/2189 6916/7295/2207 7616/7943/2190
f 6912/7294/2192 7612/7949/2208 7613/7945/2193
f 6915/7297/2195 7615/7948/2202 7616/7943/2190
f 6911/7296/2197 6913/7946/2194 7613/7945/2193
f 6907/7298/2199 6911/7296/2197 7611/7947/2198
f 6908/7938/2201 7608/7940/2359 7615/7948/2202
f 6909/7293/2203 7609/7942/2360 7612/7949/2208
f 6910/7941/2205 6914/7292/2189 7614/7944/2191
f 6918/7951/2187 6917/7305/2187 7617/7952/2187
f 6920/7954/2188 7620/7963/2188 7619/7955/2188
f 6924/7299/2189 6926/7302/2196 7626/7956/2190
f 6922/7301/2192 7622/7962/2204 7623/7958/2193
f 6925/7304/2210 7625/7961/2202 7626/7956/2190
f 6921/7303/2197 6923/7959/2194 7623/7958/2193
f 6917/7305/2199 6921/7303/2197 7621/7960/2198
f 6918/7951/2201 7618/7953/2359 7625/7961/2202
f 6919/7300/2203 7619/7955/2360 7622/7962/2204
f 6920/7954/2205 6924/7299/2189 7624/7957/2191
f 6928/7964/2187 6927/7312/2187 7627/7965/2187
f 6930/7967/2188 7630/7976/2188 7629/7968/2188
f 6934/7306/2189 6936/7309/2207 7636/7969/2190
f 6932/7308/2192 7632/7975/2204 7633/7971/2193
f 6935/7311/2210 7635/7974/2202 7636/7969/2190
f 6931/7310/2197 6933/7972/2194 7633/7971/2193
f 6927/7312/2199 6931/7310/2197 7631/7973/2198
f 6928/7964/2201 7628/7966/2359 7635/7974/2202
f 6929/7307/2203 7629/7968/2360 7632/7975/2204
f 6930/7967/2205 6934/7306/2189 7634/7970/2191
f 6938/7977/2187 6937/7319/2187 7637/7978/2187
f 6940/7980/2188 7640/7989/2188 7639/7981/2188
f 6944/7313/2189 6946/7316/2196 7646/7982/2190
f 6942/7315/2192 7642/7988/2204 7643/7984/2193
f 6945/7318/2195 7645/7987/2202 7646/7982/2190
f 6941/7317/2197 6943/7985/2194 7643/7984/2193
f 6937/7319/2199 6941/7317/2197 7641/7986/2198
f 6938/7977/2201 7638/7979/2359 7645/7987/2202
f 6939/7314/2203 7639/7981/2360 7642/7988/2204
f 6940/7980/2205 6944/7313/2189 7644/7983/2191
f 6948/7328/2211 7648/7999/2211 7647/7990/2211
f 6950/7991/2212 6949/7320/2212 7649/7992/2212
f 6954/7321/2213 7654/8000/2230 7656/7994/2214
f 6952/7322/2216 6953/7325/2222 7653/7995/2217
f 6955/7327/2234 6956/7323/2215 7656/7994/2214
f 6951/7324/2221 7651/7998/2224 7653/7995/2217
f 6947/7326/2223 7647/7990/2361 7651/7998/2224
f 6948/7328/2225 6955/7327/2234 7655/7997/2220
f 6949/7320/2227 6952/7322/2216 7652/7996/2218
f 6950/7991/2229 7650/7993/2362 7654/8000/2230
f 6958/7337/2211 7658/8010/2211 7657/8001/2211
f 6960/8002/2212 6959/7329/2212 7659/8003/2212
f 6964/7330/2213 7664/8011/2230 7666/8005/2214
f 6962/7331/2216 6963/7334/2222 7663/8006/2217
f 6965/7336/2219 6966/7332/2231 7666/8005/2214
f 6961/7333/2221 7661/8009/2224 7663/8006/2217
f 6957/7335/2223 7657/8001/2361 7661/8009/2224
f 6958/7337/2225 6965/7336/2219 7665/8008/2220
f 6959/7329/2227 6962/7331/2216 7662/8007/2232
f 6960/8002/2233 7660/8004/2363 7664/8011/2230
f 6968/7346/2211 7668/8021/2211 7667/8012/2211
f 6970/8013/2212 6969/7338/2212 7669/8014/2212
f 6974/7339/2213 7674/8022/2230 7676/8016/2214
f 6972/7340/2216 6973/7343/2222 7673/8017/2217
f 6975/7345/2234 6976/7341/2215 7676/8016/2214
f 6971/7342/2221 7671/8020/2224 7673/8017/2217
f 6967/7344/2223 7667/8012/2361 7671/8020/2224
f 6968/7346/2225 6975/7345/2234 7675/8019/2220
f 6969/7338/2227 6972/7340/2216 7672/8018/2218
f 6970/8013/2233 7670/8015/2363 7674/8022/2230
f 6978/7355/2211 7678/8032/2211 7677/8023/2211
f 6980/8024/2212 6979/7347/2212 7679/8025/2212
f 6984/7348/2213 7684/8033/2230 7686/8027/2214
f 6982/7349/2216 6983/7352/2222 7683/8028/2217
f 6985/7354/2234 6986/7350/2231 7686/8027/2214
f 6981/7351/2221 7681/8031/2224 7683/8028/2217
f 6977/7353/2223 7677/8023/2361 7681/8031/2224
f 6978/7355/2225 6985/7354/2234 7685/8030/2220
f 6979/7347/2227 6982/7349/2216 7682/8029/2218
f 6980/8024/2233 7680/8026/2363 7684/8033/2230
f 6988/7364/2211 7688/8043/2211 7687/8034/2211
f 6990/8035/2212 6989/7356/2212 7689/8036/2212
f 6994/7357/2213 7694/8044/2230 7696/8038/2214
f 6992/7358/2216 6993/7361/2222 7693/8039/2217
f 6995/7363/2219 6996/7359/2215 7696/8038/2214
f 6991/7360/2221 7691/8042/2224 7693/8039/2217
f 6987/7362/2223 7687/8034/2361 7691/8042/2224
f 6988/7364/2225 6995/7363/2219 7695/8041/2220
f 6989/7356/2227 6992/7358/2216 7692/8040/2218
f 6990/8035/2233 7690/8037/2363 7694/8044/2230
f 6998/8045/2187 6997/7371/2187 7697/8046/2187
f 7000/8048/2188 7700/8057/2188 7699/8049/2188
f 7004/7365/2189 7006/7368/2196 7706/8050/2190
f 7002/7367/2192 7702/8056/2204 7703/8052/2193
f 7005/7370/2195 7705/8055/2202 7706/8050/2190
f 7001/7369/2197 7003/8053/2194 7703/8052/2193
f 6997/7371/2199 7001/7369/2197 7701/8054/2198
f 6998/8045/2201 7698/8047/2359 7705/8055/2202
f 6999/7366/2203 7699/8049/2360 7702/8056/2204
f 7000/8048/2235 7004/7365/2189 7704/8051/2191
f 7008/8058/2187 7007/7378/2187 7707/8059/2187
f 7010/8061/2188 7710/8070/2188 7709/8062/2188
f 7014/7372/2189 7016/7375/2207 7716/8063/2190
f 7012/7374/2192 7712/8069/2208 7713/8065/2193
f 7015/7377/2195 7715/8068/2202 7716/8063/2190
f 7011/7376/2197 7013/8066/2194 7713/8065/2193
f 7007/7378/2199 7011/7376/2197 7711/8067/2198
f 7008/8058/2201 7708/8060/2359 7715/8068/2202
f 7009/7373/2203 7709/8062/2360 7712/8069/2208
f 7010/8061/2205 7014/7372/2189 7714/8064/2191
f 7018/8071/2187 7017/7385/2187 7717/8072/2187
f 7020/8074/2188 7720/8083/2188 7719/8075/2188
f 7024/7379/2189 7026/7382/2207 7726/8076/2190
f 7022/7381/2192 7722/8082/2204 7723/8078/2193
f 7025/7384/2210 7725/8081/2202 7726/8076/2190
f 7021/7383/2197 7023/8079/2194 7723/8078/2193
f 7017/7385/2199 7021/7383/2197 7721/8080/2198
f 7018/8071/2201 7718/8073/2359 7725/8081/2202
f 7019/7380/2203 7719/8075/2360 7722/8082/2204
f 7020/8074/2205 7024/7379/2189 7724/8077/2191
f 7028/8084/2187 7027/7392/2187 7727/8085/2187
f 7030/8087/2188 7730/8096/2188 7729/8088/2188
f 7034/7386/2189 7036/7389/2207 7736/8089/2190
f 7032/7388/2192 7732/8095/2208 7733/8091/2193
f 7035/7391/2210 7735/8094/2202 7736/8089/2190
f 7031/7390/2197 7033/8092/2194 7733/8091/2193
f 7027/7392/2199 7031/7390/2197 7731/8093/2198
f 7028/8084/2201 7728/8086/2359 7735/8094/2202
f 7029/7387/2203 7729/8088/2360 7732/8095/2208
f 7030/8087/2205 7034/7386/2189 7734/8090/2191
f 7038/8097/2187 7037/7399/2187 7737/8098/2187
f 7040/8100/2188 7740/8109/2188 7739/8101/2188
f 7044/7393/2189 7046/7396/2196 7746/8102/2190
f 7042/7395/2192 7742/8108/2204 7743/8104/2193
f 7045/7398/2210 7745/8107/2202 7746/8102/2190
f 7041/7397/2197 7043/8105/2194 7743/8104/2193
f 7037/7399/2199 7041/7397/2197 7741/8106/2198
f 7038/8097/2201 7738/8099/2359 7745/8107/2202
f 7039/7394/2203 7739/8101/2360 7742/8108/2204
f 7040/8100/2205 7044/7393/2189 7744/8103/2191
f 7048/7408/2211 7748/8119/2211 7747/8110/2211
f 7050/8111/2212 7049/7400/2212 7749/8112/2212
f 7054/7401/2213 7754/8120/2230 7756/8114/2214
f 7052/7402/2216 7053/7405/2222 7753/8115/2217
f 7055/7407/2219 7056/7403/2215 7756/8114/2214
f 7051/7404/2221 7751/8118/2224 7753/8115/2217
f 7047/7406/2223 7747/8110/2361 7751/8118/2224
f 7048/7408/2225 7055/7407/2219 7755/8117/2220
f 7049/7400/2227 7052/7402/2216 7752/8116/2218
f 7050/8111/2229 7750/8113/2362 7754/8120/2230
f 7058/7417/2211 7758/8130/2211 7757/8121/2211
f 7060/8122/2212 7059/7409/2212 7759/8123/2212
f 7064/7410/2213 7764/8131/2230 7766/8125/2214
f 7062/7411/2216 7063/7414/2222 7763/8126/2217
f 7065/7416/2219 7066/7412/2231 7766/8125/2214
f 7061/7413/2221 7761/8129/2224 7763/8126/2217
f 7057/7415/2223 7757/8121/2361 7761/8129/2224
f 7058/7417/2225 7065/7416/2219 7765/8128/2220
f 7059/7409/2227 7062/7411/2216 7762/8127/2232
f 7060/8122/2233 7760/8124/2363 7764/8131/2230
f 7068/7426/2211 7768/8141/2211 7767/8132/2211
f 7070/8133/2212 7069/7418/2212 7769/8134/2212
f 7074/7419/2213 7774/8142/2230 7776/8136/2214
f 7072/7420/2216 7073/7423/2222 7773/8137/2217
f 7075/7425/2234 7076/7421/2215 7776/8136/2214
f 7071/7422/2221 7771/8140/2224 7773/8137/2217
f 7067/7424/2223 7767/8132/2361 7771/8140/2224
f 7068/7426/2225 7075/7425/2234 7775/8139/2220
f 7069/7418/2227 7072/7420/2216 7772/8138/2218
f 7070/8133/2233 7770/8135/2363 7774/8142/2230
f 7078/7435/2211 7778/8152/2211 7777/8143/2211
f 7080/8144/2212 7079/7427/2212 7779/8145/2212
f 7084/7428/2213 7784/8153/2230 7786/8147/2214
f 7082/7429/2216 7083/7432/2222 7783/8148/2217
f 7085/7434/2234 7086/7430/2231 7786/8147/2214
f 7081/7431/2221 7781/8151/2224 7783/8148/2217
f 7077/7433/2223 7777/8143/2361 7781/8151/2224
f 7078/7435/2225 7085/7434/2234 7785/8150/2220
f 7079/7427/2227 7082/7429/2216 7782/8149/2232
f 7080/8144/2233 7780/8146/2363 7784/8153/2230
f 7088/7444/2211 7788/8163/2211 7787/8154/2211
f 7090/8155/2236 7089/7436/2212 7789/8156/2212
f 7094/7437/2213 7794/8164/2230 7796/8158/2214
f 7092/7438/2216 7093/7441/2222 7793/8159/2217
f 7095/7443/2219 7096/7439/2231 7796/8158/2214
f 7091/7440/2221 7791/8162/2224 7793/8159/2217
f 7087/7442/2223 7787/8154/2361 7791/8162/2224
f 7088/7444/2225 7095/7443/2219 7795/8161/2220
f 7089/7436/2227 7092/7438/2216 7792/8160/2218
f 7090/8155/2233 7790/8157/2363 7794/8164/2230
f 7098/8165/2187 7097/7451/2187 7797/8166/2187
f 7100/8168/2188 7800/8177/2188 7799/8169/2188
f 7104/7445/2189 7106/7448/2196 7806/8170/2190
f 7102/7447/2192 7802/8176/2204 7803/8172/2193
f 7105/7450/2195 7805/8175/2202 7806/8170/2190
f 7101/7449/2197 7103/8173/2194 7803/8172/2193
f 7097/7451/2199 7101/7449/2197 7801/8174/2198
f 7098/8165/2201 7798/8167/2359 7805/8175/2202
f 7099/7446/2203 7799/8169/2360 7802/8176/2204
f 7100/8168/2235 7104/7445/2189 7804/8171/2191
f 7108/8178/2187 7107/7458/2187 7807/8179/2187
f 7110/8181/2188 7810/8190/2188 7809/8182/2188
f 7114/7452/2189 7116/7455/2207 7816/8183/2190
f 7112/7454/2192 7812/8189/2208 7813/8185/2193
f 7115/7457/2195 7815/8188/2202 7816/8183/2190
f 7111/7456/2197 7113/8186/2194 7813/8185/2193
f 7107/7458/2199 7111/7456/2197 7811/8187/2198
f 7108/8178/2201 7808/8180/2359 7815/8188/2202
f 7109/7453/2203 7809/8182/2360 7812/8189/2208
f 7110/8181/2205 7114/7452/2189 7814/8184/2191
f 7118/8191/2187 7117/7465/2187 7817/8192/2187
f 7120/8194/2188 7820/8203/2188 7819/8195/2188
f 7124/7459/2189 7126/7462/2196 7826/8196/2190
f 7122/7461/2192 7822/8202/2204 7823/8198/2193
f 7125/7464/2210 7825/8201/2202 7826/8196/2190
f 7121/7463/2197 7123/8199/2194 7823/8198/2193
f 7117/7465/2199 7121/7463/2197 7821/8200/2198
f 7118/8191/2201 7818/8193/2359 7825/8201/2202
f 7119/7460/2203 7819/8195/2360 7822/8202/2204
f 7120/8194/2205 7124/7459/2189 7824/8197/2191
f 7128/8204/2187 7127/7472/2187 7827/8205/2187
f 7130/8207/2188 7830/8216/2188 7829/8208/2188
f 7134/7466/2189 7136/7469/2207 7836/8209/2190
f 7132/7468/2192 7832/8215/2208 7833/8211/2193
f 7135/7471/2210 7835/8214/2202 7836/8209/2190
f 7131/7470/2197 7133/8212/2194 7833/8211/2193
f 7127/7472/2199 7131/7470/2197 7831/8213/2198
f 7128/8204/2201 7828/8206/2359 7835/8214/2202
f 7129/7467/2203 7829/8208/2360 7832/8215/2208
f 7130/8207/2205 7134/7466/2189 7834/8210/2191
f 7138/8217/2187 7137/7479/2187 7837/8218/2187
f 7140/8220/2188 7840/8229/2188 7839/8221/2188
f 7144/7473/2189 7146/7476/2196 7846/8222/2190
f 7142/7475/2192 7842/8228/2204 7843/8224/2193
f 7145/7478/2195 7845/8227/2202 7846/8222/2190
f 7141/7477/2197 7143/8225/2194 7843/8224/2193
f 7137/7479/2199 7141/7477/2197 7841/8226/2198
f 7138/8217/2201 7838/8219/2359 7845/8227/2202
f 7139/7474/2203 7839/8221/2360 7842/8228/2204
f 7140/8220/2235 7144/7473/2189 7844/8223/2191
f 7148/7488/2211 7848/8239/2211 7847/8230/2211
f 7150/8231/2212 7149/7480/2212 7849/8232/2212
f 7154/7481/2213 7854/8240/2230 7856/8234/2214
f 7152/7482/2216 7153/7485/2222 7853/8235/2217
f 7155/7487/2219 7156/7483/2215 7856/8234/2214
f 7151/7484/2221 7851/8238/2224 7853/8235/2217
f 7147/7486/2223 7847/8230/2361 7851/8238/2224
f 7148/7488/2225 7155/7487/2219 7855/8237/2220
f 7149/7480/2227 7152/7482/2216 7852/8236/2218
f 7150/8231/2229 7850/8233/2362 7854/8240/2230
f 7158/7497/2211 7858/8250/2211 7857/8241/2211
f 7160/8242/2212 7159/7489/2212 7859/8243/2212
f 7164/7490/2213 7864/8251/2230 7866/8245/2214
f 7162/7491/2216 7163/7494/2222 7863/8246/2217
f 7165/7496/2219 7166/7492/2231 7866/8245/2214
f 7161/7493/2221 7861/8249/2224 7863/8246/2217
f 7157/7495/2223 7857/8241/2361 7861/8249/2224
f 7158/7497/2225 7165/7496/2219 7865/8248/2220
f 7159/7489/2227 7162/7491/2216 7862/8247/2232
f 7160/8242/2233 7860/8244/2363 7864/8251/2230
f 7168/7506/2211 7868/8261/2211 7867/8252/2211
f 7170/8253/2212 7169/7498/2212 7869/8254/2212
f 7174/7499/2213 7874/8262/2230 7876/8256/2214
f 7172/7500/2216 7173/7503/2222 7873/8257/2217
f 7175/7505/2234 7176/7501/2215 7876/8256/2214
f 7171/7502/2221 7871/8260/2224 7873/8257/2217
f 7167/7504/2223 7867/8252/2361 7871/8260/2224
f 7168/7506/2225 7175/7505/2234 7875/8259/2220
f 7169/7498/2227 7172/7500/2216 7872/8258/2218
f 7170/8253/2233 7870/8255/2363 7874/8262/2230
f 7178/7515/2211 7878/8272/2211 7877/8263/2211
f 7180/8264/2212 7179/7507/2212 7879/8265/2212
f 7184/7508/2213 7884/8273/2230 7886/8267/2214
f 7182/7509/2216 7183/7512/2222 7883/8268/2217
f 7185/7514/2234 7186/7510/2231 7886/8267/2214
f 7181/7511/2221 7881/8271/2224 7883/8268/2217
f 7177/7513/2223 7877/8263/2361 7881/8271/2224
f 7178/7515/2225 7185/7514/2234 7885/8270/2220
f 7179/7507/2227 7182/7509/2216 7882/8269/2232
f 7180/8264/2233 7880/8266/2363 7884/8273/2230
f 7188/7524/2211 7888/8283/2211 7887/8274/2211
f 7190/8275/2212 7189/7516/2212 7889/8276/2212
f 7194/7517/2213 7894/8284/2230 7896/8278/2214
f 7192/7518/2216 7193/7521/2222 7893/8279/2217
f 7195/7523/2219 7196/7519/2215 7896/8278/2214
f 7191/7520/2221 7891/8282/2224 7893/8279/2217
f 7187/7522/2223 7887/8274/2361 7891/8282/2224
f 7188/7524/2225 7195/7523/2219 7895/8281/2220
f 7189/7516/2227 7192/7518/2216 7892/8280/2218
f 7190/8275/2233 7890/8277/2363 7894/8284/2230
f 7198/8285/2187 7197/7531/2187 7897/8286/2187
f 7200/8288/2188 7900/8297/2188 7899/8289/2188
f 7204/7525/2189 7206/7528/2196 7906/8290/2190
f 7202/7527/2192 7902/8296/2204 7903/8292/2193
f 7205/7530/2210 7905/8295/2202 7906/8290/2190
f 7201/7529/2197 7203/8293/2194 7903/8292/2193
f 7197/7531/2199 7201/7529/2197 7901/8294/2198
f 7198/8285/2201 7898/8287/2359 7905/8295/2202
f 7199/7526/2203 7899/8289/2360 7902/8296/2204
f 7200/8288/2235 7204/7525/2189 7904/8291/2191
f 7208/8298/2187 7207/7538/2187 7907/8299/2187
f 7210/8301/2188 7910/8310/2188 7909/8302/2188
f 7214/7532/2189 7216/7535/2207 7916/8303/2190
f 7212/7534/2192 7912/8309/2204 7913/8305/2193
f 7215/7537/2195 7915/8308/2202 7916/8303/2190
f 7211/7536/2197 7213/8306/2194 7913/8305/2193
f 7207/7538/2199 7211/7536/2197 7911/8307/2198
f 7208/8298/2201 7908/8300/2359 7915/8308/2202
f 7209/7533/2203 7909/8302/2360 7912/8309/2204
f 7210/8301/2205 7214/7532/2189 7914/8304/2191
f 7218/8311/2187 7217/7545/2187 7917/8312/2187
f 7220/8314/2188 7920/8323/2188 7919/8315/2188
f 7224/7539/2189 7226/7542/2207 7926/8316/2190
f 7222/7541/2192 7922/8322/2204 7923/8318/2193
f 7225/7544/2195 7925/8321/2202 7926/8316/2190
f 7221/7543/2197 7223/8319/2194 7923/8318/2193
f 7217/7545/2199 7221/7543/2197 7921/8320/2198
f 7218/8311/2201 7918/8313/2359 7925/8321/2202
f 7219/7540/2203 7919/8315/2360 7922/8322/2204
f 7220/8314/2205 7224/7539/2189 7924/8317/2191
f 7228/8324/2187 7227/7552/2187 7927/8325/2187
f 7230/8327/2188 7930/8336/2188 7929/8328/2188
f 7234/7546/2189 7236/7549/2207 7936/8329/2190
f 7232/7548/2192 7932/8335/2204 7933/8331/2193
f 7235/7551/2195 7935/8334/2202 7936/8329/2190
f 7231/7550/2197 7233/8332/2194 7933/8331/2193
f 7227/7552/2199 7231/7550/2197 7931/8333/2198
f 7228/8324/2201 7928/8326/2359 7935/8334/2202
f 7229/7547/2203 7929/8328/2360 7932/8335/2204
f 7230/8327/2205 7234/7546/2189 7934/8330/2191
f 7238/8337/2187 7237/7559/2187 7937/8338/2187
f 7240/8340/2188 7940/8349/2188 7939/8341/2188
f 7244/7553/2189 7246/7556/2207 7946/8342/2190
f 7242/7555/2192 7942/8348/2204 7943/8344/2193
f 7245/7558/2195 7945/8347/2202 7946/8342/2190
f 7241/7557/2197 7243/8345/2194 7943/8344/2193
f 7237/7559/2199 7241/7557/2197 7941/8346/2198
f 7238/8337/2201 7938/8339/2359 7945/8347/2202
f 7239/7554/2203 7939/8341/2360 7942/8348/2204
f 7240/8340/2235 7244/7553/2189 7944/8343/2191
f 7248/7568/2211 7948/8359/2211 7947/8350/2211
f 7250/8351/2212 7249/7560/2212 7949/8352/2212
f 7254/7561/2213 7954/8360/2230 7956/8354/2214
f 7252/7562/2216 7253/7565/2222 7953/8355/2217
f 7255/7567/2234 7256/7563/2215 7956/8354/2214
f 7251/7564/2221 7951/8358/2224 7953/8355/2217
f 7247/7566/2223 7947/8350/2361 7951/8358/2224
f 7248/7568/2225 7255/7567/2234 7955/8357/2220
f 7249/7560/2227 7252/7562/2216 7952/8356/2218
f 7250/8351/2229 7950/8353/2362 7954/8360/2230
f 7258/7577/2211 7958/8370/2211 7957/8361/2211
f 7260/8362/2212 7259/7569/2212 7959/8363/2212
f 7264/7570/2213 7964/8371/2230 7966/8365/2214
f 7262/7571/2216 7263/7574/2222 7963/8366/2217
f 7265/7576/2219 7266/7572/2231 7966/8365/2214
f 7261/7573/2221 7961/8369/2224 7963/8366/2217
f 7257/7575/2223 7957/8361/2361 7961/8369/2224
f 7258/7577/2225 7265/7576/2219 7965/8368/2220
f 7259/7569/2227 7262/7571/2216 7962/8367/2218
f 7260/8362/2233 7960/8364/2363 7964/8371/2230
f 7268/7586/2211 7968/8381/2211 7967/8372/2211
f 7270/8373/2212 7269/7578/2212 7969/8374/2212
f 7274/7579/2213 7974/8382/2230 7976/8376/2214
f 7272/7580/2216 7273/7583/2222 7973/8377/2217
f 7275/7585/2234 7276/7581/2231 7976/8376/2214
f 7271/7582/2221 7971/8380/2224 7973/8377/2217
f 7267/7584/2223 7967/8372/2361 7971/8380/2224
f 7268/7586/2225 7275/7585/2234 7975/8379/2220
f 7269/7578/2227 7272/7580/2216 7972/8378/2218
f 7270/8373/2233 7970/8375/2363 7974/8382/2230
f 7278/7595/2211 7978/8392/2211 7977/8383/2211
f 7280/8384/2212 7279/7587/2212 7979/8385/2212
f 7284/7588/2213 7984/8393/2230 7986/8387/2214
f 7282/7589/2216 7283/7592/2222 7983/8388/2217
f 7285/7594/2234 7286/7590/2231 7986/8387/2214
f 7281/7591/2221 7981/8391/2224 7983/8388/2217
f 7277/7593/2223 7977/8383/2361 7981/8391/2224
f 7278/7595/2225 7285/7594/2234 7985/8390/2220
f 7279/7587/2227 7282/7589/2216 7982/8389/2218
f 7280/8384/2233 7980/8386/2363 7984/8393/2230
f 7288/7604/2211 7988/8403/2211 7987/8394/2211
f 7290/8395/2212 7289/7596/2212 7989/8396/2212
f 7294/7597/2213 7994/8404/2230 7996/8398/2214
f 7292/7598/2216 7293/7601/2222 7993/8399/2217
f 7295/7603/2219 7296/7599/2231 7996/8398/2214
f 7291/7600/2221 7991/8402/2224 7993/8399/2217
f 7287/7602/2223 7987/8394/2361 7991/8402/2224
f 7288/7604/2225 7295/7603/2219 7995/8401/2220
f 7289/7596/2227 7292/7598/2216 7992/8400/2218
f 7290/8395/2233 7990/8397/2363 7994/8404/2230
f 7298/8405/2187 7297/7611/2187 7997/8406/2187
f 7300/8408/2188 8000/8417/2188 7999/8409/2188
f 7304/7605/2189 7306/7608/2196 8006/8410/2190
f 7302/7607/2192 8002/8416/2204 8003/8412/2193
f 7305/7610/2210 8005/8415/2202 8006/8410/2190
f 7301/7609/2197 7303/8413/2194 8003/8412/2193
f 7297/7611/2199 7301/7609/2197 8001/8414/2198
f 7298/8405/2201 7998/8407/2359 8005/8415/2202
f 7299/7606/2203 7999/8409/2360 8002/8416/2204
f 7300/8408/2235 7304/7605/2189 8004/8411/2191
f 7308/8418/2187 7307/7618/2187 8007/8419/2187
f 7310/8421/2188 8010/8430/2188 8009/8422/2188
f 7314/7612/2189 7316/7615/2207 8016/8423/2190
f 7312/7614/2192 8012/8429/2204 8013/8425/2193
f 7315/7617/2195 8015/8428/2202 8016/8423/2190
f 7311/7616/2197 7313/8426/2194 8013/8425/2193
f 7307/7618/2199 7311/7616/2197 8011/8427/2198
f 7308/8418/2201 8008/8420/2359 8015/8428/2202
f 7309/7613/2203 8009/8422/2360 8012/8429/2204
f 7310/8421/2205 7314/7612/2189 8014/8424/2191
f 7318/8431/2187 7317/7625/2187 8017/8432/2187
f 7320/8434/2188 8020/8443/2188 8019/8435/2188
f 7324/7619/2189 7326/7622/2196 8026/8436/2190
f 7322/7621/2192 8022/8442/2204 8023/8438/2193
f 7325/7624/2195 8025/8441/2202 8026/8436/2190
f 7321/7623/2197 7323/8439/2194 8023/8438/2193
f 7317/7625/2199 7321/7623/2197 8021/8440/2198
f 7318/8431/2201 8018/8433/2359 8025/8441/2202
f 7319/7620/2203 8019/8435/2360 8022/8442/2204
f 7320/8434/2205 7324/7619/2189 8024/8437/2191
f 7328/8444/2187 7327/7632/2187 8027/8445/2187
f 7330/8447/2188 8030/8456/2188 8029/8448/2188
f 7334/7626/2189 7336/7629/2207 8036/8449/2190
f 7332/7628/2192 8032/8455/2204 8033/8451/2193
f 7335/7631/2195 8035/8454/2202 8036/8449/2190
f 7331/7630/2197 7333/8452/2194 8033/8451/2193
f 7327/7632/2199 7331/7630/2197 8031/8453/2198
f 7328/8444/2201 8028/8446/2359 8035/8454/2202
f 7329/7627/2203 8029/8448/2360 8032/8455/2204
f 7330/8447/2205 7334/7626/2189 8034/8450/2191
f 7338/8457/2187 7337/7639/2187 8037/8458/2187
f 7340/8460/2188 8040/8469/2188 8039/8461/2188
f 7344/7633/2189 7346/7636/2196 8046/8462/2190
f 7342/7635/2192 8042/8468/2204 8043/8464/2193
f 7345/7638/2210 8045/8467/2202 8046/8462/2190
f 7341/7637/2197 7343/8465/2194 8043/8464/2193
f 7337/7639/2199 7341/7637/2197 8041/8466/2198
f 7338/8457/2201 8038/8459/2359 8045/8467/2202
f 7339/7634/2203 8039/8461/2360 8042/8468/2204
f 7340/8460/2235 7344/7633/2189 8044/8463/2191
f 7348/7648/2211 8048/8479/2211 8047/8470/2211
f 7350/8471/2212 7349/7640/2212 8049/8472/2212
f 7354/7641/2213 8054/8480/2230 8056/8474/2214
f 7352/7642/2216 7353/7645/2222 8053/8475/2217
f 7355/7647/2219 7356/7643/2215 8056/8474/2214
f 7351/7644/2221 8051/8478/2224 8053/8475/2217
f 7347/7646/2223 8047/8470/2361 8051/8478/2224
f 7348/7648/2225 7355/7647/2219 8055/8477/2220
f 7349/7640/2227 7352/7642/2216 8052/8476/2218
f 7350/8471/2229 8050/8473/2362 8054/8480/2230
f 7358/7657/2211 8058/8490/2211 8057/8481/2211
f 7360/8482/2212 7359/7649/2212 8059/8483/2212
f 7364/7650/2213 8064/8491/2230 8066/8485/2214
f 7362/7651/2216 7363/7654/2222 8063/8486/2217
f 7365/7656/2219 7366/7652/2231 8066/8485/2214
f 7361/7653/2221 8061/8489/2224 8063/8486/2217
f 7357/7655/2223 8057/8481/2361 8061/8489/2224
f 7358/7657/2225 7365/7656/2219 8065/8488/2220
f 7359/7649/2227 7362/7651/2216 8062/8487/2232
f 7360/8482/2233 8060/8484/2363 8064/8491/2230
f 7368/7666/2211 8068/8501/2211 8067/8492/2211
f 7370/8493/2212 7369/7658/2212 8069/8494/2212
f 7374/7659/2213 8074/8502/2230 8076/8496/2214
f 7372/7660/2216 7373/7663/2222 8073/8497/2217
f 7375/7665/2219 7376/7661/2215 8076/8496/2214
f 7371/7662/2221 8071/8500/2224 8073/8497/2217
f 7367/7664/2223 8067/8492/2361 8071/8500/2224
f 7368/7666/2225 7375/7665/2219 8075/8499/2220
f 7369/7658/2227 7372/7660/2216 8072/8498/2218
f 7370/8493/2233 8070/8495/2363 8074/8502/2230
f 7378/7675/2211 8078/8512/2211 8077/8503/2211
f 7380/8504/2212 7379/7667/2212 8079/8505/2212
f 7384/7668/2213 8084/8513/2230 8086/8507/2214
f 7382/7669/2216 7383/7672/2222 8083/8508/2217
f 7385/7674/2219 7386/7670/2231 8086/8507/2214
f 7381/7671/2221 8081/8511/2224 8083/8508/2217
f 7377/7673/2223 8077/8503/2361 8081/8511/2224
f 7378/7675/2225 7385/7674/2219 8085/8510/2220
f 7379/7667/2227 7382/7669/2216 8082/8509/2218
f 7380/8504/2233 8080/8506/2363 8084/8513/2230
f 7388/7684/2211 8088/8523/2211 8087/8514/2211
f 7390/8515/2212 7389/7676/2212 8089/8516/2212
f 7394/7677/2213 8094/8524/2230 8096/8518/2214
f 7392/7678/2216 7393/7681/2222 8093/8519/2217
f 7395/7683/2219 7396/7679/2231 8096/8518/2214
f 7391/7680/2221 8091/8522/2224 8093/8519/2217
f 7387/7682/2223 8087/8514/2361 8091/8522/2224
f 7388/7684/2225 7395/7683/2219 8095/8521/2220
f 7389/7676/2227 7392/7678/2216 8092/8520/2218
f 7390/8515/2233 8090/8517/2363 8094/8524/2230
f 8105/7112/1593 8097/7063/1593 8099/7064/1593
f 8107/8525/1583 8108/7064/1583 8103/7065/1583
f 8104/7065/1581 8102/7066/1581 8098/8527/1581
f 8107/7066/2237 8101/7067/2238 8097/8528/2238
f 8101/7067/1580 8103/7068/1580 8099/8529/1580
f 8108/7068/2239 8104/7069/2240 8100/8530/2240
f 8103/7069/2241 8108/7070/2239 8106/8531/2239
f 8102/7070/2242 8107/7071/2237 8105/8532/2237
f 8104/7071/1583 8108/7072/1583 8107/8533/1583
f 8105/7072/1593 8106/8933/1593 8100/8534/1593
f 8149/8535/2243 8201/8934/2270 8203/8536/2244
f 8151/8538/2246 8152/7076/2257 8207/7073/2247
f 8110/8540/2249 8112/7077/2249 8111/7076/2249
f 8151/7079/2250 8205/7077/2251 8201/8540/2251
f 8152/7082/2252 8112/7081/2253 8110/8542/2253
f 8113/7084/1581 8115/7082/1581 8116/8543/1581
f 8120/7085/1580 8119/7084/1580 8117/8544/1580
f 8120/7086/1584 8118/7085/1584 8114/8545/1584
f 8118/7088/1583 8117/7086/1583 8113/8546/1583
f 8117/7089/1588 8119/7088/1588 8115/8547/1588
f 8119/7091/1593 8120/7089/1593 8116/8548/1593
f 8121/7093/1581 8219/7091/1581 8220/8549/1581
f 8224/7094/1580 8223/7093/1580 8123/8550/1580
f 8224/7095/1584 8124/7094/1584 8122/8551/1584
f 8124/7098/1583 8123/7095/1583 8121/8552/1583
f 8123/7101/1588 8223/7100/1588 8219/8554/1588
f 8125/8556/1581 8126/8563/1581 8228/8557/1581
f 8232/8559/1580 8128/8562/1580 8127/8560/1580
f 8230/8561/1584 8127/8560/1584 8125/8556/1584
f 8128/8562/1588 8232/8559/1588 8228/8557/1588
f 8129/7103/1581 8131/7101/1581 8132/8555/1581
f 8136/8565/1580 8135/7103/1580 8133/8564/1580
f 8136/8567/1584 8134/7105/1584 8130/8568/1584
f 8134/8570/1583 8133/7106/1583 8129/8571/1583
f 8129/8571/1588 8133/7106/1588 8135/7108/1588
f 8135/7108/1593 8136/7109/1593 8132/8573/1593
f 8137/8574/1581 8139/8581/1581 8140/8575/1581
f 8144/8577/1580 8143/8580/1580 8141/8578/1580
f 8142/8579/1584 8141/8578/1584 8137/8574/1584
f 8143/8580/1588 8144/8577/1588 8140/8575/1588
f 8189/8582/1583 8191/8589/1583 8146/8583/1583
f 8148/8585/1593 8195/8588/1593 8193/8586/1593
f 8147/8587/1584 8193/8586/1584 8189/8582/1584
f 8195/8588/1588 8148/8585/1588 8146/8583/1588
f 8207/7109/2254 8152/7110/2252 8150/8590/2252
f 8111/7110/2255 8151/7111/2250 8149/8591/2250
f 8111/8591/2256 8112/7111/2364 8152/7112/2257
f 8109/8593/2258 8149/7112/2243 8150/8525/2245
f 8197/8594/2260 8198/8525/2268 8259/8526/2261
f 8199/8595/2262 8261/8526/2263 8263/8527/2263
f 8154/8596/2249 8153/8527/2249 8155/8528/2249
f 8257/8528/2251 8261/8529/2251 8199/8598/2250
f 8154/8529/2253 8156/8530/2253 8200/8599/2252
f 8160/8530/1580 8159/8531/1580 8157/8600/1580
f 8161/8531/1581 8163/8532/1581 8164/8601/1581
f 8158/8532/1584 8162/8533/1584 8164/8602/1584
f 8157/8533/1583 8161/8534/1583 8162/8603/1583
f 8159/8604/1588 8163/8566/1588 8161/8605/1588
f 8160/8607/1593 8164/8935/1593 8163/8608/1593
f 8276/8538/1580 8275/8539/1580 8165/8610/1580
f 8167/8540/1581 8279/8538/1581 8280/8611/1581
f 8166/8541/1584 8168/8540/1584 8280/8612/1584
f 8165/8543/1583 8167/8542/1583 8168/8614/1583
f 8165/8616/1588 8275/8544/1588 8279/8543/1588
f 8284/8617/1580 8170/8623/1580 8169/8618/1580
f 8171/8560/1581 8172/8622/1581 8288/8620/1581
f 8169/8618/1584 8171/8560/1584 8286/8621/1584
f 8284/8617/1588 8288/8620/1588 8172/8622/1588
f 8176/8545/1580 8175/8544/1580 8173/8616/1580
f 8177/8546/1581 8179/8545/1581 8180/8624/1581
f 8174/8547/1584 8178/8546/1584 8180/8625/1584
f 8173/8548/1583 8177/8547/1583 8178/8626/1583
f 8175/8549/1588 8179/8548/1588 8177/8627/1588
f 8176/8550/1593 8180/8549/1593 8179/8628/1593
f 8184/8630/1580 8183/8637/1580 8181/8631/1580
f 8185/8633/1581 8187/8636/1581 8188/8634/1581
f 8181/8631/1584 8185/8633/1584 8186/8635/1584
f 8184/8630/1588 8188/8634/1588 8187/8636/1588
f 8192/8638/1583 8191/8589/1583 8189/8582/1583
f 8193/8586/1593 8195/8588/1593 8196/8640/1593
f 8189/8582/1584 8193/8586/1584 8194/8641/1584
f 8191/8589/1588 8192/8638/1588 8196/8640/1588
f 8198/8551/2252 8200/8550/2252 8263/8629/2254
f 8197/8552/2250 8199/8551/2250 8155/8642/2255
f 8155/8644/2265 8199/8553/2262 8200/8552/2264
f 8153/8645/2267 8154/8555/2365 8198/8554/2268
f 8253/8647/2269 8254/8564/2283 8203/8555/2244
f 8255/8648/2271 8205/8566/2248 8207/8564/2247
f 8204/8649/2273 8202/8936/2273 8206/8566/2273
f 8201/8650/2274 8205/8568/2274 8255/8651/2275
f 8204/8653/2276 8208/8571/2276 8256/8654/2277
f 8212/8571/1581 8211/8572/1581 8209/8655/1581
f 8213/8656/1580 8215/8573/1580 8216/8657/1580
f 8210/8573/1584 8214/8592/1584 8216/8659/1584
f 8209/8592/1593 8213/8591/1593 8214/8660/1593
f 8211/8591/1588 8215/8593/1588 8213/8661/1588
f 8212/8593/1583 8216/8594/1583 8215/8662/1583
f 8220/8594/1581 8219/8595/1581 8217/8663/1581
f 8221/8595/1580 8223/8596/1580 8224/8664/1580
f 8218/8596/1584 8222/8597/1584 8224/8665/1584
f 8217/8597/1593 8221/8598/1593 8222/8666/1593
f 8219/8598/1588 8223/8599/1588 8221/8667/1588
f 8228/8557/1581 8227/8671/1581 8225/8668/1581
f 8229/8669/1580 8231/8670/1580 8232/8559/1580
f 8225/8668/1584 8229/8669/1584 8230/8561/1584
f 8228/8557/1588 8232/8559/1588 8231/8670/1588
f 8236/8599/1581 8235/8600/1581 8233/8672/1581
f 8237/8600/1580 8239/8601/1580 8240/8673/1580
f 8234/8601/1584 8238/8602/1584 8240/8674/1584
f 8233/8602/1593 8237/8603/1593 8238/8675/1593
f 8235/8606/1588 8239/8605/1588 8237/8676/1588
f 8236/8605/1583 8240/8937/1583 8239/8678/1583
f 8244/8679/1581 8243/8686/1581 8241/8680/1581
f 8245/8682/1580 8247/8685/1580 8248/8683/1580
f 8241/8680/1584 8245/8682/1584 8246/8684/1584
f 8244/8679/1588 8248/8683/1588 8247/8685/1588
f 8250/8687/1593 8307/8694/1593 8305/8688/1593
f 8309/8690/1583 8311/8693/1583 8252/8691/1583
f 8305/8688/1584 8309/8690/1584 8251/8692/1584
f 8250/8687/1588 8252/8691/1588 8311/8693/1588
f 8254/8609/2277 8256/8608/2277 8207/8695/2278
f 8253/8697/2275 8255/8609/2275 8206/8696/2279
f 8206/8699/2280 8255/8703/2271 8256/8700/2272
f 8202/8702/2282 8204/8614/2366 8254/8703/2283
f 8313/8704/2284 8257/8615/2261 8259/8614/2261
f 8315/8705/2286 8316/8616/2288 8263/8615/2263
f 8260/8706/2273 8264/8624/2273 8262/8616/2273
f 8315/8625/2275 8261/8624/2274 8257/8706/2274
f 8316/8626/2277 8264/8625/2276 8260/8707/2276
f 8265/8627/1580 8267/8626/1580 8268/8708/1580
f 8272/8628/1581 8271/8627/1581 8269/8709/1581
f 8272/8629/1584 8270/8628/1584 8266/8710/1584
f 8270/8642/1593 8269/8629/1593 8265/8711/1593
f 8269/8643/1588 8271/8642/1588 8267/8712/1588
f 8271/8644/1583 8272/8643/1583 8268/8713/1583
f 8273/8645/1580 8275/8646/1580 8276/8715/1580
f 8280/8647/1581 8279/8645/1581 8277/8716/1581
f 8280/8648/1584 8278/8647/1584 8274/8717/1584
f 8278/8649/1593 8277/8648/1593 8273/8718/1593
f 8277/8720/1588 8279/8649/1588 8275/8719/1588
f 8281/8722/1580 8283/8725/1580 8284/8617/1580
f 8288/8620/1581 8287/8724/1581 8285/8723/1581
f 8286/8621/1584 8285/8723/1584 8281/8722/1584
f 8287/8724/1588 8288/8620/1588 8284/8617/1588
f 8289/8726/1580 8291/8651/1580 8292/8727/1580
f 8296/8651/1581 8295/8654/1581 8293/8729/1581
f 8296/8730/1584 8294/8658/1584 8290/8731/1584
f 8294/8658/1593 8293/8657/1593 8289/8732/1593
f 8293/8657/1588 8295/8659/1588 8291/8733/1588
f 8295/8659/1583 8296/8660/1583 8292/8734/1583
f 8297/8735/1580 8299/8742/1580 8300/8736/1580
f 8304/8738/1581 8303/8741/1581 8301/8739/1581
f 8302/8740/1584 8301/8739/1584 8297/8735/1584
f 8303/8741/1588 8304/8738/1588 8300/8736/1588
f 8305/8688/1593 8307/8694/1593 8308/8743/1593
f 8312/8745/1583 8311/8693/1583 8309/8690/1583
f 8310/8746/1584 8309/8690/1584 8305/8688/1584
f 8311/8693/1588 8312/8745/1588 8308/8743/1588
f 8263/8660/2278 8316/8661/2277 8314/8747/2277
f 8262/8661/2279 8315/8662/2275 8313/8748/2275
f 8262/8748/2287 8264/8662/2367 8316/8663/2288
f 8258/8749/2289 8313/8663/2284 8314/8664/2285
