# Blender 4.4.1
# www.blender.org
o ThirdPine
v -12.033868 11.546294 -20.054319
v -12.036740 11.552279 -20.044008
v -12.016818 11.556809 -20.035421
v -12.058991 9.471740 -19.772438
v -12.829512 9.953945 -18.935772
v -12.401845 10.222149 -18.471622
v -11.716293 10.222417 -18.472137
v -11.289235 9.954818 -18.936480
v -11.441705 9.620856 -19.514957
v -11.391315 9.737670 -19.314400
v -11.332344 9.866852 -19.090649
v -11.400235 9.926680 -19.234259
v -11.409399 9.818253 -19.317320
v -11.804244 10.221737 -18.474392
v -12.172435 10.221737 -18.474392
v -12.004580 10.346862 -18.635338
v -12.703593 9.684414 -19.404305
v -12.528855 9.586617 -19.574543
v -12.590061 9.849367 -19.576590
v -12.034669 9.479974 -19.760300
v -11.907009 9.510713 -19.707058
v -11.994530 9.556019 -19.752066
v -12.059141 9.469062 -19.795748
v -12.850173 9.965024 -18.936716
v -12.411183 10.240261 -18.459991
v -11.707099 10.240261 -18.459991
v -11.268109 9.965024 -18.936716
v -11.424783 9.621808 -19.531185
v -11.369829 9.742192 -19.322672
v -11.310860 9.871374 -19.098923
v -11.378750 9.931202 -19.242531
v -11.387914 9.822775 -19.325594
v -11.804244 10.240261 -18.459991
v -12.172435 10.240261 -18.459991
v -12.004580 10.365385 -18.620937
v -12.724627 9.689999 -19.413074
v -12.538293 9.584436 -19.595913
v -12.606837 9.851325 -19.592876
v -12.025143 9.477249 -19.781567
v -11.897483 9.507988 -19.728327
v -11.985003 9.553293 -19.773335
v -12.022998 11.543525 -20.058918
v -12.029146 11.556945 -20.035583
v -12.009080 11.551914 -20.043755
v -12.011870 11.545982 -20.054249
v -12.017282 11.151779 -19.822641
v -12.015378 11.155781 -19.815531
v -12.020626 11.159098 -19.809889
v -12.028965 11.159195 -19.810024
v -12.034073 11.156057 -19.815731
v -12.032362 11.152070 -19.822922
v -12.024810 11.150147 -19.825790
v -10.595273 8.703855 -18.503990
v -11.086390 8.172637 -19.424088
v -12.223242 8.033413 -19.665230
v -13.149756 8.391022 -19.045834
v -13.168249 8.976176 -18.032316
v -12.264795 9.348244 -17.387877
v -11.119713 9.227049 -17.597792
v -12.034512 10.483754 -19.497265
v -12.053864 10.462821 -19.533524
v -12.098663 10.457335 -19.543026
v -12.135174 10.471427 -19.518618
v -12.135902 10.494486 -19.478678
v -12.100301 10.509147 -19.453285
v -12.055178 10.504371 -19.461555
v -11.280873 9.243535 -17.571871
v -12.097852 9.330004 -17.422104
v -11.912716 9.383348 -17.648140
v -10.911244 9.016479 -17.965143
v -11.003574 9.108590 -17.805603
v -11.146338 9.243073 -18.217991
v -10.802805 8.484509 -18.886543
v -10.764383 8.526068 -18.814562
v -10.992210 8.763973 -18.935585
v -10.988840 8.283283 -19.235077
v -10.918768 8.359077 -19.103798
v -11.012665 8.379279 -19.202829
v -11.912252 8.074363 -19.596937
v -11.358850 8.142135 -19.479553
v -11.565448 8.215395 -19.507040
v -11.748898 8.156798 -19.551939
v -13.161219 8.860837 -18.234724
v -13.152836 8.595567 -18.694185
v -13.064499 8.794023 -18.579636
v -10.572646 8.724808 -18.515675
v -11.072002 8.184677 -19.451208
v -12.227928 8.043118 -19.696396
v -13.169988 8.406726 -19.066608
v -13.188790 9.001698 -18.036087
v -12.270179 9.380007 -17.380835
v -11.105885 9.256779 -17.594273
v -12.005527 10.500673 -19.506504
v -12.035435 10.468323 -19.562536
v -12.104667 10.459845 -19.577221
v -12.161089 10.481623 -19.539501
v -12.162215 10.517257 -19.477781
v -12.107197 10.539914 -19.438536
v -12.037464 10.532534 -19.451321
v -11.275957 9.274780 -17.563095
v -12.092936 9.361248 -17.413326
v -11.907801 9.414594 -17.639364
v -10.890023 9.041430 -17.967268
v -10.982353 9.133541 -17.807728
v -11.125117 9.268023 -18.220114
v -10.781258 8.499163 -18.906504
v -10.742836 8.540721 -18.834522
v -10.970663 8.778625 -18.955545
v -10.967293 8.297935 -19.255037
v -10.897221 8.373731 -19.123758
v -10.991118 8.393933 -19.222790
v -11.906605 8.082468 -19.628239
v -11.353202 8.150240 -19.510855
v -11.559801 8.223500 -19.538342
v -11.743250 8.164903 -19.583242
v -13.184954 8.880282 -18.246384
v -13.176570 8.615012 -18.705845
v -13.088234 8.813468 -18.591295
v -11.623437 9.965543 -18.625982
v -12.129050 3.902853 -17.858561
v -13.420826 4.213895 -17.319818
v -13.739867 4.912803 -16.109276
v -12.845932 5.473283 -15.138494
v -11.412169 5.473283 -15.138494
v -10.518233 4.912803 -16.109276
v -10.837276 4.213895 -17.319818
v -12.104119 6.453967 -17.501827
v -12.214608 6.480571 -17.455746
v -12.241896 6.540350 -17.352205
v -12.165436 6.588289 -17.269173
v -12.042803 6.588289 -17.269173
v -11.966342 6.540350 -17.352205
v -11.993630 6.480571 -17.455746
v -10.796411 4.313752 -17.150005
v -10.568884 4.812182 -16.286697
v -10.779467 4.869321 -16.577631
v -11.359926 4.091625 -17.534740
v -11.132602 4.146362 -17.439932
v -11.484754 4.578701 -17.481247
v -12.665234 4.035536 -17.631889
v -12.564219 4.011213 -17.674017
v -12.542496 4.433177 -17.595881
v -13.154348 4.153309 -17.427900
v -12.970118 4.108948 -17.504736
v -13.060934 4.238217 -17.444937
v -13.648443 4.722861 -16.441406
v -13.493206 4.382792 -17.030426
v -13.473507 4.590984 -16.858849
v -13.553433 4.673935 -16.645882
v -11.697824 5.472647 -15.142740
v -12.347515 5.472647 -15.142740
v -12.106289 5.538167 -15.309879
v -12.129050 3.914134 -17.896242
v -13.441929 4.230258 -17.348700
v -13.766183 4.940583 -16.118380
v -12.857643 5.510220 -15.131740
v -11.400457 5.510220 -15.131740
v -10.491919 4.940583 -16.118380
v -10.816173 4.230258 -17.348700
v -12.104119 6.459805 -17.594193
v -12.274866 6.500918 -17.522984
v -12.317038 6.593300 -17.362972
v -12.198876 6.667384 -17.234653
v -12.009361 6.667384 -17.234653
v -11.891201 6.593300 -17.362972
v -11.933372 6.500918 -17.522984
v -10.768807 4.334018 -17.168982
v -10.541280 4.832449 -16.305674
v -10.751863 4.889588 -16.596605
v -11.347642 4.102287 -17.570351
v -11.120317 4.157024 -17.475544
v -11.472468 4.589363 -17.516857
v -12.677519 4.046198 -17.667500
v -12.576504 4.021874 -17.709629
v -12.554781 4.443839 -17.631493
v -13.166634 4.163971 -17.463512
v -12.982403 4.119610 -17.540346
v -13.073218 4.248878 -17.480549
v -13.676046 4.743128 -16.460382
v -13.520809 4.403058 -17.049402
v -13.501110 4.611251 -16.877825
v -13.581037 4.694201 -16.664856
v -11.697824 5.510220 -15.131740
v -12.347515 5.510220 -15.131740
v -12.106289 5.575741 -15.298878
v -11.425979 6.637611 -15.686224
v -10.540903 6.131624 -16.562620
v -10.780262 5.470155 -17.708319
v -11.963813 5.151305 -18.260582
v -13.200319 5.415174 -17.803547
v -13.558665 6.063065 -16.681370
v -12.769010 6.607100 -15.739072
v -12.056951 7.700624 -17.905645
v -11.988398 7.661432 -17.973526
v -12.006937 7.610198 -18.062265
v -12.098608 7.585502 -18.105042
v -12.194382 7.605940 -18.069641
v -12.222136 7.656122 -17.982725
v -12.160975 7.698260 -17.909739
v -12.877084 6.530810 -15.874029
v -13.439848 6.143092 -16.545578
v -13.176192 6.358827 -16.537268
v -12.227170 6.618836 -15.721565
v -12.463354 6.613470 -15.730859
v -12.226212 6.791574 -16.162775
v -11.060067 6.426922 -16.053970
v -11.129231 6.466463 -15.985483
v -11.250448 6.615228 -16.339449
v -10.725173 6.235467 -16.385580
v -10.851315 6.307580 -16.260675
v -10.815869 6.307296 -16.414940
v -10.718085 5.653273 -17.393969
v -10.601699 5.974906 -16.836884
v -10.711621 5.946341 -17.063486
v -10.725834 5.806176 -17.241327
v -12.952303 5.365419 -17.892548
v -12.392379 5.245932 -18.099504
v -12.559083 5.452417 -18.004818
v -11.416466 6.671001 -15.679765
v -10.517546 6.157099 -16.569870
v -10.760649 5.485283 -17.733490
v -11.962713 5.161447 -18.294392
v -13.218561 5.429443 -17.830208
v -13.582513 6.087467 -16.690475
v -12.780504 6.640013 -15.733438
v -12.031260 7.768399 -17.875273
v -11.925320 7.707834 -17.980173
v -11.953970 7.628658 -18.117310
v -12.095637 7.590493 -18.183414
v -12.243644 7.622077 -18.128710
v -12.286536 7.699627 -17.994389
v -12.192018 7.764747 -17.881598
v -12.897657 6.559300 -15.873238
v -13.460421 6.171582 -16.544785
v -13.196766 6.387317 -16.536476
v -12.228324 6.652557 -15.711712
v -12.464508 6.647192 -15.721004
v -12.227365 6.825296 -16.152920
v -11.040933 6.456314 -16.051615
v -11.110098 6.495854 -15.983129
v -11.231314 6.644619 -16.337093
v -10.706038 6.264858 -16.383224
v -10.832180 6.336972 -16.258320
v -10.796735 6.336687 -16.412586
v -10.693070 5.672034 -17.410027
v -10.576685 5.993668 -16.852942
v -10.686606 5.965101 -17.079544
v -10.700820 5.824937 -17.257385
v -12.962281 5.374753 -17.924932
v -12.402357 5.255266 -18.131891
v -12.569062 5.461752 -18.037205
v -13.220811 7.367062 -16.566372
v -12.076866 7.599553 -16.163685
v -11.000092 7.297323 -16.687164
v -10.801320 6.687957 -17.742617
v -11.630231 6.230320 -18.535267
v -12.862637 6.269023 -18.468231
v -13.570512 6.774921 -17.591991
v -12.180606 8.623674 -18.451300
v -12.097193 8.640627 -18.421938
v -12.018677 8.618588 -18.460108
v -12.004184 8.574155 -18.537069
v -12.064625 8.540786 -18.594866
v -12.154489 8.543608 -18.589979
v -12.206105 8.580497 -18.526085
v -13.468392 6.706140 -17.713848
v -12.963511 6.345316 -18.338814
v -12.984371 6.622542 -18.194483
v -13.426174 7.014390 -17.179943
v -13.487720 6.910174 -17.360449
v -13.168939 7.265141 -17.426218
v -12.743159 7.463449 -16.402151
v -12.832624 7.445267 -16.433643
v -12.667283 7.601224 -16.725739
v -12.309973 7.551488 -16.249660
v -12.473138 7.518327 -16.307098
v -12.346301 7.574866 -16.350517
v -11.297176 7.379903 -16.546856
v -11.821163 7.526976 -16.292118
v -11.671228 7.518137 -16.470243
v -11.480784 7.452496 -16.524250
v -11.467677 6.323825 -18.376038
v -11.092026 6.531219 -18.016819
v -11.302999 6.591256 -18.154549
v -13.238157 7.396399 -16.565170
v -12.075399 7.632713 -16.155861
v -10.980916 7.325512 -16.687950
v -10.778875 6.706125 -17.760759
v -11.621418 6.240963 -18.566444
v -12.874092 6.280302 -18.498308
v -13.593609 6.794519 -17.607656
v -12.222550 8.675248 -18.437214
v -12.093645 8.701447 -18.391836
v -11.972309 8.667390 -18.450825
v -11.949910 8.598722 -18.569759
v -12.043316 8.547154 -18.659079
v -12.182190 8.551516 -18.651524
v -12.261956 8.608522 -18.552784
v -13.488506 6.719406 -17.737757
v -12.983626 6.358582 -18.362720
v -13.004486 6.635808 -18.218391
v -13.449718 7.038168 -17.185644
v -13.511264 6.933953 -17.366152
v -13.192482 7.288920 -17.431919
v -12.752403 7.495122 -16.394176
v -12.841868 7.476939 -16.425671
v -12.676526 7.632898 -16.717766
v -12.319217 7.583161 -16.241688
v -12.482382 7.550000 -16.299126
v -12.355544 7.606539 -16.342546
v -11.285160 7.410908 -16.540039
v -11.809147 7.557981 -16.285301
v -11.659212 7.549143 -16.463425
v -11.468767 7.483502 -16.517435
v -11.449482 6.335888 -18.402029
v -11.073831 6.543283 -18.042812
v -11.284804 6.603319 -18.180540
v -11.994214 7.005690 -19.310902
v -13.165393 7.219013 -18.941416
v -13.562046 7.809849 -17.918056
v -12.885486 8.333288 -17.011435
v -11.645175 8.395168 -16.904255
v -10.775094 7.948894 -17.677225
v -10.930431 7.330518 -18.748283
v -12.096169 9.502566 -19.052502
v -12.165127 9.515127 -19.030746
v -12.188481 9.549914 -18.970491
v -12.148646 9.580734 -18.917110
v -12.075618 9.584377 -18.910801
v -12.024387 9.558102 -18.956312
v -12.033534 9.521692 -19.019375
v -10.911883 7.418770 -18.598032
v -10.801186 7.859443 -17.834764
v -10.963953 7.900478 -18.102406
v -11.361213 7.202046 -18.973408
v -11.174148 7.259167 -18.874474
v -11.482622 7.617167 -18.971870
v -12.480851 7.097219 -19.154976
v -12.389334 7.080550 -19.183847
v -12.394592 7.447459 -19.115381
v -12.923974 7.177931 -19.015179
v -12.757067 7.147530 -19.067835
v -12.845613 7.255661 -19.023104
v -13.450017 7.649309 -18.198727
v -13.257158 7.362036 -18.696299
v -13.261926 7.543206 -18.546713
v -13.350503 7.611335 -18.368513
v -11.892236 8.382306 -16.929138
v -12.453850 8.354287 -16.977669
v -12.235666 8.421850 -17.104431
v -11.991992 7.015101 -19.342052
v -13.181419 7.231748 -18.966808
v -13.584253 7.831791 -17.927504
v -12.897151 8.363386 -17.006754
v -11.637514 8.426230 -16.897903
v -10.753876 7.973001 -17.682919
v -10.911633 7.344989 -18.770668
v -12.091589 9.506173 -19.107582
v -12.198155 9.525584 -19.073961
v -12.234247 9.579345 -18.980844
v -12.172687 9.626973 -18.898350
v -12.059830 9.632604 -18.888599
v -11.980659 9.591996 -18.958931
v -11.994794 9.535729 -19.056389
v -10.888588 7.436726 -18.611776
v -10.777891 7.877398 -17.848509
v -10.940658 7.918433 -18.116150
v -11.348976 7.211447 -19.001972
v -11.161911 7.268567 -18.903036
v -11.470386 7.626566 -19.000433
v -12.488888 7.105608 -19.185291
v -12.397370 7.088938 -19.214163
v -12.402628 7.455847 -19.145697
v -12.932011 7.186319 -19.045494
v -12.765102 7.155918 -19.098150
v -12.853649 7.264050 -19.053419
v -13.472274 7.664991 -18.216410
v -13.279416 7.377718 -18.713980
v -13.284184 7.558888 -18.564394
v -13.372761 7.627017 -18.386194
v -11.894567 8.413406 -16.920116
v -12.456181 8.385386 -16.968647
v -12.237997 8.452949 -17.095409
v -12.104119 1.800712 -15.086707
v -12.104120 7.576313 -18.183691
v -11.882237 1.836760 -15.024271
v -11.989751 7.594893 -18.151508
v -11.745106 1.914464 -14.889685
v -11.919067 7.631138 -18.088730
v -11.745106 2.047782 -14.658770
v -11.919067 7.703663 -17.963112
v -11.882237 2.142155 -14.495312
v -11.989751 7.752307 -17.878859
v -12.104119 2.178202 -14.432876
v -12.104120 7.770888 -17.846676
v -12.326002 2.142155 -14.495312
v -12.218489 7.752307 -17.878859
v -12.463134 2.047782 -14.658770
v -12.289172 7.703663 -17.963112
v -12.463134 1.931131 -14.860814
v -12.289172 7.643537 -18.067255
v -12.326002 1.836760 -15.024271
v -12.218489 7.594893 -18.151508
v -12.027296 9.359509 -18.925892
v -12.100637 9.356672 -18.954227
v -11.983845 9.375026 -18.861374
v -11.986882 9.397299 -18.785318
v -12.035246 9.417818 -18.726774
v -12.110464 9.428745 -18.708103
v -12.183805 9.425909 -18.736437
v -12.227257 9.410391 -18.800955
v -12.224220 9.388119 -18.877010
v -12.175856 9.367599 -18.935556
v -12.022684 10.332733 -19.513044
v -12.068229 10.330176 -19.530571
v -11.995807 10.344010 -19.473482
v -11.997863 10.359701 -19.426994
v -12.028066 10.373813 -19.391338
v -12.074880 10.380953 -19.380135
v -12.120424 10.378396 -19.397661
v -12.147302 10.367118 -19.437223
v -12.145246 10.351427 -19.483711
v -12.115043 10.337317 -19.519367
v -12.010790 10.918738 -19.746412
v -12.032637 10.912247 -19.752842
v -11.998387 10.934227 -19.732819
v -12.000166 10.952796 -19.717255
v -12.015446 10.967353 -19.705664
v -12.038392 10.972339 -19.702475
v -12.060238 10.965846 -19.708904
v -12.072641 10.950358 -19.722498
v -12.070863 10.931788 -19.738064
v -12.055582 10.917233 -19.749653
v -12.023261 11.506172 -20.020195
v -12.021969 11.506012 -20.020447
v -12.021124 11.505553 -20.021294
v -12.021044 11.504978 -20.022388
v -12.021730 11.504505 -20.023312
v -12.022911 11.504309 -20.023731
v -12.024156 11.504457 -20.023504
v -12.025010 11.504900 -20.022705
v -12.025145 11.505474 -20.021616
v -12.024482 11.505963 -20.020649
vn 0.0091 -0.9909 0.1344
vn -0.1656 -0.9714 0.1704
vn -0.0005 -0.9935 0.1141
vn -0.9036 0.2067 -0.3751
vn -0.9076 0.2126 -0.3620
vn -0.9054 0.2056 -0.3716
vn -0.0023 0.7649 0.6442
vn 0.0039 0.7649 0.6441
vn -0.0115 0.7665 0.6421
vn 0.0052 -0.8223 -0.5690
vn -0.0036 -0.8223 -0.5690
vn -0.0003 -0.8185 -0.5745
vn 0.0211 -0.8167 -0.5767
vn 0.3964 -0.8869 -0.2372
vn 0.3646 -0.9191 -0.1494
vn 0.3637 -0.9199 -0.1469
vn 0.0022 0.7650 0.6440
vn 0.0128 0.7667 0.6419
vn 0.7720 -0.3902 0.5018
vn 0.7720 -0.3901 0.5018
vn -0.6621 0.7246 0.1913
vn 0.5199 -0.3990 0.7554
vn -0.7132 -0.4302 0.5534
vn -0.7132 -0.4302 0.5533
vn 0.7270 -0.6686 -0.1565
vn -0.4273 -0.9009 -0.0759
vn 0.3962 -0.5792 0.7124
vn 0.3701 -0.7594 0.5352
vn 0.3381 -0.8547 0.3940
vn 0.3724 -0.7578 0.5357
vn 0.3387 -0.9239 -0.1781
vn 0.4077 -0.8991 -0.1592
vn -0.6290 -0.7205 -0.2921
vn 0.4078 0.0639 -0.9108
vn -0.3932 0.0383 0.9187
vn -0.4187 0.0379 0.9074
vn -0.3917 0.0382 0.9193
vn 0.5356 -0.0700 0.8416
vn 0.3508 -0.1200 0.9287
vn 0.3581 -0.1414 0.9229
vn 0.3634 -0.1218 0.9236
vn 0.5717 -0.3139 0.7581
vn 0.5273 -0.3976 0.7509
vn 0.5735 -0.3101 0.7582
vn 0.0030 -0.8221 -0.5693
vn 0.0114 -0.8190 -0.5736
vn -0.8915 -0.2667 0.3661
vn -0.8880 -0.2555 0.3824
vn -0.8880 -0.2568 0.3816
vn -0.0000 0.7673 0.6412
vn 0.8297 -0.3259 0.4531
vn 0.8578 0.2492 0.4495
vn 0.3605 0.0248 0.9324
vn 0.2650 0.0691 0.9618
vn 0.3577 0.0346 0.9332
vn 0.8662 0.4858 -0.1173
vn -0.8369 -0.1865 0.5146
vn -0.8935 -0.2822 0.3494
vn 0.0554 0.0362 0.9978
vn -0.3476 0.0365 0.9370
vn -0.0084 -0.8181 -0.5751
vn -0.8905 0.1887 -0.4140
vn -0.9056 0.2050 -0.3713
vn 0.0139 0.8693 -0.4941
vn 0.0140 0.8710 -0.4911
vn 0.0155 0.8684 -0.4956
vn 0.0196 0.8671 -0.4978
vn 0.0162 0.8677 -0.4969
vn 0.0160 0.8685 -0.4954
vn 0.0148 0.8683 -0.4958
vn 0.8808 -0.2980 0.3680
vn 0.9017 -0.3342 0.2743
vn 0.8807 -0.2976 0.3686
vn -0.4112 -0.1059 -0.9054
vn -0.4282 -0.0998 -0.8981
vn -0.4111 -0.1059 -0.9054
vn 0.4069 -0.1219 -0.9053
vn 0.4053 -0.1221 -0.9060
vn -0.0010 0.8808 0.4735
vn -0.0056 0.8711 0.4910
vn 0.0056 0.8711 0.4910
vn 0.4098 -0.1219 -0.9040
vn 0.3925 0.0212 0.9195
vn 0.3598 0.0223 0.9327
vn 0.9195 0.1871 -0.3456
vn 0.9186 0.1854 -0.3491
vn 0.9188 0.1851 -0.3486
vn 0.9187 0.1847 -0.3492
vn 0.9179 0.1836 -0.3517
vn 0.9227 0.1930 -0.3337
vn -0.8901 -0.2594 0.3747
vn -0.8806 -0.2437 0.4064
vn -0.0266 -0.8681 0.4956
vn -0.0179 -0.8691 0.4943
vn -0.0182 -0.8692 0.4941
vn -0.0197 -0.8702 0.4924
vn -0.0130 -0.8744 0.4850
vn -0.0241 -0.8707 0.4912
vn -0.4121 0.0364 0.9104
vn -0.3891 0.0387 0.9204
vn 0.4088 -0.1218 -0.9044
vn 0.7381 -0.6375 0.2209
vn 0.6456 -0.7578 0.0945
vn -0.6215 -0.7803 0.0707
vn -0.5938 -0.8046 0.0045
vn 0.0115 -0.9101 -0.4143
vn 0.8042 -0.3958 0.4435
vn 0.8035 -0.4021 0.4390
vn 0.8055 -0.3979 0.4392
vn -0.6013 -0.6460 -0.4702
vn 0.7495 -0.6151 0.2445
vn 0.6912 -0.6709 0.2687
vn 0.7560 -0.6083 0.2416
vn 0.6912 -0.4002 0.6017
vn 0.5363 -0.3705 0.7584
vn 0.5311 -0.3731 0.7607
vn 0.7549 0.3347 -0.5639
vn 0.7653 0.2912 -0.5741
vn 0.7648 0.2874 -0.5766
vn -0.7056 0.1586 -0.6906
vn -0.7153 0.1722 -0.6773
vn -0.7170 0.1685 -0.6764
vn 0.2961 -0.9195 0.2587
vn 0.3402 -0.8474 0.4076
vn 0.3362 -0.8481 0.4095
vn -0.1204 0.8386 0.5313
vn -0.0879 0.8435 0.5298
vn -0.0879 0.8426 0.5314
vn -0.6532 -0.1157 0.7483
vn -0.6671 -0.0937 0.7390
vn -0.6806 -0.1412 0.7189
vn -0.7303 0.6008 0.3251
vn -0.7300 0.6010 0.3253
vn -0.7301 0.6010 0.3252
vn -0.6854 -0.5980 -0.4155
vn 0.1724 -0.6173 0.7676
vn -0.0131 -0.6061 0.7953
vn -0.0155 -0.6137 0.7894
vn -0.4036 -0.0806 0.9114
vn 0.8666 0.3728 -0.3317
vn 0.8564 0.3366 -0.3914
vn 0.8632 0.3860 -0.3255
vn -0.9463 -0.0111 0.3231
vn 0.6566 0.1069 -0.7466
vn 0.6717 0.0808 -0.7364
vn 0.6610 0.0747 -0.7467
vn 0.9177 0.1826 -0.3527
vn -0.4095 -0.1064 -0.9061
vn 0.7027 -0.6598 -0.2662
vn -0.8049 -0.3205 0.4993
vn 0.5714 -0.7109 -0.4100
vn 0.8780 -0.2938 0.3780
vn -0.7759 -0.6271 -0.0689
vn -0.7637 -0.6393 -0.0899
vn -0.7628 -0.6453 -0.0417
vn 0.1512 -0.9701 0.1901
vn 0.2977 -0.9196 0.2565
vn -0.8595 -0.4958 0.1244
vn 0.1730 -0.6136 0.7704
vn 0.5957 -0.3233 0.7352
vn 0.4208 0.8218 0.3842
vn 0.4177 0.8184 0.3946
vn 0.4235 0.8165 0.3924
vn 0.7594 0.6506 -0.0116
vn 0.6987 0.7153 -0.0086
vn 0.7615 0.6468 0.0424
vn 0.5666 -0.7368 -0.3690
vn -0.0558 -0.0503 -0.9972
vn 0.2839 -0.0823 0.9553
vn 0.2544 -0.1110 0.9607
vn 0.2886 -0.0807 0.9540
vn -0.8547 -0.3865 0.3465
vn -0.8608 -0.3939 0.3223
vn -0.8564 -0.3832 0.3461
vn -0.8821 0.4220 -0.2094
vn -0.7815 0.5341 -0.3226
vn -0.8863 0.3934 -0.2445
vn 0.7627 -0.4601 -0.4546
vn -0.3296 -0.9057 -0.2666
vn -0.3081 -0.9343 -0.1790
vn -0.3306 -0.9041 -0.2707
vn -0.7937 -0.6010 0.0939
vn 0.7365 -0.6509 0.1840
vn 0.7054 -0.6084 0.3637
vn 0.7010 -0.6122 0.3658
vn -0.0282 0.2066 0.9780
vn 0.4950 0.8452 -0.2016
vn 0.5025 0.6050 -0.6176
vn 0.4950 0.8452 -0.2015
vn 0.4167 0.9034 -0.1007
vn -0.0251 0.9977 0.0626
vn 0.1147 0.9920 0.0527
vn -0.3520 0.9349 -0.0463
vn -0.5310 0.7996 -0.2806
vn -0.2085 0.9776 0.0278
vn -0.5536 0.7168 -0.4239
vn -0.5536 0.7168 -0.4240
vn 0.1317 0.4523 -0.8821
vn -0.3383 0.5021 -0.7959
vn -0.2585 -0.9214 -0.2901
vn -0.2274 -0.9506 -0.2113
vn -0.2245 -0.9528 -0.2041
vn -0.7141 -0.5285 0.4591
vn -0.6527 -0.4804 0.5858
vn -0.7190 -0.6852 0.1164
vn -0.5916 -0.8059 0.0244
vn -0.5906 -0.8064 0.0282
vn -0.6446 0.3659 0.6712
vn 0.3703 -0.1237 0.9206
vn 0.3703 -0.1237 0.9207
vn -0.9328 -0.1962 -0.3023
vn -0.2364 -0.9508 -0.2004
vn 0.3280 -0.9067 -0.2651
vn 0.2920 -0.9377 -0.1883
vn 0.3306 -0.9041 -0.2707
vn -0.0010 -0.1873 0.9823
vn -0.2132 -0.2703 0.9389
vn -0.2097 -0.2747 0.9384
vn -0.6399 -0.3541 0.6820
vn 0.7007 -0.5865 0.4063
vn 0.7026 -0.5387 0.4650
vn -0.5930 -0.8052 0.0025
vn -0.6266 -0.7756 0.0767
vn -0.7188 -0.6851 0.1177
vn -0.7138 -0.6015 0.3587
vn -0.7223 -0.6821 0.1138
vn -0.4656 -0.8624 -0.1985
vn -0.7186 -0.6905 -0.0826
vn -0.6976 -0.7164 0.0066
vn -0.7035 -0.7105 0.0118
vn -0.7625 -0.6467 0.0160
vn -0.7739 -0.2850 0.5655
vn -0.7687 -0.3192 0.5542
vn -0.7575 -0.3359 0.5599
vn -0.7155 -0.3755 0.5891
vn -0.7094 -0.3763 0.5959
vn -0.7505 -0.3031 0.5873
vn -0.7095 -0.3763 0.5959
vn -0.7227 -0.2992 0.6230
vn -0.7667 -0.2752 0.5800
vn -0.7082 -0.3733 0.5993
vn -0.2040 -0.8454 -0.4937
vn -0.1738 -0.9171 -0.3588
vn -0.2433 -0.8616 -0.4454
vn -0.1815 -0.8487 -0.4967
vn 0.8807 -0.3736 0.2913
vn 0.7925 -0.5177 0.3225
vn 0.8872 -0.3917 0.2436
vn 0.7853 -0.5322 0.3164
vn 0.8823 -0.4237 0.2049
vn 0.9002 -0.3740 0.2229
vn -0.2069 -0.0336 0.9778
vn -0.2204 -0.0471 0.9743
vn -0.2225 -0.0447 0.9739
vn -0.1939 -0.1453 0.9702
vn -0.1743 -0.0448 0.9837
vn -0.2004 -0.0320 0.9792
vn -0.1968 -0.0394 0.9797
vn -0.1815 -0.1470 0.9723
vn 0.7204 0.6889 0.0805
vn 0.7639 0.6391 0.0896
vn 0.7758 0.6272 0.0693
vn 0.8176 0.5755 -0.0148
vn 0.7095 0.3763 -0.5959
vn 0.7649 0.3166 -0.5609
vn -0.2858 0.0741 -0.9554
vn -0.2573 0.1076 -0.9603
vn -0.2626 0.0884 -0.9608
vn 0.7250 0.3016 -0.6191
vn 0.7523 0.3049 -0.5841
vn 0.1606 0.8501 0.5015
vn 0.1806 0.8506 0.4938
vn 0.1906 0.8416 0.5053
vn 0.2343 0.8647 0.4442
vn 0.1992 0.8471 0.4927
vn 0.1619 0.9225 0.3503
vn -0.8794 0.3792 -0.2878
vn -0.6591 -0.7286 -0.1862
vn -0.9004 0.3735 -0.2233
vn 0.1859 0.1607 -0.9693
vn 0.2157 0.0479 -0.9753
vn 0.2197 0.0456 -0.9745
vn 0.2065 0.0334 -0.9779
vn 0.2009 0.0320 -0.9791
vn 0.1793 0.0478 -0.9826
vn 0.1996 0.0412 -0.9790
vn -0.0751 -0.1858 0.9797
vn -0.0618 -0.2778 0.9587
vn -0.0757 -0.1818 0.9804
vn 0.1741 0.8439 0.5075
vn -0.3516 -0.1065 0.9301
vn -0.3685 -0.1116 0.9229
vn -0.3418 -0.1255 0.9314
vn 0.8999 -0.3659 0.2374
vn -0.3386 0.0362 -0.9402
vn -0.3382 0.0111 -0.9410
vn -0.3504 0.0136 -0.9365
vn -0.1801 -0.8507 -0.4938
vn -0.1525 -0.8496 -0.5049
vn -0.8125 0.3874 -0.4356
vn -0.8151 0.3800 -0.4372
vn -0.8165 0.3820 -0.4329
vn 0.3128 0.1311 -0.9407
vn 0.3391 0.1881 -0.9217
vn 0.3440 0.1090 -0.9326
vn 0.6533 -0.7362 -0.1766
vn 0.6677 0.7167 0.2011
vn 0.3549 -0.7985 -0.4862
vn 0.0944 -0.7507 -0.6539
vn 0.3683 -0.7989 -0.4755
vn 0.0271 0.8833 0.4680
vn -0.0000 0.9310 0.3650
vn 0.8019 -0.3325 0.4964
vn 0.8024 -0.3233 0.5017
vn 0.7934 -0.3227 0.5162
vn -0.2601 -0.3064 0.9157
vn 0.5291 -0.8350 -0.1514
vn 0.6207 -0.7828 0.0446
vn 0.6199 -0.7831 0.0507
vn 0.5624 -0.8187 -0.1160
vn 0.5095 -0.8591 -0.0485
vn 0.5648 -0.8166 -0.1191
vn 0.5375 -0.1975 0.8198
vn -0.6199 -0.7833 -0.0459
vn -0.5822 -0.8127 0.0222
vn -0.6243 -0.7793 -0.0544
vn 0.4143 -0.8275 -0.3788
vn 0.6696 -0.6060 -0.4294
vn -0.5336 0.6474 -0.5442
vn -0.2173 0.4666 -0.8574
vn 0.2626 0.4775 -0.8385
vn 0.5448 0.6719 -0.5017
vn -0.4481 0.8838 -0.1348
vn -0.2402 0.4718 -0.8484
vn 0.2402 0.4718 -0.8484
vn 0.2710 0.9626 0.0017
vn 0.5464 0.7657 -0.3392
vn 0.4104 0.5354 -0.7382
vn 0.5464 0.7658 -0.3392
vn -0.7264 -0.4576 0.5128
vn -0.6644 -0.5178 0.5389
vn -0.7308 -0.4530 0.5107
vn 0.7006 -0.5738 0.4241
vn 0.6900 -0.4815 0.5404
vn 0.6965 -0.5777 0.4256
vn -0.6175 -0.7851 -0.0484
vn -0.4655 -0.8788 -0.1048
vn -0.4626 -0.8810 -0.0997
vn 0.9086 0.1921 0.3710
vn 0.9086 0.1921 0.3709
vn -0.4316 0.4344 0.7906
vn -0.7292 -0.4549 0.5112
vn -0.6657 -0.5286 0.5268
vn -0.6637 -0.5307 0.5272
vn 0.8161 -0.5464 0.1885
vn -0.2467 0.0832 0.9655
vn -0.2593 -0.6235 -0.7376
vn 0.3944 -0.8886 -0.2342
vn 0.3536 -0.9216 -0.1600
vn 0.3971 -0.8860 -0.2393
vn -0.2860 -0.2152 0.9338
vn -0.2737 -0.3008 0.9136
vn -0.2724 -0.3089 0.9113
vn 0.7520 -0.4995 0.4300
vn 0.7520 -0.4996 0.4300
vn -0.5857 -0.8103 0.0186
vn -0.5513 -0.8331 -0.0449
vn -0.5857 -0.8103 0.0187
vn -0.5503 -0.8337 -0.0467
vn 0.3708 -0.2337 0.8988
vn 0.1824 -0.2748 0.9441
vn 0.1836 -0.2784 0.9427
vn -0.5957 -0.3233 0.7352
vn -0.5957 -0.3234 0.7352
vn -0.2792 -0.2828 0.9176
vn -0.4619 -0.2789 0.8420
vn -0.2753 -0.2868 0.9176
vn 0.5618 -0.8196 -0.1127
vn 0.6413 -0.7613 0.0956
vn -0.3778 -0.1499 0.9137
vn -0.3414 -0.1886 0.9208
vn -0.3340 -0.1837 0.9245
vn -0.3137 -0.1413 0.9389
vn 0.3335 -0.1341 0.9332
vn 0.3321 -0.1463 0.9318
vn 0.3338 -0.1817 0.9250
vn 0.3391 -0.1881 0.9217
vn 0.3774 -0.1578 0.9125
vn 0.3434 -0.1881 0.9202
vn -0.8180 -0.3826 0.4296
vn -0.8160 -0.3907 0.4261
vn -0.8182 -0.3928 0.4199
vn -0.8105 -0.3753 0.4496
vn -0.7663 -0.4399 0.4683
vn -0.7918 -0.3815 0.4770
vn -0.8160 -0.3760 0.4391
vn 0.0291 -0.8902 -0.4547
vn 0.0077 -0.9244 -0.3813
vn 0.0009 -0.8885 -0.4590
vn -0.0043 -0.9289 -0.3704
vn -0.0269 -0.8909 -0.4534
vn -0.0052 -0.8814 -0.4723
vn 0.7984 -0.3960 0.4536
vn 0.7992 -0.3945 0.4535
vn 0.7703 -0.4386 0.4629
vn 0.8039 -0.4120 0.4289
vn 0.7711 -0.4468 0.4536
vn 0.3858 0.1374 -0.9123
vn 0.3761 0.0889 -0.9223
vn 0.3553 0.0827 -0.9311
vn -0.3391 0.1881 -0.9217
vn -0.3397 0.1203 -0.9328
vn -0.3347 0.1349 -0.9326
vn -0.3622 0.1076 -0.9259
vn -0.3842 0.1468 -0.9115
vn -0.3593 0.1243 -0.9249
vn 0.8268 0.3760 -0.4184
vn 0.8223 0.3715 -0.4312
vn 0.8293 0.3660 -0.4222
vn 0.8272 0.3585 -0.4328
vn 0.7976 0.3738 -0.4734
vn 0.8206 0.3617 -0.4424
vn 0.7620 0.4533 -0.4625
vn -0.0285 0.8839 0.4669
vn 0.6763 -0.7138 -0.1821
vn 0.6946 -0.6995 -0.1683
vn 0.7008 -0.6968 -0.1531
vn -0.7620 0.4533 -0.4625
vn -0.8080 0.3841 -0.4469
vn -0.8086 0.3809 -0.4485
vn -0.8119 0.3997 -0.4254
vn -0.2855 -0.2122 0.9346
vn -0.2543 -0.3001 0.9194
vn -0.2869 -0.2080 0.9351
vn 0.0267 -0.8877 -0.4597
vn 0.0494 -0.8875 -0.4581
vn 0.0201 -0.8995 -0.4364
vn -0.9000 0.3660 -0.2368
vn -0.1809 -0.5977 0.7810
vn 0.0079 -0.6095 0.7927
vn -0.1828 -0.5961 0.7818
vn -0.3213 0.8517 0.4140
vn -0.3358 0.8668 0.3686
vn -0.3389 0.8568 0.3885
vn 0.8277 0.3918 -0.4018
vn 0.8327 0.3883 -0.3948
vn 0.8320 0.3850 -0.3993
vn 0.0137 0.9079 0.4191
vn -0.0355 0.9306 0.3643
vn -0.0193 0.8937 0.4482
vn -0.8381 0.3117 -0.4476
vn 0.3281 -0.8508 -0.4106
vn 0.3041 -0.8692 -0.3899
vn 0.3103 -0.8537 -0.4183
vn 0.0053 -0.8814 -0.4723
vn -0.3689 0.0500 -0.9281
vn -0.3068 0.1808 -0.9344
vn -0.8043 0.3260 -0.4967
vn -0.8067 0.3164 -0.4991
vn -0.8089 0.3187 -0.4941
vn 0.4357 0.4337 0.7887
vn -0.7280 -0.4478 0.5192
vn -0.7107 -0.6063 0.3568
vn -0.2602 -0.9203 -0.2922
vn -0.2445 -0.9482 -0.2028
vn -0.2608 -0.9188 -0.2962
vn 0.5955 -0.2257 0.7710
vn 0.7497 -0.6137 0.2477
vn 0.7739 -0.2812 0.5675
vn -0.4536 0.5625 -0.6912
vn -0.0347 0.4449 -0.8949
vn -0.0000 0.9980 0.0631
vn -0.4328 0.8938 -0.1174
vn -0.4328 0.8938 -0.1175
vn 0.4328 0.8938 -0.1174
vn 0.5397 0.6596 -0.5231
vn -0.5397 0.6596 -0.5231
vn 0.3716 -0.2348 0.8982
vn 0.3730 -0.2287 0.8992
vn 0.4097 -0.8983 -0.1586
vn 0.3314 -0.9255 -0.1833
vn 0.7360 -0.6525 0.1806
vn 0.6778 -0.7050 0.2089
vn 0.7428 -0.6456 0.1770
vn 0.0003 -0.1842 0.9829
vn 0.0074 -0.2762 0.9611
vn -0.0000 -0.1799 0.9837
vn -0.3006 -0.4933 -0.8163
vn 0.3300 -0.9050 -0.2684
vn 0.3046 -0.9357 -0.1783
vn 0.3038 -0.9364 -0.1756
vn -0.7680 -0.6399 0.0265
vn -0.2997 -0.9374 -0.1773
vn -0.7390 -0.6490 0.1807
vn -0.7094 -0.5658 0.4202
vn -0.7428 -0.6456 0.1770
vn 0.6391 -0.6808 -0.3578
vn -0.0761 -0.1889 0.9790
vn -0.0478 -0.9411 -0.3347
vn 0.1734 -0.2751 0.9457
vn 0.1033 -0.2516 0.9623
vn 0.1012 -0.2509 0.9627
vn -0.7392 -0.6491 0.1793
vn -0.6252 -0.7763 0.0804
vn -0.4010 -0.2574 0.8792
vn 0.0743 -0.9057 -0.4174
vn 0.0379 -0.9305 -0.3642
vn 0.0292 -0.9296 -0.3673
vn -0.0119 -0.9112 -0.4119
vn -0.6215 -0.7566 -0.2033
vn -0.6009 -0.7745 -0.1976
vn -0.5953 -0.7818 -0.1852
vn -0.5859 -0.7978 -0.1419
vn -0.5883 -0.7975 -0.1337
vn -0.6215 -0.7635 -0.1755
vn -0.6353 -0.7586 -0.1447
vn -0.6327 -0.7498 -0.1938
vn -0.5916 -0.7954 -0.1317
vn 0.6939 -0.7023 -0.1587
vn 0.6320 -0.7685 -0.1001
vn 0.6435 -0.7435 -0.1819
vn 0.6867 -0.7045 -0.1791
vn 0.3017 -0.0485 0.9522
vn 0.3041 -0.1631 0.9386
vn 0.3361 -0.0491 0.9406
vn 0.3120 -0.1762 0.9336
vn 0.3667 -0.0634 0.9282
vn 0.3469 -0.0308 0.9374
vn -0.8239 -0.4012 0.4003
vn -0.8213 -0.4134 0.3932
vn -0.8226 -0.4123 0.3916
vn -0.7793 -0.4621 0.4233
vn -0.8134 -0.3978 0.4244
vn -0.8232 -0.3979 0.4050
vn -0.8197 -0.4015 0.4085
vn -0.7754 -0.4587 0.4340
vn -0.0782 0.9006 0.4276
vn -0.0515 0.8784 0.4751
vn -0.0255 0.8786 0.4769
vn 0.5883 0.7975 0.1337
vn 0.6084 0.7669 0.2043
vn 0.5997 0.7769 0.1919
vn -0.3583 0.1095 -0.9272
vn 0.6321 0.7476 0.2038
vn 0.6413 0.7524 0.1504
vn 0.6250 0.7576 0.1881
vn -0.6941 0.6973 0.1791
vn -0.6482 0.7383 0.1862
vn -0.6853 0.7029 0.1906
vn -0.6326 0.7698 0.0857
vn -0.3052 0.0382 -0.9515
vn 0.3349 -0.0284 0.9418
vn 0.7691 0.4707 -0.4324
vn 0.8281 0.4019 -0.3908
vn 0.8300 0.4015 -0.3871
vn 0.8203 0.3894 -0.4188
vn 0.7691 0.4706 -0.4324
vn -0.9689 -0.0588 0.2406
vn -0.3277 -0.9070 -0.2646
vn -0.2913 -0.9377 -0.1895
vn -0.2877 -0.9402 -0.1822
vn 0.3614 -0.8963 -0.2571
vn 0.8196 -0.5719 0.0335
vn 0.8273 -0.5589 0.0569
vn 0.8003 -0.5977 0.0469
vn 0.6322 0.7147 0.2990
vn -0.7309 0.6628 0.1628
vn -0.4175 -0.7349 0.5344
vn -0.4183 -0.7345 0.5343
vn -0.4844 -0.2668 0.8332
vn -0.7039 0.6901 0.1682
vn -0.6925 0.6995 0.1765
vn -0.7711 0.6360 -0.0291
vn -0.7496 0.6509 -0.1202
vn -0.8052 0.5915 -0.0415
vn -0.5670 0.7360 0.3700
vn -0.5360 0.0688 -0.8414
vn 0.6283 0.7507 0.2042
vn 0.6969 -0.1661 0.6977
vn 0.7099 -0.1834 0.6800
vn 0.7036 -0.1754 0.6886
vn 0.6235 0.0984 -0.7756
vn 0.5793 0.2779 -0.7663
vn 0.6796 -0.3922 0.6199
vn 0.6173 -0.4673 0.6329
vn 0.6153 -0.4695 0.6332
vn 0.6876 -0.7242 0.0524
vn 0.6377 -0.7616 0.1152
vn 0.6326 -0.7649 0.1213
vn 0.1809 -0.9328 -0.3118
vn 0.3285 -0.9271 -0.1808
vn -0.7568 -0.5725 0.3155
vn -0.6745 -0.7212 0.1577
vn -0.6719 -0.7226 0.1626
vn -0.7064 -0.1878 0.6824
vn -0.8801 -0.2033 0.4291
vn -0.8878 -0.2036 0.4128
vn 0.1543 -0.1986 0.9679
vn -0.0221 -0.2610 0.9651
vn -0.0220 -0.2672 0.9634
vn 0.2885 0.4850 -0.8256
vn 0.5493 0.6867 -0.4761
vn 0.4103 0.5354 -0.7382
vn -0.5248 0.6331 -0.5690
vn -0.1895 0.4611 -0.8669
vn 0.7092 -0.5163 0.4801
vn 0.1583 -0.1986 0.9672
vn 0.1613 -0.2787 0.9467
vn 0.1578 -0.1882 0.9694
vn 0.3386 -0.8463 -0.4113
vn 0.6776 -0.3960 0.6197
vn 0.6275 -0.4707 0.6202
vn 0.6812 -0.3902 0.6195
vn 0.8890 -0.1001 0.4468
vn 0.9332 -0.1957 -0.3015
vn 0.6888 -0.7233 0.0495
vn 0.6270 -0.7724 0.1013
vn 0.6916 -0.7207 0.0469
vn 0.8929 -0.2412 -0.3802
vn 0.7014 -0.0644 0.7099
vn 0.6269 -0.7712 0.1106
vn 0.1796 -0.9332 -0.3113
vn -0.0699 -0.9616 -0.2655
vn 0.1813 -0.9309 -0.3171
vn -0.7019 -0.4122 0.5808
vn -0.7066 -0.5709 0.4181
vn -0.3592 -0.9109 -0.2033
vn 0.1205 -0.9434 -0.3090
vn -0.0702 -0.9629 -0.2604
vn -0.7590 -0.5696 0.3154
vn -0.6943 -0.6249 0.3569
vn -0.7619 -0.5669 0.3134
vn -0.7655 -0.6414 0.0510
vn 0.8073 -0.5784 0.1173
vn 0.7503 -0.6497 0.1223
vn 0.7496 -0.6522 0.1130
vn 0.7678 -0.6399 0.0322
vn 0.3415 -0.8601 -0.3789
vn 0.3359 -0.8696 -0.3619
vn 0.3023 -0.8989 -0.3172
vn 0.2943 -0.9023 -0.3151
vn 0.2625 -0.8839 -0.3869
vn 0.2904 -0.9027 -0.3176
vn 0.7251 -0.1877 0.6626
vn 0.6520 -0.3110 0.6915
vn 0.7301 -0.2431 0.6386
vn 0.7120 -0.1805 0.6785
vn -0.5926 -0.2650 0.7606
vn -0.5791 -0.2711 0.7689
vn -0.6185 -0.1074 0.7784
vn -0.6564 -0.0876 0.7493
vn -0.4142 -0.8252 -0.3840
vn -0.3984 -0.8345 -0.3807
vn -0.3976 -0.8335 -0.3836
vn -0.3825 -0.8758 -0.2945
vn -0.4368 -0.8249 -0.3588
vn -0.4204 -0.8232 -0.3817
vn -0.4205 -0.8265 -0.3744
vn -0.3921 -0.8741 -0.2867
vn -0.8127 0.5715 -0.1137
vn -0.8349 0.5482 -0.0494
vn -0.8266 0.5623 -0.0243
vn -0.2943 0.9023 0.3151
vn -0.3177 0.8511 0.4180
vn -0.2637 0.8805 0.3940
vn -0.3105 0.8633 0.3978
vn -0.7304 0.2366 -0.6407
vn -0.7274 0.1757 -0.6634
vn -0.6404 0.3162 -0.6999
vn 0.6816 0.1331 -0.7195
vn 0.3826 0.8810 0.2783
vn 0.4039 0.8285 0.3879
vn 0.4011 0.8280 0.3919
vn 0.4365 0.8213 0.3675
vn -0.7344 -0.6624 0.1479
vn -0.4371 -0.1042 0.8934
vn -0.4422 -0.1058 0.8907
vn -0.4342 -0.1099 0.8941
vn 0.1243 -0.8427 -0.5238
vn 0.0880 -0.8480 -0.5226
vn 0.0967 -0.8470 -0.5227
vn -0.4650 0.8714 -0.1561
vn -0.3843 -0.8411 0.3807
vn -0.3824 -0.8416 0.3814
vn -0.0540 0.8377 0.5435
vn -0.9994 -0.0301 -0.0140
vn -0.5642 -0.2098 0.7986
vn -0.5642 -0.2098 0.7985
vn -0.2983 -0.9127 -0.2792
vn -0.2790 -0.9412 -0.1905
vn -0.2991 -0.9113 -0.2831
vn 0.2318 -0.8865 -0.4006
vn -0.6124 -0.3465 0.7106
vn -0.6487 -0.4847 0.5867
vn -0.9102 -0.3290 0.2516
vn 0.7370 0.5828 0.3422
vn 0.3964 0.9144 -0.0817
vn -0.0550 0.9966 0.0607
vn 0.5695 -0.3159 0.7589
vn 0.5165 -0.3878 0.7634
vn 0.5115 -0.3942 0.7636
vn 0.7025 -0.5373 0.4667
vn 0.7024 -0.5902 0.3979
vn 0.7465 -0.6316 0.2093
vn 0.7001 -0.5934 0.3972
vn -0.7126 -0.6405 -0.2863
vn -0.0055 -0.0318 0.9995
vn 0.7869 -0.4599 0.4114
vn -0.0337 -0.1865 0.9819
vn -0.0210 -0.2741 0.9615
vn -0.0346 -0.1803 0.9830
vn 0.8385 0.1104 0.5336
vn -0.2964 -0.9140 -0.2769
vn -0.0726 -0.9641 -0.2555
vn 0.2037 -0.9635 0.1739
vn 0.2137 -0.9523 0.2178
vn -0.6263 -0.7792 -0.0247
vn 0.7458 -0.6326 0.2087
vn 0.7498 -0.6287 0.2063
vn 0.5456 -0.2949 0.7844
vn -0.2857 -0.9139 -0.2882
vn -0.0656 -0.9631 -0.2612
vn -0.6105 -0.3447 0.7130
vn -0.5561 -0.4079 0.7241
vn -0.6167 -0.3371 0.7114
vn -0.4464 -0.1183 0.8870
vn -0.4346 -0.1304 0.8911
vn -0.4272 -0.1245 0.8955
vn -0.4223 -0.1118 0.8995
vn 0.2564 -0.0930 0.9621
vn 0.2620 -0.1672 0.9505
vn 0.2675 -0.1730 0.9479
vn 0.2899 -0.1006 0.9518
vn 0.3217 -0.1239 0.9387
vn 0.2717 -0.1728 0.9467
vn -0.8545 -0.3715 0.3631
vn -0.7807 -0.4791 0.4013
vn -0.8276 -0.3821 0.4111
vn -0.0346 -0.1827 0.9826
vn -0.0357 -0.2788 0.9597
vn -0.0357 -0.2814 0.9589
vn 0.0539 -0.8425 -0.5360
vn 0.0870 -0.8472 -0.5241
vn 0.7926 -0.3254 0.5156
vn 0.7481 -0.4015 0.5283
vn 0.8042 -0.3476 0.4822
vn 0.8047 -0.3258 0.4963
vn 0.7500 -0.4093 0.5196
vn 0.4407 0.1016 -0.8919
vn 0.4296 0.0971 -0.8978
vn 0.4410 0.1002 -0.8919
vn -0.2675 0.1730 -0.9479
vn -0.2900 0.0722 -0.9543
vn -0.3217 0.1188 -0.9394
vn -0.2883 0.0939 -0.9529
vn 0.8588 0.3798 -0.3438
vn 0.8648 0.3642 -0.3456
vn 0.8546 0.3525 -0.3813
vn -0.7410 0.4159 -0.5273
vn -0.7969 0.3219 -0.5111
vn -0.7971 0.3180 -0.5133
vn -0.8058 0.3418 -0.4836
vn -0.1689 -0.2418 0.9555
vn -0.0374 0.8429 0.5368
vn 0.0361 -0.8472 -0.5301
vn 0.0822 -0.8481 -0.5234
vn 0.4192 0.0953 -0.9029
vn 0.4484 0.1122 -0.8868
vn 0.4323 0.1297 -0.8923
vn 0.0388 -0.9158 -0.3998
vn 0.3370 0.1095 0.9351
vn -0.1650 -0.9712 0.1720
vn 0.3325 -0.8562 0.3955
vn -0.4564 0.0376 0.8890
vn 0.5249 -0.4018 0.7503
vn -0.8861 -0.2500 0.3904
vn 0.6830 -0.6780 0.2718
vn -0.4047 -0.1081 -0.9080
vn 0.8718 -0.2852 0.3984
vn 0.1504 -0.9699 0.1917
vn -0.8576 -0.3903 0.3351
vn -0.3069 -0.9357 -0.1743
vn 0.7428 -0.6457 0.1770
vn 0.2889 -0.9400 -0.1818
vn -0.0612 -0.2823 0.9574
vn -0.1672 -0.8504 -0.4989
vn 0.0781 -0.7453 -0.6621
vn 0.5066 -0.8610 -0.0450
vn -0.5765 -0.8165 0.0320
vn -0.6589 -0.5227 0.5409
vn 0.3502 -0.9239 -0.1540
vn -0.2869 -0.2079 0.9351
vn -0.2526 -0.3049 0.9183
vn 0.0084 -0.6137 0.7895
vn -0.2436 -0.9494 -0.1981
vn 0.7560 -0.6084 0.2416
vn 0.6691 -0.7121 0.2128
vn 0.0078 -0.2810 0.9597
vn -0.7428 -0.6457 0.1770
vn -0.6954 -0.1865 0.6940
vn 0.1578 -0.1881 0.9694
vn 0.1616 -0.2904 0.9432
vn 0.6229 -0.4770 0.6200
vn 0.6234 -0.7749 0.1041
vn -0.6907 -0.6277 0.3591
vn -0.2780 -0.9424 -0.1860
vn -0.0199 -0.2811 0.9595
vn -0.5485 -0.4162 0.7252
vn -0.9913 0.0145 -0.1305
vn 0.0198 0.8857 -0.4638
vn 0.0234 0.8844 -0.4662
vn 0.0237 0.8862 -0.4627
vn -0.3089 -0.4495 -0.8382
vn 0.8331 -0.2236 -0.5060
vn 0.8334 -0.2237 -0.5054
vn 0.8345 -0.2196 -0.5053
vn -0.8505 0.3033 0.4298
vn -0.8503 0.3042 0.4295
vn -0.8506 0.3047 0.4286
vn -0.7276 -0.2576 -0.6358
vn -0.7272 -0.2578 -0.6362
vn -0.8087 -0.2690 -0.5231
vn 0.3089 0.4955 0.8118
vn -0.3089 0.4955 0.8118
vn 0.9997 0.0228 -0.0132
vn 0.9996 0.0230 -0.0133
vn 0.8088 0.3150 0.4966
vn -0.8088 0.3150 0.4966
vn -0.8089 0.2813 0.5162
vn -0.9996 0.0229 -0.0133
vn -0.9996 0.0230 -0.0133
vn -0.9996 0.0257 -0.0148
vn 0.3089 -0.4495 -0.8382
vn -0.9927 0.0941 -0.0756
vn -0.9995 0.0283 -0.0163
vn -0.3403 0.4672 0.8160
vn 0.8090 0.2841 0.5146
vn 0.3071 -0.3769 -0.8738
vn -0.3087 0.4376 0.8445
vn -0.2754 -0.4831 -0.8312
vn -0.2738 -0.4833 -0.8315
vn -0.2764 -0.4829 -0.8309
vn 0.3354 -0.4881 -0.8058
vn 0.3326 -0.4885 -0.8067
vn 0.3308 -0.4886 -0.8073
vn -0.3071 -0.3775 -0.8736
vn 0.8265 -0.2936 -0.4802
vn 0.8249 -0.2947 -0.4824
vn 0.8238 -0.2954 -0.4838
vn -0.7853 -0.2825 -0.5509
vn -0.7847 -0.2829 -0.5516
vn -0.7859 -0.2822 -0.5503
vn 0.9993 0.0313 -0.0180
vn 0.9996 0.0231 -0.0133
vn -0.3761 0.4817 0.7915
vn 0.7516 0.3396 0.5655
vn 0.7520 0.3394 0.5651
vn 0.2721 0.4458 0.8528
vn 0.9973 0.0607 0.0416
vn -0.0000 -0.8660 0.5000
vn 0.9989 0.0327 0.0323
vn 0.9991 0.0314 0.0295
vn 0.9990 0.0318 0.0306
vn 0.3549 -0.3523 -0.8660
vn 0.3573 -0.3519 -0.8652
vn 0.3533 -0.3525 -0.8666
vn 0.3087 0.4382 0.8442
vn 0.2236 0.4938 0.8403
vn 0.2240 0.4937 0.8403
vn 0.3663 -0.3921 -0.8439
vn 0.3646 -0.3924 -0.8444
vn 0.3651 -0.3923 -0.8443
vn 0.2736 0.5477 0.7907
vn 0.2749 0.5475 0.7904
vn 0.2757 0.5474 0.7902
vn 0.7125 -0.2619 -0.6510
vn -0.8216 0.3319 0.4635
vn -0.7834 -0.1583 -0.6010
vn -0.2670 -0.3295 -0.9056
vn -0.3206 0.5542 0.7681
vn -0.3239 0.5539 0.7670
vn -0.3185 0.5545 0.7688
vn -0.8064 -0.2240 -0.5472
vn -0.2114 -0.4038 -0.8901
vn -0.2100 -0.4039 -0.8904
vn 0.7157 -0.3230 -0.6193
vn 0.9991 0.0207 0.0372
vn 0.9989 0.0325 0.0333
vn -0.9974 0.0467 -0.0553
vn -0.9973 0.0454 -0.0575
vn -0.9974 0.0476 -0.0538
vn 0.8331 -0.2194 -0.5077
vn 0.8350 -0.2181 -0.5051
vn -0.8109 0.3693 0.4539
vn -0.8132 0.3678 0.4510
vn -0.8093 0.3704 0.4559
vn 0.7845 0.2750 0.5557
vn 0.7781 0.3546 0.5185
vn 0.7780 0.3547 0.5186
vn 0.0196 0.8870 -0.4613
vn 0.0186 0.8852 -0.4648
vn 0.0191 0.8842 -0.4668
vn 0.0186 0.8849 -0.4655
vn 0.0191 0.8841 -0.4669
vn 0.0199 0.8849 -0.4654
vn 0.0260 0.8849 -0.4651
vn -0.9914 0.0144 -0.1301
vn 0.8330 -0.2237 -0.5061
vn -0.8273 0.2715 0.4919
vn -0.9851 0.0449 -0.1661
vn -0.9989 0.0164 -0.0447
vn -0.3740 0.4615 0.8044
vn 0.7848 0.2958 0.5446
vn 0.3469 -0.3731 -0.8605
vn -0.3391 0.4346 0.8344
vn -0.2728 -0.4834 -0.8318
vn 0.3372 -0.4879 -0.8051
vn -0.2746 -0.3834 -0.8818
vn 0.8277 -0.2928 -0.4788
vn -0.7842 -0.2832 -0.5522
vn 0.9985 0.0485 0.0257
vn -0.3763 0.4817 0.7915
vn 0.2190 0.4565 0.8623
vn 0.3590 -0.3516 -0.8646
vn 0.2761 0.4440 0.8524
vn 0.2237 0.4938 0.8403
vn 0.3662 -0.3921 -0.8439
vn 0.2728 0.5478 0.7909
vn 0.8338 -0.2069 -0.5118
vn -0.8514 0.3110 0.4224
vn -0.7081 -0.2053 -0.6756
vn -0.2021 -0.3435 -0.9172
vn -0.3260 0.5537 0.7663
vn -0.7883 -0.2329 -0.5695
vn -0.2099 -0.4039 -0.8904
vn 0.7495 -0.3058 -0.5871
vn 0.9969 0.0376 0.0690
vn -0.9973 0.0445 -0.0591
vn -0.8148 0.3667 0.4490
vn 0.7417 0.3015 0.5991
vt 0.956497 0.448875
vt 0.959598 0.402314
vt 0.959598 0.448875
vt 0.906141 0.059388
vt 0.916250 0.042369
vt 0.972597 0.089800
vt 0.973454 0.089312
vt 0.951171 0.028372
vt 0.955262 0.019217
vt 0.498409 0.446578
vt 0.480071 0.493221
vt 0.494573 0.437310
vt 0.491731 0.436102
vt 0.985614 0.236465
vt 0.983558 0.188977
vt 0.985614 0.188977
vt 0.972991 0.089491
vt 0.943153 0.023730
vt 0.959598 0.171054
vt 0.956497 0.205640
vt 0.956497 0.171054
vt 0.780771 0.100300
vt 0.764315 0.017569
vt 0.786308 0.097301
vt 0.989840 0.075992
vt 0.988611 0.094825
vt 0.988611 0.075992
vt 0.956497 0.133620
vt 0.575514 0.757526
vt 0.548471 0.837656
vt 0.546274 0.836311
vt 0.956497 0.463030
vt 0.959598 0.477219
vt 0.956497 0.477219
vt 0.956497 0.605793
vt 0.959598 0.587864
vt 0.959598 0.605793
vt 0.956497 0.642129
vt 0.959598 0.617587
vt 0.959598 0.642129
vt 0.998214 0.288646
vt 0.997042 0.297402
vt 0.997042 0.288646
vt 0.546438 0.846124
vt 0.534735 0.929167
vt 0.543877 0.846408
vt 0.429347 0.766068
vt 0.350638 0.783587
vt 0.426872 0.761442
vt 0.480671 0.494134
vt 0.537046 0.510338
vt 0.480539 0.494394
vt 0.459699 0.839741
vt 0.524121 0.822196
vt 0.526393 0.855078
vt 0.489348 0.675591
vt 0.559255 0.684700
vt 0.489213 0.679749
vt 0.989840 0.001503
vt 0.988611 0.028831
vt 0.988611 0.001503
vt 0.480387 0.493355
vt 0.506563 0.442174
vt 0.512493 0.541828
vt 0.480313 0.494582
vt 0.972925 0.089521
vt 0.935300 0.026644
vt 0.807678 0.528202
vt 0.887144 0.509076
vt 0.809381 0.531226
vt 0.985614 0.161540
vt 0.530642 0.486604
vt 0.538918 0.491203
vt 0.480118 0.493240
vt 0.888040 0.363623
vt 0.848012 0.437650
vt 0.883314 0.362388
vt 0.973394 0.089334
vt 0.517167 0.534619
vt 0.512529 0.535871
vt 0.847644 0.806542
vt 0.909974 0.861786
vt 0.846205 0.809356
vt 0.534086 0.510994
vt 0.514051 0.445132
vt 0.911886 0.066865
vt 0.972378 0.090170
vt 0.376333 0.001502
vt 0.384830 0.001502
vt 0.390022 0.008060
vt 0.388293 0.016343
vt 0.380712 0.020103
vt 0.373003 0.016505
vt 0.371031 0.008194
vt 0.537671 0.480560
vt 0.480688 0.493843
vt 0.902547 0.069363
vt 0.958453 0.018023
vt 0.973518 0.089268
vt 0.972347 0.091016
vt 0.902540 0.112120
vt 0.899884 0.093906
vt 0.789303 0.023449
vt 0.792606 0.097294
vt 0.901739 0.090588
vt 0.537577 0.509495
vt 0.906467 0.119843
vt 0.972540 0.091404
vt 0.913738 0.134139
vt 0.910682 0.128131
vt 0.909361 0.119663
vt 0.526259 0.530736
vt 0.519749 0.535940
vt 0.505651 0.021372
vt 0.498231 0.017967
vt 0.496286 0.009979
vt 0.501373 0.003509
vt 0.509558 0.003499
vt 0.514633 0.009839
vt 0.513033 0.017922
vt 0.534706 0.514745
vt 0.899166 0.088987
vt 0.994044 0.089058
vt 0.992847 0.113564
vt 0.992847 0.089058
vt 0.938436 0.321533
vt 0.940599 0.310611
vt 0.940599 0.321533
vt 0.992847 0.072542
vt 0.487331 0.671953
vt 0.561130 0.641100
vt 0.983558 0.130931
vt 0.985614 0.130931
vt 0.985614 0.044306
vt 0.983558 0.056223
vt 0.983558 0.044306
vt 0.994044 0.524533
vt 0.992847 0.509676
vt 0.994044 0.509676
vt 0.862965 0.701891
vt 0.906100 0.653872
vt 0.907683 0.655027
vt 0.795383 0.331812
vt 0.877488 0.349957
vt 0.877471 0.354842
vt 0.956497 0.545318
vt 0.959598 0.577042
vt 0.956497 0.577042
vt 0.898669 0.023991
vt 0.892710 0.105263
vt 0.888732 0.105441
vt 0.890021 0.870329
vt 0.938436 0.555160
vt 0.940599 0.585833
vt 0.938436 0.585833
vt 0.956497 0.121498
vt 0.959598 0.133620
vt 0.807975 0.537817
vt 0.888639 0.553912
vt 0.868992 0.594197
vt 0.884347 0.118254
vt 0.842344 0.180846
vt 0.819415 0.172704
vt 0.940599 0.453242
vt 0.938436 0.429671
vt 0.940599 0.429671
vt 0.833967 0.418986
vt 0.879569 0.359253
vt 0.913093 0.122686
vt 0.972292 0.090587
vt 0.480586 0.493566
vt 0.530928 0.462288
vt 0.992847 0.184784
vt 0.994044 0.204759
vt 0.992847 0.204759
vt 0.938436 0.378927
vt 0.940599 0.371939
vt 0.940599 0.378927
vt 0.898975 0.087676
vt 0.456879 0.841931
vt 0.458162 0.841732
vt 0.465708 0.897293
vt 0.959598 0.545318
vt 0.840606 0.811926
vt 0.875584 0.888283
vt 0.833133 0.897059
vt 0.956497 0.688298
vt 0.959598 0.688298
vt 0.938436 0.717279
vt 0.940599 0.673351
vt 0.940599 0.717279
vt 0.871074 0.263622
vt 0.888689 0.342482
vt 0.883824 0.342925
vt 0.913864 0.722183
vt 0.906332 0.721310
vt 0.902307 0.709415
vt 0.457927 0.836544
vt 0.507992 0.793385
vt 0.458975 0.837312
vt 0.814175 0.409330
vt 0.549777 0.839877
vt 0.631943 0.829355
vt 0.549826 0.842453
vt 0.548597 0.844717
vt 0.609752 0.903699
vt 0.842041 0.636420
vt 0.847237 0.626208
vt 0.853287 0.623207
vt 0.989840 0.052745
vt 0.988611 0.052745
vt 0.938436 0.480165
vt 0.940599 0.480165
vt 0.940599 0.388193
vt 0.938436 0.604031
vt 0.940599 0.615387
vt 0.938436 0.615387
vt 0.994044 0.290622
vt 0.992847 0.259911
vt 0.994044 0.259911
vt 0.833071 0.209618
vt 0.839154 0.203092
vt 0.839154 0.209618
vt 0.814541 0.219186
vt 0.820807 0.232016
vt 0.814541 0.232016
vt 0.833071 0.222072
vt 0.839154 0.224650
vt 0.833071 0.224650
vt 0.830078 0.203282
vt 0.823805 0.215095
vt 0.823805 0.203282
vt 0.833071 0.229953
vt 0.839154 0.229953
vt 0.833071 0.190638
vt 0.839154 0.183498
vt 0.839154 0.190638
vt 0.833071 0.231133
vt 0.839154 0.231133
vt 0.985614 0.361735
vt 0.983558 0.345203
vt 0.985614 0.345203
vt 0.989840 0.414729
vt 0.988611 0.440866
vt 0.988611 0.414729
vt 0.985614 0.440235
vt 0.983558 0.418220
vt 0.985614 0.418220
vt 0.992847 0.457794
vt 0.994044 0.467072
vt 0.992847 0.467072
vt 0.994044 0.416265
vt 0.992847 0.439208
vt 0.992847 0.416265
vt 0.985614 0.328874
vt 0.983558 0.310226
vt 0.985614 0.310226
vt 0.940599 0.604031
vt 0.938436 0.147499
vt 0.940599 0.163492
vt 0.938436 0.163492
vt 0.983558 0.483042
vt 0.985614 0.483042
vt 0.989840 0.162481
vt 0.988611 0.173154
vt 0.988611 0.162481
vt 0.938436 0.310611
vt 0.940599 0.297954
vt 0.983558 0.380963
vt 0.983558 0.361735
vt 0.998214 0.374825
vt 0.997042 0.332524
vt 0.998214 0.332524
vt 0.487295 0.905673
vt 0.467863 0.908720
vt 0.461946 0.909590
vt 0.454549 0.910756
vt 0.459187 0.840934
vt 0.513374 0.885370
vt 0.505211 0.888585
vt 0.508005 0.889464
vt 0.504308 0.892365
vt 0.492061 0.889773
vt 0.498188 0.897171
vt 0.496073 0.898803
vt 0.469570 0.777541
vt 0.476643 0.773078
vt 0.481395 0.773917
vt 0.511162 0.799132
vt 0.512223 0.809338
vt 0.518516 0.812205
vt 0.459610 0.838445
vt 0.519168 0.867262
vt 0.522756 0.863354
vt 0.516077 0.871895
vt 0.516421 0.878106
vt 0.900545 0.720634
vt 0.881229 0.718119
vt 0.909628 0.655270
vt 0.911510 0.685009
vt 0.860264 0.702834
vt 0.854729 0.698777
vt 0.883027 0.110661
vt 0.801744 0.095631
vt 0.799524 0.083884
vt 0.875835 0.702651
vt 0.872187 0.711586
vt 0.870079 0.710059
vt 0.863959 0.705552
vt 0.910142 0.580943
vt 0.914808 0.579903
vt 0.911966 0.617044
vt 0.907779 0.647183
vt 0.882795 0.587053
vt 0.894704 0.590043
vt 0.887649 0.585927
vt 0.853977 0.613210
vt 0.857077 0.607295
vt 0.483240 0.685114
vt 0.454347 0.765538
vt 0.479085 0.684913
vt 0.905340 0.650137
vt 0.844701 0.677371
vt 0.840853 0.669127
vt 0.848326 0.681072
vt 0.905268 0.652096
vt 0.851487 0.685498
vt 0.851341 0.691572
vt 0.983558 0.510847
vt 0.909692 0.646756
vt 0.486956 0.683243
vt 0.542379 0.720516
vt 0.839154 0.222072
vt 0.355628 0.760523
vt 0.426778 0.756197
vt 0.456650 0.836307
vt 0.453437 0.768798
vt 0.709825 0.066942
vt 0.777404 0.105622
vt 0.716613 0.172934
vt 0.711319 0.163044
vt 0.722380 0.148115
vt 0.509098 0.588915
vt 0.550845 0.613868
vt 0.805767 0.202381
vt 0.785403 0.120872
vt 0.791685 0.121308
vt 0.833071 0.203092
vt 0.956497 0.366601
vt 0.959598 0.331703
vt 0.959598 0.366601
vt 0.781267 0.017510
vt 0.622720 0.804629
vt 0.620196 0.797690
vt 0.994044 0.457794
vt 0.988611 0.147426
vt 0.989840 0.147426
vt 0.994044 0.044846
vt 0.992847 0.044846
vt 0.985614 0.527418
vt 0.985614 0.510847
vt 0.994044 0.172923
vt 0.992847 0.172923
vt 0.985614 0.076265
vt 0.985614 0.056223
vt 0.998214 0.051172
vt 0.997042 0.019990
vt 0.998214 0.019990
vt 0.814541 0.261258
vt 0.820807 0.271874
vt 0.814541 0.271874
vt 0.814541 0.181699
vt 0.820807 0.195634
vt 0.814541 0.195634
vt 0.820807 0.255568
vt 0.814541 0.255568
vt 0.344431 0.489332
vt 0.338824 0.475509
vt 0.344431 0.475509
vt 0.830078 0.215095
vt 0.823805 0.236875
vt 0.830078 0.249719
vt 0.823805 0.253391
vt 0.823805 0.249719
vt 0.814541 0.177502
vt 0.820807 0.181699
vt 0.994044 0.241692
vt 0.992847 0.241692
vt 0.983558 0.101212
vt 0.985614 0.101212
vt 0.992847 0.230324
vt 0.994044 0.230324
vt 0.940599 0.527421
vt 0.940599 0.555160
vt 0.997042 0.079372
vt 0.997042 0.051172
vt 0.994044 0.365709
vt 0.992847 0.318396
vt 0.994044 0.318396
vt 0.989840 0.104226
vt 0.988611 0.104226
vt 0.988611 0.111315
vt 0.997042 0.154766
vt 0.998214 0.178729
vt 0.997042 0.178729
vt 0.985614 0.112635
vt 0.983558 0.112635
vt 0.994044 0.490529
vt 0.992847 0.474069
vt 0.994044 0.474069
vt 0.992847 0.001498
vt 0.994044 0.001498
vt 0.985614 0.395871
vt 0.983558 0.405505
vt 0.983558 0.395871
vt 0.985614 0.405505
vt 0.994044 0.569434
vt 0.992847 0.547508
vt 0.994044 0.547508
vt 0.938436 0.232126
vt 0.940599 0.276054
vt 0.938436 0.276054
vt 0.983558 0.552006
vt 0.985614 0.552006
vt 0.994044 0.129574
vt 0.994044 0.113564
vt 0.572850 0.705069
vt 0.557045 0.729412
vt 0.552327 0.736665
vt 0.546402 0.745999
vt 0.574434 0.656408
vt 0.570360 0.668702
vt 0.573996 0.666367
vt 0.573780 0.673299
vt 0.573424 0.684773
vt 0.573292 0.688624
vt 0.540254 0.748962
vt 0.513493 0.753006
vt 0.509246 0.764588
vt 0.502926 0.767887
vt 0.460453 0.587573
vt 0.470138 0.587944
vt 0.483834 0.594384
vt 0.492194 0.588540
vt 0.483760 0.669819
vt 0.558526 0.633311
vt 0.557213 0.625595
vt 0.568694 0.646295
vt 0.707302 0.155531
vt 0.693906 0.130013
vt 0.777151 0.111915
vt 0.780095 0.117481
vt 0.695426 0.091701
vt 0.695846 0.081556
vt 0.698813 0.094240
vt 0.708507 0.110670
vt 0.694516 0.113521
vt 0.694660 0.109720
vt 0.695140 0.098485
vt 0.722573 0.176743
vt 0.757461 0.199025
vt 0.748243 0.183372
vt 0.751235 0.195080
vt 0.802884 0.017501
vt 0.812766 0.017514
vt 0.848389 0.468645
vt 0.804748 0.526339
vt 0.832541 0.449409
vt 0.714535 0.052001
vt 0.721737 0.040629
vt 0.712815 0.059472
vt 0.702135 0.071595
vt 0.992847 0.392664
vt 0.992847 0.365709
vt 0.801281 0.526159
vt 0.808734 0.460806
vt 0.906239 0.648396
vt 0.956497 0.236298
vt 0.959598 0.205640
vt 0.959598 0.236298
vt 0.845007 0.270604
vt 0.852777 0.261653
vt 0.395597 0.834283
vt 0.433722 0.768963
vt 0.404745 0.672131
vt 0.414941 0.670593
vt 0.424464 0.684772
vt 0.349840 0.739042
vt 0.429050 0.751469
vt 0.843604 0.798828
vt 0.888547 0.741754
vt 0.846240 0.800572
vt 0.479602 0.669704
vt 0.350303 0.768008
vt 0.812672 0.070785
vt 0.885238 0.107350
vt 0.997042 0.202024
vt 0.985614 0.380963
vt 0.983558 0.263526
vt 0.983558 0.236465
vt 0.940599 0.204463
vt 0.938436 0.187967
vt 0.940599 0.187967
vt 0.997042 0.515180
vt 0.998214 0.535461
vt 0.997042 0.535461
vt 0.820807 0.261258
vt 0.830078 0.268325
vt 0.823805 0.263148
vt 0.830078 0.263148
vt 0.830078 0.181503
vt 0.823805 0.181503
vt 0.344431 0.432586
vt 0.338824 0.427678
vt 0.344431 0.427678
vt 0.820807 0.219186
vt 0.344431 0.444066
vt 0.338824 0.450327
vt 0.338824 0.444066
vt 0.338824 0.412680
vt 0.344431 0.412680
vt 0.992847 0.490529
vt 0.998214 0.297402
vt 0.997042 0.310268
vt 0.938436 0.673351
vt 0.940599 0.661502
vt 0.940599 0.232126
vt 0.992847 0.290622
vt 0.938436 0.527421
vt 0.985614 0.338183
vt 0.983558 0.328874
vt 0.938436 0.406756
vt 0.940599 0.406756
vt 0.938436 0.355497
vt 0.940599 0.336372
vt 0.940599 0.355497
vt 0.985614 0.563010
vt 0.992847 0.129574
vt 0.992847 0.534836
vt 0.992847 0.524533
vt 0.994044 0.534836
vt 0.938436 0.297954
vt 0.782382 0.443599
vt 0.809089 0.445014
vt 0.817094 0.445470
vt 0.827279 0.445943
vt 0.805128 0.539803
vt 0.832230 0.619852
vt 0.820534 0.617448
vt 0.823059 0.620524
vt 0.816697 0.621070
vt 0.804710 0.609009
vt 0.806165 0.621977
vt 0.787495 0.623594
vt 0.801668 0.540093
vt 0.802601 0.622266
vt 0.859557 0.466558
vt 0.865152 0.470021
vt 0.887363 0.518013
vt 0.882230 0.530972
vt 0.888061 0.538336
vt 0.809496 0.534696
vt 0.851902 0.603091
vt 0.858845 0.601157
vt 0.845014 0.606217
vt 0.840968 0.613636
vt 0.422730 0.669424
vt 0.448968 0.665758
vt 0.438435 0.747569
vt 0.433243 0.748316
vt 0.418077 0.848082
vt 0.408769 0.847402
vt 0.420510 0.845044
vt 0.438955 0.769336
vt 0.453258 0.850573
vt 0.435890 0.836619
vt 0.438122 0.849554
vt 0.434609 0.849315
vt 0.424301 0.848544
vt 0.369114 0.698919
vt 0.385555 0.695992
vt 0.374509 0.694819
vt 0.349968 0.748125
vt 0.381956 0.829668
vt 0.371643 0.822831
vt 0.388790 0.831391
vt 0.399731 0.841437
vt 0.985614 0.287206
vt 0.985614 0.263526
vt 0.938436 0.371939
vt 0.989840 0.208226
vt 0.988611 0.252399
vt 0.988611 0.208226
vt 0.847689 0.803381
vt 0.908884 0.771437
vt 0.893222 0.204475
vt 0.887505 0.120678
vt 0.891411 0.121448
vt 0.863206 0.025615
vt 0.824207 0.046919
vt 0.956497 0.282477
vt 0.959598 0.282477
vt 0.997042 0.460841
vt 0.998214 0.503142
vt 0.997042 0.503142
vt 0.399546 0.676036
vt 0.795409 0.325376
vt 0.800062 0.316291
vt 0.816960 0.316827
vt 0.930138 0.785829
vt 0.930323 0.779751
vt 0.836127 0.427818
vt 0.998214 0.127404
vt 0.998214 0.079372
vt 0.998214 0.254126
vt 0.997042 0.237420
vt 0.998214 0.237420
vt 0.998214 0.310268
vt 0.998214 0.460841
vt 0.997042 0.444592
vt 0.998214 0.444592
vt 0.956497 0.402314
vt 0.998214 0.571249
vt 0.997042 0.559712
vt 0.998214 0.559712
vt 0.352772 0.401906
vt 0.347433 0.426827
vt 0.347433 0.401906
vt 0.830078 0.253391
vt 0.338824 0.432586
vt 0.830078 0.236875
vt 0.347433 0.461342
vt 0.352772 0.486262
vt 0.347433 0.486262
vt 0.938436 0.641552
vt 0.940599 0.641552
vt 0.998214 0.001498
vt 0.997042 0.001498
vt 0.989840 0.501996
vt 0.988611 0.470877
vt 0.989840 0.470877
vt 0.983558 0.287206
vt 0.997042 0.127404
vt 0.998214 0.230316
vt 0.997042 0.230316
vt 0.998214 0.220896
vt 0.997042 0.220896
vt 0.997042 0.273561
vt 0.997042 0.254126
vt 0.938436 0.336372
vt 0.989840 0.297212
vt 0.988611 0.322044
vt 0.988611 0.297212
vt 0.997042 0.402940
vt 0.997042 0.374825
vt 0.988611 0.280477
vt 0.910362 0.741023
vt 0.922244 0.764002
vt 0.925785 0.771006
vt 0.874118 0.717038
vt 0.881555 0.725865
vt 0.881477 0.722014
vt 0.886642 0.725405
vt 0.895199 0.731016
vt 0.898115 0.732964
vt 0.922376 0.808671
vt 0.929738 0.816838
vt 0.929710 0.823191
vt 0.903097 0.867010
vt 0.887505 0.879066
vt 0.843701 0.811285
vt 0.840453 0.798581
vt 0.830888 0.713658
vt 0.849121 0.717493
vt 0.842736 0.714681
vt 0.856195 0.719381
vt 0.863780 0.716321
vt 0.803660 0.309285
vt 0.815992 0.286140
vt 0.879758 0.345632
vt 0.845074 0.266753
vt 0.838042 0.286504
vt 0.828444 0.277747
vt 0.831372 0.275778
vt 0.839919 0.270152
vt 0.795253 0.369538
vt 0.802724 0.354793
vt 0.795221 0.362831
vt 0.821034 0.415143
vt 0.884470 0.258749
vt 0.896668 0.257651
vt 0.878123 0.261646
vt 0.863450 0.260659
vt 0.989840 0.338282
vt 0.988611 0.382455
vt 0.988611 0.338282
vt 0.609863 0.877780
vt 0.540493 0.754532
vt 0.543707 0.836087
vt 0.531806 0.753679
vt 0.352772 0.446818
vt 0.347433 0.446818
vt 0.956497 0.331703
vt 0.886420 0.029915
vt 0.988611 0.530137
vt 0.988611 0.501996
vt 0.998214 0.419709
vt 0.997042 0.419709
vt 0.989840 0.252399
vt 0.989840 0.452401
vt 0.989840 0.440866
vt 0.972851 0.091708
vt 0.344431 0.387498
vt 0.338824 0.387498
vt 0.352772 0.395500
vt 0.347433 0.395500
vt 0.352772 0.432435
vt 0.347433 0.443369
vt 0.347433 0.432435
vt 0.352772 0.426827
vt 0.344431 0.450327
vt 0.989840 0.128009
vt 0.989840 0.111315
vt 0.989840 0.173154
vt 0.988611 0.185994
vt 0.989840 0.185994
vt 0.480030 0.494664
vt 0.507556 0.545916
vt 0.484511 0.552790
vt 0.988611 0.394489
vt 0.959598 0.451717
vt 0.959598 0.463030
vt 0.988611 0.452401
vt 0.989840 0.322044
vt 0.956497 0.451717
vt 0.988611 0.128009
vt 0.985614 0.001499
vt 0.983558 0.001499
vt 0.998214 0.273561
vt 0.989840 0.382455
vt 0.635835 0.861955
vt 0.623297 0.884856
vt 0.619619 0.891626
vt 0.614958 0.900422
vt 0.635018 0.818110
vt 0.635098 0.827088
vt 0.635233 0.833319
vt 0.622738 0.844246
vt 0.635461 0.843636
vt 0.635514 0.847153
vt 0.586260 0.910035
vt 0.583575 0.920796
vt 0.578226 0.924356
vt 0.989840 0.578095
vt 0.989840 0.530137
vt 0.552476 0.760978
vt 0.612825 0.780386
vt 0.618835 0.790787
vt 0.629632 0.809132
vt 0.814268 0.168748
vt 0.810005 0.159378
vt 0.798739 0.093169
vt 0.882699 0.114629
vt 0.795861 0.128274
vt 0.809974 0.111084
vt 0.797039 0.113174
vt 0.797316 0.109657
vt 0.798207 0.099376
vt 0.844251 0.191771
vt 0.817338 0.057186
vt 0.815589 0.064001
vt 0.805514 0.074884
vt 0.878746 0.024894
vt 0.560349 0.756276
vt 0.849621 0.195885
vt 0.820700 0.146244
vt 0.806800 0.152355
vt 0.956497 0.617587
vt 0.956497 0.587864
vt 0.989840 0.094825
vt 0.989840 0.028831
vt 0.983558 0.161540
vt 0.890642 0.448789
vt 0.994044 0.072542
vt 0.907729 0.023586
vt 0.959598 0.121498
vt 0.938436 0.453242
vt 0.994044 0.184784
vt 0.938436 0.388193
vt 0.833071 0.183498
vt 0.983558 0.440235
vt 0.994044 0.439208
vt 0.940599 0.147499
vt 0.448909 0.767879
vt 0.983558 0.527418
vt 0.983558 0.076265
vt 0.338824 0.489332
vt 0.820807 0.177502
vt 0.998214 0.154766
vt 0.992847 0.569434
vt 0.994044 0.392664
vt 0.998214 0.202024
vt 0.938436 0.204463
vt 0.998214 0.515180
vt 0.823805 0.268325
vt 0.938436 0.661502
vt 0.983558 0.338183
vt 0.983558 0.563010
vt 0.997042 0.571249
vt 0.352772 0.461342
vt 0.998214 0.402940
vt 0.989840 0.280477
vt 0.931281 0.151530
vt 0.352772 0.443369
vt 0.989840 0.394489
vt 0.988611 0.578095
vt 0.189220 0.928127
vt 0.178403 0.985624
vt 0.178403 0.928127
vt 0.366955 0.001517
vt 0.365862 0.002909
vt 0.365872 0.001845
vt 0.156839 0.593586
vt 0.167611 0.001502
vt 0.167611 0.593586
vt 0.146053 0.985624
vt 0.136201 0.928127
vt 0.146053 0.928127
vt 0.200032 0.928127
vt 0.189220 0.985624
vt 0.167611 0.985624
vt 0.167611 0.928127
vt 0.178403 0.001502
vt 0.178403 0.593586
vt 0.221592 0.593586
vt 0.210818 0.001502
vt 0.221592 0.001502
vt 0.200032 0.593586
vt 0.210818 0.593586
vt 0.136201 0.593586
vt 0.124146 0.001502
vt 0.136201 0.001502
vt 0.124146 0.593586
vt 0.113353 0.001502
vt 0.189220 0.593586
vt 0.200032 0.001502
vt 0.200032 0.765657
vt 0.189220 0.001502
vt 0.146053 0.001502
vt 0.156839 0.001502
vt 0.189220 0.869469
vt 0.178403 0.869469
vt 0.189220 0.765657
vt 0.210818 0.869469
vt 0.200032 0.869469
vt 0.113353 0.765657
vt 0.113353 0.593586
vt 0.146053 0.765657
vt 0.146053 0.593586
vt 0.210818 0.765657
vt 0.167611 0.869469
vt 0.156839 0.765657
vt 0.167611 0.765657
vt 0.146053 0.869469
vt 0.136201 0.869469
vt 0.136201 0.765657
vt 0.178403 0.765657
vt 0.124146 0.765657
vt 0.210818 0.928127
vt 0.200032 0.985624
vt 0.124146 0.985624
vt 0.113353 0.928127
vt 0.124146 0.928127
vt 0.221592 0.928127
vt 0.221592 0.869469
vt 0.136201 0.985624
vt 0.362745 0.002303
vt 0.361212 0.001805
vt 0.362159 0.001498
vt 0.124146 0.869469
vt 0.156839 0.928127
vt 0.156839 0.869469
vt 0.221592 0.765657
vt 0.221592 0.985624
vt 0.156839 0.985624
vt 0.113353 0.869469
vt 0.362583 0.001805
vt 0.362643 0.002757
vt 0.362159 0.003109
vt 0.361636 0.003109
vt 0.361212 0.002801
vt 0.361050 0.002303
vt 0.361636 0.001498
vt 0.366360 0.001510
vt 0.367417 0.001859
vt 0.367570 0.002393
vt 0.367368 0.002913
vt 0.366895 0.003228
vt 0.366324 0.003228
vt 0.365685 0.002383
vt 0.210818 0.985624
vt 0.113353 0.985624
s 1
f 4/1/1 37/2/2 23/3/3
f 36/4/4 24/5/5 2/6/6
f 3/7/7 35/8/8 33/9/9
f 16/10/10 48/11/11 14/12/12
f 48/11/11 7/13/13 14/12/12
f 318/14/14 368/15/15 335/16/16
f 43/17/17 34/18/18 35/8/8
f 35/19/19 15/20/20 16/21/19
f 162/22/21 156/23/21 163/24/21
f 206/25/22 243/26/22 239/27/22
f 14/28/23 35/19/24 16/21/24
f 321/29/25 327/30/25 328/31/25
f 22/32/26 40/33/26 21/34/26
f 12/35/27 32/36/27 31/37/27
f 8/38/28 30/39/29 27/40/30
f 81/41/31 115/42/32 114/43/31
f 330/44/33 322/45/33 329/46/33
f 228/47/34 222/48/34 229/49/34
f 52/50/35 20/51/36 46/52/37
f 62/53/38 56/54/38 55/55/38
f 128/56/39 142/57/40 127/58/41
f 186/59/42 240/60/43 219/61/44
f 49/62/45 16/10/10 15/63/46
f 11/64/47 47/65/48 46/52/49
f 34/18/18 43/66/17 25/67/50
f 198/68/51 190/69/51 197/70/51
f 368/15/52 337/71/52 335/16/52
f 52/50/53 19/72/54 18/73/55
f 49/62/45 48/74/11 16/10/10
f 294/75/56 288/76/56 295/77/56
f 3/78/7 43/17/17 35/8/8
f 13/79/57 12/80/58 46/52/49
f 264/81/59 256/82/59 263/83/59
f 22/84/60 46/52/37 20/51/36
f 6/85/61 49/62/45 15/63/46
f 38/86/62 36/4/4 2/6/6
f 1/87/63 38/86/62 2/6/6
f 45/88/64 42/89/65 1/90/66
f 1/90/66 2/91/67 43/92/68
f 43/92/68 3/93/69 44/94/70
f 17/95/71 19/72/72 51/96/73
f 37/97/74 38/86/75 1/87/76
f 33/9/9 26/98/50 3/99/7
f 45/100/77 28/101/77 40/102/78
f 185/103/79 164/104/80 163/24/81
f 45/100/77 40/102/78 41/105/82
f 18/73/55 4/106/83 52/50/53
f 52/50/53 51/96/84 19/72/54
f 29/107/85 28/101/86 45/100/87
f 44/108/88 27/109/86 30/110/89
f 32/111/90 29/107/85 45/100/87
f 46/52/49 9/112/91 10/113/92
f 46/52/49 10/113/92 13/79/57
f 52/114/93 46/115/94 47/116/95
f 48/117/96 49/118/95 50/119/97
f 48/117/96 50/119/97 51/120/98
f 21/121/99 9/112/100 46/52/37
f 22/84/60 21/121/99 46/52/37
f 45/100/77 41/105/82 39/122/101
f 284/123/102 315/124/103 317/125/102
f 148/126/104 182/127/105 181/128/104
f 316/129/106 284/123/106 317/125/106
f 129/130/107 148/131/108 128/56/109
f 337/71/110 369/132/110 336/133/110
f 323/134/111 366/135/112 356/136/113
f 280/137/114 312/138/115 279/139/116
f 111/140/117 94/141/118 93/142/119
f 299/143/120 298/144/121 297/145/122
f 9/146/123 29/147/124 10/148/125
f 381/149/126 362/150/127 361/151/128
f 284/152/129 263/83/130 256/82/131
f 2/6/132 25/67/133 43/66/134
f 139/153/135 171/154/135 138/155/135
f 7/156/136 33/157/137 14/28/138
f 195/158/139 189/159/139 188/160/139
f 364/161/140 367/162/141 365/163/142
f 174/164/143 142/165/143 175/166/143
f 317/167/144 296/168/145 295/77/146
f 31/169/147 45/100/87 44/108/88
f 42/170/148 37/97/74 1/87/76
f 50/171/149 6/85/149 5/172/149
f 300/173/150 268/174/150 301/175/150
f 145/176/151 176/177/151 178/178/151
f 42/170/77 39/122/101 23/179/77
f 50/171/152 17/95/71 51/96/73
f 66/180/153 60/181/154 72/182/155
f 9/146/123 40/33/156 28/183/157
f 261/184/158 255/185/158 254/186/158
f 7/187/136 27/40/30 26/188/159
f 124/189/160 158/190/160 157/191/160
f 313/192/161 294/193/162 293/194/163
f 92/195/164 104/196/165 105/197/166
f 65/198/167 57/199/167 64/200/167
f 289/201/168 297/145/168 296/168/168
f 326/202/169 343/203/170 325/204/171
f 331/205/172 332/206/173 330/44/174
f 89/207/175 117/208/176 118/209/177
f 240/60/178 208/210/178 241/211/178
f 120/212/179 174/164/180 153/213/181
f 177/214/182 145/176/182 178/178/182
f 126/215/183 167/216/184 134/217/185
f 271/218/186 303/219/186 270/220/186
f 96/221/187 64/222/188 63/223/189
f 230/224/190 196/225/191 229/226/191
f 95/227/192 61/228/193 94/229/193
f 295/230/194 263/231/195 262/232/194
f 93/233/196 61/228/193 60/234/197
f 98/235/198 66/236/199 65/237/198
f 99/238/199 60/234/197 66/239/199
f 319/240/200 374/241/201 341/242/202
f 202/243/203 233/244/204 235/245/203
f 1/90/66 44/94/70 45/88/64
f 320/246/205 377/247/206 344/248/207
f 208/210/208 239/27/208 241/211/208
f 309/249/209 277/250/210 310/251/210
f 274/252/211 305/253/211 307/254/211
f 342/255/212 371/256/212 338/257/212
f 126/215/213 171/154/214 159/258/215
f 124/259/216 183/260/217 150/261/218
f 354/262/219 320/246/219 321/263/219
f 214/264/220 248/265/221 247/266/220
f 149/267/222 179/268/223 182/127/105
f 319/240/224 378/269/225 352/270/226
f 56/271/227 88/272/227 55/273/227
f 60/181/154 53/274/228 72/182/155
f 53/274/228 70/275/229 72/182/155
f 72/182/155 71/276/230 59/277/231
f 59/277/231 66/180/153 72/182/155
f 61/278/232 54/279/233 78/280/234
f 54/279/233 76/281/235 78/280/234
f 78/280/234 77/282/236 75/283/237
f 77/282/236 73/284/238 75/283/237
f 53/274/239 60/181/240 75/283/237
f 75/283/237 74/285/241 53/274/239
f 69/286/242 68/287/243 58/288/244
f 58/288/244 65/198/245 69/286/242
f 57/199/246 83/289/247 85/290/248
f 85/290/248 84/291/249 56/54/250
f 56/54/250 63/292/251 85/290/248
f 62/53/252 55/55/253 82/293/254
f 55/55/253 79/294/255 82/293/254
f 54/279/256 61/278/257 81/295/258
f 81/295/258 80/296/259 54/279/256
f 103/297/165 86/298/260 105/197/166
f 86/298/260 93/142/261 105/197/166
f 93/142/261 99/299/262 105/197/166
f 119/300/263 105/197/166 99/299/262
f 109/301/264 87/302/265 111/140/117
f 359/303/266 376/304/267 352/305/268
f 93/142/119 86/298/269 108/306/270
f 86/298/269 107/307/264 108/306/270
f 108/306/270 106/308/264 110/309/264
f 108/306/270 110/309/264 111/140/117
f 100/310/271 92/311/272 119/312/272
f 98/313/273 91/314/274 102/315/275
f 91/314/274 101/316/276 102/315/275
f 116/317/176 90/318/277 118/209/177
f 132/319/278 124/320/278 131/321/278
f 96/322/279 89/207/175 118/209/177
f 112/323/280 88/324/281 115/325/282
f 88/324/281 95/326/283 115/325/282
f 94/141/284 87/302/285 114/327/286
f 87/302/285 113/328/280 114/327/286
f 321/263/287 382/329/288 354/262/289
f 100/310/271 119/312/272 99/330/290
f 133/331/291 127/58/292 139/332/293
f 85/290/248 64/200/294 57/199/246
f 95/227/192 63/223/189 62/333/192
f 251/334/295 230/335/296 229/49/297
f 66/336/298 67/337/299 65/198/245
f 181/338/300 162/22/301 161/339/302
f 159/340/303 171/341/304 172/342/305
f 129/130/306 123/343/306 122/344/306
f 157/345/307 165/346/307 164/347/307
f 97/348/188 65/237/198 64/222/188
f 19/349/308 36/350/309 38/351/310
f 156/23/311 184/352/312 185/103/79
f 346/353/313 327/30/314 347/354/315
f 305/253/316 276/355/316 309/249/316
f 214/264/317 246/356/318 213/357/319
f 255/358/320 316/129/321 288/359/322
f 350/360/323 382/329/323 349/361/323
f 257/362/324 300/173/325 290/363/326
f 334/364/327 366/135/327 333/365/327
f 72/366/328 104/367/328 71/368/328
f 227/369/329 193/370/330 226/371/330
f 232/372/331 198/373/332 231/374/332
f 229/226/191 195/375/333 228/376/333
f 164/377/334 130/378/335 163/379/335
f 296/380/195 264/381/336 263/231/195
f 298/382/337 259/383/338 265/384/339
f 226/385/330 199/386/331 232/372/331
f 258/387/340 303/219/341 291/388/342
f 365/389/343 334/364/344 332/390/345
f 258/387/346 299/391/347 266/392/348
f 139/153/349 170/393/350 172/394/349
f 72/366/351 103/395/351 105/396/351
f 252/397/352 302/398/353 269/399/354
f 243/26/355 211/400/355 244/401/355
f 211/400/356 242/402/356 244/401/356
f 107/403/357 75/404/357 108/405/357
f 324/406/358 369/132/359 357/407/360
f 253/408/361 308/409/362 275/410/363
f 255/358/364 287/411/365 254/412/365
f 346/413/366 380/414/367 379/415/368
f 377/247/206 347/416/369 344/248/207
f 254/417/370 311/418/371 278/419/372
f 123/420/373 155/421/374 122/422/374
f 381/423/375 350/360/376 348/424/377
f 256/425/378 315/124/103 282/426/379
f 127/58/292 120/427/380 139/332/293
f 120/427/380 137/428/381 139/332/293
f 139/332/293 138/429/382 126/430/383
f 126/430/383 133/331/291 139/332/293
f 128/56/39 121/431/384 145/432/385
f 121/431/384 143/433/386 145/432/385
f 145/432/385 144/434/387 142/57/40
f 144/434/387 140/435/387 142/57/40
f 120/427/388 127/58/41 142/57/40
f 142/57/40 141/436/389 120/427/388
f 133/331/390 126/430/391 134/437/392
f 136/438/393 135/439/394 125/440/395
f 125/440/395 132/319/396 136/438/393
f 124/441/397 150/442/398 152/443/399
f 152/443/399 151/444/400 123/343/401
f 123/343/401 130/445/402 152/443/399
f 129/130/107 122/344/403 149/446/404
f 122/344/403 146/447/405 149/446/404
f 121/431/406 128/56/109 148/131/108
f 148/131/108 147/448/407 121/431/406
f 170/449/304 153/450/408 172/342/305
f 153/450/408 160/451/409 172/342/305
f 160/451/409 166/452/410 172/342/305
f 166/452/410 159/340/303 172/342/305
f 176/453/411 154/454/412 178/455/413
f 160/451/414 153/450/415 175/456/416
f 153/450/415 174/457/411 175/456/416
f 175/456/416 173/458/411 177/459/411
f 175/456/416 177/459/411 178/455/413
f 167/460/417 159/340/418 166/452/419
f 165/346/420 158/461/421 169/462/422
f 158/461/421 168/463/423 169/462/422
f 183/464/312 157/465/424 185/103/79
f 202/466/425 199/467/426 200/468/427
f 163/24/81 156/23/311 185/103/79
f 179/469/428 155/470/429 182/471/430
f 155/470/429 162/22/301 182/471/430
f 161/339/302 154/454/431 181/338/300
f 154/454/431 180/472/428 181/338/300
f 252/397/432 306/473/433 285/474/434
f 199/467/435 193/475/436 205/476/437
f 118/209/177 97/477/438 96/322/279
f 6/478/439 34/479/440 25/480/441
f 293/194/442 310/481/443 286/482/444
f 102/315/275 99/330/290 98/313/273
f 136/438/393 133/331/390 134/437/392
f 247/483/445 228/47/446 227/484/447
f 225/485/448 237/486/449 238/487/450
f 223/488/451 231/489/451 230/335/451
f 260/490/452 274/491/453 259/492/454
f 152/443/399 131/493/455 124/441/397
f 222/48/456 250/494/457 251/334/295
f 379/495/458 360/496/459 359/303/460
f 75/404/461 106/497/461 108/405/461
f 346/413/462 378/269/225 345/498/463
f 318/14/464 372/499/465 351/500/466
f 184/501/467 152/502/467 185/503/467
f 324/406/468 365/389/343 332/390/345
f 101/504/469 69/505/469 102/506/469
f 227/369/329 195/375/333 194/507/329
f 294/508/470 260/509/471 293/510/471
f 294/511/470 262/232/194 261/512/470
f 160/513/472 133/514/473 166/515/474
f 230/224/190 198/373/332 197/516/190
f 161/517/475 129/518/476 128/519/475
f 166/515/474 132/520/477 165/521/477
f 253/408/478 312/138/115 286/522/479
f 82/523/480 112/524/481 115/42/32
f 125/525/482 168/526/483 158/190/484
f 123/420/485 184/501/486 156/527/487
f 271/218/488 302/398/488 304/528/488
f 120/212/489 170/393/490 137/529/491
f 343/530/492 375/531/492 342/255/492
f 140/532/493 177/214/493 173/533/493
f 121/534/494 180/535/495 154/536/496
f 374/241/497 343/530/497 341/242/497
f 322/537/498 381/423/375 348/424/377
f 289/538/499 257/362/499 290/363/499
f 280/137/500 314/539/501 313/540/500
f 281/541/502 311/418/371 314/539/501
f 122/422/503 179/268/223 146/542/504
f 152/502/505 183/260/217 185/503/505
f 193/475/436 186/543/506 205/476/437
f 186/543/506 203/544/507 205/476/437
f 205/476/437 204/545/508 192/546/509
f 192/546/509 199/467/435 205/476/437
f 194/547/510 187/548/511 211/549/512
f 187/548/511 209/550/513 211/549/512
f 211/549/512 210/551/514 208/552/515
f 210/551/514 206/553/514 208/552/515
f 186/554/516 193/555/517 208/552/515
f 208/552/515 207/556/518 186/554/516
f 199/467/426 192/546/519 200/468/427
f 202/466/425 201/557/520 191/558/521
f 191/558/521 198/68/522 202/466/425
f 190/69/523 216/559/524 218/560/525
f 218/560/525 217/561/526 189/159/527
f 189/159/527 196/562/528 218/560/525
f 195/158/529 188/160/530 215/563/531
f 188/160/530 212/564/532 215/563/531
f 187/548/533 194/547/534 214/565/535
f 214/565/535 213/566/536 187/548/533
f 236/567/449 219/568/537 238/487/450
f 219/568/537 226/569/538 238/487/450
f 226/569/538 232/570/539 238/487/450
f 232/570/539 225/485/448 238/487/450
f 242/571/540 220/572/541 244/573/542
f 161/339/543 178/455/413 154/454/412
f 226/574/544 219/575/545 241/576/546
f 219/575/545 240/577/540 241/576/546
f 241/576/546 239/578/540 243/579/540
f 241/576/546 243/579/540 244/573/542
f 231/489/547 224/580/548 235/581/549
f 224/580/548 234/582/550 235/581/549
f 249/583/457 223/488/551 251/334/295
f 218/560/525 197/70/552 190/69/523
f 229/49/297 222/48/456 251/334/295
f 245/584/553 221/585/554 248/586/555
f 221/585/554 228/47/446 248/586/555
f 227/484/447 220/572/556 247/483/445
f 220/572/556 246/587/557 247/483/445
f 340/588/558 372/499/558 339/589/558
f 121/534/559 176/177/560 143/590/561
f 188/591/562 222/592/562 221/593/562
f 265/594/563 259/492/564 271/595/565
f 355/596/566 363/597/566 362/598/566
f 354/599/567 360/496/567 353/600/567
f 5/601/568 25/480/441 24/602/569
f 90/603/570 58/604/570 91/605/570
f 233/606/571 232/570/572 231/489/547
f 114/327/286 95/326/283 94/141/284
f 291/607/573 303/608/574 304/609/575
f 90/318/576 98/313/576 97/477/576
f 95/326/577 89/207/577 96/322/577
f 244/573/542 227/484/578 226/574/544
f 266/610/579 265/594/580 258/611/581
f 288/76/582 316/612/583 317/167/144
f 53/613/584 103/395/585 70/614/586
f 54/615/587 109/616/588 76/617/589
f 55/273/590 112/524/481 79/618/591
f 57/619/592 116/620/593 83/621/594
f 19/349/595 37/2/596 18/622/597
f 59/623/598 100/624/599 67/625/600
f 328/626/601 360/627/602 361/628/601
f 292/629/603 260/509/471 259/383/338
f 161/517/475 127/630/472 160/513/472
f 194/547/510 208/552/515 193/555/517
f 297/631/336 265/384/339 264/381/336
f 363/632/604 329/633/605 362/634/605
f 136/635/606 167/216/184 169/636/606
f 58/604/607 101/504/608 91/605/609
f 168/526/610 136/635/610 169/636/610
f 59/637/611 104/367/612 92/638/613
f 205/639/614 237/640/614 204/641/614
f 340/588/615 371/256/615 373/642/615
f 53/613/616 107/403/617 86/643/618
f 142/165/619 173/533/619 175/166/619
f 78/644/620 109/616/620 111/645/620
f 106/497/621 77/646/621 110/647/621
f 54/615/622 113/648/623 87/649/624
f 148/126/625 180/535/495 147/650/626
f 268/174/627 299/391/347 301/175/627
f 218/651/628 249/652/629 251/653/628
f 56/271/630 117/654/631 89/655/632
f 250/656/633 218/651/633 251/653/633
f 259/492/564 252/657/634 271/595/565
f 252/657/634 269/658/635 271/595/565
f 271/595/565 270/659/636 258/611/637
f 258/611/637 265/594/563 271/595/565
f 260/490/452 253/660/638 277/661/639
f 253/660/638 275/662/640 277/661/639
f 277/661/639 276/663/641 274/491/453
f 276/663/641 272/664/641 274/491/453
f 252/657/642 259/492/454 274/491/453
f 274/491/453 273/665/643 252/657/642
f 268/666/644 267/667/645 257/668/646
f 257/668/646 264/81/647 268/666/644
f 256/82/131 282/669/648 284/152/129
f 284/152/129 283/670/649 255/185/650
f 255/185/650 262/671/651 284/152/129
f 261/672/652 254/673/653 281/674/654
f 254/673/653 278/675/655 281/674/654
f 253/660/656 260/490/657 280/676/658
f 280/676/658 279/677/659 253/660/656
f 302/678/574 285/679/660 304/609/575
f 285/679/660 292/680/661 304/609/575
f 292/680/661 298/144/662 304/609/575
f 298/144/662 291/607/573 304/609/575
f 308/681/663 286/482/444 310/481/443
f 292/680/664 285/679/665 307/682/666
f 285/679/665 306/683/663 307/682/666
f 307/682/666 305/684/663 309/685/663
f 307/682/666 309/685/663 310/481/443
f 169/462/422 166/452/419 165/346/420
f 297/145/122 290/686/667 301/687/668
f 290/686/667 300/688/669 301/687/668
f 315/689/583 289/201/670 317/167/144
f 295/77/146 288/76/582 317/167/144
f 311/690/671 287/691/672 314/692/673
f 287/691/672 294/193/162 314/692/673
f 293/194/163 286/482/674 313/192/161
f 286/482/674 312/693/671 313/192/161
f 190/694/675 224/695/675 223/696/675
f 331/205/676 325/204/677 337/697/678
f 348/698/679 329/699/680 322/700/681
f 331/701/682 363/632/604 364/702/682
f 62/53/252 81/295/258 61/278/257
f 5/601/568 36/350/683 17/703/684
f 61/278/232 75/283/237 60/181/240
f 361/151/128 383/704/685 381/149/126
f 52/114/93 48/117/96 51/120/98
f 205/639/686 236/705/686 238/706/686
f 117/654/687 85/707/687 118/708/688
f 189/709/689 250/656/690 222/592/691
f 110/647/692 78/644/692 111/645/692
f 192/710/693 233/244/204 200/711/694
f 277/250/695 308/409/695 310/251/695
f 3/712/696 27/109/696 44/108/696
f 164/713/334 132/520/477 131/714/334
f 329/715/605 361/628/601 362/716/605
f 326/717/697 358/718/698 359/719/697
f 358/718/698 331/701/682 364/702/682
f 327/720/602 359/719/697 360/627/602
f 163/379/335 129/518/476 162/721/476
f 187/722/699 242/402/700 209/723/701
f 215/724/702 245/725/703 248/265/221
f 188/591/704 245/725/703 212/726/705
f 48/727/706 8/728/706 7/729/706
f 234/730/707 202/243/707 235/245/707
f 195/158/529 214/565/535 194/547/534
f 22/32/708 39/731/708 41/732/708
f 192/710/709 237/640/710 225/733/711
f 306/473/712 274/252/712 307/254/712
f 190/694/713 249/652/629 216/734/714
f 4/1/1 39/731/715 20/735/716
f 85/707/717 116/620/593 118/708/717
f 187/722/718 246/356/318 220/736/719
f 322/737/720 356/136/720 355/738/720
f 81/41/721 113/648/623 80/739/722
f 191/740/723 234/730/724 224/695/725
f 325/204/677 318/741/726 337/697/678
f 318/741/726 335/742/727 337/697/678
f 337/697/678 336/743/728 324/744/729
f 324/744/729 331/205/676 337/697/678
f 319/745/730 341/746/731 343/203/170
f 343/203/170 342/747/732 340/748/733
f 342/747/732 338/749/732 340/748/733
f 318/741/734 325/204/171 340/748/733
f 340/748/733 339/750/735 318/741/734
f 334/751/736 333/752/737 323/753/738
f 323/753/738 330/44/174 334/751/736
f 186/754/739 236/705/740 203/755/741
f 348/698/679 350/756/742 328/31/743
f 327/30/314 320/757/744 347/354/315
f 320/757/744 344/758/745 347/354/315
f 319/745/746 326/202/747 346/353/313
f 346/353/313 345/759/748 319/745/746
f 357/760/749 369/761/750 364/161/751
f 374/762/752 352/305/268 376/304/267
f 358/763/753 351/764/754 373/765/755
f 351/764/754 372/766/752 373/765/755
f 373/765/755 371/767/752 375/768/752
f 373/765/755 375/768/752 376/304/267
f 365/163/142 357/760/756 364/161/140
f 367/162/141 363/597/757 366/769/758
f 377/770/759 353/600/760 380/771/761
f 353/600/760 360/496/459 380/771/761
f 359/303/460 352/305/762 379/495/458
f 352/305/762 378/772/759 379/495/458
f 69/505/763 100/624/599 102/506/763
f 261/672/652 280/676/658 260/490/657
f 382/773/764 383/704/685 361/151/128
f 354/599/127 382/773/764 361/151/128
f 349/774/765 321/29/766 328/31/743
f 350/756/742 349/774/765 328/31/743
f 363/597/757 356/775/756 366/769/758
f 369/761/750 370/776/767 364/161/751
f 351/764/768 364/161/751 370/776/767
f 370/776/767 368/777/769 351/764/768
f 351/764/768 358/763/749 364/161/751
f 12/35/770 30/39/770 11/778/770
f 160/451/414 175/456/416 178/455/413
f 44/108/88 30/110/89 31/169/147
f 46/52/49 12/80/58 11/64/47
f 292/680/664 307/682/666 310/481/443
f 67/337/299 69/286/242 65/198/245
f 119/300/263 92/195/164 105/197/166
f 231/489/547 235/581/549 233/606/571
f 358/763/753 373/765/755 376/304/267
f 343/203/170 340/748/733 325/204/171
f 332/206/173 334/751/736 330/44/174
f 226/574/544 241/576/546 244/573/542
f 297/145/122 301/687/668 299/143/120
f 266/610/579 268/666/644 264/81/647
f 93/142/119 108/306/270 111/140/117
f 10/148/771 32/36/771 13/779/771
f 4/1/1 18/622/772 37/2/2
f 318/14/14 351/500/360 368/15/15
f 35/19/19 34/479/20 15/20/20
f 162/22/21 155/470/21 156/23/21
f 206/25/22 210/780/22 243/26/22
f 14/28/23 33/157/23 35/19/24
f 321/29/25 320/757/25 327/30/25
f 22/32/26 41/732/26 40/33/26
f 12/35/27 13/779/27 32/36/27
f 8/38/28 11/778/773 30/39/29
f 81/41/31 82/523/480 115/42/32
f 330/44/33 323/753/33 322/45/33
f 228/47/34 221/585/34 222/48/34
f 52/50/35 4/106/774 20/51/36
f 62/53/38 63/292/38 56/54/38
f 128/56/39 145/432/385 142/57/40
f 186/59/42 207/781/775 240/60/43
f 11/64/47 8/728/776 47/65/48
f 198/68/51 191/558/51 190/69/51
f 368/15/52 370/782/52 337/71/52
f 294/75/56 287/783/56 288/76/56
f 264/81/59 257/668/59 256/82/59
f 185/103/79 157/465/424 164/104/80
f 284/123/102 282/426/379 315/124/103
f 148/126/104 149/267/222 182/127/105
f 316/129/106 283/784/106 284/123/106
f 129/130/107 149/446/404 148/131/108
f 337/71/110 370/782/110 369/132/110
f 323/134/111 333/365/777 366/135/112
f 280/137/114 313/540/114 312/138/115
f 111/140/117 87/302/265 94/141/118
f 299/143/120 291/607/121 298/144/121
f 9/146/123 28/183/157 29/147/124
f 381/149/126 355/785/127 362/150/127
f 284/152/129 262/671/651 263/83/130
f 2/6/132 24/5/133 25/67/133
f 139/153/135 172/394/135 171/154/135
f 7/156/136 26/786/159 33/157/137
f 195/158/139 196/562/139 189/159/139
f 364/161/140 363/597/757 367/162/141
f 174/164/143 141/787/143 142/165/143
f 317/167/144 289/201/670 296/168/145
f 31/169/147 32/111/90 45/100/87
f 42/170/148 23/179/778 37/97/74
f 50/171/149 49/62/149 6/85/149
f 300/173/150 267/788/150 268/174/150
f 145/176/151 143/590/151 176/177/151
f 42/170/77 45/100/77 39/122/101
f 50/171/152 5/172/779 17/95/71
f 9/146/123 21/34/780 40/33/156
f 261/184/158 262/671/158 255/185/158
f 7/187/136 8/38/28 27/40/30
f 124/189/160 125/525/160 158/190/160
f 313/192/161 314/692/673 294/193/162
f 65/198/167 58/288/167 57/199/167
f 289/201/168 290/686/168 297/145/168
f 326/202/169 319/745/730 343/203/170
f 331/205/172 324/744/781 332/206/173
f 240/60/178 207/781/178 208/210/178
f 120/212/179 141/787/782 174/164/180
f 177/214/182 144/789/182 145/176/182
f 126/215/183 159/258/783 167/216/184
f 271/218/186 304/528/186 303/219/186
f 96/221/187 97/348/188 64/222/188
f 230/224/190 197/516/190 196/225/191
f 95/227/192 62/333/192 61/228/193
f 295/230/194 296/380/195 263/231/195
f 93/233/196 94/229/193 61/228/193
f 98/235/198 99/790/199 66/236/199
f 99/238/199 93/233/196 60/234/197
f 319/240/200 352/270/466 374/241/201
f 202/243/203 200/711/694 233/244/204
f 1/90/66 43/92/68 44/94/70
f 320/246/205 353/791/226 377/247/206
f 208/210/208 206/25/208 239/27/208
f 309/249/209 276/355/209 277/250/210
f 274/252/211 272/792/211 305/253/211
f 342/255/212 375/531/212 371/256/212
f 126/215/213 138/155/784 171/154/214
f 124/259/216 157/793/487 183/260/217
f 354/262/219 353/791/219 320/246/219
f 214/264/220 215/724/702 248/265/221
f 149/267/222 146/542/504 179/268/223
f 319/240/224 345/498/463 378/269/225
f 56/271/227 89/655/227 88/272/227
f 359/303/266 358/763/753 376/304/267
f 132/319/278 125/440/278 124/320/278
f 321/263/287 349/361/785 382/329/288
f 85/290/248 63/292/251 64/200/294
f 95/227/192 96/221/187 63/223/189
f 251/334/295 223/488/551 230/335/296
f 66/336/298 59/794/786 67/337/299
f 181/338/300 182/471/430 162/22/301
f 129/130/306 130/445/306 123/343/306
f 157/345/307 158/461/307 165/346/307
f 97/348/188 98/235/198 65/237/198
f 19/349/308 17/703/787 36/350/309
f 346/353/313 326/202/747 327/30/314
f 305/253/316 272/792/316 276/355/316
f 214/264/317 247/266/317 246/356/318
f 255/358/320 283/784/788 316/129/321
f 350/360/323 383/795/323 382/329/323
f 257/362/324 267/788/789 300/173/325
f 334/364/327 367/796/327 366/135/327
f 72/366/328 105/396/328 104/367/328
f 227/369/329 194/507/329 193/370/330
f 232/372/331 199/386/331 198/373/332
f 229/226/191 196/225/191 195/375/333
f 164/377/334 131/797/334 130/378/335
f 296/380/195 297/631/336 264/381/336
f 298/382/337 292/629/603 259/383/338
f 226/385/330 193/798/330 199/386/331
f 258/387/340 270/220/790 303/219/341
f 365/389/343 367/796/344 334/364/344
f 258/387/346 291/388/326 299/391/347
f 139/153/349 137/529/350 170/393/350
f 72/366/351 70/614/351 103/395/351
f 252/397/352 285/474/342 302/398/353
f 243/26/355 210/780/355 211/400/355
f 211/400/356 209/723/356 242/402/356
f 107/403/357 74/799/357 75/404/357
f 324/406/358 336/133/791 369/132/359
f 253/408/361 286/522/792 308/409/362
f 255/358/364 288/359/364 287/411/365
f 346/413/366 347/416/369 380/414/367
f 377/247/206 380/414/367 347/416/369
f 254/417/370 287/800/479 311/418/371
f 123/420/373 156/527/373 155/421/374
f 381/423/375 383/795/376 350/360/376
f 256/425/378 289/538/322 315/124/103
f 202/466/425 198/68/522 199/467/426
f 252/397/432 273/801/793 306/473/433
f 118/209/177 90/318/277 97/477/438
f 6/478/439 15/20/794 34/479/440
f 293/194/442 292/680/664 310/481/443
f 102/315/275 100/310/271 99/330/290
f 136/438/393 132/319/396 133/331/390
f 247/483/445 248/586/555 228/47/446
f 223/488/451 224/580/451 231/489/451
f 260/490/452 277/661/639 274/491/453
f 152/443/399 130/445/402 131/493/455
f 379/495/458 380/771/761 360/496/459
f 75/404/461 73/802/461 106/497/461
f 346/413/462 379/415/462 378/269/225
f 318/14/464 339/589/795 372/499/465
f 184/501/467 151/803/467 152/502/467
f 324/406/468 357/407/796 365/389/343
f 101/504/469 68/804/469 69/505/469
f 227/369/329 228/376/333 195/375/333
f 294/508/470 261/805/470 260/509/471
f 294/511/470 295/230/194 262/232/194
f 160/513/472 127/630/472 133/514/473
f 230/224/190 231/374/332 198/373/332
f 161/517/475 162/721/476 129/518/476
f 166/515/474 133/514/473 132/520/477
f 253/408/478 279/139/116 312/138/115
f 82/523/480 79/618/591 112/524/481
f 125/525/482 135/806/797 168/526/483
f 123/420/485 151/803/798 184/501/486
f 271/218/488 269/399/488 302/398/488
f 120/212/489 153/213/215 170/393/490
f 343/530/492 376/807/492 375/531/492
f 140/532/493 144/789/493 177/214/493
f 121/534/494 147/650/626 180/535/495
f 374/241/497 376/807/497 343/530/497
f 322/537/498 355/808/289 381/423/375
f 289/538/499 256/425/499 257/362/499
f 280/137/500 281/541/502 314/539/501
f 281/541/502 278/419/372 311/418/371
f 122/422/503 155/421/799 179/268/223
f 152/502/505 150/261/218 183/260/217
f 161/339/543 160/451/414 178/455/413
f 218/560/525 196/562/528 197/70/552
f 340/588/558 373/642/558 372/499/558
f 121/534/559 154/536/181 176/177/560
f 188/591/562 189/709/562 222/592/562
f 355/596/566 356/775/566 363/597/566
f 354/599/567 361/151/567 360/496/567
f 5/601/568 6/478/439 25/480/441
f 90/603/570 57/619/570 58/604/570
f 233/606/571 225/485/572 232/570/572
f 114/327/286 115/325/282 95/326/283
f 90/318/576 91/314/576 98/313/576
f 95/326/577 88/324/577 89/207/577
f 244/573/542 220/572/541 227/484/578
f 266/610/579 264/81/647 265/594/580
f 53/613/584 86/643/613 103/395/585
f 54/615/587 87/649/618 109/616/588
f 55/273/590 88/272/624 112/524/481
f 57/619/592 90/603/632 116/620/593
f 19/349/595 38/351/800 37/2/596
f 59/623/598 92/809/801 100/624/599
f 328/626/601 327/720/602 360/627/602
f 292/629/603 293/510/471 260/509/471
f 161/517/475 128/519/475 127/630/472
f 194/547/510 211/549/512 208/552/515
f 297/631/336 298/382/337 265/384/339
f 363/632/604 330/810/604 329/633/605
f 136/635/606 134/217/185 167/216/184
f 58/604/607 68/804/802 101/504/608
f 168/526/610 135/806/610 136/635/610
f 59/637/611 71/368/803 104/367/612
f 205/639/614 238/706/614 237/640/614
f 340/588/615 338/257/615 371/256/615
f 53/613/616 74/799/804 107/403/617
f 142/165/619 140/532/619 173/533/619
f 78/644/620 76/617/620 109/616/620
f 106/497/621 73/802/621 77/646/621
f 54/615/622 80/739/722 113/648/623
f 148/126/625 181/128/625 180/535/495
f 268/174/627 266/392/348 299/391/347
f 218/651/628 216/734/714 249/652/629
f 56/271/630 84/811/805 117/654/631
f 250/656/633 217/812/633 218/651/633
f 169/462/422 167/460/417 166/452/419
f 190/694/675 191/740/675 224/695/675
f 348/698/679 328/31/743 329/699/680
f 331/701/682 330/810/604 363/632/604
f 62/53/252 82/293/254 81/295/258
f 5/601/568 24/602/569 36/350/683
f 61/278/232 78/280/234 75/283/237
f 52/114/93 47/116/95 48/117/96
f 205/639/686 203/755/686 236/705/686
f 117/654/687 84/811/687 85/707/687
f 189/709/689 217/812/806 250/656/690
f 110/647/692 77/646/692 78/644/692
f 192/710/693 225/733/725 233/244/204
f 277/250/695 275/410/695 308/409/695
f 3/712/696 26/813/696 27/109/696
f 164/713/334 165/521/477 132/520/477
f 329/715/605 328/626/601 361/628/601
f 326/717/697 325/814/698 358/718/698
f 358/718/698 325/814/698 331/701/682
f 327/720/602 326/717/697 359/719/697
f 163/379/335 130/378/335 129/518/476
f 187/722/699 220/736/44 242/402/700
f 215/724/702 212/726/705 245/725/703
f 188/591/704 221/593/719 245/725/703
f 48/727/706 47/65/706 8/728/706
f 234/730/707 201/815/707 202/243/707
f 195/158/529 215/563/531 214/565/535
f 22/32/708 20/735/708 39/731/708
f 192/710/709 204/641/807 237/640/710
f 306/473/712 273/801/712 274/252/712
f 190/694/713 223/696/691 249/652/629
f 4/1/1 23/3/3 39/731/715
f 85/707/717 83/621/594 116/620/593
f 187/722/718 213/357/319 246/356/318
f 322/737/720 323/134/720 356/136/720
f 81/41/721 114/43/721 113/648/623
f 191/740/723 201/815/808 234/730/724
f 186/754/739 219/816/711 236/705/740
f 69/505/763 67/625/600 100/624/599
f 261/672/652 281/674/654 280/676/658
f 12/35/770 31/37/770 30/39/770
f 10/148/771 29/147/771 32/36/771
f 431/817/809 441/818/809 432/819/809
f 435/820/810 441/821/811 443/822/812
f 385/823/813 402/824/813 403/825/813
f 438/826/814 426/827/815 424/828/816
f 430/829/817 442/830/818 431/817/819
f 432/819/820 440/831/821 433/832/820
f 403/825/822 400/833/822 401/834/822
f 393/835/823 394/836/823 392/837/823
f 397/838/824 394/836/824 395/839/824
f 389/840/825 390/841/826 388/842/826
f 391/843/827 392/844/827 390/841/827
f 399/845/828 396/846/828 397/838/828
f 410/847/829 399/845/829 397/838/829
f 401/834/830 398/848/831 399/845/832
f 385/823/833 386/849/833 384/850/833
f 421/851/834 432/819/834 422/852/834
f 411/853/835 401/834/830 399/845/832
f 419/854/836 430/829/836 420/855/836
f 391/843/837 408/856/837 393/857/837
f 385/823/838 404/858/838 387/859/838
f 409/860/839 397/838/839 395/839/839
f 423/861/840 405/862/841 413/863/842
f 405/862/843 414/864/844 404/858/845
f 403/825/846 405/862/846 385/823/846
f 404/858/847 416/865/848 406/866/849
f 422/852/850 413/863/851 412/867/852
f 389/840/825 407/868/853 391/843/854
f 429/869/855 443/870/855 430/829/855
f 436/871/856 428/872/857 427/873/857
f 428/874/858 419/854/858 418/875/858
f 437/876/859 427/873/859 426/827/859
f 386/877/860 398/878/860 402/879/860
f 406/866/861 417/880/862 407/868/863
f 425/881/864 414/864/865 415/882/866
f 408/883/867 395/839/867 393/835/867
f 435/884/868 429/869/869 428/874/869
f 439/885/870 424/828/871 425/881/872
f 408/883/873 419/854/874 409/860/875
f 387/859/876 406/866/876 389/840/876
f 420/855/877 431/817/877 421/851/877
f 422/852/878 433/832/878 423/861/878
f 423/861/879 425/881/879 415/882/879
f 419/854/880 410/847/881 409/860/882
f 412/867/883 403/825/883 401/834/883
f 433/832/884 439/885/885 425/881/884
f 389/840/886 386/849/886 387/859/886
f 426/827/887 417/880/862 416/865/888
f 421/851/889 412/867/890 411/853/891
f 424/828/816 416/865/892 414/864/893
f 420/855/894 411/853/895 410/847/896
f 427/873/897 418/886/897 417/880/897
f 407/868/898 418/886/899 408/856/898
f 402/879/860 384/887/860 386/877/860
f 386/877/860 388/888/860 390/889/860
f 390/889/860 392/890/860 394/891/860
f 394/891/860 396/892/860 398/878/860
f 398/878/860 400/893/860 402/879/860
f 390/889/860 394/891/860 398/878/860
f 443/822/812 434/894/900 435/820/810
f 435/820/810 436/895/901 437/896/902
f 437/896/902 438/897/903 439/898/904
f 439/898/904 440/899/905 441/821/811
f 441/821/811 442/900/906 443/822/812
f 437/896/902 439/898/904 441/821/811
f 431/817/809 442/830/907 441/818/809
f 435/820/810 437/896/902 441/821/811
f 385/823/813 384/850/813 402/824/813
f 438/826/814 437/876/908 426/827/815
f 430/829/817 443/870/818 442/830/818
f 432/819/820 441/818/821 440/831/821
f 403/825/822 402/824/822 400/833/822
f 393/835/823 395/839/823 394/836/823
f 397/838/824 396/846/824 394/836/824
f 389/840/825 391/843/854 390/841/826
f 391/843/827 393/857/827 392/844/827
f 399/845/828 398/848/828 396/846/828
f 410/847/909 411/853/909 399/845/909
f 401/834/830 400/833/831 398/848/831
f 385/823/833 387/859/833 386/849/833
f 421/851/910 431/817/910 432/819/910
f 411/853/911 412/867/911 401/834/911
f 419/854/912 429/869/912 430/829/912
f 391/843/913 407/868/913 408/856/913
f 385/823/914 405/862/914 404/858/914
f 409/860/915 410/847/915 397/838/915
f 423/861/840 415/882/916 405/862/841
f 405/862/843 415/882/917 414/864/844
f 403/825/918 413/863/918 405/862/918
f 404/858/847 414/864/919 416/865/848
f 422/852/850 423/861/920 413/863/851
f 389/840/921 406/866/921 407/868/921
f 429/869/855 434/901/922 443/870/855
f 436/871/856 435/902/856 428/872/857
f 428/874/923 429/869/923 419/854/923
f 437/876/859 436/871/859 427/873/859
f 386/877/860 390/889/860 398/878/860
f 406/866/861 416/865/888 417/880/862
f 425/881/864 424/828/924 414/864/865
f 408/883/925 409/860/925 395/839/925
f 435/884/868 434/901/926 429/869/869
f 439/885/870 438/826/927 424/828/871
f 408/883/873 418/875/928 419/854/874
f 387/859/929 404/858/929 406/866/929
f 420/855/930 430/829/817 431/817/819
f 422/852/931 432/819/931 433/832/931
f 423/861/932 433/832/932 425/881/932
f 419/854/880 420/855/933 410/847/881
f 412/867/934 413/863/934 403/825/934
f 433/832/884 440/831/935 439/885/885
f 389/840/936 388/842/936 386/849/936
f 426/827/937 427/873/937 417/880/937
f 421/851/889 422/852/938 412/867/890
f 424/828/816 426/827/815 416/865/892
f 420/855/894 421/851/939 411/853/895
f 427/873/940 428/872/940 418/886/940
f 407/868/898 417/880/899 418/886/899
o ThirdPine.001
v -15.418758 11.546294 -21.214840
v -15.421631 11.552279 -21.204529
v -15.401709 11.556809 -21.195942
v -15.443882 9.471740 -20.932959
v -16.214401 9.953945 -20.096292
v -15.786736 10.222149 -19.632143
v -15.101184 10.222417 -19.632658
v -14.674126 9.954818 -20.097000
v -14.826595 9.620856 -20.675478
v -14.776205 9.737670 -20.474920
v -14.717236 9.866852 -20.251169
v -14.785126 9.926680 -20.394779
v -14.794290 9.818253 -20.477840
v -15.189135 10.221737 -19.634912
v -15.557325 10.221737 -19.634912
v -15.389471 10.346862 -19.795858
v -16.088484 9.684414 -20.564825
v -15.913746 9.586617 -20.735064
v -15.974952 9.849367 -20.737110
v -15.419559 9.479974 -20.920820
v -15.291900 9.510713 -20.867579
v -15.379420 9.556019 -20.912586
v -15.444032 9.469062 -20.956268
v -16.235064 9.965024 -20.097237
v -15.796074 10.240261 -19.620512
v -15.091990 10.240261 -19.620512
v -14.653000 9.965024 -20.097237
v -14.809673 9.621808 -20.691706
v -14.754720 9.742192 -20.483192
v -14.695750 9.871374 -20.259443
v -14.763640 9.931202 -20.403053
v -14.772804 9.822775 -20.486115
v -15.189135 10.240261 -19.620512
v -15.557325 10.240261 -19.620512
v -15.389471 10.365385 -19.781458
v -16.109518 9.689999 -20.573595
v -15.923183 9.584436 -20.756433
v -15.991728 9.851325 -20.753395
v -15.410033 9.477249 -20.942087
v -15.282373 9.507988 -20.888847
v -15.369894 9.553293 -20.933855
v -15.407888 11.543525 -21.219439
v -15.414037 11.556945 -21.196104
v -15.393970 11.551914 -21.204275
v -15.396761 11.545982 -21.214767
v -15.402173 11.151779 -20.983162
v -15.400269 11.155781 -20.976051
v -15.405517 11.159098 -20.970409
v -15.413856 11.159195 -20.970547
v -15.418963 11.156057 -20.976252
v -15.417253 11.152070 -20.983442
v -15.409700 11.150147 -20.986311
v -13.980164 8.703855 -19.664511
v -14.471280 8.172637 -20.584608
v -15.608132 8.033413 -20.825750
v -16.534647 8.391022 -20.206354
v -16.553141 8.976176 -19.192837
v -15.649686 9.348244 -18.548397
v -14.504603 9.227049 -18.758312
v -15.419402 10.483754 -20.657785
v -15.438755 10.462821 -20.694044
v -15.483554 10.457335 -20.703547
v -15.520064 10.471427 -20.679138
v -15.520793 10.494486 -20.639198
v -15.485191 10.509147 -20.613806
v -15.440068 10.504371 -20.622076
v -14.665764 9.243535 -18.732391
v -15.482742 9.330004 -18.582624
v -15.297606 9.383348 -18.808661
v -14.296135 9.016479 -19.125664
v -14.388466 9.108590 -18.966124
v -14.531229 9.243073 -19.378511
v -14.187696 8.484509 -20.047064
v -14.149274 8.526068 -19.975082
v -14.377101 8.763973 -20.096106
v -14.373731 8.283283 -20.395597
v -14.303658 8.359077 -20.264318
v -14.397556 8.379279 -20.363350
v -15.297142 8.074363 -20.757458
v -14.743740 8.142135 -20.640074
v -14.950338 8.215395 -20.667561
v -15.133788 8.156798 -20.712460
v -16.546110 8.860837 -19.395245
v -16.537725 8.595567 -19.854706
v -16.449390 8.794023 -19.740156
v -13.957537 8.724808 -19.676195
v -14.456893 8.184677 -20.611729
v -15.612819 8.043118 -20.856918
v -16.554878 8.406726 -20.227129
v -16.573681 9.001698 -19.196608
v -15.655069 9.380007 -18.541355
v -14.490775 9.256779 -18.754793
v -15.390418 10.500673 -20.667025
v -15.420325 10.468323 -20.723057
v -15.489557 10.459845 -20.737741
v -15.545979 10.481623 -20.700022
v -15.547106 10.517257 -20.638302
v -15.492087 10.539914 -20.599056
v -15.422355 10.532534 -20.611841
v -14.660849 9.274780 -18.723616
v -15.477826 9.361248 -18.573849
v -15.292691 9.414594 -18.799885
v -14.274914 9.041430 -19.127789
v -14.367244 9.133541 -18.968248
v -14.510008 9.268023 -19.380634
v -14.166148 8.499163 -20.067024
v -14.127727 8.540721 -19.995043
v -14.355555 8.778625 -20.116066
v -14.352184 8.297935 -20.415558
v -14.282111 8.373731 -20.284279
v -14.376009 8.393933 -20.383310
v -15.291495 8.082468 -20.788759
v -14.738092 8.150240 -20.671375
v -14.944692 8.223500 -20.698864
v -15.128140 8.164903 -20.743763
v -16.569843 8.880282 -19.406904
v -16.561460 8.615012 -19.866367
v -16.473125 8.813468 -19.751816
v -15.008327 9.965543 -19.786503
v -15.513941 3.902853 -19.019081
v -16.805716 4.213895 -18.480339
v -17.124758 4.912803 -17.269796
v -16.230822 5.473283 -16.299015
v -14.797060 5.473283 -16.299015
v -13.903124 4.912803 -17.269796
v -14.222166 4.213895 -18.480339
v -15.489010 6.453967 -18.662348
v -15.599499 6.480571 -18.616268
v -15.626786 6.540350 -18.512726
v -15.550326 6.588289 -18.429693
v -15.427693 6.588289 -18.429693
v -15.351233 6.540350 -18.512726
v -15.378521 6.480571 -18.616268
v -14.181301 4.313752 -18.310526
v -13.953773 4.812182 -17.447218
v -14.164357 4.869321 -17.738152
v -14.744817 4.091625 -18.695261
v -14.517492 4.146362 -18.600452
v -14.869644 4.578701 -18.641768
v -16.050125 4.035536 -18.792410
v -15.949109 4.011213 -18.834538
v -15.927387 4.433177 -18.756401
v -16.539240 4.153309 -18.588421
v -16.355009 4.108948 -18.665257
v -16.445824 4.238217 -18.605457
v -17.033335 4.722861 -17.601927
v -16.878096 4.382792 -18.190947
v -16.858398 4.590984 -18.019369
v -16.938324 4.673935 -17.806402
v -15.082715 5.472647 -16.303261
v -15.732406 5.472647 -16.303261
v -15.491179 5.538167 -16.470400
v -15.513941 3.914134 -19.056763
v -16.826818 4.230258 -18.509220
v -17.151073 4.940583 -17.278900
v -16.242533 5.510220 -16.292259
v -14.785349 5.510220 -16.292259
v -13.876808 4.940583 -17.278900
v -14.201063 4.230258 -18.509220
v -15.489010 6.459805 -18.754713
v -15.659757 6.500918 -18.683504
v -15.701928 6.593300 -18.523493
v -15.583767 6.667384 -18.395174
v -15.394252 6.667384 -18.395174
v -15.276092 6.593300 -18.523493
v -15.318263 6.500918 -18.683504
v -14.153698 4.334018 -18.329502
v -13.926170 4.832449 -17.466194
v -14.136754 4.889588 -17.757126
v -14.732533 4.102287 -18.730871
v -14.505208 4.157024 -18.636065
v -14.857359 4.589363 -18.677378
v -16.062408 4.046198 -18.828020
v -15.961393 4.021874 -18.870150
v -15.939672 4.443839 -18.792013
v -16.551523 4.163971 -18.624033
v -16.367292 4.119610 -18.700867
v -16.458109 4.248878 -18.641069
v -17.060938 4.743128 -17.620903
v -16.905699 4.403058 -18.209923
v -16.886002 4.611251 -18.038345
v -16.965927 4.694201 -17.825377
v -15.082715 5.510220 -16.292259
v -15.732406 5.510220 -16.292259
v -15.491179 5.575741 -16.459398
v -14.810869 6.637611 -16.846745
v -13.925793 6.131624 -17.723141
v -14.165152 5.470155 -18.868839
v -15.348703 5.151305 -19.421104
v -16.585209 5.415174 -18.964067
v -16.943556 6.063065 -17.841890
v -16.153900 6.607100 -16.899593
v -15.441841 7.700624 -19.066166
v -15.373288 7.661432 -19.134047
v -15.391828 7.610198 -19.222786
v -15.483499 7.585502 -19.265562
v -15.579272 7.605940 -19.230162
v -15.607027 7.656122 -19.143246
v -15.545865 7.698260 -19.070259
v -16.261974 6.530810 -17.034550
v -16.824738 6.143092 -17.706099
v -16.561083 6.358827 -17.697788
v -15.612061 6.618836 -16.882086
v -15.848245 6.613470 -16.891380
v -15.611102 6.791574 -17.323296
v -14.444958 6.426922 -17.214491
v -14.514122 6.466463 -17.146004
v -14.635339 6.615228 -17.499969
v -14.110064 6.235467 -17.546101
v -14.236206 6.307580 -17.421196
v -14.200760 6.307296 -17.575460
v -14.102976 5.653273 -18.554489
v -13.986589 5.974906 -17.997404
v -14.096512 5.946341 -18.224007
v -14.110725 5.806176 -18.401848
v -16.337193 5.365419 -19.053068
v -15.777269 5.245932 -19.260025
v -15.943974 5.452417 -19.165339
v -14.801356 6.671001 -16.840286
v -13.902435 6.157099 -17.730391
v -14.145538 5.485283 -18.894011
v -15.347604 5.161447 -19.454912
v -16.603451 5.429443 -18.990728
v -16.967403 6.087467 -17.850996
v -16.165396 6.640013 -16.893959
v -15.416151 7.768399 -19.035793
v -15.310210 7.707834 -19.140694
v -15.338861 7.628658 -19.277830
v -15.480528 7.590493 -19.343935
v -15.628534 7.622077 -19.289230
v -15.671427 7.699627 -19.154909
v -15.576908 7.764747 -19.042118
v -16.282547 6.559300 -17.033758
v -16.845312 6.171582 -17.705305
v -16.581657 6.387317 -17.696997
v -15.613214 6.652557 -16.872232
v -15.849399 6.647192 -16.881525
v -15.612256 6.825296 -17.313440
v -14.425823 6.456314 -17.212135
v -14.494988 6.495854 -17.143650
v -14.616204 6.644619 -17.497614
v -14.090929 6.264858 -17.543745
v -14.217072 6.336972 -17.418840
v -14.181625 6.336687 -17.573107
v -14.077961 5.672034 -18.570549
v -13.961575 5.993668 -18.013462
v -14.071497 5.965101 -18.240065
v -14.085711 5.824937 -18.417906
v -16.347172 5.374753 -19.085453
v -15.787248 5.255266 -19.292412
v -15.953953 5.461752 -19.197725
v -16.605701 7.367062 -17.726892
v -15.461757 7.599553 -17.324205
v -14.384982 7.297323 -17.847685
v -14.186211 6.687957 -18.903137
v -15.015121 6.230320 -19.695787
v -16.247528 6.269023 -19.628752
v -16.955402 6.774921 -18.752512
v -15.565496 8.623674 -19.611820
v -15.482083 8.640627 -19.582458
v -15.403567 8.618588 -19.620628
v -15.389074 8.574155 -19.697590
v -15.449515 8.540786 -19.755386
v -15.539379 8.543608 -19.750500
v -15.590996 8.580497 -19.686605
v -16.853283 6.706140 -18.874369
v -16.348402 6.345316 -19.499334
v -16.369263 6.622542 -19.355003
v -16.811066 7.014390 -18.340464
v -16.872612 6.910174 -18.520969
v -16.553829 7.265141 -18.586739
v -16.128050 7.463449 -17.562672
v -16.217516 7.445267 -17.594164
v -16.052174 7.601224 -17.886259
v -15.694863 7.551488 -17.410181
v -15.858028 7.518327 -17.467619
v -15.731192 7.574866 -17.511038
v -14.682067 7.379903 -17.707376
v -15.206054 7.526976 -17.452639
v -15.056119 7.518137 -17.630764
v -14.865675 7.452496 -17.684771
v -14.852568 6.323825 -19.536558
v -14.476916 6.531219 -19.177340
v -14.687890 6.591256 -19.315069
v -16.623047 7.396399 -17.725691
v -15.460290 7.632713 -17.316383
v -14.365807 7.325512 -17.848471
v -14.163766 6.706125 -18.921280
v -15.006309 6.240963 -19.726965
v -16.258984 6.280302 -19.658829
v -16.978500 6.794519 -18.768177
v -15.607441 8.675248 -19.597734
v -15.478536 8.701447 -19.552357
v -15.357200 8.667390 -19.611345
v -15.334801 8.598722 -19.730280
v -15.428206 8.547154 -19.819599
v -15.567080 8.551516 -19.812044
v -15.646847 8.608522 -19.713305
v -16.873398 6.719406 -18.898277
v -16.368517 6.358582 -19.523241
v -16.389376 6.635808 -19.378912
v -16.834608 7.038168 -18.346165
v -16.896154 6.933953 -18.526672
v -16.577372 7.288920 -18.592442
v -16.137295 7.495122 -17.554697
v -16.226759 7.476939 -17.586191
v -16.061417 7.632898 -17.878286
v -15.704107 7.583161 -17.402210
v -15.867272 7.550000 -17.459646
v -15.740435 7.606539 -17.503067
v -14.670051 7.410908 -17.700560
v -15.194037 7.557981 -17.445822
v -15.044103 7.549143 -17.623945
v -14.853659 7.483502 -17.677956
v -14.834373 6.335888 -19.562550
v -14.458721 6.543283 -19.203333
v -14.669695 6.603319 -19.341061
v -15.379105 7.005690 -20.471422
v -16.550283 7.219013 -20.101936
v -16.946936 7.809849 -19.078577
v -16.270376 8.333288 -18.171955
v -15.030066 8.395168 -18.064775
v -14.159985 7.948894 -18.837746
v -14.315321 7.330518 -19.908804
v -15.481059 9.502566 -20.213022
v -15.550017 9.515127 -20.191267
v -15.573372 9.549914 -20.131012
v -15.533537 9.580734 -20.077631
v -15.460508 9.584377 -20.071320
v -15.409278 9.558102 -20.116833
v -15.418425 9.521692 -20.179895
v -14.296774 7.418770 -19.758553
v -14.186076 7.859443 -18.995285
v -14.348844 7.900478 -19.262926
v -14.746103 7.202046 -20.133928
v -14.559038 7.259167 -20.034994
v -14.867513 7.617167 -20.132391
v -15.865742 7.097219 -20.315496
v -15.774224 7.080550 -20.344368
v -15.779483 7.447459 -20.275902
v -16.308865 7.177931 -20.175699
v -16.141956 7.147530 -20.228355
v -16.230503 7.255661 -20.183624
v -16.834908 7.649309 -19.359247
v -16.642050 7.362036 -19.856819
v -16.646816 7.543206 -19.707233
v -16.735394 7.611335 -19.529034
v -15.277126 8.382306 -18.089659
v -15.838740 8.354287 -18.138189
v -15.620557 8.421850 -18.264952
v -15.376883 7.015101 -20.502573
v -16.566311 7.231748 -20.127329
v -16.969145 7.831791 -19.088024
v -16.282042 8.363386 -18.167274
v -15.022405 8.426230 -18.058424
v -14.138765 7.973001 -18.843439
v -14.296523 7.344989 -19.931189
v -15.476480 9.506173 -20.268103
v -15.583046 9.525584 -20.234482
v -15.619138 9.579345 -20.141365
v -15.557577 9.626973 -20.058872
v -15.444720 9.632604 -20.049120
v -15.365550 9.591996 -20.119452
v -15.379684 9.535729 -20.216909
v -14.273479 7.436726 -19.772297
v -14.162782 7.877398 -19.009029
v -14.325548 7.918433 -19.276670
v -14.733867 7.211447 -20.162493
v -14.546803 7.268567 -20.063557
v -14.855276 7.626566 -20.160954
v -15.873778 7.105608 -20.345812
v -15.782261 7.088938 -20.374683
v -15.787519 7.455847 -20.306217
v -16.316900 7.186319 -20.206015
v -16.149994 7.155918 -20.258671
v -16.238539 7.264050 -20.213940
v -16.857164 7.664991 -19.376930
v -16.664307 7.377718 -19.874500
v -16.669073 7.558888 -19.724915
v -16.757650 7.627017 -19.546715
v -15.279457 8.413406 -18.080637
v -15.841071 8.385386 -18.129169
v -15.622888 8.452949 -18.255930
v -15.489010 1.800712 -16.247227
v -15.489011 7.576313 -19.344212
v -15.267128 1.836760 -16.184792
v -15.374641 7.594893 -19.312029
v -15.129996 1.914464 -16.050205
v -15.303958 7.631138 -19.249250
v -15.129996 2.047782 -15.819290
v -15.303958 7.703663 -19.123632
v -15.267128 2.142155 -15.655832
v -15.374641 7.752307 -19.039379
v -15.489010 2.178202 -15.593396
v -15.489011 7.770888 -19.007196
v -15.710893 2.142155 -15.655832
v -15.603379 7.752307 -19.039379
v -15.848024 2.047782 -15.819290
v -15.674063 7.703663 -19.123632
v -15.848024 1.931131 -16.021336
v -15.674063 7.643537 -19.227776
v -15.710893 1.836760 -16.184792
v -15.603379 7.594893 -19.312029
v -15.412187 9.359509 -20.086412
v -15.485528 9.356672 -20.114748
v -15.368735 9.375026 -20.021894
v -15.371773 9.397299 -19.945839
v -15.420136 9.417818 -19.887295
v -15.495355 9.428745 -19.868624
v -15.568696 9.425909 -19.896957
v -15.612147 9.410391 -19.961475
v -15.609110 9.388119 -20.037531
v -15.560746 9.367599 -20.096077
v -15.407575 10.332733 -20.673565
v -15.453119 10.330176 -20.691092
v -15.380697 10.344010 -20.634003
v -15.382753 10.359701 -20.587515
v -15.412956 10.373813 -20.551859
v -15.459770 10.380953 -20.540655
v -15.505315 10.378396 -20.558182
v -15.532192 10.367118 -20.597744
v -15.530136 10.351427 -20.644232
v -15.499933 10.337317 -20.679888
v -15.395680 10.918738 -20.906933
v -15.417527 10.912247 -20.913363
v -15.383278 10.934227 -20.893339
v -15.385056 10.952796 -20.877775
v -15.400336 10.967353 -20.866184
v -15.423283 10.972339 -20.862995
v -15.445128 10.965846 -20.869427
v -15.457532 10.950358 -20.883018
v -15.455753 10.931788 -20.898584
v -15.440473 10.917233 -20.910173
v -15.408152 11.506172 -21.180716
v -15.406859 11.506012 -21.180967
v -15.406014 11.505553 -21.181814
v -15.405934 11.504978 -21.182909
v -15.406621 11.504505 -21.183832
v -15.407802 11.504309 -21.184252
v -15.409046 11.504457 -21.184025
v -15.409901 11.504900 -21.183226
v -15.410035 11.505474 -21.182137
v -15.409372 11.505963 -21.181170
vn 0.0091 -0.9909 0.1344
vn -0.1656 -0.9714 0.1704
vn -0.0005 -0.9935 0.1141
vn -0.9036 0.2067 -0.3751
vn -0.9076 0.2126 -0.3620
vn -0.9054 0.2056 -0.3716
vn -0.0023 0.7649 0.6442
vn 0.0039 0.7649 0.6441
vn -0.0115 0.7665 0.6421
vn 0.0052 -0.8223 -0.5690
vn -0.0036 -0.8223 -0.5690
vn -0.0003 -0.8185 -0.5745
vn 0.0211 -0.8167 -0.5767
vn 0.3964 -0.8869 -0.2372
vn 0.3646 -0.9191 -0.1494
vn 0.3637 -0.9199 -0.1469
vn 0.0022 0.7650 0.6440
vn 0.0128 0.7667 0.6419
vn 0.7720 -0.3902 0.5018
vn 0.7720 -0.3901 0.5018
vn -0.6621 0.7246 0.1913
vn 0.5199 -0.3990 0.7554
vn -0.7132 -0.4302 0.5534
vn -0.7132 -0.4302 0.5533
vn 0.7270 -0.6686 -0.1565
vn -0.4273 -0.9009 -0.0759
vn 0.3962 -0.5792 0.7124
vn 0.3701 -0.7594 0.5352
vn 0.3381 -0.8547 0.3940
vn 0.3724 -0.7578 0.5357
vn 0.3387 -0.9239 -0.1781
vn 0.4077 -0.8991 -0.1592
vn -0.6290 -0.7205 -0.2921
vn 0.4078 0.0639 -0.9108
vn -0.3932 0.0383 0.9187
vn -0.4187 0.0379 0.9074
vn -0.3917 0.0382 0.9193
vn 0.5356 -0.0700 0.8416
vn 0.3508 -0.1200 0.9287
vn 0.3581 -0.1414 0.9229
vn 0.3634 -0.1218 0.9236
vn 0.5717 -0.3139 0.7581
vn 0.5273 -0.3976 0.7509
vn 0.5735 -0.3101 0.7582
vn 0.0030 -0.8221 -0.5693
vn 0.0114 -0.8190 -0.5736
vn -0.8915 -0.2667 0.3661
vn -0.8880 -0.2555 0.3824
vn -0.8880 -0.2568 0.3816
vn -0.0000 0.7673 0.6412
vn 0.8297 -0.3259 0.4531
vn 0.8578 0.2492 0.4495
vn 0.3605 0.0248 0.9324
vn 0.2650 0.0691 0.9618
vn 0.3577 0.0346 0.9332
vn 0.8662 0.4858 -0.1173
vn -0.8369 -0.1865 0.5146
vn -0.8935 -0.2822 0.3494
vn 0.0554 0.0362 0.9978
vn -0.3476 0.0365 0.9370
vn -0.0084 -0.8181 -0.5751
vn -0.8905 0.1887 -0.4140
vn -0.9056 0.2050 -0.3713
vn 0.0139 0.8693 -0.4941
vn 0.0140 0.8710 -0.4911
vn 0.0155 0.8684 -0.4956
vn 0.0196 0.8671 -0.4978
vn 0.0162 0.8677 -0.4969
vn 0.0160 0.8685 -0.4954
vn 0.0148 0.8683 -0.4958
vn 0.8808 -0.2980 0.3680
vn 0.9017 -0.3342 0.2743
vn 0.8807 -0.2976 0.3686
vn -0.4112 -0.1059 -0.9054
vn -0.4282 -0.0998 -0.8981
vn -0.4111 -0.1059 -0.9054
vn 0.4069 -0.1219 -0.9053
vn 0.4053 -0.1221 -0.9060
vn -0.0010 0.8808 0.4735
vn -0.0056 0.8711 0.4910
vn 0.0056 0.8711 0.4910
vn 0.4098 -0.1219 -0.9040
vn 0.3925 0.0212 0.9195
vn 0.3598 0.0223 0.9327
vn 0.9195 0.1871 -0.3456
vn 0.9186 0.1854 -0.3491
vn 0.9188 0.1851 -0.3486
vn 0.9187 0.1847 -0.3492
vn 0.9179 0.1836 -0.3517
vn 0.9227 0.1930 -0.3337
vn -0.8901 -0.2594 0.3747
vn -0.8806 -0.2437 0.4064
vn -0.0266 -0.8681 0.4956
vn -0.0179 -0.8691 0.4943
vn -0.0182 -0.8692 0.4941
vn -0.0197 -0.8702 0.4924
vn -0.0130 -0.8744 0.4850
vn -0.0241 -0.8707 0.4912
vn -0.4121 0.0364 0.9104
vn -0.3891 0.0387 0.9204
vn 0.4088 -0.1218 -0.9044
vn 0.7381 -0.6375 0.2209
vn 0.6456 -0.7578 0.0945
vn -0.6215 -0.7803 0.0707
vn -0.5938 -0.8046 0.0045
vn 0.0115 -0.9101 -0.4143
vn 0.8042 -0.3958 0.4435
vn 0.8035 -0.4021 0.4390
vn 0.8055 -0.3979 0.4392
vn -0.6013 -0.6460 -0.4702
vn 0.7495 -0.6151 0.2445
vn 0.6912 -0.6709 0.2687
vn 0.7560 -0.6083 0.2416
vn 0.6912 -0.4002 0.6017
vn 0.5363 -0.3705 0.7584
vn 0.5311 -0.3731 0.7607
vn 0.7549 0.3347 -0.5639
vn 0.7653 0.2912 -0.5741
vn 0.7648 0.2874 -0.5766
vn -0.7056 0.1586 -0.6906
vn -0.7153 0.1722 -0.6773
vn -0.7170 0.1685 -0.6764
vn 0.2961 -0.9195 0.2587
vn 0.3402 -0.8474 0.4076
vn 0.3362 -0.8481 0.4095
vn -0.1204 0.8386 0.5313
vn -0.0879 0.8435 0.5298
vn -0.0879 0.8426 0.5314
vn -0.6532 -0.1157 0.7483
vn -0.6671 -0.0937 0.7390
vn -0.6806 -0.1412 0.7189
vn -0.7303 0.6008 0.3251
vn -0.7300 0.6010 0.3253
vn -0.7301 0.6010 0.3252
vn -0.6854 -0.5980 -0.4155
vn 0.1724 -0.6173 0.7676
vn -0.0131 -0.6061 0.7953
vn -0.0155 -0.6137 0.7894
vn -0.4036 -0.0806 0.9114
vn 0.8666 0.3728 -0.3317
vn 0.8564 0.3366 -0.3914
vn 0.8632 0.3860 -0.3255
vn -0.9463 -0.0111 0.3231
vn 0.6566 0.1069 -0.7466
vn 0.6717 0.0808 -0.7364
vn 0.6610 0.0747 -0.7467
vn 0.9177 0.1826 -0.3527
vn -0.4095 -0.1064 -0.9061
vn 0.7027 -0.6598 -0.2662
vn -0.8049 -0.3205 0.4993
vn 0.5714 -0.7109 -0.4100
vn 0.8780 -0.2938 0.3780
vn -0.7759 -0.6271 -0.0689
vn -0.7637 -0.6393 -0.0899
vn -0.7628 -0.6453 -0.0417
vn 0.1512 -0.9701 0.1901
vn 0.2977 -0.9196 0.2565
vn -0.8595 -0.4958 0.1244
vn 0.1730 -0.6136 0.7704
vn 0.5957 -0.3233 0.7352
vn 0.4208 0.8218 0.3842
vn 0.4177 0.8184 0.3946
vn 0.4235 0.8165 0.3924
vn 0.7594 0.6506 -0.0116
vn 0.6987 0.7153 -0.0086
vn 0.7615 0.6468 0.0424
vn 0.5666 -0.7368 -0.3690
vn -0.0558 -0.0503 -0.9972
vn 0.2839 -0.0823 0.9553
vn 0.2544 -0.1110 0.9607
vn 0.2886 -0.0807 0.9540
vn -0.8547 -0.3865 0.3465
vn -0.8608 -0.3939 0.3223
vn -0.8564 -0.3832 0.3461
vn -0.8821 0.4220 -0.2094
vn -0.7815 0.5341 -0.3226
vn -0.8863 0.3934 -0.2445
vn 0.7627 -0.4601 -0.4546
vn -0.3296 -0.9057 -0.2666
vn -0.3081 -0.9343 -0.1790
vn -0.3306 -0.9041 -0.2707
vn -0.7937 -0.6010 0.0939
vn 0.7365 -0.6509 0.1840
vn 0.7054 -0.6084 0.3637
vn 0.7010 -0.6122 0.3658
vn -0.0282 0.2066 0.9780
vn 0.4950 0.8452 -0.2016
vn 0.5025 0.6050 -0.6176
vn 0.4950 0.8452 -0.2015
vn 0.4167 0.9034 -0.1007
vn -0.0251 0.9977 0.0626
vn 0.1147 0.9920 0.0527
vn -0.3520 0.9349 -0.0463
vn -0.5310 0.7996 -0.2806
vn -0.2085 0.9776 0.0278
vn -0.5536 0.7168 -0.4239
vn -0.5536 0.7168 -0.4240
vn 0.1317 0.4523 -0.8821
vn -0.3383 0.5021 -0.7959
vn -0.2585 -0.9214 -0.2901
vn -0.2274 -0.9506 -0.2113
vn -0.2245 -0.9528 -0.2041
vn -0.7141 -0.5285 0.4591
vn -0.6527 -0.4804 0.5858
vn -0.7190 -0.6852 0.1164
vn -0.5916 -0.8059 0.0244
vn -0.5906 -0.8064 0.0282
vn -0.6446 0.3659 0.6712
vn 0.3703 -0.1237 0.9206
vn 0.3703 -0.1237 0.9207
vn -0.9328 -0.1962 -0.3023
vn -0.2364 -0.9508 -0.2004
vn 0.3280 -0.9067 -0.2651
vn 0.2920 -0.9377 -0.1883
vn 0.3306 -0.9041 -0.2707
vn -0.0010 -0.1873 0.9823
vn -0.2132 -0.2703 0.9389
vn -0.2097 -0.2747 0.9384
vn -0.6399 -0.3541 0.6820
vn 0.7007 -0.5865 0.4063
vn 0.7026 -0.5387 0.4650
vn -0.5930 -0.8052 0.0025
vn -0.6266 -0.7756 0.0767
vn -0.7188 -0.6851 0.1177
vn -0.7138 -0.6015 0.3587
vn -0.7223 -0.6821 0.1138
vn -0.4656 -0.8624 -0.1985
vn -0.7186 -0.6905 -0.0826
vn -0.6976 -0.7164 0.0066
vn -0.7035 -0.7105 0.0118
vn -0.7625 -0.6467 0.0160
vn -0.7739 -0.2850 0.5655
vn -0.7687 -0.3192 0.5542
vn -0.7575 -0.3359 0.5599
vn -0.7155 -0.3755 0.5891
vn -0.7094 -0.3763 0.5959
vn -0.7505 -0.3031 0.5873
vn -0.7095 -0.3763 0.5959
vn -0.7227 -0.2992 0.6230
vn -0.7667 -0.2752 0.5800
vn -0.7082 -0.3733 0.5993
vn -0.2040 -0.8454 -0.4937
vn -0.1738 -0.9171 -0.3588
vn -0.2433 -0.8616 -0.4454
vn -0.1815 -0.8487 -0.4967
vn 0.8807 -0.3736 0.2913
vn 0.7925 -0.5177 0.3225
vn 0.8872 -0.3917 0.2436
vn 0.7853 -0.5322 0.3164
vn 0.8823 -0.4237 0.2049
vn 0.9002 -0.3740 0.2229
vn -0.2069 -0.0336 0.9778
vn -0.2204 -0.0471 0.9743
vn -0.2225 -0.0447 0.9739
vn -0.1939 -0.1453 0.9702
vn -0.1743 -0.0448 0.9837
vn -0.2004 -0.0320 0.9792
vn -0.1968 -0.0394 0.9797
vn -0.1815 -0.1470 0.9723
vn 0.7204 0.6889 0.0805
vn 0.7639 0.6391 0.0896
vn 0.7758 0.6272 0.0693
vn 0.8176 0.5755 -0.0148
vn 0.7095 0.3763 -0.5959
vn 0.7649 0.3166 -0.5609
vn -0.2858 0.0741 -0.9554
vn -0.2573 0.1076 -0.9603
vn -0.2626 0.0884 -0.9608
vn 0.7250 0.3016 -0.6191
vn 0.7523 0.3049 -0.5841
vn 0.1606 0.8501 0.5015
vn 0.1806 0.8506 0.4938
vn 0.1906 0.8416 0.5053
vn 0.2343 0.8647 0.4442
vn 0.1992 0.8471 0.4927
vn 0.1619 0.9225 0.3503
vn -0.8794 0.3792 -0.2878
vn -0.6591 -0.7286 -0.1862
vn -0.9004 0.3735 -0.2233
vn 0.1859 0.1607 -0.9693
vn 0.2157 0.0479 -0.9753
vn 0.2197 0.0456 -0.9745
vn 0.2065 0.0334 -0.9779
vn 0.2009 0.0320 -0.9791
vn 0.1793 0.0478 -0.9826
vn 0.1996 0.0412 -0.9790
vn -0.0751 -0.1858 0.9797
vn -0.0618 -0.2778 0.9587
vn -0.0757 -0.1818 0.9804
vn 0.1741 0.8439 0.5075
vn -0.3516 -0.1065 0.9301
vn -0.3685 -0.1116 0.9229
vn -0.3418 -0.1255 0.9314
vn 0.8999 -0.3659 0.2374
vn -0.3386 0.0362 -0.9402
vn -0.3382 0.0111 -0.9410
vn -0.3504 0.0136 -0.9365
vn -0.1801 -0.8507 -0.4938
vn -0.1525 -0.8496 -0.5049
vn -0.8125 0.3874 -0.4356
vn -0.8151 0.3800 -0.4372
vn -0.8165 0.3820 -0.4329
vn 0.3128 0.1311 -0.9407
vn 0.3391 0.1881 -0.9217
vn 0.3440 0.1090 -0.9326
vn 0.6533 -0.7362 -0.1766
vn 0.6677 0.7167 0.2011
vn 0.3549 -0.7985 -0.4862
vn 0.0944 -0.7507 -0.6539
vn 0.3683 -0.7989 -0.4755
vn 0.0271 0.8833 0.4680
vn -0.0000 0.9310 0.3650
vn 0.8019 -0.3325 0.4964
vn 0.8024 -0.3233 0.5017
vn 0.7934 -0.3227 0.5162
vn -0.2601 -0.3064 0.9157
vn 0.5291 -0.8350 -0.1514
vn 0.6207 -0.7828 0.0446
vn 0.6199 -0.7831 0.0507
vn 0.5624 -0.8187 -0.1160
vn 0.5095 -0.8591 -0.0485
vn 0.5648 -0.8166 -0.1191
vn 0.5375 -0.1975 0.8198
vn -0.6199 -0.7833 -0.0459
vn -0.5822 -0.8127 0.0222
vn -0.6243 -0.7793 -0.0544
vn 0.4143 -0.8275 -0.3788
vn 0.6696 -0.6060 -0.4294
vn -0.5336 0.6474 -0.5442
vn -0.2173 0.4666 -0.8574
vn 0.2626 0.4775 -0.8385
vn 0.5448 0.6719 -0.5017
vn -0.4481 0.8838 -0.1348
vn -0.2402 0.4718 -0.8484
vn 0.2402 0.4718 -0.8484
vn 0.2710 0.9626 0.0017
vn 0.5464 0.7657 -0.3392
vn 0.4104 0.5354 -0.7382
vn 0.5464 0.7658 -0.3392
vn -0.7264 -0.4576 0.5128
vn -0.6644 -0.5178 0.5389
vn -0.7308 -0.4530 0.5107
vn 0.7006 -0.5738 0.4241
vn 0.6900 -0.4815 0.5404
vn 0.6965 -0.5777 0.4256
vn -0.6175 -0.7851 -0.0484
vn -0.4655 -0.8788 -0.1048
vn -0.4626 -0.8810 -0.0997
vn 0.9086 0.1921 0.3710
vn 0.9086 0.1921 0.3709
vn -0.4316 0.4344 0.7906
vn -0.7292 -0.4549 0.5112
vn -0.6657 -0.5286 0.5268
vn -0.6637 -0.5307 0.5272
vn 0.8161 -0.5464 0.1885
vn -0.2467 0.0832 0.9655
vn -0.2593 -0.6235 -0.7376
vn 0.3944 -0.8886 -0.2342
vn 0.3536 -0.9216 -0.1600
vn 0.3971 -0.8860 -0.2393
vn -0.2860 -0.2152 0.9338
vn -0.2737 -0.3008 0.9136
vn -0.2724 -0.3089 0.9113
vn 0.7520 -0.4995 0.4300
vn 0.7520 -0.4996 0.4300
vn -0.5857 -0.8103 0.0186
vn -0.5513 -0.8331 -0.0449
vn -0.5857 -0.8103 0.0187
vn -0.5503 -0.8337 -0.0467
vn 0.3708 -0.2337 0.8988
vn 0.1824 -0.2748 0.9441
vn 0.1836 -0.2784 0.9427
vn -0.5957 -0.3233 0.7352
vn -0.5957 -0.3234 0.7352
vn -0.2792 -0.2828 0.9176
vn -0.4619 -0.2789 0.8420
vn -0.2753 -0.2868 0.9176
vn 0.5618 -0.8196 -0.1127
vn 0.6413 -0.7613 0.0956
vn -0.3778 -0.1499 0.9137
vn -0.3414 -0.1886 0.9208
vn -0.3340 -0.1837 0.9245
vn -0.3137 -0.1413 0.9389
vn 0.3335 -0.1341 0.9332
vn 0.3321 -0.1463 0.9318
vn 0.3338 -0.1817 0.9250
vn 0.3391 -0.1881 0.9217
vn 0.3774 -0.1578 0.9125
vn 0.3434 -0.1881 0.9202
vn -0.8180 -0.3826 0.4296
vn -0.8160 -0.3907 0.4261
vn -0.8182 -0.3928 0.4199
vn -0.8105 -0.3753 0.4496
vn -0.7663 -0.4399 0.4683
vn -0.7918 -0.3815 0.4770
vn -0.8160 -0.3760 0.4391
vn 0.0291 -0.8902 -0.4547
vn 0.0077 -0.9244 -0.3813
vn 0.0009 -0.8885 -0.4590
vn -0.0043 -0.9289 -0.3704
vn -0.0269 -0.8909 -0.4534
vn -0.0052 -0.8814 -0.4723
vn 0.7984 -0.3960 0.4536
vn 0.7992 -0.3945 0.4535
vn 0.7703 -0.4386 0.4629
vn 0.8039 -0.4120 0.4289
vn 0.7711 -0.4468 0.4536
vn 0.3858 0.1374 -0.9123
vn 0.3761 0.0889 -0.9223
vn 0.3553 0.0827 -0.9311
vn -0.3391 0.1881 -0.9217
vn -0.3397 0.1203 -0.9328
vn -0.3347 0.1349 -0.9326
vn -0.3622 0.1076 -0.9259
vn -0.3842 0.1468 -0.9115
vn -0.3593 0.1243 -0.9249
vn 0.8268 0.3760 -0.4184
vn 0.8223 0.3715 -0.4312
vn 0.8293 0.3660 -0.4222
vn 0.8272 0.3585 -0.4328
vn 0.7976 0.3738 -0.4734
vn 0.8206 0.3617 -0.4424
vn 0.7620 0.4533 -0.4625
vn -0.0285 0.8839 0.4669
vn 0.6763 -0.7138 -0.1821
vn 0.6946 -0.6995 -0.1683
vn 0.7008 -0.6968 -0.1531
vn -0.7620 0.4533 -0.4625
vn -0.8080 0.3841 -0.4469
vn -0.8086 0.3809 -0.4485
vn -0.8119 0.3997 -0.4254
vn -0.2855 -0.2122 0.9346
vn -0.2543 -0.3001 0.9194
vn -0.2869 -0.2080 0.9351
vn 0.0267 -0.8877 -0.4597
vn 0.0494 -0.8875 -0.4581
vn 0.0201 -0.8995 -0.4364
vn -0.9000 0.3660 -0.2368
vn -0.1809 -0.5977 0.7810
vn 0.0079 -0.6095 0.7927
vn -0.1828 -0.5961 0.7818
vn -0.3213 0.8517 0.4140
vn -0.3358 0.8668 0.3686
vn -0.3389 0.8568 0.3885
vn 0.8277 0.3918 -0.4018
vn 0.8327 0.3883 -0.3948
vn 0.8320 0.3850 -0.3993
vn 0.0137 0.9079 0.4191
vn -0.0355 0.9306 0.3643
vn -0.0193 0.8937 0.4482
vn -0.8381 0.3117 -0.4476
vn 0.3281 -0.8508 -0.4106
vn 0.3041 -0.8692 -0.3899
vn 0.3103 -0.8537 -0.4183
vn 0.0053 -0.8814 -0.4723
vn -0.3689 0.0500 -0.9281
vn -0.3068 0.1808 -0.9344
vn -0.8043 0.3260 -0.4967
vn -0.8067 0.3164 -0.4991
vn -0.8089 0.3187 -0.4941
vn 0.4357 0.4337 0.7887
vn -0.7280 -0.4478 0.5192
vn -0.7107 -0.6063 0.3568
vn -0.2602 -0.9203 -0.2922
vn -0.2445 -0.9482 -0.2028
vn -0.2608 -0.9188 -0.2962
vn 0.5955 -0.2257 0.7710
vn 0.7497 -0.6137 0.2477
vn 0.7739 -0.2812 0.5675
vn -0.4536 0.5625 -0.6912
vn -0.0347 0.4449 -0.8949
vn -0.0000 0.9980 0.0631
vn -0.4328 0.8938 -0.1174
vn -0.4328 0.8938 -0.1175
vn 0.4328 0.8938 -0.1174
vn 0.5397 0.6596 -0.5231
vn -0.5397 0.6596 -0.5231
vn 0.3716 -0.2348 0.8982
vn 0.3730 -0.2287 0.8992
vn 0.4097 -0.8983 -0.1586
vn 0.3314 -0.9255 -0.1833
vn 0.7360 -0.6525 0.1806
vn 0.6778 -0.7050 0.2089
vn 0.7428 -0.6456 0.1770
vn 0.0003 -0.1842 0.9829
vn 0.0074 -0.2762 0.9611
vn -0.0000 -0.1799 0.9837
vn -0.3006 -0.4933 -0.8163
vn 0.3300 -0.9050 -0.2684
vn 0.3046 -0.9357 -0.1783
vn 0.3038 -0.9364 -0.1756
vn -0.7680 -0.6399 0.0265
vn -0.2997 -0.9374 -0.1773
vn -0.7390 -0.6490 0.1807
vn -0.7094 -0.5658 0.4202
vn -0.7428 -0.6456 0.1770
vn 0.6391 -0.6808 -0.3578
vn -0.0761 -0.1889 0.9790
vn -0.0478 -0.9411 -0.3347
vn 0.1734 -0.2751 0.9457
vn 0.1033 -0.2516 0.9623
vn 0.1012 -0.2509 0.9627
vn -0.7392 -0.6491 0.1793
vn -0.6252 -0.7763 0.0804
vn -0.4010 -0.2574 0.8792
vn 0.0743 -0.9057 -0.4174
vn 0.0379 -0.9305 -0.3642
vn 0.0292 -0.9296 -0.3673
vn -0.0119 -0.9112 -0.4119
vn -0.6215 -0.7566 -0.2033
vn -0.6009 -0.7745 -0.1976
vn -0.5953 -0.7818 -0.1852
vn -0.5859 -0.7978 -0.1419
vn -0.5883 -0.7975 -0.1337
vn -0.6215 -0.7635 -0.1755
vn -0.6353 -0.7586 -0.1447
vn -0.6327 -0.7498 -0.1938
vn -0.5916 -0.7954 -0.1317
vn 0.6939 -0.7023 -0.1587
vn 0.6320 -0.7685 -0.1001
vn 0.6435 -0.7435 -0.1819
vn 0.6867 -0.7045 -0.1791
vn 0.3017 -0.0485 0.9522
vn 0.3041 -0.1631 0.9386
vn 0.3361 -0.0491 0.9406
vn 0.3120 -0.1762 0.9336
vn 0.3667 -0.0634 0.9282
vn 0.3469 -0.0308 0.9374
vn -0.8239 -0.4012 0.4003
vn -0.8213 -0.4134 0.3932
vn -0.8226 -0.4123 0.3916
vn -0.7793 -0.4621 0.4233
vn -0.8134 -0.3978 0.4244
vn -0.8232 -0.3979 0.4050
vn -0.8197 -0.4015 0.4085
vn -0.7754 -0.4587 0.4340
vn -0.0782 0.9006 0.4276
vn -0.0515 0.8784 0.4751
vn -0.0255 0.8786 0.4769
vn 0.5883 0.7975 0.1337
vn 0.6084 0.7669 0.2043
vn 0.5997 0.7769 0.1919
vn -0.3583 0.1095 -0.9272
vn 0.6321 0.7476 0.2038
vn 0.6413 0.7524 0.1504
vn 0.6250 0.7576 0.1881
vn -0.6941 0.6973 0.1791
vn -0.6482 0.7383 0.1862
vn -0.6853 0.7029 0.1906
vn -0.6326 0.7698 0.0857
vn -0.3052 0.0382 -0.9515
vn 0.3349 -0.0284 0.9418
vn 0.7691 0.4707 -0.4324
vn 0.8281 0.4019 -0.3908
vn 0.8300 0.4015 -0.3871
vn 0.8203 0.3894 -0.4188
vn 0.7691 0.4706 -0.4324
vn -0.9689 -0.0588 0.2406
vn -0.3277 -0.9070 -0.2646
vn -0.2913 -0.9377 -0.1895
vn -0.2877 -0.9402 -0.1822
vn 0.3614 -0.8963 -0.2571
vn 0.8196 -0.5719 0.0335
vn 0.8273 -0.5589 0.0569
vn 0.8003 -0.5977 0.0469
vn 0.6322 0.7147 0.2990
vn -0.7309 0.6628 0.1628
vn -0.4175 -0.7349 0.5344
vn -0.4183 -0.7345 0.5343
vn -0.4844 -0.2668 0.8332
vn -0.7039 0.6901 0.1682
vn -0.6925 0.6995 0.1765
vn -0.7711 0.6360 -0.0291
vn -0.7496 0.6509 -0.1202
vn -0.8052 0.5915 -0.0415
vn -0.5670 0.7360 0.3700
vn -0.5360 0.0688 -0.8414
vn 0.6283 0.7507 0.2042
vn 0.6969 -0.1661 0.6977
vn 0.7099 -0.1834 0.6800
vn 0.7036 -0.1754 0.6886
vn 0.6235 0.0984 -0.7756
vn 0.5793 0.2779 -0.7663
vn 0.6796 -0.3922 0.6199
vn 0.6173 -0.4673 0.6329
vn 0.6153 -0.4695 0.6332
vn 0.6876 -0.7242 0.0524
vn 0.6377 -0.7616 0.1152
vn 0.6326 -0.7649 0.1213
vn 0.1809 -0.9328 -0.3118
vn 0.3285 -0.9271 -0.1808
vn -0.7568 -0.5725 0.3155
vn -0.6745 -0.7212 0.1577
vn -0.6719 -0.7226 0.1626
vn -0.7064 -0.1878 0.6824
vn -0.8801 -0.2033 0.4291
vn -0.8878 -0.2036 0.4128
vn 0.1543 -0.1986 0.9679
vn -0.0221 -0.2610 0.9651
vn -0.0220 -0.2672 0.9634
vn 0.2885 0.4850 -0.8256
vn 0.5493 0.6867 -0.4761
vn 0.4103 0.5354 -0.7382
vn -0.5248 0.6331 -0.5690
vn -0.1895 0.4611 -0.8669
vn 0.7092 -0.5163 0.4801
vn 0.1583 -0.1986 0.9672
vn 0.1613 -0.2787 0.9467
vn 0.1578 -0.1882 0.9694
vn 0.3386 -0.8463 -0.4113
vn 0.6776 -0.3960 0.6197
vn 0.6275 -0.4707 0.6202
vn 0.6812 -0.3902 0.6195
vn 0.8890 -0.1001 0.4468
vn 0.9332 -0.1957 -0.3015
vn 0.6888 -0.7233 0.0495
vn 0.6270 -0.7724 0.1013
vn 0.6916 -0.7207 0.0469
vn 0.8929 -0.2412 -0.3802
vn 0.7014 -0.0644 0.7099
vn 0.6269 -0.7712 0.1106
vn 0.1796 -0.9332 -0.3113
vn -0.0699 -0.9616 -0.2655
vn 0.1813 -0.9309 -0.3171
vn -0.7019 -0.4122 0.5808
vn -0.7066 -0.5709 0.4181
vn -0.3592 -0.9109 -0.2033
vn 0.1205 -0.9434 -0.3090
vn -0.0702 -0.9629 -0.2604
vn -0.7590 -0.5696 0.3154
vn -0.6943 -0.6249 0.3569
vn -0.7619 -0.5669 0.3134
vn -0.7655 -0.6414 0.0510
vn 0.8073 -0.5784 0.1173
vn 0.7503 -0.6497 0.1223
vn 0.7496 -0.6522 0.1130
vn 0.7678 -0.6399 0.0322
vn 0.3415 -0.8601 -0.3789
vn 0.3359 -0.8696 -0.3619
vn 0.3023 -0.8989 -0.3172
vn 0.2943 -0.9023 -0.3151
vn 0.2625 -0.8839 -0.3869
vn 0.2904 -0.9027 -0.3176
vn 0.7251 -0.1877 0.6626
vn 0.6520 -0.3110 0.6915
vn 0.7301 -0.2431 0.6386
vn 0.7120 -0.1805 0.6785
vn -0.5926 -0.2650 0.7606
vn -0.5791 -0.2711 0.7689
vn -0.6185 -0.1074 0.7784
vn -0.6564 -0.0876 0.7493
vn -0.4142 -0.8252 -0.3840
vn -0.3984 -0.8345 -0.3807
vn -0.3976 -0.8335 -0.3836
vn -0.3825 -0.8758 -0.2945
vn -0.4368 -0.8249 -0.3588
vn -0.4204 -0.8232 -0.3817
vn -0.4205 -0.8265 -0.3744
vn -0.3921 -0.8741 -0.2867
vn -0.8127 0.5715 -0.1137
vn -0.8349 0.5482 -0.0494
vn -0.8266 0.5623 -0.0243
vn -0.2943 0.9023 0.3151
vn -0.3177 0.8511 0.4180
vn -0.2637 0.8805 0.3940
vn -0.3105 0.8633 0.3978
vn -0.7304 0.2366 -0.6407
vn -0.7274 0.1757 -0.6634
vn -0.6404 0.3162 -0.6999
vn 0.6816 0.1331 -0.7195
vn 0.3826 0.8810 0.2783
vn 0.4039 0.8285 0.3879
vn 0.4011 0.8280 0.3919
vn 0.4365 0.8213 0.3675
vn -0.7344 -0.6624 0.1479
vn -0.4371 -0.1042 0.8934
vn -0.4422 -0.1058 0.8907
vn -0.4342 -0.1099 0.8941
vn 0.1243 -0.8427 -0.5238
vn 0.0880 -0.8480 -0.5226
vn 0.0967 -0.8470 -0.5227
vn -0.4650 0.8714 -0.1561
vn -0.3843 -0.8411 0.3807
vn -0.3824 -0.8416 0.3814
vn -0.0540 0.8377 0.5435
vn -0.9994 -0.0301 -0.0140
vn -0.5642 -0.2098 0.7986
vn -0.5642 -0.2098 0.7985
vn -0.2983 -0.9127 -0.2792
vn -0.2790 -0.9412 -0.1905
vn -0.2991 -0.9113 -0.2831
vn 0.2318 -0.8865 -0.4006
vn -0.6124 -0.3465 0.7106
vn -0.6487 -0.4847 0.5867
vn -0.9102 -0.3290 0.2516
vn 0.7370 0.5828 0.3422
vn 0.3964 0.9144 -0.0817
vn -0.0550 0.9966 0.0607
vn 0.5695 -0.3159 0.7589
vn 0.5165 -0.3878 0.7634
vn 0.5115 -0.3942 0.7636
vn 0.7025 -0.5373 0.4667
vn 0.7024 -0.5902 0.3979
vn 0.7465 -0.6316 0.2093
vn 0.7001 -0.5934 0.3972
vn -0.7126 -0.6405 -0.2863
vn -0.0055 -0.0318 0.9995
vn 0.7869 -0.4599 0.4114
vn -0.0337 -0.1865 0.9819
vn -0.0210 -0.2741 0.9615
vn -0.0346 -0.1803 0.9830
vn 0.8385 0.1104 0.5336
vn -0.2964 -0.9140 -0.2769
vn -0.0726 -0.9641 -0.2555
vn 0.2037 -0.9635 0.1739
vn 0.2137 -0.9523 0.2178
vn -0.6263 -0.7792 -0.0247
vn 0.7458 -0.6326 0.2087
vn 0.7498 -0.6287 0.2063
vn 0.5456 -0.2949 0.7844
vn -0.2857 -0.9139 -0.2882
vn -0.0656 -0.9631 -0.2612
vn -0.6105 -0.3447 0.7130
vn -0.5561 -0.4079 0.7241
vn -0.6167 -0.3371 0.7114
vn -0.4464 -0.1183 0.8870
vn -0.4346 -0.1304 0.8911
vn -0.4272 -0.1245 0.8955
vn -0.4223 -0.1118 0.8995
vn 0.2564 -0.0930 0.9621
vn 0.2620 -0.1672 0.9505
vn 0.2675 -0.1730 0.9479
vn 0.2899 -0.1006 0.9518
vn 0.3217 -0.1239 0.9387
vn 0.2717 -0.1728 0.9467
vn -0.8545 -0.3715 0.3631
vn -0.7807 -0.4791 0.4013
vn -0.8276 -0.3821 0.4111
vn -0.0346 -0.1827 0.9826
vn -0.0357 -0.2788 0.9597
vn -0.0357 -0.2814 0.9589
vn 0.0539 -0.8425 -0.5360
vn 0.0870 -0.8472 -0.5241
vn 0.7926 -0.3254 0.5156
vn 0.7481 -0.4015 0.5283
vn 0.8042 -0.3476 0.4822
vn 0.8047 -0.3258 0.4963
vn 0.7500 -0.4093 0.5196
vn 0.4407 0.1016 -0.8919
vn 0.4296 0.0971 -0.8978
vn 0.4410 0.1002 -0.8919
vn -0.2675 0.1730 -0.9479
vn -0.2900 0.0722 -0.9543
vn -0.3217 0.1188 -0.9394
vn -0.2883 0.0939 -0.9529
vn 0.8588 0.3798 -0.3438
vn 0.8648 0.3642 -0.3456
vn 0.8546 0.3525 -0.3813
vn -0.7410 0.4159 -0.5273
vn -0.7969 0.3219 -0.5111
vn -0.7971 0.3180 -0.5133
vn -0.8058 0.3418 -0.4836
vn -0.1689 -0.2418 0.9555
vn -0.0374 0.8429 0.5368
vn 0.0361 -0.8472 -0.5301
vn 0.0822 -0.8481 -0.5234
vn 0.4192 0.0953 -0.9029
vn 0.4484 0.1122 -0.8868
vn 0.4323 0.1297 -0.8923
vn 0.0388 -0.9158 -0.3998
vn 0.3370 0.1095 0.9351
vn -0.1650 -0.9712 0.1720
vn 0.3325 -0.8562 0.3955
vn -0.4564 0.0376 0.8890
vn 0.5249 -0.4018 0.7503
vn -0.8861 -0.2500 0.3904
vn 0.6830 -0.6780 0.2718
vn -0.4047 -0.1081 -0.9080
vn 0.8718 -0.2852 0.3984
vn 0.1504 -0.9699 0.1917
vn -0.8576 -0.3903 0.3351
vn -0.3069 -0.9357 -0.1743
vn 0.7428 -0.6457 0.1770
vn 0.2889 -0.9400 -0.1818
vn -0.0612 -0.2823 0.9574
vn -0.1672 -0.8504 -0.4989
vn 0.0781 -0.7453 -0.6621
vn 0.5066 -0.8610 -0.0450
vn -0.5765 -0.8165 0.0320
vn -0.6589 -0.5227 0.5409
vn 0.3502 -0.9239 -0.1540
vn -0.2869 -0.2079 0.9351
vn -0.2526 -0.3049 0.9183
vn 0.0084 -0.6137 0.7895
vn -0.2436 -0.9494 -0.1981
vn 0.7560 -0.6084 0.2416
vn 0.6691 -0.7121 0.2128
vn 0.0078 -0.2810 0.9597
vn -0.7428 -0.6457 0.1770
vn -0.6954 -0.1865 0.6940
vn 0.1578 -0.1881 0.9694
vn 0.1616 -0.2904 0.9432
vn 0.6229 -0.4770 0.6200
vn 0.6234 -0.7749 0.1041
vn -0.6907 -0.6277 0.3591
vn -0.2780 -0.9424 -0.1860
vn -0.0199 -0.2811 0.9595
vn -0.5485 -0.4162 0.7252
vn -0.9913 0.0145 -0.1305
vn 0.0198 0.8857 -0.4638
vn 0.0234 0.8844 -0.4662
vn 0.0237 0.8862 -0.4627
vn -0.3089 -0.4495 -0.8382
vn 0.8331 -0.2236 -0.5060
vn 0.8334 -0.2237 -0.5054
vn 0.8345 -0.2196 -0.5053
vn -0.8505 0.3033 0.4298
vn -0.8503 0.3042 0.4295
vn -0.8506 0.3047 0.4286
vn -0.7276 -0.2576 -0.6358
vn -0.7272 -0.2578 -0.6362
vn -0.8087 -0.2690 -0.5231
vn 0.3089 0.4955 0.8118
vn -0.3089 0.4955 0.8118
vn 0.9997 0.0228 -0.0132
vn 0.9996 0.0230 -0.0133
vn 0.8088 0.3150 0.4966
vn -0.8088 0.3150 0.4966
vn -0.8089 0.2813 0.5162
vn -0.9996 0.0229 -0.0133
vn -0.9996 0.0230 -0.0133
vn -0.9996 0.0257 -0.0148
vn 0.3089 -0.4495 -0.8382
vn -0.9927 0.0941 -0.0756
vn -0.9995 0.0283 -0.0163
vn -0.3403 0.4672 0.8160
vn 0.8090 0.2841 0.5146
vn 0.3071 -0.3769 -0.8738
vn -0.3087 0.4376 0.8445
vn -0.2754 -0.4831 -0.8312
vn -0.2738 -0.4833 -0.8315
vn -0.2764 -0.4829 -0.8309
vn 0.3354 -0.4881 -0.8058
vn 0.3326 -0.4885 -0.8067
vn 0.3308 -0.4886 -0.8073
vn -0.3071 -0.3775 -0.8736
vn 0.8265 -0.2936 -0.4802
vn 0.8249 -0.2947 -0.4824
vn 0.8238 -0.2954 -0.4838
vn -0.7853 -0.2825 -0.5509
vn -0.7847 -0.2829 -0.5516
vn -0.7859 -0.2822 -0.5503
vn 0.9993 0.0313 -0.0180
vn 0.9996 0.0231 -0.0133
vn -0.3761 0.4817 0.7915
vn 0.7516 0.3396 0.5655
vn 0.7520 0.3394 0.5651
vn 0.2721 0.4458 0.8528
vn 0.9973 0.0607 0.0416
vn -0.0000 -0.8660 0.5000
vn 0.9989 0.0327 0.0323
vn 0.9991 0.0314 0.0295
vn 0.9990 0.0318 0.0306
vn 0.3549 -0.3523 -0.8660
vn 0.3573 -0.3519 -0.8652
vn 0.3533 -0.3525 -0.8666
vn 0.3087 0.4382 0.8442
vn 0.2236 0.4938 0.8403
vn 0.2240 0.4937 0.8403
vn 0.3663 -0.3921 -0.8439
vn 0.3646 -0.3924 -0.8444
vn 0.3651 -0.3923 -0.8443
vn 0.2736 0.5477 0.7907
vn 0.2749 0.5475 0.7904
vn 0.2757 0.5474 0.7902
vn 0.7125 -0.2619 -0.6510
vn -0.8216 0.3319 0.4635
vn -0.7834 -0.1583 -0.6010
vn -0.2670 -0.3295 -0.9056
vn -0.3206 0.5542 0.7681
vn -0.3239 0.5539 0.7670
vn -0.3185 0.5545 0.7688
vn -0.8064 -0.2240 -0.5472
vn -0.2114 -0.4038 -0.8901
vn -0.2100 -0.4039 -0.8904
vn 0.7157 -0.3230 -0.6193
vn 0.9991 0.0207 0.0372
vn 0.9989 0.0325 0.0333
vn -0.9974 0.0467 -0.0553
vn -0.9973 0.0454 -0.0575
vn -0.9974 0.0476 -0.0538
vn 0.8331 -0.2194 -0.5077
vn 0.8350 -0.2181 -0.5051
vn -0.8109 0.3693 0.4539
vn -0.8132 0.3678 0.4510
vn -0.8093 0.3704 0.4559
vn 0.7845 0.2750 0.5557
vn 0.7781 0.3546 0.5185
vn 0.7780 0.3547 0.5186
vn 0.0196 0.8870 -0.4613
vn 0.0186 0.8852 -0.4648
vn 0.0191 0.8842 -0.4668
vn 0.0186 0.8849 -0.4655
vn 0.0191 0.8841 -0.4669
vn 0.0199 0.8849 -0.4654
vn 0.0260 0.8849 -0.4651
vn -0.9914 0.0144 -0.1301
vn 0.8330 -0.2237 -0.5061
vn -0.8273 0.2715 0.4919
vn -0.9851 0.0449 -0.1661
vn -0.9989 0.0164 -0.0447
vn -0.3740 0.4615 0.8044
vn 0.7848 0.2958 0.5446
vn 0.3469 -0.3731 -0.8605
vn -0.3391 0.4346 0.8344
vn -0.2728 -0.4834 -0.8318
vn 0.3372 -0.4879 -0.8051
vn -0.2746 -0.3834 -0.8818
vn 0.8277 -0.2928 -0.4788
vn -0.7842 -0.2832 -0.5522
vn 0.9985 0.0485 0.0257
vn -0.3763 0.4817 0.7915
vn 0.2190 0.4565 0.8623
vn 0.3590 -0.3516 -0.8646
vn 0.2761 0.4440 0.8524
vn 0.2237 0.4938 0.8403
vn 0.3662 -0.3921 -0.8439
vn 0.2728 0.5478 0.7909
vn 0.8338 -0.2069 -0.5118
vn -0.8514 0.3110 0.4224
vn -0.7081 -0.2053 -0.6756
vn -0.2021 -0.3435 -0.9172
vn -0.3260 0.5537 0.7663
vn -0.7883 -0.2329 -0.5695
vn -0.2099 -0.4039 -0.8904
vn 0.7495 -0.3058 -0.5871
vn 0.9969 0.0376 0.0690
vn -0.9973 0.0445 -0.0591
vn -0.8148 0.3667 0.4490
vn 0.7417 0.3015 0.5991
vt 0.956497 0.448875
vt 0.959598 0.402314
vt 0.959598 0.448875
vt 0.906141 0.059388
vt 0.916250 0.042369
vt 0.972597 0.089800
vt 0.973454 0.089312
vt 0.951171 0.028372
vt 0.955262 0.019217
vt 0.498409 0.446578
vt 0.480071 0.493221
vt 0.494573 0.437310
vt 0.491731 0.436102
vt 0.985614 0.236465
vt 0.983558 0.188977
vt 0.985614 0.188977
vt 0.972991 0.089491
vt 0.943153 0.023730
vt 0.959598 0.171054
vt 0.956497 0.205640
vt 0.956497 0.171054
vt 0.780771 0.100300
vt 0.764315 0.017569
vt 0.786308 0.097301
vt 0.989840 0.075992
vt 0.988611 0.094825
vt 0.988611 0.075992
vt 0.956497 0.133620
vt 0.575514 0.757526
vt 0.548471 0.837656
vt 0.546274 0.836311
vt 0.956497 0.463030
vt 0.959598 0.477219
vt 0.956497 0.477219
vt 0.956497 0.605793
vt 0.959598 0.587864
vt 0.959598 0.605793
vt 0.956497 0.642129
vt 0.959598 0.617587
vt 0.959598 0.642129
vt 0.998214 0.288646
vt 0.997042 0.297402
vt 0.997042 0.288646
vt 0.546438 0.846124
vt 0.534735 0.929167
vt 0.543877 0.846408
vt 0.429347 0.766068
vt 0.350638 0.783587
vt 0.426872 0.761442
vt 0.480671 0.494134
vt 0.537046 0.510338
vt 0.480539 0.494394
vt 0.459699 0.839741
vt 0.524121 0.822196
vt 0.526393 0.855078
vt 0.489348 0.675591
vt 0.559255 0.684700
vt 0.489213 0.679749
vt 0.989840 0.001503
vt 0.988611 0.028831
vt 0.988611 0.001503
vt 0.480387 0.493355
vt 0.506563 0.442174
vt 0.512493 0.541828
vt 0.480313 0.494582
vt 0.972925 0.089521
vt 0.935300 0.026644
vt 0.807678 0.528202
vt 0.887144 0.509076
vt 0.809381 0.531226
vt 0.985614 0.161540
vt 0.530642 0.486604
vt 0.538918 0.491203
vt 0.480118 0.493240
vt 0.888040 0.363623
vt 0.848012 0.437650
vt 0.883314 0.362388
vt 0.973394 0.089334
vt 0.517167 0.534619
vt 0.512529 0.535871
vt 0.847644 0.806542
vt 0.909974 0.861786
vt 0.846205 0.809356
vt 0.534086 0.510994
vt 0.514051 0.445132
vt 0.911886 0.066865
vt 0.972378 0.090170
vt 0.376333 0.001502
vt 0.384830 0.001502
vt 0.390022 0.008060
vt 0.388293 0.016343
vt 0.380712 0.020103
vt 0.373003 0.016505
vt 0.371031 0.008194
vt 0.537671 0.480560
vt 0.480688 0.493843
vt 0.902547 0.069363
vt 0.958453 0.018023
vt 0.973518 0.089268
vt 0.972347 0.091016
vt 0.902540 0.112120
vt 0.899884 0.093906
vt 0.789303 0.023449
vt 0.792606 0.097294
vt 0.901739 0.090588
vt 0.537577 0.509495
vt 0.906467 0.119843
vt 0.972540 0.091404
vt 0.913738 0.134139
vt 0.910682 0.128131
vt 0.909361 0.119663
vt 0.526259 0.530736
vt 0.519749 0.535940
vt 0.505651 0.021372
vt 0.498231 0.017967
vt 0.496286 0.009979
vt 0.501373 0.003509
vt 0.509558 0.003499
vt 0.514633 0.009839
vt 0.513033 0.017922
vt 0.534706 0.514745
vt 0.899166 0.088987
vt 0.994044 0.089058
vt 0.992847 0.113564
vt 0.992847 0.089058
vt 0.938436 0.321533
vt 0.940599 0.310611
vt 0.940599 0.321533
vt 0.992847 0.072542
vt 0.487331 0.671953
vt 0.561130 0.641100
vt 0.983558 0.130931
vt 0.985614 0.130931
vt 0.985614 0.044306
vt 0.983558 0.056223
vt 0.983558 0.044306
vt 0.994044 0.524533
vt 0.992847 0.509676
vt 0.994044 0.509676
vt 0.862965 0.701891
vt 0.906100 0.653872
vt 0.907683 0.655027
vt 0.795383 0.331812
vt 0.877488 0.349957
vt 0.877471 0.354842
vt 0.956497 0.545318
vt 0.959598 0.577042
vt 0.956497 0.577042
vt 0.898669 0.023991
vt 0.892710 0.105263
vt 0.888732 0.105441
vt 0.890021 0.870329
vt 0.938436 0.555160
vt 0.940599 0.585833
vt 0.938436 0.585833
vt 0.956497 0.121498
vt 0.959598 0.133620
vt 0.807975 0.537817
vt 0.888639 0.553912
vt 0.868992 0.594197
vt 0.884347 0.118254
vt 0.842344 0.180846
vt 0.819415 0.172704
vt 0.940599 0.453242
vt 0.938436 0.429671
vt 0.940599 0.429671
vt 0.833967 0.418986
vt 0.879569 0.359253
vt 0.913093 0.122686
vt 0.972292 0.090587
vt 0.480586 0.493566
vt 0.530928 0.462288
vt 0.992847 0.184784
vt 0.994044 0.204759
vt 0.992847 0.204759
vt 0.938436 0.378927
vt 0.940599 0.371939
vt 0.940599 0.378927
vt 0.898975 0.087676
vt 0.456879 0.841931
vt 0.458162 0.841732
vt 0.465708 0.897293
vt 0.959598 0.545318
vt 0.840606 0.811926
vt 0.875584 0.888283
vt 0.833133 0.897059
vt 0.956497 0.688298
vt 0.959598 0.688298
vt 0.938436 0.717279
vt 0.940599 0.673351
vt 0.940599 0.717279
vt 0.871074 0.263622
vt 0.888689 0.342482
vt 0.883824 0.342925
vt 0.913864 0.722183
vt 0.906332 0.721310
vt 0.902307 0.709415
vt 0.457927 0.836544
vt 0.507992 0.793385
vt 0.458975 0.837312
vt 0.814175 0.409330
vt 0.549777 0.839877
vt 0.631943 0.829355
vt 0.549826 0.842453
vt 0.548597 0.844717
vt 0.609752 0.903699
vt 0.842041 0.636420
vt 0.847237 0.626208
vt 0.853287 0.623207
vt 0.989840 0.052745
vt 0.988611 0.052745
vt 0.938436 0.480165
vt 0.940599 0.480165
vt 0.940599 0.388193
vt 0.938436 0.604031
vt 0.940599 0.615387
vt 0.938436 0.615387
vt 0.994044 0.290622
vt 0.992847 0.259911
vt 0.994044 0.259911
vt 0.833071 0.209618
vt 0.839154 0.203092
vt 0.839154 0.209618
vt 0.814541 0.219186
vt 0.820807 0.232016
vt 0.814541 0.232016
vt 0.833071 0.222072
vt 0.839154 0.224650
vt 0.833071 0.224650
vt 0.830078 0.203282
vt 0.823805 0.215095
vt 0.823805 0.203282
vt 0.833071 0.229953
vt 0.839154 0.229953
vt 0.833071 0.190638
vt 0.839154 0.183498
vt 0.839154 0.190638
vt 0.833071 0.231133
vt 0.839154 0.231133
vt 0.985614 0.361735
vt 0.983558 0.345203
vt 0.985614 0.345203
vt 0.989840 0.414729
vt 0.988611 0.440866
vt 0.988611 0.414729
vt 0.985614 0.440235
vt 0.983558 0.418220
vt 0.985614 0.418220
vt 0.992847 0.457794
vt 0.994044 0.467072
vt 0.992847 0.467072
vt 0.994044 0.416265
vt 0.992847 0.439208
vt 0.992847 0.416265
vt 0.985614 0.328874
vt 0.983558 0.310226
vt 0.985614 0.310226
vt 0.940599 0.604031
vt 0.938436 0.147499
vt 0.940599 0.163492
vt 0.938436 0.163492
vt 0.983558 0.483042
vt 0.985614 0.483042
vt 0.989840 0.162481
vt 0.988611 0.173154
vt 0.988611 0.162481
vt 0.938436 0.310611
vt 0.940599 0.297954
vt 0.983558 0.380963
vt 0.983558 0.361735
vt 0.998214 0.374825
vt 0.997042 0.332524
vt 0.998214 0.332524
vt 0.487295 0.905673
vt 0.467863 0.908720
vt 0.461946 0.909590
vt 0.454549 0.910756
vt 0.459187 0.840934
vt 0.513374 0.885370
vt 0.505211 0.888585
vt 0.508005 0.889464
vt 0.504308 0.892365
vt 0.492061 0.889773
vt 0.498188 0.897171
vt 0.496073 0.898803
vt 0.469570 0.777541
vt 0.476643 0.773078
vt 0.481395 0.773917
vt 0.511162 0.799132
vt 0.512223 0.809338
vt 0.518516 0.812205
vt 0.459610 0.838445
vt 0.519168 0.867262
vt 0.522756 0.863354
vt 0.516077 0.871895
vt 0.516421 0.878106
vt 0.900545 0.720634
vt 0.881229 0.718119
vt 0.909628 0.655270
vt 0.911510 0.685009
vt 0.860264 0.702834
vt 0.854729 0.698777
vt 0.883027 0.110661
vt 0.801744 0.095631
vt 0.799524 0.083884
vt 0.875835 0.702651
vt 0.872187 0.711586
vt 0.870079 0.710059
vt 0.863959 0.705552
vt 0.910142 0.580943
vt 0.914808 0.579903
vt 0.911966 0.617044
vt 0.907779 0.647183
vt 0.882795 0.587053
vt 0.894704 0.590043
vt 0.887649 0.585927
vt 0.853977 0.613210
vt 0.857077 0.607295
vt 0.483240 0.685114
vt 0.454347 0.765538
vt 0.479085 0.684913
vt 0.905340 0.650137
vt 0.844701 0.677371
vt 0.840853 0.669127
vt 0.848326 0.681072
vt 0.905268 0.652096
vt 0.851487 0.685498
vt 0.851341 0.691572
vt 0.983558 0.510847
vt 0.909692 0.646756
vt 0.486956 0.683243
vt 0.542379 0.720516
vt 0.839154 0.222072
vt 0.355628 0.760523
vt 0.426778 0.756197
vt 0.456650 0.836307
vt 0.453437 0.768798
vt 0.709825 0.066942
vt 0.777404 0.105622
vt 0.716613 0.172934
vt 0.711319 0.163044
vt 0.722380 0.148115
vt 0.509098 0.588915
vt 0.550845 0.613868
vt 0.805767 0.202381
vt 0.785403 0.120872
vt 0.791685 0.121308
vt 0.833071 0.203092
vt 0.956497 0.366601
vt 0.959598 0.331703
vt 0.959598 0.366601
vt 0.781267 0.017510
vt 0.622720 0.804629
vt 0.620196 0.797690
vt 0.994044 0.457794
vt 0.988611 0.147426
vt 0.989840 0.147426
vt 0.994044 0.044846
vt 0.992847 0.044846
vt 0.985614 0.527418
vt 0.985614 0.510847
vt 0.994044 0.172923
vt 0.992847 0.172923
vt 0.985614 0.076265
vt 0.985614 0.056223
vt 0.998214 0.051172
vt 0.997042 0.019990
vt 0.998214 0.019990
vt 0.814541 0.261258
vt 0.820807 0.271874
vt 0.814541 0.271874
vt 0.814541 0.181699
vt 0.820807 0.195634
vt 0.814541 0.195634
vt 0.820807 0.255568
vt 0.814541 0.255568
vt 0.344431 0.489332
vt 0.338824 0.475509
vt 0.344431 0.475509
vt 0.830078 0.215095
vt 0.823805 0.236875
vt 0.830078 0.249719
vt 0.823805 0.253391
vt 0.823805 0.249719
vt 0.814541 0.177502
vt 0.820807 0.181699
vt 0.994044 0.241692
vt 0.992847 0.241692
vt 0.983558 0.101212
vt 0.985614 0.101212
vt 0.992847 0.230324
vt 0.994044 0.230324
vt 0.940599 0.527421
vt 0.940599 0.555160
vt 0.997042 0.079372
vt 0.997042 0.051172
vt 0.994044 0.365709
vt 0.992847 0.318396
vt 0.994044 0.318396
vt 0.989840 0.104226
vt 0.988611 0.104226
vt 0.988611 0.111315
vt 0.997042 0.154766
vt 0.998214 0.178729
vt 0.997042 0.178729
vt 0.985614 0.112635
vt 0.983558 0.112635
vt 0.994044 0.490529
vt 0.992847 0.474069
vt 0.994044 0.474069
vt 0.992847 0.001498
vt 0.994044 0.001498
vt 0.985614 0.395871
vt 0.983558 0.405505
vt 0.983558 0.395871
vt 0.985614 0.405505
vt 0.994044 0.569434
vt 0.992847 0.547508
vt 0.994044 0.547508
vt 0.938436 0.232126
vt 0.940599 0.276054
vt 0.938436 0.276054
vt 0.983558 0.552006
vt 0.985614 0.552006
vt 0.994044 0.129574
vt 0.994044 0.113564
vt 0.572850 0.705069
vt 0.557045 0.729412
vt 0.552327 0.736665
vt 0.546402 0.745999
vt 0.574434 0.656408
vt 0.570360 0.668702
vt 0.573996 0.666367
vt 0.573780 0.673299
vt 0.573424 0.684773
vt 0.573292 0.688624
vt 0.540254 0.748962
vt 0.513493 0.753006
vt 0.509246 0.764588
vt 0.502926 0.767887
vt 0.460453 0.587573
vt 0.470138 0.587944
vt 0.483834 0.594384
vt 0.492194 0.588540
vt 0.483760 0.669819
vt 0.558526 0.633311
vt 0.557213 0.625595
vt 0.568694 0.646295
vt 0.707302 0.155531
vt 0.693906 0.130013
vt 0.777151 0.111915
vt 0.780095 0.117481
vt 0.695426 0.091701
vt 0.695846 0.081556
vt 0.698813 0.094240
vt 0.708507 0.110670
vt 0.694516 0.113521
vt 0.694660 0.109720
vt 0.695140 0.098485
vt 0.722573 0.176743
vt 0.757461 0.199025
vt 0.748243 0.183372
vt 0.751235 0.195080
vt 0.802884 0.017501
vt 0.812766 0.017514
vt 0.848389 0.468645
vt 0.804748 0.526339
vt 0.832541 0.449409
vt 0.714535 0.052001
vt 0.721737 0.040629
vt 0.712815 0.059472
vt 0.702135 0.071595
vt 0.992847 0.392664
vt 0.992847 0.365709
vt 0.801281 0.526159
vt 0.808734 0.460806
vt 0.906239 0.648396
vt 0.956497 0.236298
vt 0.959598 0.205640
vt 0.959598 0.236298
vt 0.845007 0.270604
vt 0.852777 0.261653
vt 0.395597 0.834283
vt 0.433722 0.768963
vt 0.404745 0.672131
vt 0.414941 0.670593
vt 0.424464 0.684772
vt 0.349840 0.739042
vt 0.429050 0.751469
vt 0.843604 0.798828
vt 0.888547 0.741754
vt 0.846240 0.800572
vt 0.479602 0.669704
vt 0.350303 0.768008
vt 0.812672 0.070785
vt 0.885238 0.107350
vt 0.997042 0.202024
vt 0.985614 0.380963
vt 0.983558 0.263526
vt 0.983558 0.236465
vt 0.940599 0.204463
vt 0.938436 0.187967
vt 0.940599 0.187967
vt 0.997042 0.515180
vt 0.998214 0.535461
vt 0.997042 0.535461
vt 0.820807 0.261258
vt 0.830078 0.268325
vt 0.823805 0.263148
vt 0.830078 0.263148
vt 0.830078 0.181503
vt 0.823805 0.181503
vt 0.344431 0.432586
vt 0.338824 0.427678
vt 0.344431 0.427678
vt 0.820807 0.219186
vt 0.344431 0.444066
vt 0.338824 0.450327
vt 0.338824 0.444066
vt 0.338824 0.412680
vt 0.344431 0.412680
vt 0.992847 0.490529
vt 0.998214 0.297402
vt 0.997042 0.310268
vt 0.938436 0.673351
vt 0.940599 0.661502
vt 0.940599 0.232126
vt 0.992847 0.290622
vt 0.938436 0.527421
vt 0.985614 0.338183
vt 0.983558 0.328874
vt 0.938436 0.406756
vt 0.940599 0.406756
vt 0.938436 0.355497
vt 0.940599 0.336372
vt 0.940599 0.355497
vt 0.985614 0.563010
vt 0.992847 0.129574
vt 0.992847 0.534836
vt 0.992847 0.524533
vt 0.994044 0.534836
vt 0.938436 0.297954
vt 0.782382 0.443599
vt 0.809089 0.445014
vt 0.817094 0.445470
vt 0.827279 0.445943
vt 0.805128 0.539803
vt 0.832230 0.619852
vt 0.820534 0.617448
vt 0.823059 0.620524
vt 0.816697 0.621070
vt 0.804710 0.609009
vt 0.806165 0.621977
vt 0.787495 0.623594
vt 0.801668 0.540093
vt 0.802601 0.622266
vt 0.859557 0.466558
vt 0.865152 0.470021
vt 0.887363 0.518013
vt 0.882230 0.530972
vt 0.888061 0.538336
vt 0.809496 0.534696
vt 0.851902 0.603091
vt 0.858845 0.601157
vt 0.845014 0.606217
vt 0.840968 0.613636
vt 0.422730 0.669424
vt 0.448968 0.665758
vt 0.438435 0.747569
vt 0.433243 0.748316
vt 0.418077 0.848082
vt 0.408769 0.847402
vt 0.420510 0.845044
vt 0.438955 0.769336
vt 0.453258 0.850573
vt 0.435890 0.836619
vt 0.438122 0.849554
vt 0.434609 0.849315
vt 0.424301 0.848544
vt 0.369114 0.698919
vt 0.385555 0.695992
vt 0.374509 0.694819
vt 0.349968 0.748125
vt 0.381956 0.829668
vt 0.371643 0.822831
vt 0.388790 0.831391
vt 0.399731 0.841437
vt 0.985614 0.287206
vt 0.985614 0.263526
vt 0.938436 0.371939
vt 0.989840 0.208226
vt 0.988611 0.252399
vt 0.988611 0.208226
vt 0.847689 0.803381
vt 0.908884 0.771437
vt 0.893222 0.204475
vt 0.887505 0.120678
vt 0.891411 0.121448
vt 0.863206 0.025615
vt 0.824207 0.046919
vt 0.956497 0.282477
vt 0.959598 0.282477
vt 0.997042 0.460841
vt 0.998214 0.503142
vt 0.997042 0.503142
vt 0.399546 0.676036
vt 0.795409 0.325376
vt 0.800062 0.316291
vt 0.816960 0.316827
vt 0.930138 0.785829
vt 0.930323 0.779751
vt 0.836127 0.427818
vt 0.998214 0.127404
vt 0.998214 0.079372
vt 0.998214 0.254126
vt 0.997042 0.237420
vt 0.998214 0.237420
vt 0.998214 0.310268
vt 0.998214 0.460841
vt 0.997042 0.444592
vt 0.998214 0.444592
vt 0.956497 0.402314
vt 0.998214 0.571249
vt 0.997042 0.559712
vt 0.998214 0.559712
vt 0.352772 0.401906
vt 0.347433 0.426827
vt 0.347433 0.401906
vt 0.830078 0.253391
vt 0.338824 0.432586
vt 0.830078 0.236875
vt 0.347433 0.461342
vt 0.352772 0.486262
vt 0.347433 0.486262
vt 0.938436 0.641552
vt 0.940599 0.641552
vt 0.998214 0.001498
vt 0.997042 0.001498
vt 0.989840 0.501996
vt 0.988611 0.470877
vt 0.989840 0.470877
vt 0.983558 0.287206
vt 0.997042 0.127404
vt 0.998214 0.230316
vt 0.997042 0.230316
vt 0.998214 0.220896
vt 0.997042 0.220896
vt 0.997042 0.273561
vt 0.997042 0.254126
vt 0.938436 0.336372
vt 0.989840 0.297212
vt 0.988611 0.322044
vt 0.988611 0.297212
vt 0.997042 0.402940
vt 0.997042 0.374825
vt 0.988611 0.280477
vt 0.910362 0.741023
vt 0.922244 0.764002
vt 0.925785 0.771006
vt 0.874118 0.717038
vt 0.881555 0.725865
vt 0.881477 0.722014
vt 0.886642 0.725405
vt 0.895199 0.731016
vt 0.898115 0.732964
vt 0.922376 0.808671
vt 0.929738 0.816838
vt 0.929710 0.823191
vt 0.903097 0.867010
vt 0.887505 0.879066
vt 0.843701 0.811285
vt 0.840453 0.798581
vt 0.830888 0.713658
vt 0.849121 0.717493
vt 0.842736 0.714681
vt 0.856195 0.719381
vt 0.863780 0.716321
vt 0.803660 0.309285
vt 0.815992 0.286140
vt 0.879758 0.345632
vt 0.845074 0.266753
vt 0.838042 0.286504
vt 0.828444 0.277747
vt 0.831372 0.275778
vt 0.839919 0.270152
vt 0.795253 0.369538
vt 0.802724 0.354793
vt 0.795221 0.362831
vt 0.821034 0.415143
vt 0.884470 0.258749
vt 0.896668 0.257651
vt 0.878123 0.261646
vt 0.863450 0.260659
vt 0.989840 0.338282
vt 0.988611 0.382455
vt 0.988611 0.338282
vt 0.609863 0.877780
vt 0.540493 0.754532
vt 0.543707 0.836087
vt 0.531806 0.753679
vt 0.352772 0.446818
vt 0.347433 0.446818
vt 0.956497 0.331703
vt 0.886420 0.029915
vt 0.988611 0.530137
vt 0.988611 0.501996
vt 0.998214 0.419709
vt 0.997042 0.419709
vt 0.989840 0.252399
vt 0.989840 0.452401
vt 0.989840 0.440866
vt 0.972851 0.091708
vt 0.344431 0.387498
vt 0.338824 0.387498
vt 0.352772 0.395500
vt 0.347433 0.395500
vt 0.352772 0.432435
vt 0.347433 0.443369
vt 0.347433 0.432435
vt 0.352772 0.426827
vt 0.344431 0.450327
vt 0.989840 0.128009
vt 0.989840 0.111315
vt 0.989840 0.173154
vt 0.988611 0.185994
vt 0.989840 0.185994
vt 0.480030 0.494664
vt 0.507556 0.545916
vt 0.484511 0.552790
vt 0.988611 0.394489
vt 0.959598 0.451717
vt 0.959598 0.463030
vt 0.988611 0.452401
vt 0.989840 0.322044
vt 0.956497 0.451717
vt 0.988611 0.128009
vt 0.985614 0.001499
vt 0.983558 0.001499
vt 0.998214 0.273561
vt 0.989840 0.382455
vt 0.635835 0.861955
vt 0.623297 0.884856
vt 0.619619 0.891626
vt 0.614958 0.900422
vt 0.635018 0.818110
vt 0.635098 0.827088
vt 0.635233 0.833319
vt 0.622738 0.844246
vt 0.635461 0.843636
vt 0.635514 0.847153
vt 0.586260 0.910035
vt 0.583575 0.920796
vt 0.578226 0.924356
vt 0.989840 0.578095
vt 0.989840 0.530137
vt 0.552476 0.760978
vt 0.612825 0.780386
vt 0.618835 0.790787
vt 0.629632 0.809132
vt 0.814268 0.168748
vt 0.810005 0.159378
vt 0.798739 0.093169
vt 0.882699 0.114629
vt 0.795861 0.128274
vt 0.809974 0.111084
vt 0.797039 0.113174
vt 0.797316 0.109657
vt 0.798207 0.099376
vt 0.844251 0.191771
vt 0.817338 0.057186
vt 0.815589 0.064001
vt 0.805514 0.074884
vt 0.878746 0.024894
vt 0.560349 0.756276
vt 0.849621 0.195885
vt 0.820700 0.146244
vt 0.806800 0.152355
vt 0.956497 0.617587
vt 0.956497 0.587864
vt 0.989840 0.094825
vt 0.989840 0.028831
vt 0.983558 0.161540
vt 0.890642 0.448789
vt 0.994044 0.072542
vt 0.907729 0.023586
vt 0.959598 0.121498
vt 0.938436 0.453242
vt 0.994044 0.184784
vt 0.938436 0.388193
vt 0.833071 0.183498
vt 0.983558 0.440235
vt 0.994044 0.439208
vt 0.940599 0.147499
vt 0.448909 0.767879
vt 0.983558 0.527418
vt 0.983558 0.076265
vt 0.338824 0.489332
vt 0.820807 0.177502
vt 0.998214 0.154766
vt 0.992847 0.569434
vt 0.994044 0.392664
vt 0.998214 0.202024
vt 0.938436 0.204463
vt 0.998214 0.515180
vt 0.823805 0.268325
vt 0.938436 0.661502
vt 0.983558 0.338183
vt 0.983558 0.563010
vt 0.997042 0.571249
vt 0.352772 0.461342
vt 0.998214 0.402940
vt 0.989840 0.280477
vt 0.931281 0.151530
vt 0.352772 0.443369
vt 0.989840 0.394489
vt 0.988611 0.578095
vt 0.189220 0.928127
vt 0.178403 0.985624
vt 0.178403 0.928127
vt 0.366955 0.001517
vt 0.365862 0.002909
vt 0.365872 0.001845
vt 0.156839 0.593586
vt 0.167611 0.001502
vt 0.167611 0.593586
vt 0.146053 0.985624
vt 0.136201 0.928127
vt 0.146053 0.928127
vt 0.200032 0.928127
vt 0.189220 0.985624
vt 0.167611 0.985624
vt 0.167611 0.928127
vt 0.178403 0.001502
vt 0.178403 0.593586
vt 0.221592 0.593586
vt 0.210818 0.001502
vt 0.221592 0.001502
vt 0.200032 0.593586
vt 0.210818 0.593586
vt 0.136201 0.593586
vt 0.124146 0.001502
vt 0.136201 0.001502
vt 0.124146 0.593586
vt 0.113353 0.001502
vt 0.189220 0.593586
vt 0.200032 0.001502
vt 0.200032 0.765657
vt 0.189220 0.001502
vt 0.146053 0.001502
vt 0.156839 0.001502
vt 0.189220 0.869469
vt 0.178403 0.869469
vt 0.189220 0.765657
vt 0.210818 0.869469
vt 0.200032 0.869469
vt 0.113353 0.765657
vt 0.113353 0.593586
vt 0.146053 0.765657
vt 0.146053 0.593586
vt 0.210818 0.765657
vt 0.167611 0.869469
vt 0.156839 0.765657
vt 0.167611 0.765657
vt 0.146053 0.869469
vt 0.136201 0.869469
vt 0.136201 0.765657
vt 0.178403 0.765657
vt 0.124146 0.765657
vt 0.210818 0.928127
vt 0.200032 0.985624
vt 0.124146 0.985624
vt 0.113353 0.928127
vt 0.124146 0.928127
vt 0.221592 0.928127
vt 0.221592 0.869469
vt 0.136201 0.985624
vt 0.362745 0.002303
vt 0.361212 0.001805
vt 0.362159 0.001498
vt 0.124146 0.869469
vt 0.156839 0.928127
vt 0.156839 0.869469
vt 0.221592 0.765657
vt 0.221592 0.985624
vt 0.156839 0.985624
vt 0.113353 0.869469
vt 0.362583 0.001805
vt 0.362643 0.002757
vt 0.362159 0.003109
vt 0.361636 0.003109
vt 0.361212 0.002801
vt 0.361050 0.002303
vt 0.361636 0.001498
vt 0.366360 0.001510
vt 0.367417 0.001859
vt 0.367570 0.002393
vt 0.367368 0.002913
vt 0.366895 0.003228
vt 0.366324 0.003228
vt 0.365685 0.002383
vt 0.210818 0.985624
vt 0.113353 0.985624
s 1
f 447/903/941 480/904/942 466/905/943
f 479/906/944 467/907/945 445/908/946
f 446/909/947 478/910/948 476/911/949
f 459/912/950 491/913/951 457/914/952
f 491/913/951 450/915/953 457/914/952
f 761/916/954 811/917/955 778/918/956
f 486/919/957 477/920/958 478/910/948
f 478/921/959 458/922/960 459/923/959
f 605/924/961 599/925/961 606/926/961
f 649/927/962 686/928/962 682/929/962
f 457/930/963 478/921/964 459/923/964
f 764/931/965 770/932/965 771/933/965
f 465/934/966 483/935/966 464/936/966
f 455/937/967 475/938/967 474/939/967
f 451/940/968 473/941/969 470/942/970
f 524/943/971 558/944/972 557/945/971
f 773/946/973 765/947/973 772/948/973
f 671/949/974 665/950/974 672/951/974
f 495/952/975 463/953/976 489/954/977
f 505/955/978 499/956/978 498/957/978
f 571/958/979 585/959/980 570/960/981
f 629/961/982 683/962/983 662/963/984
f 492/964/985 459/912/950 458/965/986
f 454/966/987 490/967/988 489/954/989
f 477/920/958 486/968/957 468/969/990
f 641/970/991 633/971/991 640/972/991
f 811/917/992 780/973/992 778/918/992
f 495/952/993 462/974/994 461/975/995
f 492/964/985 491/976/951 459/912/950
f 737/977/996 731/978/996 738/979/996
f 446/980/947 486/919/957 478/910/948
f 456/981/997 455/982/998 489/954/989
f 707/983/999 699/984/999 706/985/999
f 465/986/1000 489/954/977 463/953/976
f 449/987/1001 492/964/985 458/965/986
f 481/988/1002 479/906/944 445/908/946
f 444/989/1003 481/988/1002 445/908/946
f 488/990/1004 485/991/1005 444/992/1006
f 444/992/1006 445/993/1007 486/994/1008
f 486/994/1008 446/995/1009 487/996/1010
f 460/997/1011 462/974/1012 494/998/1013
f 480/999/1014 481/988/1015 444/989/1016
f 476/911/949 469/1000/990 446/1001/947
f 488/1002/1017 471/1003/1017 483/1004/1018
f 628/1005/1019 607/1006/1020 606/926/1021
f 488/1002/1017 483/1004/1018 484/1007/1022
f 461/975/995 447/1008/1023 495/952/993
f 495/952/993 494/998/1024 462/974/994
f 472/1009/1025 471/1003/1026 488/1002/1027
f 487/1010/1028 470/1011/1026 473/1012/1029
f 475/1013/1030 472/1009/1025 488/1002/1027
f 489/954/989 452/1014/1031 453/1015/1032
f 489/954/989 453/1015/1032 456/981/997
f 495/1016/1033 489/1017/1034 490/1018/1035
f 491/1019/1036 492/1020/1035 493/1021/1037
f 491/1019/1036 493/1021/1037 494/1022/1038
f 464/1023/1039 452/1014/1040 489/954/977
f 465/986/1000 464/1023/1039 489/954/977
f 488/1002/1017 484/1007/1022 482/1024/1041
f 727/1025/1042 758/1026/1043 760/1027/1042
f 591/1028/1044 625/1029/1045 624/1030/1044
f 759/1031/1046 727/1025/1046 760/1027/1046
f 572/1032/1047 591/1033/1048 571/958/1049
f 780/973/1050 812/1034/1050 779/1035/1050
f 766/1036/1051 809/1037/1052 799/1038/1053
f 723/1039/1054 755/1040/1055 722/1041/1056
f 554/1042/1057 537/1043/1058 536/1044/1059
f 742/1045/1060 741/1046/1061 740/1047/1062
f 452/1048/1063 472/1049/1064 453/1050/1065
f 824/1051/1066 805/1052/1067 804/1053/1068
f 727/1054/1069 706/985/1070 699/984/1071
f 445/908/1072 468/969/1073 486/968/1074
f 582/1055/1075 614/1056/1075 581/1057/1075
f 450/1058/1076 476/1059/1077 457/930/1078
f 638/1060/1079 632/1061/1079 631/1062/1079
f 807/1063/1080 810/1064/1081 808/1065/1082
f 617/1066/1083 585/1067/1083 618/1068/1083
f 760/1069/1084 739/1070/1085 738/979/1086
f 474/1071/1087 488/1002/1027 487/1010/1028
f 485/1072/1088 480/999/1014 444/989/1016
f 493/1073/1089 449/987/1089 448/1074/1089
f 743/1075/1090 711/1076/1090 744/1077/1090
f 588/1078/1091 619/1079/1091 621/1080/1091
f 485/1072/1017 482/1024/1041 466/1081/1017
f 493/1073/1092 460/997/1011 494/998/1013
f 509/1082/1093 503/1083/1094 515/1084/1095
f 452/1048/1063 483/935/1096 471/1085/1097
f 704/1086/1098 698/1087/1098 697/1088/1098
f 450/1089/1076 470/942/970 469/1090/1099
f 567/1091/1100 601/1092/1100 600/1093/1100
f 756/1094/1101 737/1095/1102 736/1096/1103
f 535/1097/1104 547/1098/1105 548/1099/1106
f 508/1100/1107 500/1101/1107 507/1102/1107
f 732/1103/1108 740/1047/1108 739/1070/1108
f 769/1104/1109 786/1105/1110 768/1106/1111
f 774/1107/1112 775/1108/1113 773/946/1114
f 532/1109/1115 560/1110/1116 561/1111/1117
f 683/962/1118 651/1112/1118 684/1113/1118
f 563/1114/1119 617/1066/1120 596/1115/1121
f 620/1116/1122 588/1078/1122 621/1080/1122
f 569/1117/1123 610/1118/1124 577/1119/1125
f 714/1120/1126 746/1121/1126 713/1122/1126
f 539/1123/1127 507/1124/1128 506/1125/1129
f 673/1126/1130 639/1127/1131 672/1128/1131
f 538/1129/1132 504/1130/1133 537/1131/1133
f 738/1132/1134 706/1133/1135 705/1134/1134
f 536/1135/1136 504/1130/1133 503/1136/1137
f 541/1137/1138 509/1138/1139 508/1139/1138
f 542/1140/1139 503/1136/1137 509/1141/1139
f 762/1142/1140 817/1143/1141 784/1144/1142
f 645/1145/1143 676/1146/1144 678/1147/1143
f 444/992/1006 487/996/1010 488/990/1004
f 763/1148/1145 820/1149/1146 787/1150/1147
f 651/1112/1148 682/929/1148 684/1113/1148
f 752/1151/1149 720/1152/1150 753/1153/1150
f 717/1154/1151 748/1155/1151 750/1156/1151
f 785/1157/1152 814/1158/1152 781/1159/1152
f 569/1117/1153 614/1056/1154 602/1160/1155
f 567/1161/1156 626/1162/1157 593/1163/1158
f 797/1164/1159 763/1148/1159 764/1165/1159
f 657/1166/1160 691/1167/1161 690/1168/1160
f 592/1169/1162 622/1170/1163 625/1029/1045
f 762/1142/1164 821/1171/1165 795/1172/1166
f 499/1173/1167 531/1174/1167 498/1175/1167
f 503/1083/1094 496/1176/1168 515/1084/1095
f 496/1176/1168 513/1177/1169 515/1084/1095
f 515/1084/1095 514/1178/1170 502/1179/1171
f 502/1179/1171 509/1082/1093 515/1084/1095
f 504/1180/1172 497/1181/1173 521/1182/1174
f 497/1181/1173 519/1183/1175 521/1182/1174
f 521/1182/1174 520/1184/1176 518/1185/1177
f 520/1184/1176 516/1186/1178 518/1185/1177
f 496/1176/1179 503/1083/1180 518/1185/1177
f 518/1185/1177 517/1187/1181 496/1176/1179
f 512/1188/1182 511/1189/1183 501/1190/1184
f 501/1190/1184 508/1100/1185 512/1188/1182
f 500/1101/1186 526/1191/1187 528/1192/1188
f 528/1192/1188 527/1193/1189 499/956/1190
f 499/956/1190 506/1194/1191 528/1192/1188
f 505/955/1192 498/957/1193 525/1195/1194
f 498/957/1193 522/1196/1195 525/1195/1194
f 497/1181/1196 504/1180/1197 524/1197/1198
f 524/1197/1198 523/1198/1199 497/1181/1196
f 546/1199/1105 529/1200/1200 548/1099/1106
f 529/1200/1200 536/1044/1201 548/1099/1106
f 536/1044/1201 542/1201/1202 548/1099/1106
f 562/1202/1203 548/1099/1106 542/1201/1202
f 552/1203/1204 530/1204/1205 554/1042/1057
f 802/1205/1206 819/1206/1207 795/1207/1208
f 536/1044/1059 529/1200/1209 551/1208/1210
f 529/1200/1209 550/1209/1204 551/1208/1210
f 551/1208/1210 549/1210/1204 553/1211/1204
f 551/1208/1210 553/1211/1204 554/1042/1057
f 543/1212/1211 535/1213/1212 562/1214/1212
f 541/1215/1213 534/1216/1214 545/1217/1215
f 534/1216/1214 544/1218/1216 545/1217/1215
f 559/1219/1116 533/1220/1217 561/1111/1117
f 575/1221/1218 567/1222/1218 574/1223/1218
f 539/1224/1219 532/1109/1115 561/1111/1117
f 555/1225/1220 531/1226/1221 558/1227/1222
f 531/1226/1221 538/1228/1223 558/1227/1222
f 537/1043/1224 530/1204/1225 557/1229/1226
f 530/1204/1225 556/1230/1220 557/1229/1226
f 764/1165/1227 825/1231/1228 797/1164/1229
f 543/1212/1211 562/1214/1212 542/1232/1230
f 576/1233/1231 570/960/1232 582/1234/1233
f 528/1192/1188 507/1102/1234 500/1101/1186
f 538/1129/1132 506/1125/1129 505/1235/1132
f 694/1236/1235 673/1237/1236 672/951/1237
f 509/1238/1238 510/1239/1239 508/1100/1185
f 624/1240/1240 605/924/1241 604/1241/1242
f 602/1242/1243 614/1243/1244 615/1244/1245
f 572/1032/1246 566/1245/1246 565/1246/1246
f 600/1247/1247 608/1248/1247 607/1249/1247
f 540/1250/1128 508/1139/1138 507/1124/1128
f 462/1251/1248 479/1252/1249 481/1253/1250
f 599/925/1251 627/1254/1252 628/1005/1019
f 789/1255/1253 770/932/1254 790/1256/1255
f 748/1155/1256 719/1257/1256 752/1151/1256
f 657/1166/1257 689/1258/1258 656/1259/1259
f 698/1260/1260 759/1031/1261 731/1261/1262
f 793/1262/1263 825/1231/1263 792/1263/1263
f 700/1264/1264 743/1075/1265 733/1265/1266
f 777/1266/1267 809/1037/1267 776/1267/1267
f 515/1268/1268 547/1269/1268 514/1270/1268
f 670/1271/1269 636/1272/1270 669/1273/1270
f 675/1274/1271 641/1275/1272 674/1276/1272
f 672/1128/1131 638/1277/1273 671/1278/1273
f 607/1279/1274 573/1280/1275 606/1281/1275
f 739/1282/1135 707/1283/1276 706/1133/1135
f 741/1284/1277 702/1285/1278 708/1286/1279
f 669/1287/1270 642/1288/1271 675/1274/1271
f 701/1289/1280 746/1121/1281 734/1290/1282
f 808/1291/1283 777/1266/1284 775/1292/1285
f 701/1289/1286 742/1293/1287 709/1294/1288
f 582/1055/1289 613/1295/1290 615/1296/1289
f 515/1268/1291 546/1297/1291 548/1298/1291
f 695/1299/1292 745/1300/1293 712/1301/1294
f 686/928/1295 654/1302/1295 687/1303/1295
f 654/1302/1296 685/1304/1296 687/1303/1296
f 550/1305/1297 518/1306/1297 551/1307/1297
f 767/1308/1298 812/1034/1299 800/1309/1300
f 696/1310/1301 751/1311/1302 718/1312/1303
f 698/1260/1304 730/1313/1305 697/1314/1305
f 789/1315/1306 823/1316/1307 822/1317/1308
f 820/1149/1146 790/1318/1309 787/1150/1147
f 697/1319/1310 754/1320/1311 721/1321/1312
f 566/1322/1313 598/1323/1314 565/1324/1314
f 824/1325/1315 793/1262/1316 791/1326/1317
f 699/1327/1318 758/1026/1043 725/1328/1319
f 570/960/1232 563/1329/1320 582/1234/1233
f 563/1329/1320 580/1330/1321 582/1234/1233
f 582/1234/1233 581/1331/1322 569/1332/1323
f 569/1332/1323 576/1233/1231 582/1234/1233
f 571/958/979 564/1333/1324 588/1334/1325
f 564/1333/1324 586/1335/1326 588/1334/1325
f 588/1334/1325 587/1336/1327 585/959/980
f 587/1336/1327 583/1337/1327 585/959/980
f 563/1329/1328 570/960/981 585/959/980
f 585/959/980 584/1338/1329 563/1329/1328
f 576/1233/1330 569/1332/1331 577/1339/1332
f 579/1340/1333 578/1341/1334 568/1342/1335
f 568/1342/1335 575/1221/1336 579/1340/1333
f 567/1343/1337 593/1344/1338 595/1345/1339
f 595/1345/1339 594/1346/1340 566/1245/1341
f 566/1245/1341 573/1347/1342 595/1345/1339
f 572/1032/1047 565/1246/1343 592/1348/1344
f 565/1246/1343 589/1349/1345 592/1348/1344
f 564/1333/1346 571/958/1049 591/1033/1048
f 591/1033/1048 590/1350/1347 564/1333/1346
f 613/1351/1244 596/1352/1348 615/1244/1245
f 596/1352/1348 603/1353/1349 615/1244/1245
f 603/1353/1349 609/1354/1350 615/1244/1245
f 609/1354/1350 602/1242/1243 615/1244/1245
f 619/1355/1351 597/1356/1352 621/1357/1353
f 603/1353/1354 596/1352/1355 618/1358/1356
f 596/1352/1355 617/1359/1351 618/1358/1356
f 618/1358/1356 616/1360/1351 620/1361/1351
f 618/1358/1356 620/1361/1351 621/1357/1353
f 610/1362/1357 602/1242/1358 609/1354/1359
f 608/1248/1360 601/1363/1361 612/1364/1362
f 601/1363/1361 611/1365/1363 612/1364/1362
f 626/1366/1252 600/1367/1364 628/1005/1019
f 645/1368/1365 642/1369/1366 643/1370/1367
f 606/926/1021 599/925/1251 628/1005/1019
f 622/1371/1368 598/1372/1369 625/1373/1370
f 598/1372/1369 605/924/1241 625/1373/1370
f 604/1241/1242 597/1356/1371 624/1240/1240
f 597/1356/1371 623/1374/1368 624/1240/1240
f 695/1299/1372 749/1375/1373 728/1376/1374
f 642/1369/1375 636/1377/1376 648/1378/1377
f 561/1111/1117 540/1379/1378 539/1224/1219
f 449/1380/1379 477/1381/1380 468/1382/1381
f 736/1096/1382 753/1383/1383 729/1384/1384
f 545/1217/1215 542/1232/1230 541/1215/1213
f 579/1340/1333 576/1233/1330 577/1339/1332
f 690/1385/1385 671/949/1386 670/1386/1387
f 668/1387/1388 680/1388/1389 681/1389/1390
f 666/1390/1391 674/1391/1391 673/1237/1391
f 703/1392/1392 717/1393/1393 702/1394/1394
f 595/1345/1339 574/1395/1395 567/1343/1337
f 665/950/1396 693/1396/1397 694/1236/1235
f 822/1397/1398 803/1398/1399 802/1205/1400
f 518/1306/1401 549/1399/1401 551/1307/1401
f 789/1315/1402 821/1171/1165 788/1400/1403
f 761/916/1404 815/1401/1405 794/1402/1406
f 627/1403/1407 595/1404/1407 628/1405/1407
f 767/1308/1408 808/1291/1283 775/1292/1285
f 544/1406/1409 512/1407/1409 545/1408/1409
f 670/1271/1269 638/1277/1273 637/1409/1269
f 737/1410/1410 703/1411/1411 736/1412/1411
f 737/1413/1410 705/1134/1134 704/1414/1410
f 603/1415/1412 576/1416/1413 609/1417/1414
f 673/1126/1130 641/1275/1272 640/1418/1130
f 604/1419/1415 572/1420/1416 571/1421/1415
f 609/1417/1414 575/1422/1417 608/1423/1417
f 696/1310/1418 755/1040/1055 729/1424/1419
f 525/1425/1420 555/1426/1421 558/944/972
f 568/1427/1422 611/1428/1423 601/1092/1424
f 566/1322/1425 627/1403/1426 599/1429/1427
f 714/1120/1428 745/1300/1428 747/1430/1428
f 563/1114/1429 613/1295/1430 580/1431/1431
f 786/1432/1432 818/1433/1432 785/1157/1432
f 583/1434/1433 620/1116/1433 616/1435/1433
f 564/1436/1434 623/1437/1435 597/1438/1436
f 817/1143/1437 786/1432/1437 784/1144/1437
f 765/1439/1438 824/1325/1315 791/1326/1317
f 732/1440/1439 700/1264/1439 733/1265/1439
f 723/1039/1440 757/1441/1441 756/1442/1440
f 724/1443/1442 754/1320/1311 757/1441/1441
f 565/1324/1443 622/1170/1163 589/1444/1444
f 595/1404/1445 626/1162/1157 628/1405/1445
f 636/1377/1376 629/1445/1446 648/1378/1377
f 629/1445/1446 646/1446/1447 648/1378/1377
f 648/1378/1377 647/1447/1448 635/1448/1449
f 635/1448/1449 642/1369/1375 648/1378/1377
f 637/1449/1450 630/1450/1451 654/1451/1452
f 630/1450/1451 652/1452/1453 654/1451/1452
f 654/1451/1452 653/1453/1454 651/1454/1455
f 653/1453/1454 649/1455/1454 651/1454/1455
f 629/1456/1456 636/1457/1457 651/1454/1455
f 651/1454/1455 650/1458/1458 629/1456/1456
f 642/1369/1366 635/1448/1459 643/1370/1367
f 645/1368/1365 644/1459/1460 634/1460/1461
f 634/1460/1461 641/970/1462 645/1368/1365
f 633/971/1463 659/1461/1464 661/1462/1465
f 661/1462/1465 660/1463/1466 632/1061/1467
f 632/1061/1467 639/1464/1468 661/1462/1465
f 638/1060/1469 631/1062/1470 658/1465/1471
f 631/1062/1470 655/1466/1472 658/1465/1471
f 630/1450/1473 637/1449/1474 657/1467/1475
f 657/1467/1475 656/1468/1476 630/1450/1473
f 679/1469/1389 662/1470/1477 681/1389/1390
f 662/1470/1477 669/1471/1478 681/1389/1390
f 669/1471/1478 675/1472/1479 681/1389/1390
f 675/1472/1479 668/1387/1388 681/1389/1390
f 685/1473/1480 663/1474/1481 687/1475/1482
f 604/1241/1483 621/1357/1353 597/1356/1352
f 669/1476/1484 662/1477/1485 684/1478/1486
f 662/1477/1485 683/1479/1480 684/1478/1486
f 684/1478/1486 682/1480/1480 686/1481/1480
f 684/1478/1486 686/1481/1480 687/1475/1482
f 674/1391/1487 667/1482/1488 678/1483/1489
f 667/1482/1488 677/1484/1490 678/1483/1489
f 692/1485/1397 666/1390/1491 694/1236/1235
f 661/1462/1465 640/972/1492 633/971/1463
f 672/951/1237 665/950/1396 694/1236/1235
f 688/1486/1493 664/1487/1494 691/1488/1495
f 664/1487/1494 671/949/1386 691/1488/1495
f 670/1386/1387 663/1474/1496 690/1385/1385
f 663/1474/1496 689/1489/1497 690/1385/1385
f 783/1490/1498 815/1401/1498 782/1491/1498
f 564/1436/1499 619/1079/1500 586/1492/1501
f 631/1493/1502 665/1494/1502 664/1495/1502
f 708/1496/1503 702/1394/1504 714/1497/1505
f 798/1498/1506 806/1499/1506 805/1500/1506
f 797/1501/1507 803/1398/1507 796/1502/1507
f 448/1503/1508 468/1382/1381 467/1504/1509
f 533/1505/1510 501/1506/1510 534/1507/1510
f 676/1508/1511 675/1472/1512 674/1391/1487
f 557/1229/1226 538/1228/1223 537/1043/1224
f 734/1509/1513 746/1510/1514 747/1511/1515
f 533/1220/1516 541/1215/1516 540/1379/1516
f 538/1228/1517 532/1109/1517 539/1224/1517
f 687/1475/1482 670/1386/1518 669/1476/1484
f 709/1512/1519 708/1496/1520 701/1513/1521
f 731/978/1522 759/1514/1523 760/1069/1084
f 496/1515/1524 546/1297/1525 513/1516/1526
f 497/1517/1527 552/1518/1528 519/1519/1529
f 498/1175/1530 555/1426/1421 522/1520/1531
f 500/1521/1532 559/1522/1533 526/1523/1534
f 462/1251/1535 480/904/1536 461/1524/1537
f 502/1525/1538 543/1526/1539 510/1527/1540
f 771/1528/1541 803/1529/1542 804/1530/1541
f 735/1531/1543 703/1411/1411 702/1285/1278
f 604/1419/1415 570/1532/1412 603/1415/1412
f 637/1449/1450 651/1454/1455 636/1457/1457
f 740/1533/1276 708/1286/1279 707/1283/1276
f 806/1534/1544 772/1535/1545 805/1536/1545
f 579/1537/1546 610/1118/1124 612/1538/1546
f 501/1506/1547 544/1406/1548 534/1507/1549
f 611/1428/1550 579/1537/1550 612/1538/1550
f 502/1539/1551 547/1269/1552 535/1540/1553
f 648/1541/1554 680/1542/1554 647/1543/1554
f 783/1490/1555 814/1158/1555 816/1544/1555
f 496/1515/1556 550/1305/1557 529/1545/1558
f 585/1067/1559 616/1435/1559 618/1068/1559
f 521/1546/1560 552/1518/1560 554/1547/1560
f 549/1399/1561 520/1548/1561 553/1549/1561
f 497/1517/1562 556/1550/1563 530/1551/1564
f 591/1028/1565 623/1437/1435 590/1552/1566
f 711/1076/1567 742/1293/1287 744/1077/1567
f 661/1553/1568 692/1554/1569 694/1555/1568
f 499/1173/1570 560/1556/1571 532/1557/1572
f 693/1558/1573 661/1553/1573 694/1555/1573
f 702/1394/1504 695/1559/1574 714/1497/1505
f 695/1559/1574 712/1560/1575 714/1497/1505
f 714/1497/1505 713/1561/1576 701/1513/1577
f 701/1513/1577 708/1496/1503 714/1497/1505
f 703/1392/1392 696/1562/1578 720/1563/1579
f 696/1562/1578 718/1564/1580 720/1563/1579
f 720/1563/1579 719/1565/1581 717/1393/1393
f 719/1565/1581 715/1566/1581 717/1393/1393
f 695/1559/1582 702/1394/1394 717/1393/1393
f 717/1393/1393 716/1567/1583 695/1559/1582
f 711/1568/1584 710/1569/1585 700/1570/1586
f 700/1570/1586 707/983/1587 711/1568/1584
f 699/984/1071 725/1571/1588 727/1054/1069
f 727/1054/1069 726/1572/1589 698/1087/1590
f 698/1087/1590 705/1573/1591 727/1054/1069
f 704/1574/1592 697/1575/1593 724/1576/1594
f 697/1575/1593 721/1577/1595 724/1576/1594
f 696/1562/1596 703/1392/1597 723/1578/1598
f 723/1578/1598 722/1579/1599 696/1562/1596
f 745/1580/1514 728/1581/1600 747/1511/1515
f 728/1581/1600 735/1582/1601 747/1511/1515
f 735/1582/1601 741/1046/1602 747/1511/1515
f 741/1046/1602 734/1509/1513 747/1511/1515
f 751/1583/1603 729/1384/1384 753/1383/1383
f 735/1582/1604 728/1581/1605 750/1584/1606
f 728/1581/1605 749/1585/1603 750/1584/1606
f 750/1584/1606 748/1586/1603 752/1587/1603
f 750/1584/1606 752/1587/1603 753/1383/1383
f 612/1364/1362 609/1354/1359 608/1248/1360
f 740/1047/1062 733/1588/1607 744/1589/1608
f 733/1588/1607 743/1590/1609 744/1589/1608
f 758/1591/1523 732/1103/1610 760/1069/1084
f 738/979/1086 731/978/1522 760/1069/1084
f 754/1592/1611 730/1593/1612 757/1594/1613
f 730/1593/1612 737/1095/1102 757/1594/1613
f 736/1096/1103 729/1384/1614 756/1094/1101
f 729/1384/1614 755/1595/1611 756/1094/1101
f 633/1596/1615 667/1597/1615 666/1598/1615
f 774/1107/1616 768/1106/1617 780/1599/1618
f 791/1600/1619 772/1601/1620 765/1602/1621
f 774/1603/1622 806/1534/1544 807/1604/1622
f 505/955/1192 524/1197/1198 504/1180/1197
f 448/1503/1508 479/1252/1623 460/1605/1624
f 504/1180/1172 518/1185/1177 503/1083/1180
f 804/1053/1068 826/1606/1625 824/1051/1066
f 495/1016/1033 491/1019/1036 494/1022/1038
f 648/1541/1626 679/1607/1626 681/1608/1626
f 560/1556/1627 528/1609/1627 561/1610/1628
f 632/1611/1629 693/1558/1630 665/1494/1631
f 553/1549/1632 521/1546/1632 554/1547/1632
f 635/1612/1633 676/1146/1144 643/1613/1634
f 720/1152/1635 751/1311/1635 753/1153/1635
f 446/1614/1636 470/1011/1636 487/1010/1636
f 607/1615/1274 575/1422/1417 574/1616/1274
f 772/1617/1545 804/1530/1541 805/1618/1545
f 769/1619/1637 801/1620/1638 802/1621/1637
f 801/1620/1638 774/1603/1622 807/1604/1622
f 770/1622/1542 802/1621/1637 803/1529/1542
f 606/1281/1275 572/1420/1416 605/1623/1416
f 630/1624/1639 685/1304/1640 652/1625/1641
f 658/1626/1642 688/1627/1643 691/1167/1161
f 631/1493/1644 688/1627/1643 655/1628/1645
f 491/1629/1646 451/1630/1646 450/1631/1646
f 677/1632/1647 645/1145/1647 678/1147/1647
f 638/1060/1469 657/1467/1475 637/1449/1474
f 465/934/1648 482/1633/1648 484/1634/1648
f 635/1612/1649 680/1542/1650 668/1635/1651
f 749/1375/1652 717/1154/1652 750/1156/1652
f 633/1596/1653 692/1554/1569 659/1636/1654
f 447/903/941 482/1633/1655 463/1637/1656
f 528/1609/1657 559/1522/1533 561/1610/1657
f 630/1624/1658 689/1258/1258 663/1638/1659
f 765/1639/1660 799/1038/1660 798/1640/1660
f 524/943/1661 556/1550/1563 523/1641/1662
f 634/1642/1663 677/1632/1664 667/1597/1665
f 768/1106/1617 761/1643/1666 780/1599/1618
f 761/1643/1666 778/1644/1667 780/1599/1618
f 780/1599/1618 779/1645/1668 767/1646/1669
f 767/1646/1669 774/1107/1616 780/1599/1618
f 762/1647/1670 784/1648/1671 786/1105/1110
f 786/1105/1110 785/1649/1672 783/1650/1673
f 785/1649/1672 781/1651/1672 783/1650/1673
f 761/1643/1674 768/1106/1111 783/1650/1673
f 783/1650/1673 782/1652/1675 761/1643/1674
f 777/1653/1676 776/1654/1677 766/1655/1678
f 766/1655/1678 773/946/1114 777/1653/1676
f 629/1656/1679 679/1607/1680 646/1657/1681
f 791/1600/1619 793/1658/1682 771/933/1683
f 770/932/1254 763/1659/1684 790/1256/1255
f 763/1659/1684 787/1660/1685 790/1256/1255
f 762/1647/1686 769/1104/1687 789/1255/1253
f 789/1255/1253 788/1661/1688 762/1647/1686
f 800/1662/1689 812/1663/1690 807/1063/1691
f 817/1664/1692 795/1207/1208 819/1206/1207
f 801/1665/1693 794/1666/1694 816/1667/1695
f 794/1666/1694 815/1668/1692 816/1667/1695
f 816/1667/1695 814/1669/1692 818/1670/1692
f 816/1667/1695 818/1670/1692 819/1206/1207
f 808/1065/1082 800/1662/1696 807/1063/1080
f 810/1064/1081 806/1499/1697 809/1671/1698
f 820/1672/1699 796/1502/1700 823/1673/1701
f 796/1502/1700 803/1398/1399 823/1673/1701
f 802/1205/1400 795/1207/1702 822/1397/1398
f 795/1207/1702 821/1674/1699 822/1397/1398
f 512/1407/1703 543/1526/1539 545/1408/1703
f 704/1574/1592 723/1578/1598 703/1392/1597
f 825/1675/1704 826/1606/1625 804/1053/1068
f 797/1501/1067 825/1675/1704 804/1053/1068
f 792/1676/1705 764/931/1706 771/933/1683
f 793/1658/1682 792/1676/1705 771/933/1683
f 806/1499/1697 799/1677/1696 809/1671/1698
f 812/1663/1690 813/1678/1707 807/1063/1691
f 794/1666/1708 807/1063/1691 813/1678/1707
f 813/1678/1707 811/1679/1709 794/1666/1708
f 794/1666/1708 801/1665/1689 807/1063/1691
f 455/937/1710 473/941/1710 454/1680/1710
f 603/1353/1354 618/1358/1356 621/1357/1353
f 487/1010/1028 473/1012/1029 474/1071/1087
f 489/954/989 455/982/998 454/966/987
f 735/1582/1604 750/1584/1606 753/1383/1383
f 510/1239/1239 512/1188/1182 508/1100/1185
f 562/1202/1203 535/1097/1104 548/1099/1106
f 674/1391/1487 678/1483/1489 676/1508/1511
f 801/1665/1693 816/1667/1695 819/1206/1207
f 786/1105/1110 783/1650/1673 768/1106/1111
f 775/1108/1113 777/1653/1676 773/946/1114
f 669/1476/1484 684/1478/1486 687/1475/1482
f 740/1047/1062 744/1589/1608 742/1045/1060
f 709/1512/1519 711/1568/1584 707/983/1587
f 536/1044/1059 551/1208/1210 554/1042/1057
f 453/1050/1711 475/938/1711 456/1681/1711
f 447/903/941 461/1524/1712 480/904/942
f 761/916/954 794/1402/1300 811/917/955
f 478/921/959 477/1381/960 458/922/960
f 605/924/961 598/1372/961 599/925/961
f 649/927/962 653/1682/962 686/928/962
f 457/930/963 476/1059/963 478/921/964
f 764/931/965 763/1659/965 770/932/965
f 465/934/966 484/1634/966 483/935/966
f 455/937/967 456/1681/967 475/938/967
f 451/940/968 454/1680/1713 473/941/969
f 524/943/971 525/1425/1420 558/944/972
f 773/946/973 766/1655/973 765/947/973
f 671/949/974 664/1487/974 665/950/974
f 495/952/975 447/1008/1714 463/953/976
f 505/955/978 506/1194/978 499/956/978
f 571/958/979 588/1334/1325 585/959/980
f 629/961/982 650/1683/1715 683/962/983
f 454/966/987 451/1630/1716 490/967/988
f 641/970/991 634/1460/991 633/971/991
f 811/917/992 813/1684/992 780/973/992
f 737/977/996 730/1685/996 731/978/996
f 707/983/999 700/1570/999 699/984/999
f 628/1005/1019 600/1367/1364 607/1006/1020
f 727/1025/1042 725/1328/1319 758/1026/1043
f 591/1028/1044 592/1169/1162 625/1029/1045
f 759/1031/1046 726/1686/1046 727/1025/1046
f 572/1032/1047 592/1348/1344 591/1033/1048
f 780/973/1050 813/1684/1050 812/1034/1050
f 766/1036/1051 776/1267/1717 809/1037/1052
f 723/1039/1054 756/1442/1054 755/1040/1055
f 554/1042/1057 530/1204/1205 537/1043/1058
f 742/1045/1060 734/1509/1061 741/1046/1061
f 452/1048/1063 471/1085/1097 472/1049/1064
f 824/1051/1066 798/1687/1067 805/1052/1067
f 727/1054/1069 705/1573/1591 706/985/1070
f 445/908/1072 467/907/1073 468/969/1073
f 582/1055/1075 615/1296/1075 614/1056/1075
f 450/1058/1076 469/1688/1099 476/1059/1077
f 638/1060/1079 639/1464/1079 632/1061/1079
f 807/1063/1080 806/1499/1697 810/1064/1081
f 617/1066/1083 584/1689/1083 585/1067/1083
f 760/1069/1084 732/1103/1610 739/1070/1085
f 474/1071/1087 475/1013/1030 488/1002/1027
f 485/1072/1088 466/1081/1718 480/999/1014
f 493/1073/1089 492/964/1089 449/987/1089
f 743/1075/1090 710/1690/1090 711/1076/1090
f 588/1078/1091 586/1492/1091 619/1079/1091
f 485/1072/1017 488/1002/1017 482/1024/1041
f 493/1073/1092 448/1074/1719 460/997/1011
f 452/1048/1063 464/936/1720 483/935/1096
f 704/1086/1098 705/1573/1098 698/1087/1098
f 450/1089/1076 451/940/968 470/942/970
f 567/1091/1100 568/1427/1100 601/1092/1100
f 756/1094/1101 757/1594/1613 737/1095/1102
f 508/1100/1107 501/1190/1107 500/1101/1107
f 732/1103/1108 733/1588/1108 740/1047/1108
f 769/1104/1109 762/1647/1670 786/1105/1110
f 774/1107/1112 767/1646/1721 775/1108/1113
f 683/962/1118 650/1683/1118 651/1112/1118
f 563/1114/1119 584/1689/1722 617/1066/1120
f 620/1116/1122 587/1691/1122 588/1078/1122
f 569/1117/1123 602/1160/1723 610/1118/1124
f 714/1120/1126 747/1430/1126 746/1121/1126
f 539/1123/1127 540/1250/1128 507/1124/1128
f 673/1126/1130 640/1418/1130 639/1127/1131
f 538/1129/1132 505/1235/1132 504/1130/1133
f 738/1132/1134 739/1282/1135 706/1133/1135
f 536/1135/1136 537/1131/1133 504/1130/1133
f 541/1137/1138 542/1692/1139 509/1138/1139
f 542/1140/1139 536/1135/1136 503/1136/1137
f 762/1142/1140 795/1172/1406 817/1143/1141
f 645/1145/1143 643/1613/1634 676/1146/1144
f 444/992/1006 486/994/1008 487/996/1010
f 763/1148/1145 796/1693/1166 820/1149/1146
f 651/1112/1148 649/927/1148 682/929/1148
f 752/1151/1149 719/1257/1149 720/1152/1150
f 717/1154/1151 715/1694/1151 748/1155/1151
f 785/1157/1152 818/1433/1152 814/1158/1152
f 569/1117/1153 581/1057/1724 614/1056/1154
f 567/1161/1156 600/1695/1427 626/1162/1157
f 797/1164/1159 796/1693/1159 763/1148/1159
f 657/1166/1160 658/1626/1642 691/1167/1161
f 592/1169/1162 589/1444/1444 622/1170/1163
f 762/1142/1164 788/1400/1403 821/1171/1165
f 499/1173/1167 532/1557/1167 531/1174/1167
f 802/1205/1206 801/1665/1693 819/1206/1207
f 575/1221/1218 568/1342/1218 567/1222/1218
f 764/1165/1227 792/1263/1725 825/1231/1228
f 528/1192/1188 506/1194/1191 507/1102/1234
f 538/1129/1132 539/1123/1127 506/1125/1129
f 694/1236/1235 666/1390/1491 673/1237/1236
f 509/1238/1238 502/1696/1726 510/1239/1239
f 624/1240/1240 625/1373/1370 605/924/1241
f 572/1032/1246 573/1347/1246 566/1245/1246
f 600/1247/1247 601/1363/1247 608/1248/1247
f 540/1250/1128 541/1137/1138 508/1139/1138
f 462/1251/1248 460/1605/1727 479/1252/1249
f 789/1255/1253 769/1104/1687 770/932/1254
f 748/1155/1256 715/1694/1256 719/1257/1256
f 657/1166/1257 690/1168/1257 689/1258/1258
f 698/1260/1260 726/1686/1728 759/1031/1261
f 793/1262/1263 826/1697/1263 825/1231/1263
f 700/1264/1264 710/1690/1729 743/1075/1265
f 777/1266/1267 810/1698/1267 809/1037/1267
f 515/1268/1268 548/1298/1268 547/1269/1268
f 670/1271/1269 637/1409/1269 636/1272/1270
f 675/1274/1271 642/1288/1271 641/1275/1272
f 672/1128/1131 639/1127/1131 638/1277/1273
f 607/1279/1274 574/1699/1274 573/1280/1275
f 739/1282/1135 740/1533/1276 707/1283/1276
f 741/1284/1277 735/1531/1543 702/1285/1278
f 669/1287/1270 636/1700/1270 642/1288/1271
f 701/1289/1280 713/1122/1730 746/1121/1281
f 808/1291/1283 810/1698/1284 777/1266/1284
f 701/1289/1286 734/1290/1266 742/1293/1287
f 582/1055/1289 580/1431/1290 613/1295/1290
f 515/1268/1291 513/1516/1291 546/1297/1291
f 695/1299/1292 728/1376/1282 745/1300/1293
f 686/928/1295 653/1682/1295 654/1302/1295
f 654/1302/1296 652/1625/1296 685/1304/1296
f 550/1305/1297 517/1701/1297 518/1306/1297
f 767/1308/1298 779/1035/1731 812/1034/1299
f 696/1310/1301 729/1424/1732 751/1311/1302
f 698/1260/1304 731/1261/1304 730/1313/1305
f 789/1315/1306 790/1318/1309 823/1316/1307
f 820/1149/1146 823/1316/1307 790/1318/1309
f 697/1319/1310 730/1702/1419 754/1320/1311
f 566/1322/1313 599/1429/1313 598/1323/1314
f 824/1325/1315 826/1697/1316 793/1262/1316
f 699/1327/1318 732/1440/1262 758/1026/1043
f 645/1368/1365 641/970/1462 642/1369/1366
f 695/1299/1372 716/1703/1733 749/1375/1373
f 561/1111/1117 533/1220/1217 540/1379/1378
f 449/1380/1379 458/922/1734 477/1381/1380
f 736/1096/1382 735/1582/1604 753/1383/1383
f 545/1217/1215 543/1212/1211 542/1232/1230
f 579/1340/1333 575/1221/1336 576/1233/1330
f 690/1385/1385 691/1488/1495 671/949/1386
f 666/1390/1391 667/1482/1391 674/1391/1391
f 703/1392/1392 720/1563/1579 717/1393/1393
f 595/1345/1339 573/1347/1342 574/1395/1395
f 822/1397/1398 823/1673/1701 803/1398/1399
f 518/1306/1401 516/1704/1401 549/1399/1401
f 789/1315/1402 822/1317/1402 821/1171/1165
f 761/916/1404 782/1491/1735 815/1401/1405
f 627/1403/1407 594/1705/1407 595/1404/1407
f 767/1308/1408 800/1309/1736 808/1291/1283
f 544/1406/1409 511/1706/1409 512/1407/1409
f 670/1271/1269 671/1278/1273 638/1277/1273
f 737/1410/1410 704/1707/1410 703/1411/1411
f 737/1413/1410 738/1132/1134 705/1134/1134
f 603/1415/1412 570/1532/1412 576/1416/1413
f 673/1126/1130 674/1276/1272 641/1275/1272
f 604/1419/1415 605/1623/1416 572/1420/1416
f 609/1417/1414 576/1416/1413 575/1422/1417
f 696/1310/1418 722/1041/1056 755/1040/1055
f 525/1425/1420 522/1520/1531 555/1426/1421
f 568/1427/1422 578/1708/1737 611/1428/1423
f 566/1322/1425 594/1705/1738 627/1403/1426
f 714/1120/1428 712/1301/1428 745/1300/1428
f 563/1114/1429 596/1115/1155 613/1295/1430
f 786/1432/1432 819/1709/1432 818/1433/1432
f 583/1434/1433 587/1691/1433 620/1116/1433
f 564/1436/1434 590/1552/1566 623/1437/1435
f 817/1143/1437 819/1709/1437 786/1432/1437
f 765/1439/1438 798/1710/1229 824/1325/1315
f 732/1440/1439 699/1327/1439 700/1264/1439
f 723/1039/1440 724/1443/1442 757/1441/1441
f 724/1443/1442 721/1321/1312 754/1320/1311
f 565/1324/1443 598/1323/1739 622/1170/1163
f 595/1404/1445 593/1163/1158 626/1162/1157
f 604/1241/1483 603/1353/1354 621/1357/1353
f 661/1462/1465 639/1464/1468 640/972/1492
f 783/1490/1498 816/1544/1498 815/1401/1498
f 564/1436/1499 597/1438/1121 619/1079/1500
f 631/1493/1502 632/1611/1502 665/1494/1502
f 798/1498/1506 799/1677/1506 806/1499/1506
f 797/1501/1507 804/1053/1507 803/1398/1507
f 448/1503/1508 449/1380/1379 468/1382/1381
f 533/1505/1510 500/1521/1510 501/1506/1510
f 676/1508/1511 668/1387/1512 675/1472/1512
f 557/1229/1226 558/1227/1222 538/1228/1223
f 533/1220/1516 534/1216/1516 541/1215/1516
f 538/1228/1517 531/1226/1517 532/1109/1517
f 687/1475/1482 663/1474/1481 670/1386/1518
f 709/1512/1519 707/983/1587 708/1496/1520
f 496/1515/1524 529/1545/1553 546/1297/1525
f 497/1517/1527 530/1551/1558 552/1518/1528
f 498/1175/1530 531/1174/1564 555/1426/1421
f 500/1521/1532 533/1505/1572 559/1522/1533
f 462/1251/1535 481/1253/1740 480/904/1536
f 502/1525/1538 535/1711/1741 543/1526/1539
f 771/1528/1541 770/1622/1542 803/1529/1542
f 735/1531/1543 736/1412/1411 703/1411/1411
f 604/1419/1415 571/1421/1415 570/1532/1412
f 637/1449/1450 654/1451/1452 651/1454/1455
f 740/1533/1276 741/1284/1277 708/1286/1279
f 806/1534/1544 773/1712/1544 772/1535/1545
f 579/1537/1546 577/1119/1125 610/1118/1124
f 501/1506/1547 511/1706/1742 544/1406/1548
f 611/1428/1550 578/1708/1550 579/1537/1550
f 502/1539/1551 514/1270/1743 547/1269/1552
f 648/1541/1554 681/1608/1554 680/1542/1554
f 783/1490/1555 781/1159/1555 814/1158/1555
f 496/1515/1556 517/1701/1744 550/1305/1557
f 585/1067/1559 583/1434/1559 616/1435/1559
f 521/1546/1560 519/1519/1560 552/1518/1560
f 549/1399/1561 516/1704/1561 520/1548/1561
f 497/1517/1562 523/1641/1662 556/1550/1563
f 591/1028/1565 624/1030/1565 623/1437/1435
f 711/1076/1567 709/1294/1288 742/1293/1287
f 661/1553/1568 659/1636/1654 692/1554/1569
f 499/1173/1570 527/1713/1745 560/1556/1571
f 693/1558/1573 660/1714/1573 661/1553/1573
f 612/1364/1362 610/1362/1357 609/1354/1359
f 633/1596/1615 634/1642/1615 667/1597/1615
f 791/1600/1619 771/933/1683 772/1601/1620
f 774/1603/1622 773/1712/1544 806/1534/1544
f 505/955/1192 525/1195/1194 524/1197/1198
f 448/1503/1508 467/1504/1509 479/1252/1623
f 504/1180/1172 521/1182/1174 518/1185/1177
f 495/1016/1033 490/1018/1035 491/1019/1036
f 648/1541/1626 646/1657/1626 679/1607/1626
f 560/1556/1627 527/1713/1627 528/1609/1627
f 632/1611/1629 660/1714/1746 693/1558/1630
f 553/1549/1632 520/1548/1632 521/1546/1632
f 635/1612/1633 668/1635/1665 676/1146/1144
f 720/1152/1635 718/1312/1635 751/1311/1635
f 446/1614/1636 469/1715/1636 470/1011/1636
f 607/1615/1274 608/1423/1417 575/1422/1417
f 772/1617/1545 771/1528/1541 804/1530/1541
f 769/1619/1637 768/1716/1638 801/1620/1638
f 801/1620/1638 768/1716/1638 774/1603/1622
f 770/1622/1542 769/1619/1637 802/1621/1637
f 606/1281/1275 573/1280/1275 572/1420/1416
f 630/1624/1639 663/1638/984 685/1304/1640
f 658/1626/1642 655/1628/1645 688/1627/1643
f 631/1493/1644 664/1495/1659 688/1627/1643
f 491/1629/1646 490/967/1646 451/1630/1646
f 677/1632/1647 644/1717/1647 645/1145/1647
f 638/1060/1469 658/1465/1471 657/1467/1475
f 465/934/1648 463/1637/1648 482/1633/1648
f 635/1612/1649 647/1543/1747 680/1542/1650
f 749/1375/1652 716/1703/1652 717/1154/1652
f 633/1596/1653 666/1598/1631 692/1554/1569
f 447/903/941 466/905/943 482/1633/1655
f 528/1609/1657 526/1523/1534 559/1522/1533
f 630/1624/1658 656/1259/1259 689/1258/1258
f 765/1639/1660 766/1036/1660 799/1038/1660
f 524/943/1661 557/945/1661 556/1550/1563
f 634/1642/1663 644/1717/1748 677/1632/1664
f 629/1656/1679 662/1718/1651 679/1607/1680
f 512/1407/1703 510/1527/1540 543/1526/1539
f 704/1574/1592 724/1576/1594 723/1578/1598
f 455/937/1710 474/939/1710 473/941/1710
f 453/1050/1711 472/1049/1711 475/938/1711
f 874/1719/1749 884/1720/1749 875/1721/1749
f 878/1722/1750 884/1723/1751 886/1724/1752
f 828/1725/1753 845/1726/1753 846/1727/1753
f 881/1728/1754 869/1729/1755 867/1730/1756
f 873/1731/1757 885/1732/1758 874/1719/1759
f 875/1721/1760 883/1733/1761 876/1734/1760
f 846/1727/1762 843/1735/1762 844/1736/1762
f 836/1737/1763 837/1738/1763 835/1739/1763
f 840/1740/1764 837/1738/1764 838/1741/1764
f 832/1742/1765 833/1743/1766 831/1744/1766
f 834/1745/1767 835/1746/1767 833/1743/1767
f 842/1747/1768 839/1748/1768 840/1740/1768
f 853/1749/1769 842/1747/1769 840/1740/1769
f 844/1736/1770 841/1750/1771 842/1747/1772
f 828/1725/1773 829/1751/1773 827/1752/1773
f 864/1753/1774 875/1721/1774 865/1754/1774
f 854/1755/1775 844/1736/1770 842/1747/1772
f 862/1756/1776 873/1731/1776 863/1757/1776
f 834/1745/1777 851/1758/1777 836/1759/1777
f 828/1725/1778 847/1760/1778 830/1761/1778
f 852/1762/1779 840/1740/1779 838/1741/1779
f 866/1763/1780 848/1764/1781 856/1765/1782
f 848/1764/1783 857/1766/1784 847/1760/1785
f 846/1727/1786 848/1764/1786 828/1725/1786
f 847/1760/1787 859/1767/1788 849/1768/1789
f 865/1754/1790 856/1765/1791 855/1769/1792
f 832/1742/1765 850/1770/1793 834/1745/1794
f 872/1771/1795 886/1772/1795 873/1731/1795
f 879/1773/1796 871/1774/1797 870/1775/1797
f 871/1776/1798 862/1756/1798 861/1777/1798
f 880/1778/1799 870/1775/1799 869/1729/1799
f 829/1779/1800 841/1780/1800 845/1781/1800
f 849/1768/1801 860/1782/1802 850/1770/1803
f 868/1783/1804 857/1766/1805 858/1784/1806
f 851/1785/1807 838/1741/1807 836/1737/1807
f 878/1786/1808 872/1771/1809 871/1776/1809
f 882/1787/1810 867/1730/1811 868/1783/1812
f 851/1785/1813 862/1756/1814 852/1762/1815
f 830/1761/1816 849/1768/1816 832/1742/1816
f 863/1757/1817 874/1719/1817 864/1753/1817
f 865/1754/1818 876/1734/1818 866/1763/1818
f 866/1763/1819 868/1783/1819 858/1784/1819
f 862/1756/1820 853/1749/1821 852/1762/1822
f 855/1769/1823 846/1727/1823 844/1736/1823
f 876/1734/1824 882/1787/1825 868/1783/1824
f 832/1742/1826 829/1751/1826 830/1761/1826
f 869/1729/1827 860/1782/1802 859/1767/1828
f 864/1753/1829 855/1769/1830 854/1755/1831
f 867/1730/1756 859/1767/1832 857/1766/1833
f 863/1757/1834 854/1755/1835 853/1749/1836
f 870/1775/1837 861/1788/1837 860/1782/1837
f 850/1770/1838 861/1788/1839 851/1758/1838
f 845/1781/1800 827/1789/1800 829/1779/1800
f 829/1779/1800 831/1790/1800 833/1791/1800
f 833/1791/1800 835/1792/1800 837/1793/1800
f 837/1793/1800 839/1794/1800 841/1780/1800
f 841/1780/1800 843/1795/1800 845/1781/1800
f 833/1791/1800 837/1793/1800 841/1780/1800
f 886/1724/1752 877/1796/1840 878/1722/1750
f 878/1722/1750 879/1797/1841 880/1798/1842
f 880/1798/1842 881/1799/1843 882/1800/1844
f 882/1800/1844 883/1801/1845 884/1723/1751
f 884/1723/1751 885/1802/1846 886/1724/1752
f 880/1798/1842 882/1800/1844 884/1723/1751
f 874/1719/1749 885/1732/1847 884/1720/1749
f 878/1722/1750 880/1798/1842 884/1723/1751
f 828/1725/1753 827/1752/1753 845/1726/1753
f 881/1728/1754 880/1778/1848 869/1729/1755
f 873/1731/1757 886/1772/1758 885/1732/1758
f 875/1721/1760 884/1720/1761 883/1733/1761
f 846/1727/1762 845/1726/1762 843/1735/1762
f 836/1737/1763 838/1741/1763 837/1738/1763
f 840/1740/1764 839/1748/1764 837/1738/1764
f 832/1742/1765 834/1745/1794 833/1743/1766
f 834/1745/1767 836/1759/1767 835/1746/1767
f 842/1747/1768 841/1750/1768 839/1748/1768
f 853/1749/1849 854/1755/1849 842/1747/1849
f 844/1736/1770 843/1735/1771 841/1750/1771
f 828/1725/1773 830/1761/1773 829/1751/1773
f 864/1753/1850 874/1719/1850 875/1721/1850
f 854/1755/1851 855/1769/1851 844/1736/1851
f 862/1756/1852 872/1771/1852 873/1731/1852
f 834/1745/1853 850/1770/1853 851/1758/1853
f 828/1725/1854 848/1764/1854 847/1760/1854
f 852/1762/1855 853/1749/1855 840/1740/1855
f 866/1763/1780 858/1784/1856 848/1764/1781
f 848/1764/1783 858/1784/1857 857/1766/1784
f 846/1727/1858 856/1765/1858 848/1764/1858
f 847/1760/1787 857/1766/1859 859/1767/1788
f 865/1754/1790 866/1763/1860 856/1765/1791
f 832/1742/1861 849/1768/1861 850/1770/1861
f 872/1771/1795 877/1803/1862 886/1772/1795
f 879/1773/1796 878/1804/1796 871/1774/1797
f 871/1776/1863 872/1771/1863 862/1756/1863
f 880/1778/1799 879/1773/1799 870/1775/1799
f 829/1779/1800 833/1791/1800 841/1780/1800
f 849/1768/1801 859/1767/1828 860/1782/1802
f 868/1783/1804 867/1730/1864 857/1766/1805
f 851/1785/1865 852/1762/1865 838/1741/1865
f 878/1786/1808 877/1803/1866 872/1771/1809
f 882/1787/1810 881/1728/1867 867/1730/1811
f 851/1785/1813 861/1777/1868 862/1756/1814
f 830/1761/1869 847/1760/1869 849/1768/1869
f 863/1757/1870 873/1731/1757 874/1719/1759
f 865/1754/1871 875/1721/1871 876/1734/1871
f 866/1763/1872 876/1734/1872 868/1783/1872
f 862/1756/1820 863/1757/1873 853/1749/1821
f 855/1769/1874 856/1765/1874 846/1727/1874
f 876/1734/1824 883/1733/1875 882/1787/1825
f 832/1742/1876 831/1744/1876 829/1751/1876
f 869/1729/1877 870/1775/1877 860/1782/1877
f 864/1753/1829 865/1754/1878 855/1769/1830
f 867/1730/1756 869/1729/1755 859/1767/1832
f 863/1757/1834 864/1753/1879 854/1755/1835
f 870/1775/1880 871/1774/1880 861/1788/1880
f 850/1770/1838 860/1782/1839 861/1788/1839
o ThirdPine.002
v -15.708851 11.546294 -17.346437
v -15.711723 11.552279 -17.336126
v -15.691801 11.556809 -17.327539
v -15.733974 9.471740 -17.064556
v -16.504494 9.953945 -16.227890
v -16.076828 10.222149 -15.763740
v -15.391276 10.222417 -15.764256
v -14.964218 9.954818 -16.228598
v -15.116688 9.620856 -16.807076
v -15.066298 9.737670 -16.606518
v -15.007328 9.866852 -16.382767
v -15.075218 9.926680 -16.526377
v -15.084382 9.818253 -16.609438
v -15.479227 10.221737 -15.766510
v -15.847418 10.221737 -15.766510
v -15.679564 10.346862 -15.927457
v -16.378576 9.684414 -16.696423
v -16.203838 9.586617 -16.866661
v -16.265043 9.849367 -16.868708
v -15.709652 9.479974 -17.052418
v -15.581992 9.510713 -16.999176
v -15.669513 9.556019 -17.044184
v -15.734124 9.469062 -17.087866
v -16.525156 9.965024 -16.228834
v -16.086166 10.240261 -15.752109
v -15.382082 10.240261 -15.752109
v -14.943092 9.965024 -16.228834
v -15.099766 9.621808 -16.823303
v -15.044812 9.742192 -16.614790
v -14.985843 9.871374 -16.391041
v -15.053733 9.931202 -16.534649
v -15.062897 9.822775 -16.617712
v -15.479227 10.240261 -15.752109
v -15.847418 10.240261 -15.752109
v -15.679564 10.365385 -15.913054
v -16.399611 9.689999 -16.705193
v -16.213276 9.584436 -16.888031
v -16.281820 9.851325 -16.884995
v -15.700126 9.477249 -17.073685
v -15.572466 9.507988 -17.020445
v -15.659986 9.553293 -17.065453
v -15.697981 11.543525 -17.351036
v -15.704129 11.556945 -17.327702
v -15.684063 11.551914 -17.335873
v -15.686853 11.545982 -17.346367
v -15.692266 11.151779 -17.114759
v -15.690361 11.155781 -17.107649
v -15.695609 11.159098 -17.102007
v -15.703948 11.159195 -17.102142
v -15.709056 11.156057 -17.107849
v -15.707345 11.152070 -17.115040
v -15.699793 11.150147 -17.117908
v -14.270256 8.703855 -15.796109
v -14.761373 8.172637 -16.716206
v -15.898225 8.033413 -16.957348
v -16.824739 8.391022 -16.337952
v -16.843233 8.976176 -15.324434
v -15.939778 9.348244 -14.679995
v -14.794696 9.227049 -14.889910
v -15.709495 10.483754 -16.789383
v -15.728848 10.462821 -16.825642
v -15.773646 10.457335 -16.835144
v -15.810157 10.471427 -16.810736
v -15.810885 10.494486 -16.770796
v -15.775284 10.509147 -16.745403
v -15.730161 10.504371 -16.753674
v -14.955856 9.243535 -14.863990
v -15.772835 9.330004 -14.714223
v -15.587699 9.383348 -14.940259
v -14.586227 9.016479 -15.257262
v -14.678558 9.108590 -15.097721
v -14.821321 9.243073 -15.510108
v -14.477788 8.484509 -16.178661
v -14.439366 8.526068 -16.106680
v -14.667193 8.763973 -16.227703
v -14.663823 8.283283 -16.527195
v -14.593751 8.359077 -16.395916
v -14.687649 8.379279 -16.494947
v -15.587234 8.074363 -16.889055
v -15.033833 8.142135 -16.771671
v -15.240431 8.215395 -16.799158
v -15.423881 8.156798 -16.844057
v -16.836203 8.860837 -15.526842
v -16.827818 8.595567 -15.986304
v -16.739483 8.794023 -15.871754
v -14.247629 8.724808 -15.807793
v -14.746985 8.184677 -16.743326
v -15.902911 8.043118 -16.988514
v -16.844971 8.406726 -16.358727
v -16.863773 9.001698 -15.328204
v -15.945162 9.380007 -14.672953
v -14.780868 9.256779 -14.886391
v -15.680511 10.500673 -16.798622
v -15.710418 10.468323 -16.854654
v -15.779650 10.459845 -16.869339
v -15.836072 10.481623 -16.831619
v -15.837198 10.517257 -16.769899
v -15.782180 10.539914 -16.730654
v -15.712447 10.532534 -16.743439
v -14.950941 9.274780 -14.855212
v -15.767919 9.361248 -14.705445
v -15.582784 9.414594 -14.931482
v -14.565006 9.041430 -15.259385
v -14.657336 9.133541 -15.099846
v -14.800100 9.268023 -15.512232
v -14.456241 8.499163 -16.198622
v -14.417819 8.540721 -16.126640
v -14.645647 8.778625 -16.247663
v -14.642277 8.297935 -16.547155
v -14.572204 8.373731 -16.415876
v -14.666101 8.393933 -16.514908
v -15.581588 8.082468 -16.920357
v -15.028185 8.150240 -16.802973
v -15.234784 8.223500 -16.830460
v -15.418233 8.164903 -16.875360
v -16.859936 8.880282 -15.538503
v -16.851553 8.615012 -15.997964
v -16.763218 8.813468 -15.883414
v -15.298420 9.965543 -15.918100
v -15.804033 3.902853 -15.150679
v -17.095808 4.213895 -14.611937
v -17.414850 4.912803 -13.401394
v -16.520914 5.473283 -12.430613
v -15.087152 5.473283 -12.430613
v -14.193216 4.912803 -13.401394
v -14.512259 4.213895 -14.611937
v -15.779102 6.453967 -14.793944
v -15.889591 6.480571 -14.747865
v -15.916879 6.540350 -14.644323
v -15.840419 6.588289 -14.561290
v -15.717786 6.588289 -14.561290
v -15.641325 6.540350 -14.644323
v -15.668613 6.480571 -14.747865
v -14.471394 4.313752 -14.442123
v -14.243866 4.812182 -13.578815
v -14.454450 4.869321 -13.869748
v -15.034909 4.091625 -14.826858
v -14.807585 4.146362 -14.732051
v -15.159737 4.578701 -14.773364
v -16.340218 4.035536 -14.924006
v -16.239202 4.011213 -14.966136
v -16.217480 4.433177 -14.887999
v -16.829332 4.153309 -14.720018
v -16.645102 4.108948 -14.796854
v -16.735916 4.238217 -14.737056
v -17.323427 4.722861 -13.733525
v -17.168188 4.382792 -14.322543
v -17.148491 4.590984 -14.150967
v -17.228416 4.673935 -13.937999
v -15.372808 5.472647 -12.434858
v -16.022499 5.472647 -12.434858
v -15.781272 5.538167 -12.601997
v -15.804033 3.914134 -15.188360
v -17.116911 4.230258 -14.640817
v -17.441166 4.940583 -13.410497
v -16.532625 5.510220 -12.423858
v -15.075441 5.510220 -12.423858
v -14.166901 4.940583 -13.410497
v -14.491156 4.230258 -14.640817
v -15.779102 6.459805 -14.886312
v -15.949849 6.500918 -14.815101
v -15.992021 6.593300 -14.655090
v -15.873859 6.667384 -14.526772
v -15.684344 6.667384 -14.526772
v -15.566184 6.593300 -14.655090
v -15.608356 6.500918 -14.815101
v -14.443790 4.334018 -14.461099
v -14.216263 4.832449 -13.597791
v -14.426847 4.889588 -13.888723
v -15.022625 4.102287 -14.862470
v -14.795300 4.157024 -14.767661
v -15.147451 4.589363 -14.808975
v -16.352501 4.046198 -14.959619
v -16.251486 4.021874 -15.001747
v -16.229765 4.443839 -14.923611
v -16.841616 4.163971 -14.755630
v -16.657385 4.119610 -14.832464
v -16.748201 4.248878 -14.772667
v -17.351030 4.743128 -13.752501
v -17.195791 4.403058 -14.341519
v -17.176094 4.611251 -14.169943
v -17.256020 4.694201 -13.956974
v -15.372808 5.510220 -12.423858
v -16.022499 5.510220 -12.423858
v -15.781272 5.575741 -12.590996
v -15.100962 6.637611 -12.978342
v -14.215885 6.131624 -13.854739
v -14.455244 5.470155 -15.000437
v -15.638796 5.151305 -15.552701
v -16.875301 5.415174 -15.095666
v -17.233648 6.063065 -13.973487
v -16.443993 6.607100 -13.031190
v -15.731934 7.700624 -15.197764
v -15.663381 7.661432 -15.265645
v -15.681920 7.610198 -15.354384
v -15.773591 7.585502 -15.397160
v -15.869365 7.605940 -15.361760
v -15.897120 7.656122 -15.274842
v -15.835958 7.698260 -15.201858
v -16.552067 6.530810 -13.166147
v -17.114830 6.143092 -13.837695
v -16.851175 6.358827 -13.829386
v -15.902153 6.618836 -13.013683
v -16.138336 6.613470 -13.022977
v -15.901195 6.791574 -13.454892
v -14.735050 6.426922 -13.346088
v -14.804214 6.466463 -13.277601
v -14.925431 6.615228 -13.631567
v -14.400156 6.235467 -13.677698
v -14.526299 6.307580 -13.552794
v -14.490852 6.307296 -13.707058
v -14.393068 5.653273 -14.686088
v -14.276682 5.974906 -14.129002
v -14.386604 5.946341 -14.355604
v -14.400818 5.806176 -14.533445
v -16.627285 5.365419 -15.184665
v -16.067362 5.245932 -15.391623
v -16.234066 5.452417 -15.296937
v -15.091449 6.671001 -12.971883
v -14.192528 6.157099 -13.861988
v -14.435631 5.485283 -15.025607
v -15.637696 5.161447 -15.586510
v -16.893543 5.429443 -15.122325
v -17.257496 6.087467 -13.982594
v -16.455488 6.640013 -13.025557
v -15.706244 7.768399 -15.167390
v -15.600303 7.707834 -15.272291
v -15.628953 7.628658 -15.409429
v -15.770620 7.590493 -15.475533
v -15.918627 7.622077 -15.420827
v -15.961519 7.699627 -15.286506
v -15.867001 7.764747 -15.173716
v -16.572639 6.559300 -13.165356
v -17.135405 6.171582 -13.836903
v -16.871750 6.387317 -13.828594
v -15.903307 6.652557 -13.003830
v -16.139490 6.647192 -13.013123
v -15.902349 6.825296 -13.445039
v -14.715916 6.456314 -13.343734
v -14.785081 6.495854 -13.275247
v -14.906297 6.644619 -13.629211
v -14.381021 6.264858 -13.675344
v -14.507164 6.336972 -13.550438
v -14.471718 6.336687 -13.704703
v -14.368053 5.672034 -14.702146
v -14.251667 5.993668 -14.145060
v -14.361589 5.965101 -14.371662
v -14.375803 5.824937 -14.549504
v -16.637264 5.374753 -15.217051
v -16.077341 5.255266 -15.424009
v -16.244045 5.461752 -15.329323
v -16.895794 7.367062 -13.858490
v -15.751849 7.599553 -13.455804
v -14.675075 7.297323 -13.979282
v -14.476303 6.687957 -15.034735
v -15.305214 6.230320 -15.827384
v -16.537621 6.269023 -15.760349
v -17.245495 6.774921 -14.884109
v -15.855589 8.623674 -15.743419
v -15.772176 8.640627 -15.714056
v -15.693660 8.618588 -15.752226
v -15.679167 8.574155 -15.829187
v -15.739608 8.540786 -15.886984
v -15.829472 8.543608 -15.882096
v -15.881088 8.580497 -15.818204
v -17.143375 6.706140 -15.005966
v -16.638494 6.345316 -15.630931
v -16.659355 6.622542 -15.486601
v -17.101158 7.014390 -14.472061
v -17.162704 6.910174 -14.652568
v -16.843922 7.265141 -14.718336
v -16.418142 7.463449 -13.694268
v -16.507608 7.445267 -13.725760
v -16.342266 7.601224 -14.017858
v -15.984956 7.551488 -13.541780
v -16.148121 7.518327 -13.599216
v -16.021284 7.574866 -13.642635
v -14.972159 7.379903 -13.838974
v -15.496146 7.526976 -13.584236
v -15.346211 7.518137 -13.762361
v -15.155767 7.452496 -13.816368
v -15.142660 6.323825 -15.668156
v -14.767009 6.531219 -15.308938
v -14.977983 6.591256 -15.446666
v -16.913139 7.396399 -13.857287
v -15.750382 7.632713 -13.447980
v -14.655899 7.325512 -13.980067
v -14.453858 6.706125 -15.052877
v -15.296401 6.240963 -15.858562
v -16.549076 6.280302 -15.790425
v -17.268593 6.794519 -14.899775
v -15.897533 8.675248 -15.729331
v -15.768628 8.701447 -15.683954
v -15.647292 8.667390 -15.742942
v -15.624893 8.598722 -15.861876
v -15.718299 8.547154 -15.951196
v -15.857173 8.551516 -15.943643
v -15.936939 8.608522 -15.844903
v -17.163490 6.719406 -15.029875
v -16.658609 6.358582 -15.654840
v -16.679468 6.635808 -15.510509
v -17.124701 7.038168 -14.477763
v -17.186247 6.933953 -14.658269
v -16.867464 7.288920 -14.724038
v -16.427387 7.495122 -13.686295
v -16.516851 7.476939 -13.717789
v -16.351509 7.632898 -14.009885
v -15.994200 7.583161 -13.533807
v -16.157364 7.550000 -13.591244
v -16.030527 7.606539 -13.634664
v -14.960143 7.410908 -13.832158
v -15.484130 7.557981 -13.577419
v -15.334195 7.549143 -13.755544
v -15.143751 7.483502 -13.809552
v -15.124465 6.335888 -15.694148
v -14.748814 6.543283 -15.334930
v -14.959787 6.603319 -15.472658
v -15.669197 7.005690 -16.603020
v -16.840376 7.219013 -16.233534
v -17.237028 7.809849 -15.210176
v -16.560469 8.333288 -14.303553
v -15.320158 8.395168 -14.196373
v -14.450077 7.948894 -14.969343
v -14.605413 7.330518 -16.040401
v -15.771152 9.502566 -16.344620
v -15.840110 9.515127 -16.322865
v -15.863464 9.549914 -16.262609
v -15.823629 9.580734 -16.209229
v -15.750601 9.584377 -16.202919
v -15.699370 9.558102 -16.248430
v -15.708517 9.521692 -16.311493
v -14.586866 7.418770 -15.890150
v -14.476169 7.859443 -15.126883
v -14.638936 7.900478 -15.394523
v -15.036196 7.202046 -16.265526
v -14.849131 7.259167 -16.166592
v -15.157605 7.617167 -16.263988
v -16.155834 7.097219 -16.447094
v -16.064318 7.080550 -16.475965
v -16.069574 7.447459 -16.407499
v -16.598957 7.177931 -16.307297
v -16.432049 7.147530 -16.359953
v -16.520596 7.255661 -16.315222
v -17.125000 7.649309 -15.490846
v -16.932142 7.362036 -15.988417
v -16.936909 7.543206 -15.838832
v -17.025486 7.611335 -15.660631
v -15.567219 8.382306 -14.221256
v -16.128832 8.354287 -14.269787
v -15.910649 8.421850 -14.396549
v -15.666975 7.015101 -16.634171
v -16.856403 7.231748 -16.258926
v -17.259237 7.831791 -15.219622
v -16.572134 8.363386 -14.298872
v -15.312497 8.426230 -14.190022
v -14.428858 7.973001 -14.975038
v -14.586616 7.344989 -16.062786
v -15.766572 9.506173 -16.399700
v -15.873138 9.525584 -16.366079
v -15.909230 9.579345 -16.272963
v -15.847670 9.626973 -16.190468
v -15.734813 9.632604 -16.180717
v -15.655643 9.591996 -16.251049
v -15.669777 9.535729 -16.348507
v -14.563572 7.436726 -15.903894
v -14.452874 7.877398 -15.140628
v -14.615641 7.918433 -15.408268
v -15.023959 7.211447 -16.294090
v -14.836895 7.268567 -16.195154
v -15.145369 7.626566 -16.292551
v -16.163870 7.105608 -16.477409
v -16.072353 7.088938 -16.506281
v -16.077612 7.455847 -16.437815
v -16.606993 7.186319 -16.337612
v -16.440086 7.155918 -16.390268
v -16.528631 7.264050 -16.345537
v -17.147257 7.664991 -15.508527
v -16.954399 7.377718 -16.006098
v -16.959166 7.558888 -15.856513
v -17.047743 7.627017 -15.678312
v -15.569550 8.413406 -14.212234
v -16.131163 8.385386 -14.260766
v -15.912980 8.452949 -14.387528
v -15.779102 1.800712 -12.378825
v -15.779103 7.576313 -15.475809
v -15.557220 1.836760 -12.316389
v -15.664734 7.594893 -15.443627
v -15.420089 1.914464 -12.181803
v -15.594050 7.631138 -15.380848
v -15.420089 2.047782 -11.950888
v -15.594050 7.703663 -15.255231
v -15.557220 2.142155 -11.787430
v -15.664734 7.752307 -15.170977
v -15.779102 2.178202 -11.724994
v -15.779103 7.770888 -15.138794
v -16.000986 2.142155 -11.787430
v -15.893472 7.752307 -15.170977
v -16.138117 2.047782 -11.950888
v -15.964155 7.703663 -15.255231
v -16.138117 1.931131 -12.152932
v -15.964155 7.643537 -15.359373
v -16.000986 1.836760 -12.316389
v -15.893472 7.594893 -15.443627
v -15.702279 9.359509 -16.218010
v -15.775620 9.356672 -16.246346
v -15.658828 9.375026 -16.153492
v -15.661865 9.397299 -16.077436
v -15.710229 9.417818 -16.018892
v -15.785447 9.428745 -16.000221
v -15.858788 9.425909 -16.028555
v -15.902240 9.410391 -16.093073
v -15.899202 9.388119 -16.169128
v -15.850839 9.367599 -16.227674
v -15.697667 10.332733 -16.805162
v -15.743212 10.330176 -16.822689
v -15.670790 10.344010 -16.765600
v -15.672846 10.359701 -16.719112
v -15.703049 10.373813 -16.683456
v -15.749863 10.380953 -16.672253
v -15.795407 10.378396 -16.689779
v -15.822285 10.367118 -16.729342
v -15.820229 10.351427 -16.775829
v -15.790026 10.337317 -16.811485
v -15.685773 10.918738 -17.038530
v -15.707620 10.912247 -17.044960
v -15.673370 10.934227 -17.024937
v -15.675149 10.952796 -17.009373
v -15.690429 10.967353 -16.997782
v -15.713375 10.972339 -16.994593
v -15.735221 10.965846 -17.001022
v -15.747624 10.950358 -17.014616
v -15.745846 10.931788 -17.030182
v -15.730565 10.917233 -17.041771
v -15.698244 11.506172 -17.312313
v -15.696952 11.506012 -17.312565
v -15.696107 11.505553 -17.313412
v -15.696027 11.504978 -17.314507
v -15.696713 11.504505 -17.315430
v -15.697894 11.504309 -17.315849
v -15.699139 11.504457 -17.315622
v -15.699993 11.504900 -17.314823
v -15.700128 11.505474 -17.313734
v -15.699465 11.505963 -17.312767
vn 0.0091 -0.9909 0.1344
vn -0.1656 -0.9714 0.1704
vn -0.0005 -0.9935 0.1141
vn -0.9036 0.2067 -0.3751
vn -0.9076 0.2126 -0.3620
vn -0.9054 0.2056 -0.3716
vn -0.0023 0.7649 0.6442
vn 0.0039 0.7649 0.6441
vn -0.0115 0.7665 0.6421
vn 0.0052 -0.8223 -0.5690
vn -0.0036 -0.8223 -0.5690
vn -0.0003 -0.8185 -0.5745
vn 0.0211 -0.8167 -0.5767
vn 0.3964 -0.8869 -0.2372
vn 0.3646 -0.9191 -0.1494
vn 0.3637 -0.9199 -0.1469
vn 0.0022 0.7650 0.6440
vn 0.0128 0.7667 0.6419
vn 0.7720 -0.3902 0.5018
vn 0.7720 -0.3901 0.5018
vn -0.6621 0.7246 0.1913
vn 0.5199 -0.3990 0.7554
vn -0.7132 -0.4302 0.5534
vn -0.7132 -0.4302 0.5533
vn 0.7270 -0.6686 -0.1565
vn -0.4273 -0.9009 -0.0759
vn 0.3962 -0.5792 0.7124
vn 0.3701 -0.7594 0.5352
vn 0.3381 -0.8547 0.3940
vn 0.3724 -0.7578 0.5357
vn 0.3387 -0.9239 -0.1781
vn 0.4077 -0.8991 -0.1592
vn -0.6290 -0.7205 -0.2921
vn 0.4078 0.0639 -0.9108
vn -0.3932 0.0383 0.9187
vn -0.4187 0.0379 0.9074
vn -0.3917 0.0382 0.9193
vn 0.5356 -0.0700 0.8416
vn 0.3508 -0.1200 0.9287
vn 0.3581 -0.1414 0.9229
vn 0.3634 -0.1218 0.9236
vn 0.5717 -0.3139 0.7581
vn 0.5273 -0.3976 0.7509
vn 0.5735 -0.3101 0.7582
vn 0.0030 -0.8221 -0.5693
vn 0.0114 -0.8190 -0.5736
vn -0.8915 -0.2667 0.3661
vn -0.8880 -0.2555 0.3824
vn -0.8880 -0.2568 0.3816
vn -0.0000 0.7673 0.6412
vn 0.8297 -0.3259 0.4531
vn 0.8578 0.2492 0.4495
vn 0.3605 0.0248 0.9324
vn 0.2650 0.0691 0.9618
vn 0.3577 0.0346 0.9332
vn 0.8662 0.4858 -0.1173
vn -0.8369 -0.1865 0.5146
vn -0.8935 -0.2822 0.3494
vn 0.0554 0.0362 0.9978
vn -0.3476 0.0365 0.9370
vn -0.0084 -0.8181 -0.5751
vn -0.8905 0.1887 -0.4140
vn -0.9056 0.2050 -0.3713
vn 0.0139 0.8693 -0.4941
vn 0.0140 0.8710 -0.4911
vn 0.0155 0.8684 -0.4956
vn 0.0196 0.8671 -0.4978
vn 0.0162 0.8677 -0.4969
vn 0.0160 0.8685 -0.4954
vn 0.0148 0.8683 -0.4958
vn 0.8808 -0.2980 0.3680
vn 0.9017 -0.3342 0.2743
vn 0.8807 -0.2976 0.3686
vn -0.4112 -0.1059 -0.9054
vn -0.4282 -0.0998 -0.8981
vn -0.4111 -0.1059 -0.9054
vn 0.4069 -0.1219 -0.9053
vn 0.4053 -0.1221 -0.9060
vn -0.0010 0.8808 0.4735
vn -0.0056 0.8711 0.4910
vn 0.0056 0.8711 0.4910
vn 0.4098 -0.1219 -0.9040
vn 0.3925 0.0212 0.9195
vn 0.3598 0.0223 0.9327
vn 0.9195 0.1871 -0.3456
vn 0.9186 0.1854 -0.3491
vn 0.9188 0.1851 -0.3486
vn 0.9187 0.1847 -0.3492
vn 0.9179 0.1836 -0.3517
vn 0.9227 0.1930 -0.3337
vn -0.8901 -0.2594 0.3747
vn -0.8806 -0.2437 0.4064
vn -0.0266 -0.8681 0.4956
vn -0.0179 -0.8691 0.4943
vn -0.0182 -0.8692 0.4941
vn -0.0197 -0.8702 0.4924
vn -0.0130 -0.8744 0.4850
vn -0.0241 -0.8707 0.4912
vn -0.4121 0.0364 0.9104
vn -0.3891 0.0387 0.9204
vn 0.4088 -0.1218 -0.9044
vn 0.7381 -0.6375 0.2209
vn 0.6456 -0.7578 0.0945
vn -0.6215 -0.7803 0.0707
vn -0.5938 -0.8046 0.0045
vn 0.0115 -0.9101 -0.4143
vn 0.8042 -0.3958 0.4435
vn 0.8035 -0.4021 0.4390
vn 0.8055 -0.3979 0.4392
vn -0.6013 -0.6460 -0.4702
vn 0.7495 -0.6151 0.2445
vn 0.6912 -0.6709 0.2687
vn 0.7560 -0.6083 0.2416
vn 0.6912 -0.4002 0.6017
vn 0.5363 -0.3705 0.7584
vn 0.5311 -0.3731 0.7607
vn 0.7549 0.3347 -0.5639
vn 0.7653 0.2912 -0.5741
vn 0.7648 0.2874 -0.5766
vn -0.7056 0.1586 -0.6906
vn -0.7153 0.1722 -0.6773
vn -0.7170 0.1685 -0.6764
vn 0.2961 -0.9195 0.2587
vn 0.3402 -0.8474 0.4076
vn 0.3362 -0.8481 0.4095
vn -0.1204 0.8386 0.5313
vn -0.0879 0.8435 0.5298
vn -0.0879 0.8426 0.5314
vn -0.6532 -0.1157 0.7483
vn -0.6671 -0.0937 0.7390
vn -0.6806 -0.1412 0.7189
vn -0.7303 0.6008 0.3251
vn -0.7300 0.6010 0.3253
vn -0.7301 0.6010 0.3252
vn -0.6854 -0.5980 -0.4155
vn 0.1724 -0.6173 0.7676
vn -0.0131 -0.6061 0.7953
vn -0.0155 -0.6137 0.7894
vn -0.4036 -0.0806 0.9114
vn 0.8666 0.3728 -0.3317
vn 0.8564 0.3366 -0.3914
vn 0.8632 0.3860 -0.3255
vn -0.9463 -0.0111 0.3231
vn 0.6566 0.1069 -0.7466
vn 0.6717 0.0808 -0.7364
vn 0.6610 0.0747 -0.7467
vn 0.9177 0.1826 -0.3527
vn -0.4095 -0.1064 -0.9061
vn 0.7027 -0.6598 -0.2662
vn -0.8049 -0.3205 0.4993
vn 0.5714 -0.7109 -0.4100
vn 0.8780 -0.2938 0.3780
vn -0.7759 -0.6271 -0.0689
vn -0.7637 -0.6393 -0.0899
vn -0.7628 -0.6453 -0.0417
vn 0.1512 -0.9701 0.1901
vn 0.2977 -0.9196 0.2565
vn -0.8595 -0.4958 0.1244
vn 0.1730 -0.6136 0.7704
vn 0.5957 -0.3233 0.7352
vn 0.4208 0.8218 0.3842
vn 0.4177 0.8184 0.3946
vn 0.4235 0.8165 0.3924
vn 0.7594 0.6506 -0.0116
vn 0.6987 0.7153 -0.0086
vn 0.7615 0.6468 0.0424
vn 0.5666 -0.7368 -0.3690
vn -0.0558 -0.0503 -0.9972
vn 0.2839 -0.0823 0.9553
vn 0.2544 -0.1110 0.9607
vn 0.2886 -0.0807 0.9540
vn -0.8547 -0.3865 0.3465
vn -0.8608 -0.3939 0.3223
vn -0.8564 -0.3832 0.3461
vn -0.8821 0.4220 -0.2094
vn -0.7815 0.5341 -0.3226
vn -0.8863 0.3934 -0.2445
vn 0.7627 -0.4601 -0.4546
vn -0.3296 -0.9057 -0.2666
vn -0.3081 -0.9343 -0.1790
vn -0.3306 -0.9041 -0.2707
vn -0.7937 -0.6010 0.0939
vn 0.7365 -0.6509 0.1840
vn 0.7054 -0.6084 0.3637
vn 0.7010 -0.6122 0.3658
vn -0.0282 0.2066 0.9780
vn 0.4950 0.8452 -0.2016
vn 0.5025 0.6050 -0.6176
vn 0.4950 0.8452 -0.2015
vn 0.4167 0.9034 -0.1007
vn -0.0251 0.9977 0.0626
vn 0.1147 0.9920 0.0527
vn -0.3520 0.9349 -0.0463
vn -0.5310 0.7996 -0.2806
vn -0.2085 0.9776 0.0278
vn -0.5536 0.7168 -0.4239
vn -0.5536 0.7168 -0.4240
vn 0.1317 0.4523 -0.8821
vn -0.3383 0.5021 -0.7959
vn -0.2585 -0.9214 -0.2901
vn -0.2274 -0.9506 -0.2113
vn -0.2245 -0.9528 -0.2041
vn -0.7141 -0.5285 0.4591
vn -0.6527 -0.4804 0.5858
vn -0.7190 -0.6852 0.1164
vn -0.5916 -0.8059 0.0244
vn -0.5906 -0.8064 0.0282
vn -0.6446 0.3659 0.6712
vn 0.3703 -0.1237 0.9206
vn 0.3703 -0.1237 0.9207
vn -0.9328 -0.1962 -0.3023
vn -0.2364 -0.9508 -0.2004
vn 0.3280 -0.9067 -0.2651
vn 0.2920 -0.9377 -0.1883
vn 0.3306 -0.9041 -0.2707
vn -0.0010 -0.1873 0.9823
vn -0.2132 -0.2703 0.9389
vn -0.2097 -0.2747 0.9384
vn -0.6399 -0.3541 0.6820
vn 0.7007 -0.5865 0.4063
vn 0.7026 -0.5387 0.4650
vn -0.5930 -0.8052 0.0025
vn -0.6266 -0.7756 0.0767
vn -0.7188 -0.6851 0.1177
vn -0.7138 -0.6015 0.3587
vn -0.7223 -0.6821 0.1138
vn -0.4656 -0.8624 -0.1985
vn -0.7186 -0.6905 -0.0826
vn -0.6976 -0.7164 0.0066
vn -0.7035 -0.7105 0.0118
vn -0.7625 -0.6467 0.0160
vn -0.7739 -0.2850 0.5655
vn -0.7687 -0.3192 0.5542
vn -0.7575 -0.3359 0.5599
vn -0.7155 -0.3755 0.5891
vn -0.7094 -0.3763 0.5959
vn -0.7505 -0.3031 0.5873
vn -0.7095 -0.3763 0.5959
vn -0.7227 -0.2992 0.6230
vn -0.7667 -0.2752 0.5800
vn -0.7082 -0.3733 0.5993
vn -0.2040 -0.8454 -0.4937
vn -0.1738 -0.9171 -0.3588
vn -0.2433 -0.8616 -0.4454
vn -0.1815 -0.8487 -0.4967
vn 0.8807 -0.3736 0.2913
vn 0.7925 -0.5177 0.3225
vn 0.8872 -0.3917 0.2436
vn 0.7853 -0.5322 0.3164
vn 0.8823 -0.4237 0.2049
vn 0.9002 -0.3740 0.2229
vn -0.2069 -0.0336 0.9778
vn -0.2204 -0.0471 0.9743
vn -0.2225 -0.0447 0.9739
vn -0.1939 -0.1453 0.9702
vn -0.1743 -0.0448 0.9837
vn -0.2004 -0.0320 0.9792
vn -0.1968 -0.0394 0.9797
vn -0.1815 -0.1470 0.9723
vn 0.7204 0.6889 0.0805
vn 0.7639 0.6391 0.0896
vn 0.7758 0.6272 0.0693
vn 0.8176 0.5755 -0.0148
vn 0.7095 0.3763 -0.5959
vn 0.7649 0.3166 -0.5609
vn -0.2858 0.0741 -0.9554
vn -0.2573 0.1076 -0.9603
vn -0.2626 0.0884 -0.9608
vn 0.7250 0.3016 -0.6191
vn 0.7523 0.3049 -0.5841
vn 0.1606 0.8501 0.5015
vn 0.1806 0.8506 0.4938
vn 0.1906 0.8416 0.5053
vn 0.2343 0.8647 0.4442
vn 0.1992 0.8471 0.4927
vn 0.1619 0.9225 0.3503
vn -0.8794 0.3792 -0.2878
vn -0.6591 -0.7286 -0.1862
vn -0.9004 0.3735 -0.2233
vn 0.1859 0.1607 -0.9693
vn 0.2157 0.0479 -0.9753
vn 0.2197 0.0456 -0.9745
vn 0.2065 0.0334 -0.9779
vn 0.2009 0.0320 -0.9791
vn 0.1793 0.0478 -0.9826
vn 0.1996 0.0412 -0.9790
vn -0.0751 -0.1858 0.9797
vn -0.0618 -0.2778 0.9587
vn -0.0757 -0.1818 0.9804
vn 0.1741 0.8439 0.5075
vn -0.3516 -0.1065 0.9301
vn -0.3685 -0.1116 0.9229
vn -0.3418 -0.1255 0.9314
vn 0.8999 -0.3659 0.2374
vn -0.3386 0.0362 -0.9402
vn -0.3382 0.0111 -0.9410
vn -0.3504 0.0136 -0.9365
vn -0.1801 -0.8507 -0.4938
vn -0.1525 -0.8496 -0.5049
vn -0.8125 0.3874 -0.4356
vn -0.8151 0.3800 -0.4372
vn -0.8165 0.3820 -0.4329
vn 0.3128 0.1311 -0.9407
vn 0.3391 0.1881 -0.9217
vn 0.3440 0.1090 -0.9326
vn 0.6533 -0.7362 -0.1766
vn 0.6677 0.7167 0.2011
vn 0.3549 -0.7985 -0.4862
vn 0.0944 -0.7507 -0.6539
vn 0.3683 -0.7989 -0.4755
vn 0.0271 0.8833 0.4680
vn -0.0000 0.9310 0.3650
vn 0.8019 -0.3325 0.4964
vn 0.8024 -0.3233 0.5017
vn 0.7934 -0.3227 0.5162
vn -0.2601 -0.3064 0.9157
vn 0.5291 -0.8350 -0.1514
vn 0.6207 -0.7828 0.0446
vn 0.6199 -0.7831 0.0507
vn 0.5624 -0.8187 -0.1160
vn 0.5095 -0.8591 -0.0485
vn 0.5648 -0.8166 -0.1191
vn 0.5375 -0.1975 0.8198
vn -0.6199 -0.7833 -0.0459
vn -0.5822 -0.8127 0.0222
vn -0.6243 -0.7793 -0.0544
vn 0.4143 -0.8275 -0.3788
vn 0.6696 -0.6060 -0.4294
vn -0.5336 0.6474 -0.5442
vn -0.2173 0.4666 -0.8574
vn 0.2626 0.4775 -0.8385
vn 0.5448 0.6719 -0.5017
vn -0.4481 0.8838 -0.1348
vn -0.2402 0.4718 -0.8484
vn 0.2402 0.4718 -0.8484
vn 0.2710 0.9626 0.0017
vn 0.5464 0.7657 -0.3392
vn 0.4104 0.5354 -0.7382
vn 0.5464 0.7658 -0.3392
vn -0.7264 -0.4576 0.5128
vn -0.6644 -0.5178 0.5389
vn -0.7308 -0.4530 0.5107
vn 0.7006 -0.5738 0.4241
vn 0.6900 -0.4815 0.5404
vn 0.6965 -0.5777 0.4256
vn -0.6175 -0.7851 -0.0484
vn -0.4655 -0.8788 -0.1048
vn -0.4626 -0.8810 -0.0997
vn 0.9086 0.1921 0.3710
vn 0.9086 0.1921 0.3709
vn -0.4316 0.4344 0.7906
vn -0.7292 -0.4549 0.5112
vn -0.6657 -0.5286 0.5268
vn -0.6637 -0.5307 0.5272
vn 0.8161 -0.5464 0.1885
vn -0.2467 0.0832 0.9655
vn -0.2593 -0.6235 -0.7376
vn 0.3944 -0.8886 -0.2342
vn 0.3536 -0.9216 -0.1600
vn 0.3971 -0.8860 -0.2393
vn -0.2860 -0.2152 0.9338
vn -0.2737 -0.3008 0.9136
vn -0.2724 -0.3089 0.9113
vn 0.7520 -0.4995 0.4300
vn 0.7520 -0.4996 0.4300
vn -0.5857 -0.8103 0.0186
vn -0.5513 -0.8331 -0.0449
vn -0.5857 -0.8103 0.0187
vn -0.5503 -0.8337 -0.0467
vn 0.3708 -0.2337 0.8988
vn 0.1824 -0.2748 0.9441
vn 0.1836 -0.2784 0.9427
vn -0.5957 -0.3233 0.7352
vn -0.5957 -0.3234 0.7352
vn -0.2792 -0.2828 0.9176
vn -0.4619 -0.2789 0.8420
vn -0.2753 -0.2868 0.9176
vn 0.5618 -0.8196 -0.1127
vn 0.6413 -0.7613 0.0956
vn -0.3778 -0.1499 0.9137
vn -0.3414 -0.1886 0.9208
vn -0.3340 -0.1837 0.9245
vn -0.3137 -0.1413 0.9389
vn 0.3335 -0.1341 0.9332
vn 0.3321 -0.1463 0.9318
vn 0.3338 -0.1817 0.9250
vn 0.3391 -0.1881 0.9217
vn 0.3774 -0.1578 0.9125
vn 0.3434 -0.1881 0.9202
vn -0.8180 -0.3826 0.4296
vn -0.8160 -0.3907 0.4261
vn -0.8182 -0.3928 0.4199
vn -0.8105 -0.3753 0.4496
vn -0.7663 -0.4399 0.4683
vn -0.7918 -0.3815 0.4770
vn -0.8160 -0.3760 0.4391
vn 0.0291 -0.8902 -0.4547
vn 0.0077 -0.9244 -0.3813
vn 0.0009 -0.8885 -0.4590
vn -0.0043 -0.9289 -0.3704
vn -0.0269 -0.8909 -0.4534
vn -0.0052 -0.8814 -0.4723
vn 0.7984 -0.3960 0.4536
vn 0.7992 -0.3945 0.4535
vn 0.7703 -0.4386 0.4629
vn 0.8039 -0.4120 0.4289
vn 0.7711 -0.4468 0.4536
vn 0.3858 0.1374 -0.9123
vn 0.3761 0.0889 -0.9223
vn 0.3553 0.0827 -0.9311
vn -0.3391 0.1881 -0.9217
vn -0.3397 0.1203 -0.9328
vn -0.3347 0.1349 -0.9326
vn -0.3622 0.1076 -0.9259
vn -0.3842 0.1468 -0.9115
vn -0.3593 0.1243 -0.9249
vn 0.8268 0.3760 -0.4184
vn 0.8223 0.3715 -0.4312
vn 0.8293 0.3660 -0.4222
vn 0.8272 0.3585 -0.4328
vn 0.7976 0.3738 -0.4734
vn 0.8206 0.3617 -0.4424
vn 0.7620 0.4533 -0.4625
vn -0.0285 0.8839 0.4669
vn 0.6763 -0.7138 -0.1821
vn 0.6946 -0.6995 -0.1683
vn 0.7008 -0.6968 -0.1531
vn -0.7620 0.4533 -0.4625
vn -0.8080 0.3841 -0.4469
vn -0.8086 0.3809 -0.4485
vn -0.8119 0.3997 -0.4254
vn -0.2855 -0.2122 0.9346
vn -0.2543 -0.3001 0.9194
vn -0.2869 -0.2080 0.9351
vn 0.0267 -0.8877 -0.4597
vn 0.0494 -0.8875 -0.4581
vn 0.0201 -0.8995 -0.4364
vn -0.9000 0.3660 -0.2368
vn -0.1809 -0.5977 0.7810
vn 0.0079 -0.6095 0.7927
vn -0.1828 -0.5961 0.7818
vn -0.3213 0.8517 0.4140
vn -0.3358 0.8668 0.3686
vn -0.3389 0.8568 0.3885
vn 0.8277 0.3918 -0.4018
vn 0.8327 0.3883 -0.3948
vn 0.8320 0.3850 -0.3993
vn 0.0137 0.9079 0.4191
vn -0.0355 0.9306 0.3643
vn -0.0193 0.8937 0.4482
vn -0.8381 0.3117 -0.4476
vn 0.3281 -0.8508 -0.4106
vn 0.3041 -0.8692 -0.3899
vn 0.3103 -0.8537 -0.4183
vn 0.0053 -0.8814 -0.4723
vn -0.3689 0.0500 -0.9281
vn -0.3068 0.1808 -0.9344
vn -0.8043 0.3260 -0.4967
vn -0.8067 0.3164 -0.4991
vn -0.8089 0.3187 -0.4941
vn 0.4357 0.4337 0.7887
vn -0.7280 -0.4478 0.5192
vn -0.7107 -0.6063 0.3568
vn -0.2602 -0.9203 -0.2922
vn -0.2445 -0.9482 -0.2028
vn -0.2608 -0.9188 -0.2962
vn 0.5955 -0.2257 0.7710
vn 0.7497 -0.6137 0.2477
vn 0.7739 -0.2812 0.5675
vn -0.4536 0.5625 -0.6912
vn -0.0347 0.4449 -0.8949
vn -0.0000 0.9980 0.0631
vn -0.4328 0.8938 -0.1174
vn -0.4328 0.8938 -0.1175
vn 0.4328 0.8938 -0.1174
vn 0.5397 0.6596 -0.5231
vn -0.5397 0.6596 -0.5231
vn 0.3716 -0.2348 0.8982
vn 0.3730 -0.2287 0.8992
vn 0.4097 -0.8983 -0.1586
vn 0.3314 -0.9255 -0.1833
vn 0.7360 -0.6525 0.1806
vn 0.6778 -0.7050 0.2089
vn 0.7428 -0.6456 0.1770
vn 0.0003 -0.1842 0.9829
vn 0.0074 -0.2762 0.9611
vn -0.0000 -0.1799 0.9837
vn -0.3006 -0.4933 -0.8163
vn 0.3300 -0.9050 -0.2684
vn 0.3046 -0.9357 -0.1783
vn 0.3038 -0.9364 -0.1756
vn -0.7680 -0.6399 0.0265
vn -0.2997 -0.9374 -0.1773
vn -0.7390 -0.6490 0.1807
vn -0.7094 -0.5658 0.4202
vn -0.7428 -0.6456 0.1770
vn 0.6391 -0.6808 -0.3578
vn -0.0761 -0.1889 0.9790
vn -0.0478 -0.9411 -0.3347
vn 0.1734 -0.2751 0.9457
vn 0.1033 -0.2516 0.9623
vn 0.1012 -0.2509 0.9627
vn -0.7392 -0.6491 0.1793
vn -0.6252 -0.7763 0.0804
vn -0.4010 -0.2574 0.8792
vn 0.0743 -0.9057 -0.4174
vn 0.0379 -0.9305 -0.3642
vn 0.0292 -0.9296 -0.3673
vn -0.0119 -0.9112 -0.4119
vn -0.6215 -0.7566 -0.2033
vn -0.6009 -0.7745 -0.1976
vn -0.5953 -0.7818 -0.1852
vn -0.5859 -0.7978 -0.1419
vn -0.5883 -0.7975 -0.1337
vn -0.6215 -0.7635 -0.1755
vn -0.6353 -0.7586 -0.1447
vn -0.6327 -0.7498 -0.1938
vn -0.5916 -0.7954 -0.1317
vn 0.6939 -0.7023 -0.1587
vn 0.6320 -0.7685 -0.1001
vn 0.6435 -0.7435 -0.1819
vn 0.6867 -0.7045 -0.1791
vn 0.3017 -0.0485 0.9522
vn 0.3041 -0.1631 0.9386
vn 0.3361 -0.0491 0.9406
vn 0.3120 -0.1762 0.9336
vn 0.3667 -0.0634 0.9282
vn 0.3469 -0.0308 0.9374
vn -0.8239 -0.4012 0.4003
vn -0.8213 -0.4134 0.3932
vn -0.8226 -0.4123 0.3916
vn -0.7793 -0.4621 0.4233
vn -0.8134 -0.3978 0.4244
vn -0.8232 -0.3979 0.4050
vn -0.8197 -0.4015 0.4085
vn -0.7754 -0.4587 0.4340
vn -0.0782 0.9006 0.4276
vn -0.0515 0.8784 0.4751
vn -0.0255 0.8786 0.4769
vn 0.5883 0.7975 0.1337
vn 0.6084 0.7669 0.2043
vn 0.5997 0.7769 0.1919
vn -0.3583 0.1095 -0.9272
vn 0.6321 0.7476 0.2038
vn 0.6413 0.7524 0.1504
vn 0.6250 0.7576 0.1881
vn -0.6941 0.6973 0.1791
vn -0.6482 0.7383 0.1862
vn -0.6853 0.7029 0.1906
vn -0.6326 0.7698 0.0857
vn -0.3052 0.0382 -0.9515
vn 0.3349 -0.0284 0.9418
vn 0.7691 0.4707 -0.4324
vn 0.8281 0.4019 -0.3908
vn 0.8300 0.4015 -0.3871
vn 0.8203 0.3894 -0.4188
vn 0.7691 0.4706 -0.4324
vn -0.9689 -0.0588 0.2406
vn -0.3277 -0.9070 -0.2646
vn -0.2913 -0.9377 -0.1895
vn -0.2877 -0.9402 -0.1822
vn 0.3614 -0.8963 -0.2571
vn 0.8196 -0.5719 0.0335
vn 0.8273 -0.5589 0.0569
vn 0.8003 -0.5977 0.0469
vn 0.6322 0.7147 0.2990
vn -0.7309 0.6628 0.1628
vn -0.4175 -0.7349 0.5344
vn -0.4183 -0.7345 0.5343
vn -0.4844 -0.2668 0.8332
vn -0.7039 0.6901 0.1682
vn -0.6925 0.6995 0.1765
vn -0.7711 0.6360 -0.0291
vn -0.7496 0.6509 -0.1202
vn -0.8052 0.5915 -0.0415
vn -0.5670 0.7360 0.3700
vn -0.5360 0.0688 -0.8414
vn 0.6283 0.7507 0.2042
vn 0.6969 -0.1661 0.6977
vn 0.7099 -0.1834 0.6800
vn 0.7036 -0.1754 0.6886
vn 0.6235 0.0984 -0.7756
vn 0.5793 0.2779 -0.7663
vn 0.6796 -0.3922 0.6199
vn 0.6173 -0.4673 0.6329
vn 0.6153 -0.4695 0.6332
vn 0.6876 -0.7242 0.0524
vn 0.6377 -0.7616 0.1152
vn 0.6326 -0.7649 0.1213
vn 0.1809 -0.9328 -0.3118
vn 0.3285 -0.9271 -0.1808
vn -0.7568 -0.5725 0.3155
vn -0.6745 -0.7212 0.1577
vn -0.6719 -0.7226 0.1626
vn -0.7064 -0.1878 0.6824
vn -0.8801 -0.2033 0.4291
vn -0.8878 -0.2036 0.4128
vn 0.1543 -0.1986 0.9679
vn -0.0221 -0.2610 0.9651
vn -0.0220 -0.2672 0.9634
vn 0.2885 0.4850 -0.8256
vn 0.5493 0.6867 -0.4761
vn 0.4103 0.5354 -0.7382
vn -0.5248 0.6331 -0.5690
vn -0.1895 0.4611 -0.8669
vn 0.7092 -0.5163 0.4801
vn 0.1583 -0.1986 0.9672
vn 0.1613 -0.2787 0.9467
vn 0.1578 -0.1882 0.9694
vn 0.3386 -0.8463 -0.4113
vn 0.6776 -0.3960 0.6197
vn 0.6275 -0.4707 0.6202
vn 0.6812 -0.3902 0.6195
vn 0.8890 -0.1001 0.4468
vn 0.9332 -0.1957 -0.3015
vn 0.6888 -0.7233 0.0495
vn 0.6270 -0.7724 0.1013
vn 0.6916 -0.7207 0.0469
vn 0.8929 -0.2412 -0.3802
vn 0.7014 -0.0644 0.7099
vn 0.6269 -0.7712 0.1106
vn 0.1796 -0.9332 -0.3113
vn -0.0699 -0.9616 -0.2655
vn 0.1813 -0.9309 -0.3171
vn -0.7019 -0.4122 0.5808
vn -0.7066 -0.5709 0.4181
vn -0.3592 -0.9109 -0.2033
vn 0.1205 -0.9434 -0.3090
vn -0.0702 -0.9629 -0.2604
vn -0.7590 -0.5696 0.3154
vn -0.6943 -0.6249 0.3569
vn -0.7619 -0.5669 0.3134
vn -0.7655 -0.6414 0.0510
vn 0.8073 -0.5784 0.1173
vn 0.7503 -0.6497 0.1223
vn 0.7496 -0.6522 0.1130
vn 0.7678 -0.6399 0.0322
vn 0.3415 -0.8601 -0.3789
vn 0.3359 -0.8696 -0.3619
vn 0.3023 -0.8989 -0.3172
vn 0.2943 -0.9023 -0.3151
vn 0.2625 -0.8839 -0.3869
vn 0.2904 -0.9027 -0.3176
vn 0.7251 -0.1877 0.6626
vn 0.6520 -0.3110 0.6915
vn 0.7301 -0.2431 0.6386
vn 0.7120 -0.1805 0.6785
vn -0.5926 -0.2650 0.7606
vn -0.5791 -0.2711 0.7689
vn -0.6185 -0.1074 0.7784
vn -0.6564 -0.0876 0.7493
vn -0.4142 -0.8252 -0.3840
vn -0.3984 -0.8345 -0.3807
vn -0.3976 -0.8335 -0.3836
vn -0.3825 -0.8758 -0.2945
vn -0.4368 -0.8249 -0.3588
vn -0.4204 -0.8232 -0.3817
vn -0.4205 -0.8265 -0.3744
vn -0.3921 -0.8741 -0.2867
vn -0.8127 0.5715 -0.1137
vn -0.8349 0.5482 -0.0494
vn -0.8266 0.5623 -0.0243
vn -0.2943 0.9023 0.3151
vn -0.3177 0.8511 0.4180
vn -0.2637 0.8805 0.3940
vn -0.3105 0.8633 0.3978
vn -0.7304 0.2366 -0.6407
vn -0.7274 0.1757 -0.6634
vn -0.6404 0.3162 -0.6999
vn 0.6816 0.1331 -0.7195
vn 0.3826 0.8810 0.2783
vn 0.4039 0.8285 0.3879
vn 0.4011 0.8280 0.3919
vn 0.4365 0.8213 0.3675
vn -0.7344 -0.6624 0.1479
vn -0.4371 -0.1042 0.8934
vn -0.4422 -0.1058 0.8907
vn -0.4342 -0.1099 0.8941
vn 0.1243 -0.8427 -0.5238
vn 0.0880 -0.8480 -0.5226
vn 0.0967 -0.8470 -0.5227
vn -0.4650 0.8714 -0.1561
vn -0.3843 -0.8411 0.3807
vn -0.3824 -0.8416 0.3814
vn -0.0540 0.8377 0.5435
vn -0.9994 -0.0301 -0.0140
vn -0.5642 -0.2098 0.7986
vn -0.5642 -0.2098 0.7985
vn -0.2983 -0.9127 -0.2792
vn -0.2790 -0.9412 -0.1905
vn -0.2991 -0.9113 -0.2831
vn 0.2318 -0.8865 -0.4006
vn -0.6124 -0.3465 0.7106
vn -0.6487 -0.4847 0.5867
vn -0.9102 -0.3290 0.2516
vn 0.7370 0.5828 0.3422
vn 0.3964 0.9144 -0.0817
vn -0.0550 0.9966 0.0607
vn 0.5695 -0.3159 0.7589
vn 0.5165 -0.3878 0.7634
vn 0.5115 -0.3942 0.7636
vn 0.7025 -0.5373 0.4667
vn 0.7024 -0.5902 0.3979
vn 0.7465 -0.6316 0.2093
vn 0.7001 -0.5934 0.3972
vn -0.7126 -0.6405 -0.2863
vn -0.0055 -0.0318 0.9995
vn 0.7869 -0.4599 0.4114
vn -0.0337 -0.1865 0.9819
vn -0.0210 -0.2741 0.9615
vn -0.0346 -0.1803 0.9830
vn 0.8385 0.1104 0.5336
vn -0.2964 -0.9140 -0.2769
vn -0.0726 -0.9641 -0.2555
vn 0.2037 -0.9635 0.1739
vn 0.2137 -0.9523 0.2178
vn -0.6263 -0.7792 -0.0247
vn 0.7458 -0.6326 0.2087
vn 0.7498 -0.6287 0.2063
vn 0.5456 -0.2949 0.7844
vn -0.2857 -0.9139 -0.2882
vn -0.0656 -0.9631 -0.2612
vn -0.6105 -0.3447 0.7130
vn -0.5561 -0.4079 0.7241
vn -0.6167 -0.3371 0.7114
vn -0.4464 -0.1183 0.8870
vn -0.4346 -0.1304 0.8911
vn -0.4272 -0.1245 0.8955
vn -0.4223 -0.1118 0.8995
vn 0.2564 -0.0930 0.9621
vn 0.2620 -0.1672 0.9505
vn 0.2675 -0.1730 0.9479
vn 0.2899 -0.1006 0.9518
vn 0.3217 -0.1239 0.9387
vn 0.2717 -0.1728 0.9467
vn -0.8545 -0.3715 0.3631
vn -0.7807 -0.4791 0.4013
vn -0.8276 -0.3821 0.4111
vn -0.0346 -0.1827 0.9826
vn -0.0357 -0.2788 0.9597
vn -0.0357 -0.2814 0.9589
vn 0.0539 -0.8425 -0.5360
vn 0.0870 -0.8472 -0.5241
vn 0.7926 -0.3254 0.5156
vn 0.7481 -0.4015 0.5283
vn 0.8042 -0.3476 0.4822
vn 0.8047 -0.3258 0.4963
vn 0.7500 -0.4093 0.5196
vn 0.4407 0.1016 -0.8919
vn 0.4296 0.0971 -0.8978
vn 0.4410 0.1002 -0.8919
vn -0.2675 0.1730 -0.9479
vn -0.2900 0.0722 -0.9543
vn -0.3217 0.1188 -0.9394
vn -0.2883 0.0939 -0.9529
vn 0.8588 0.3798 -0.3438
vn 0.8648 0.3642 -0.3456
vn 0.8546 0.3525 -0.3813
vn -0.7410 0.4159 -0.5273
vn -0.7969 0.3219 -0.5111
vn -0.7971 0.3180 -0.5133
vn -0.8058 0.3418 -0.4836
vn -0.1689 -0.2418 0.9555
vn -0.0374 0.8429 0.5368
vn 0.0361 -0.8472 -0.5301
vn 0.0822 -0.8481 -0.5234
vn 0.4192 0.0953 -0.9029
vn 0.4484 0.1122 -0.8868
vn 0.4323 0.1297 -0.8923
vn 0.0388 -0.9158 -0.3998
vn 0.3370 0.1095 0.9351
vn -0.1650 -0.9712 0.1720
vn 0.3325 -0.8562 0.3955
vn -0.4564 0.0376 0.8890
vn 0.5249 -0.4018 0.7503
vn -0.8861 -0.2500 0.3904
vn 0.6830 -0.6780 0.2718
vn -0.4047 -0.1081 -0.9080
vn 0.8718 -0.2852 0.3984
vn 0.1504 -0.9699 0.1917
vn -0.8576 -0.3903 0.3351
vn -0.3069 -0.9357 -0.1743
vn 0.7428 -0.6457 0.1770
vn 0.2889 -0.9400 -0.1818
vn -0.0612 -0.2823 0.9574
vn -0.1672 -0.8504 -0.4989
vn 0.0781 -0.7453 -0.6621
vn 0.5066 -0.8610 -0.0450
vn -0.5765 -0.8165 0.0320
vn -0.6589 -0.5227 0.5409
vn 0.3502 -0.9239 -0.1540
vn -0.2869 -0.2079 0.9351
vn -0.2526 -0.3049 0.9183
vn 0.0084 -0.6137 0.7895
vn -0.2436 -0.9494 -0.1981
vn 0.7560 -0.6084 0.2416
vn 0.6691 -0.7121 0.2128
vn 0.0078 -0.2810 0.9597
vn -0.7428 -0.6457 0.1770
vn -0.6954 -0.1865 0.6940
vn 0.1578 -0.1881 0.9694
vn 0.1616 -0.2904 0.9432
vn 0.6229 -0.4770 0.6200
vn 0.6234 -0.7749 0.1041
vn -0.6907 -0.6277 0.3591
vn -0.2780 -0.9424 -0.1860
vn -0.0199 -0.2811 0.9595
vn -0.5485 -0.4162 0.7252
vn -0.9913 0.0145 -0.1305
vn 0.0198 0.8857 -0.4638
vn 0.0234 0.8844 -0.4662
vn 0.0237 0.8862 -0.4627
vn -0.3089 -0.4495 -0.8382
vn 0.8331 -0.2236 -0.5060
vn 0.8334 -0.2237 -0.5054
vn 0.8345 -0.2196 -0.5053
vn -0.8505 0.3033 0.4298
vn -0.8503 0.3042 0.4295
vn -0.8506 0.3047 0.4286
vn -0.7276 -0.2576 -0.6358
vn -0.7272 -0.2578 -0.6362
vn -0.8087 -0.2690 -0.5231
vn 0.3089 0.4955 0.8118
vn -0.3089 0.4955 0.8118
vn 0.9997 0.0228 -0.0132
vn 0.9996 0.0230 -0.0133
vn 0.8088 0.3150 0.4966
vn -0.8088 0.3150 0.4966
vn -0.8089 0.2813 0.5162
vn -0.9996 0.0229 -0.0133
vn -0.9996 0.0230 -0.0133
vn -0.9996 0.0257 -0.0148
vn 0.3089 -0.4495 -0.8382
vn -0.9927 0.0941 -0.0756
vn -0.9995 0.0283 -0.0163
vn -0.3403 0.4672 0.8160
vn 0.8090 0.2841 0.5146
vn 0.3071 -0.3769 -0.8738
vn -0.3087 0.4376 0.8445
vn -0.2754 -0.4831 -0.8312
vn -0.2738 -0.4833 -0.8315
vn -0.2764 -0.4829 -0.8309
vn 0.3354 -0.4881 -0.8058
vn 0.3326 -0.4885 -0.8067
vn 0.3308 -0.4886 -0.8073
vn -0.3071 -0.3775 -0.8736
vn 0.8265 -0.2936 -0.4802
vn 0.8249 -0.2947 -0.4824
vn 0.8238 -0.2954 -0.4838
vn -0.7853 -0.2825 -0.5509
vn -0.7847 -0.2829 -0.5516
vn -0.7859 -0.2822 -0.5503
vn 0.9993 0.0313 -0.0180
vn 0.9996 0.0231 -0.0133
vn -0.3761 0.4817 0.7915
vn 0.7516 0.3396 0.5655
vn 0.7520 0.3394 0.5651
vn 0.2721 0.4458 0.8528
vn 0.9973 0.0607 0.0416
vn -0.0000 -0.8660 0.5000
vn 0.9989 0.0327 0.0323
vn 0.9991 0.0314 0.0295
vn 0.9990 0.0318 0.0306
vn 0.3549 -0.3523 -0.8660
vn 0.3573 -0.3519 -0.8652
vn 0.3533 -0.3525 -0.8666
vn 0.3087 0.4382 0.8442
vn 0.2236 0.4938 0.8403
vn 0.2240 0.4937 0.8403
vn 0.3663 -0.3921 -0.8439
vn 0.3646 -0.3924 -0.8444
vn 0.3651 -0.3923 -0.8443
vn 0.2736 0.5477 0.7907
vn 0.2749 0.5475 0.7904
vn 0.2757 0.5474 0.7902
vn 0.7125 -0.2619 -0.6510
vn -0.8216 0.3319 0.4635
vn -0.7834 -0.1583 -0.6010
vn -0.2670 -0.3295 -0.9056
vn -0.3206 0.5542 0.7681
vn -0.3239 0.5539 0.7670
vn -0.3185 0.5545 0.7688
vn -0.8064 -0.2240 -0.5472
vn -0.2114 -0.4038 -0.8901
vn -0.2100 -0.4039 -0.8904
vn 0.7157 -0.3230 -0.6193
vn 0.9991 0.0207 0.0372
vn 0.9989 0.0325 0.0333
vn -0.9974 0.0467 -0.0553
vn -0.9973 0.0454 -0.0575
vn -0.9974 0.0476 -0.0538
vn 0.8331 -0.2194 -0.5077
vn 0.8350 -0.2181 -0.5051
vn -0.8109 0.3693 0.4539
vn -0.8132 0.3678 0.4510
vn -0.8093 0.3704 0.4559
vn 0.7845 0.2750 0.5557
vn 0.7781 0.3546 0.5185
vn 0.7780 0.3547 0.5186
vn 0.0196 0.8870 -0.4613
vn 0.0186 0.8852 -0.4648
vn 0.0191 0.8842 -0.4668
vn 0.0186 0.8849 -0.4655
vn 0.0191 0.8841 -0.4669
vn 0.0199 0.8849 -0.4654
vn 0.0260 0.8849 -0.4651
vn -0.9914 0.0144 -0.1301
vn 0.8330 -0.2237 -0.5061
vn -0.8273 0.2715 0.4919
vn -0.9851 0.0449 -0.1661
vn -0.9989 0.0164 -0.0447
vn -0.3740 0.4615 0.8044
vn 0.7848 0.2958 0.5446
vn 0.3469 -0.3731 -0.8605
vn -0.3391 0.4346 0.8344
vn -0.2728 -0.4834 -0.8318
vn 0.3372 -0.4879 -0.8051
vn -0.2746 -0.3834 -0.8818
vn 0.8277 -0.2928 -0.4788
vn -0.7842 -0.2832 -0.5522
vn 0.9985 0.0485 0.0257
vn -0.3763 0.4817 0.7915
vn 0.2190 0.4565 0.8623
vn 0.3590 -0.3516 -0.8646
vn 0.2761 0.4440 0.8524
vn 0.2237 0.4938 0.8403
vn 0.3662 -0.3921 -0.8439
vn 0.2728 0.5478 0.7909
vn 0.8338 -0.2069 -0.5118
vn -0.8514 0.3110 0.4224
vn -0.7081 -0.2053 -0.6756
vn -0.2021 -0.3435 -0.9172
vn -0.3260 0.5537 0.7663
vn -0.7883 -0.2329 -0.5695
vn -0.2099 -0.4039 -0.8904
vn 0.7495 -0.3058 -0.5871
vn 0.9969 0.0376 0.0690
vn -0.9973 0.0445 -0.0591
vn -0.8148 0.3667 0.4490
vn 0.7417 0.3015 0.5991
vt 0.956497 0.448875
vt 0.959598 0.402314
vt 0.959598 0.448875
vt 0.906141 0.059388
vt 0.916250 0.042369
vt 0.972597 0.089800
vt 0.973454 0.089312
vt 0.951171 0.028372
vt 0.955262 0.019217
vt 0.498409 0.446578
vt 0.480071 0.493221
vt 0.494573 0.437310
vt 0.491731 0.436102
vt 0.985614 0.236465
vt 0.983558 0.188977
vt 0.985614 0.188977
vt 0.972991 0.089491
vt 0.943153 0.023730
vt 0.959598 0.171054
vt 0.956497 0.205640
vt 0.956497 0.171054
vt 0.780771 0.100300
vt 0.764315 0.017569
vt 0.786308 0.097301
vt 0.989840 0.075992
vt 0.988611 0.094825
vt 0.988611 0.075992
vt 0.956497 0.133620
vt 0.575514 0.757526
vt 0.548471 0.837656
vt 0.546274 0.836311
vt 0.956497 0.463030
vt 0.959598 0.477219
vt 0.956497 0.477219
vt 0.956497 0.605793
vt 0.959598 0.587864
vt 0.959598 0.605793
vt 0.956497 0.642129
vt 0.959598 0.617587
vt 0.959598 0.642129
vt 0.998214 0.288646
vt 0.997042 0.297402
vt 0.997042 0.288646
vt 0.546438 0.846124
vt 0.534735 0.929167
vt 0.543877 0.846408
vt 0.429347 0.766068
vt 0.350638 0.783587
vt 0.426872 0.761442
vt 0.480671 0.494134
vt 0.537046 0.510338
vt 0.480539 0.494394
vt 0.459699 0.839741
vt 0.524121 0.822196
vt 0.526393 0.855078
vt 0.489348 0.675591
vt 0.559255 0.684700
vt 0.489213 0.679749
vt 0.989840 0.001503
vt 0.988611 0.028831
vt 0.988611 0.001503
vt 0.480387 0.493355
vt 0.506563 0.442174
vt 0.512493 0.541828
vt 0.480313 0.494582
vt 0.972925 0.089521
vt 0.935300 0.026644
vt 0.807678 0.528202
vt 0.887144 0.509076
vt 0.809381 0.531226
vt 0.985614 0.161540
vt 0.530642 0.486604
vt 0.538918 0.491203
vt 0.480118 0.493240
vt 0.888040 0.363623
vt 0.848012 0.437650
vt 0.883314 0.362388
vt 0.973394 0.089334
vt 0.517167 0.534619
vt 0.512529 0.535871
vt 0.847644 0.806542
vt 0.909974 0.861786
vt 0.846205 0.809356
vt 0.534086 0.510994
vt 0.514051 0.445132
vt 0.911886 0.066865
vt 0.972378 0.090170
vt 0.376333 0.001502
vt 0.384830 0.001502
vt 0.390022 0.008060
vt 0.388293 0.016343
vt 0.380712 0.020103
vt 0.373003 0.016505
vt 0.371031 0.008194
vt 0.537671 0.480560
vt 0.480688 0.493843
vt 0.902547 0.069363
vt 0.958453 0.018023
vt 0.973518 0.089268
vt 0.972347 0.091016
vt 0.902540 0.112120
vt 0.899884 0.093906
vt 0.789303 0.023449
vt 0.792606 0.097294
vt 0.901739 0.090588
vt 0.537577 0.509495
vt 0.906467 0.119843
vt 0.972540 0.091404
vt 0.913738 0.134139
vt 0.910682 0.128131
vt 0.909361 0.119663
vt 0.526259 0.530736
vt 0.519749 0.535940
vt 0.505651 0.021372
vt 0.498231 0.017967
vt 0.496286 0.009979
vt 0.501373 0.003509
vt 0.509558 0.003499
vt 0.514633 0.009839
vt 0.513033 0.017922
vt 0.534706 0.514745
vt 0.899166 0.088987
vt 0.994044 0.089058
vt 0.992847 0.113564
vt 0.992847 0.089058
vt 0.938436 0.321533
vt 0.940599 0.310611
vt 0.940599 0.321533
vt 0.992847 0.072542
vt 0.487331 0.671953
vt 0.561130 0.641100
vt 0.983558 0.130931
vt 0.985614 0.130931
vt 0.985614 0.044306
vt 0.983558 0.056223
vt 0.983558 0.044306
vt 0.994044 0.524533
vt 0.992847 0.509676
vt 0.994044 0.509676
vt 0.862965 0.701891
vt 0.906100 0.653872
vt 0.907683 0.655027
vt 0.795383 0.331812
vt 0.877488 0.349957
vt 0.877471 0.354842
vt 0.956497 0.545318
vt 0.959598 0.577042
vt 0.956497 0.577042
vt 0.898669 0.023991
vt 0.892710 0.105263
vt 0.888732 0.105441
vt 0.890021 0.870329
vt 0.938436 0.555160
vt 0.940599 0.585833
vt 0.938436 0.585833
vt 0.956497 0.121498
vt 0.959598 0.133620
vt 0.807975 0.537817
vt 0.888639 0.553912
vt 0.868992 0.594197
vt 0.884347 0.118254
vt 0.842344 0.180846
vt 0.819415 0.172704
vt 0.940599 0.453242
vt 0.938436 0.429671
vt 0.940599 0.429671
vt 0.833967 0.418986
vt 0.879569 0.359253
vt 0.913093 0.122686
vt 0.972292 0.090587
vt 0.480586 0.493566
vt 0.530928 0.462288
vt 0.992847 0.184784
vt 0.994044 0.204759
vt 0.992847 0.204759
vt 0.938436 0.378927
vt 0.940599 0.371939
vt 0.940599 0.378927
vt 0.898975 0.087676
vt 0.456879 0.841931
vt 0.458162 0.841732
vt 0.465708 0.897293
vt 0.959598 0.545318
vt 0.840606 0.811926
vt 0.875584 0.888283
vt 0.833133 0.897059
vt 0.956497 0.688298
vt 0.959598 0.688298
vt 0.938436 0.717279
vt 0.940599 0.673351
vt 0.940599 0.717279
vt 0.871074 0.263622
vt 0.888689 0.342482
vt 0.883824 0.342925
vt 0.913864 0.722183
vt 0.906332 0.721310
vt 0.902307 0.709415
vt 0.457927 0.836544
vt 0.507992 0.793385
vt 0.458975 0.837312
vt 0.814175 0.409330
vt 0.549777 0.839877
vt 0.631943 0.829355
vt 0.549826 0.842453
vt 0.548597 0.844717
vt 0.609752 0.903699
vt 0.842041 0.636420
vt 0.847237 0.626208
vt 0.853287 0.623207
vt 0.989840 0.052745
vt 0.988611 0.052745
vt 0.938436 0.480165
vt 0.940599 0.480165
vt 0.940599 0.388193
vt 0.938436 0.604031
vt 0.940599 0.615387
vt 0.938436 0.615387
vt 0.994044 0.290622
vt 0.992847 0.259911
vt 0.994044 0.259911
vt 0.833071 0.209618
vt 0.839154 0.203092
vt 0.839154 0.209618
vt 0.814541 0.219186
vt 0.820807 0.232016
vt 0.814541 0.232016
vt 0.833071 0.222072
vt 0.839154 0.224650
vt 0.833071 0.224650
vt 0.830078 0.203282
vt 0.823805 0.215095
vt 0.823805 0.203282
vt 0.833071 0.229953
vt 0.839154 0.229953
vt 0.833071 0.190638
vt 0.839154 0.183498
vt 0.839154 0.190638
vt 0.833071 0.231133
vt 0.839154 0.231133
vt 0.985614 0.361735
vt 0.983558 0.345203
vt 0.985614 0.345203
vt 0.989840 0.414729
vt 0.988611 0.440866
vt 0.988611 0.414729
vt 0.985614 0.440235
vt 0.983558 0.418220
vt 0.985614 0.418220
vt 0.992847 0.457794
vt 0.994044 0.467072
vt 0.992847 0.467072
vt 0.994044 0.416265
vt 0.992847 0.439208
vt 0.992847 0.416265
vt 0.985614 0.328874
vt 0.983558 0.310226
vt 0.985614 0.310226
vt 0.940599 0.604031
vt 0.938436 0.147499
vt 0.940599 0.163492
vt 0.938436 0.163492
vt 0.983558 0.483042
vt 0.985614 0.483042
vt 0.989840 0.162481
vt 0.988611 0.173154
vt 0.988611 0.162481
vt 0.938436 0.310611
vt 0.940599 0.297954
vt 0.983558 0.380963
vt 0.983558 0.361735
vt 0.998214 0.374825
vt 0.997042 0.332524
vt 0.998214 0.332524
vt 0.487295 0.905673
vt 0.467863 0.908720
vt 0.461946 0.909590
vt 0.454549 0.910756
vt 0.459187 0.840934
vt 0.513374 0.885370
vt 0.505211 0.888585
vt 0.508005 0.889464
vt 0.504308 0.892365
vt 0.492061 0.889773
vt 0.498188 0.897171
vt 0.496073 0.898803
vt 0.469570 0.777541
vt 0.476643 0.773078
vt 0.481395 0.773917
vt 0.511162 0.799132
vt 0.512223 0.809338
vt 0.518516 0.812205
vt 0.459610 0.838445
vt 0.519168 0.867262
vt 0.522756 0.863354
vt 0.516077 0.871895
vt 0.516421 0.878106
vt 0.900545 0.720634
vt 0.881229 0.718119
vt 0.909628 0.655270
vt 0.911510 0.685009
vt 0.860264 0.702834
vt 0.854729 0.698777
vt 0.883027 0.110661
vt 0.801744 0.095631
vt 0.799524 0.083884
vt 0.875835 0.702651
vt 0.872187 0.711586
vt 0.870079 0.710059
vt 0.863959 0.705552
vt 0.910142 0.580943
vt 0.914808 0.579903
vt 0.911966 0.617044
vt 0.907779 0.647183
vt 0.882795 0.587053
vt 0.894704 0.590043
vt 0.887649 0.585927
vt 0.853977 0.613210
vt 0.857077 0.607295
vt 0.483240 0.685114
vt 0.454347 0.765538
vt 0.479085 0.684913
vt 0.905340 0.650137
vt 0.844701 0.677371
vt 0.840853 0.669127
vt 0.848326 0.681072
vt 0.905268 0.652096
vt 0.851487 0.685498
vt 0.851341 0.691572
vt 0.983558 0.510847
vt 0.909692 0.646756
vt 0.486956 0.683243
vt 0.542379 0.720516
vt 0.839154 0.222072
vt 0.355628 0.760523
vt 0.426778 0.756197
vt 0.456650 0.836307
vt 0.453437 0.768798
vt 0.709825 0.066942
vt 0.777404 0.105622
vt 0.716613 0.172934
vt 0.711319 0.163044
vt 0.722380 0.148115
vt 0.509098 0.588915
vt 0.550845 0.613868
vt 0.805767 0.202381
vt 0.785403 0.120872
vt 0.791685 0.121308
vt 0.833071 0.203092
vt 0.956497 0.366601
vt 0.959598 0.331703
vt 0.959598 0.366601
vt 0.781267 0.017510
vt 0.622720 0.804629
vt 0.620196 0.797690
vt 0.994044 0.457794
vt 0.988611 0.147426
vt 0.989840 0.147426
vt 0.994044 0.044846
vt 0.992847 0.044846
vt 0.985614 0.527418
vt 0.985614 0.510847
vt 0.994044 0.172923
vt 0.992847 0.172923
vt 0.985614 0.076265
vt 0.985614 0.056223
vt 0.998214 0.051172
vt 0.997042 0.019990
vt 0.998214 0.019990
vt 0.814541 0.261258
vt 0.820807 0.271874
vt 0.814541 0.271874
vt 0.814541 0.181699
vt 0.820807 0.195634
vt 0.814541 0.195634
vt 0.820807 0.255568
vt 0.814541 0.255568
vt 0.344431 0.489332
vt 0.338824 0.475509
vt 0.344431 0.475509
vt 0.830078 0.215095
vt 0.823805 0.236875
vt 0.830078 0.249719
vt 0.823805 0.253391
vt 0.823805 0.249719
vt 0.814541 0.177502
vt 0.820807 0.181699
vt 0.994044 0.241692
vt 0.992847 0.241692
vt 0.983558 0.101212
vt 0.985614 0.101212
vt 0.992847 0.230324
vt 0.994044 0.230324
vt 0.940599 0.527421
vt 0.940599 0.555160
vt 0.997042 0.079372
vt 0.997042 0.051172
vt 0.994044 0.365709
vt 0.992847 0.318396
vt 0.994044 0.318396
vt 0.989840 0.104226
vt 0.988611 0.104226
vt 0.988611 0.111315
vt 0.997042 0.154766
vt 0.998214 0.178729
vt 0.997042 0.178729
vt 0.985614 0.112635
vt 0.983558 0.112635
vt 0.994044 0.490529
vt 0.992847 0.474069
vt 0.994044 0.474069
vt 0.992847 0.001498
vt 0.994044 0.001498
vt 0.985614 0.395871
vt 0.983558 0.405505
vt 0.983558 0.395871
vt 0.985614 0.405505
vt 0.994044 0.569434
vt 0.992847 0.547508
vt 0.994044 0.547508
vt 0.938436 0.232126
vt 0.940599 0.276054
vt 0.938436 0.276054
vt 0.983558 0.552006
vt 0.985614 0.552006
vt 0.994044 0.129574
vt 0.994044 0.113564
vt 0.572850 0.705069
vt 0.557045 0.729412
vt 0.552327 0.736665
vt 0.546402 0.745999
vt 0.574434 0.656408
vt 0.570360 0.668702
vt 0.573996 0.666367
vt 0.573780 0.673299
vt 0.573424 0.684773
vt 0.573292 0.688624
vt 0.540254 0.748962
vt 0.513493 0.753006
vt 0.509246 0.764588
vt 0.502926 0.767887
vt 0.460453 0.587573
vt 0.470138 0.587944
vt 0.483834 0.594384
vt 0.492194 0.588540
vt 0.483760 0.669819
vt 0.558526 0.633311
vt 0.557213 0.625595
vt 0.568694 0.646295
vt 0.707302 0.155531
vt 0.693906 0.130013
vt 0.777151 0.111915
vt 0.780095 0.117481
vt 0.695426 0.091701
vt 0.695846 0.081556
vt 0.698813 0.094240
vt 0.708507 0.110670
vt 0.694516 0.113521
vt 0.694660 0.109720
vt 0.695140 0.098485
vt 0.722573 0.176743
vt 0.757461 0.199025
vt 0.748243 0.183372
vt 0.751235 0.195080
vt 0.802884 0.017501
vt 0.812766 0.017514
vt 0.848389 0.468645
vt 0.804748 0.526339
vt 0.832541 0.449409
vt 0.714535 0.052001
vt 0.721737 0.040629
vt 0.712815 0.059472
vt 0.702135 0.071595
vt 0.992847 0.392664
vt 0.992847 0.365709
vt 0.801281 0.526159
vt 0.808734 0.460806
vt 0.906239 0.648396
vt 0.956497 0.236298
vt 0.959598 0.205640
vt 0.959598 0.236298
vt 0.845007 0.270604
vt 0.852777 0.261653
vt 0.395597 0.834283
vt 0.433722 0.768963
vt 0.404745 0.672131
vt 0.414941 0.670593
vt 0.424464 0.684772
vt 0.349840 0.739042
vt 0.429050 0.751469
vt 0.843604 0.798828
vt 0.888547 0.741754
vt 0.846240 0.800572
vt 0.479602 0.669704
vt 0.350303 0.768008
vt 0.812672 0.070785
vt 0.885238 0.107350
vt 0.997042 0.202024
vt 0.985614 0.380963
vt 0.983558 0.263526
vt 0.983558 0.236465
vt 0.940599 0.204463
vt 0.938436 0.187967
vt 0.940599 0.187967
vt 0.997042 0.515180
vt 0.998214 0.535461
vt 0.997042 0.535461
vt 0.820807 0.261258
vt 0.830078 0.268325
vt 0.823805 0.263148
vt 0.830078 0.263148
vt 0.830078 0.181503
vt 0.823805 0.181503
vt 0.344431 0.432586
vt 0.338824 0.427678
vt 0.344431 0.427678
vt 0.820807 0.219186
vt 0.344431 0.444066
vt 0.338824 0.450327
vt 0.338824 0.444066
vt 0.338824 0.412680
vt 0.344431 0.412680
vt 0.992847 0.490529
vt 0.998214 0.297402
vt 0.997042 0.310268
vt 0.938436 0.673351
vt 0.940599 0.661502
vt 0.940599 0.232126
vt 0.992847 0.290622
vt 0.938436 0.527421
vt 0.985614 0.338183
vt 0.983558 0.328874
vt 0.938436 0.406756
vt 0.940599 0.406756
vt 0.938436 0.355497
vt 0.940599 0.336372
vt 0.940599 0.355497
vt 0.985614 0.563010
vt 0.992847 0.129574
vt 0.992847 0.534836
vt 0.992847 0.524533
vt 0.994044 0.534836
vt 0.938436 0.297954
vt 0.782382 0.443599
vt 0.809089 0.445014
vt 0.817094 0.445470
vt 0.827279 0.445943
vt 0.805128 0.539803
vt 0.832230 0.619852
vt 0.820534 0.617448
vt 0.823059 0.620524
vt 0.816697 0.621070
vt 0.804710 0.609009
vt 0.806165 0.621977
vt 0.787495 0.623594
vt 0.801668 0.540093
vt 0.802601 0.622266
vt 0.859557 0.466558
vt 0.865152 0.470021
vt 0.887363 0.518013
vt 0.882230 0.530972
vt 0.888061 0.538336
vt 0.809496 0.534696
vt 0.851902 0.603091
vt 0.858845 0.601157
vt 0.845014 0.606217
vt 0.840968 0.613636
vt 0.422730 0.669424
vt 0.448968 0.665758
vt 0.438435 0.747569
vt 0.433243 0.748316
vt 0.418077 0.848082
vt 0.408769 0.847402
vt 0.420510 0.845044
vt 0.438955 0.769336
vt 0.453258 0.850573
vt 0.435890 0.836619
vt 0.438122 0.849554
vt 0.434609 0.849315
vt 0.424301 0.848544
vt 0.369114 0.698919
vt 0.385555 0.695992
vt 0.374509 0.694819
vt 0.349968 0.748125
vt 0.381956 0.829668
vt 0.371643 0.822831
vt 0.388790 0.831391
vt 0.399731 0.841437
vt 0.985614 0.287206
vt 0.985614 0.263526
vt 0.938436 0.371939
vt 0.989840 0.208226
vt 0.988611 0.252399
vt 0.988611 0.208226
vt 0.847689 0.803381
vt 0.908884 0.771437
vt 0.893222 0.204475
vt 0.887505 0.120678
vt 0.891411 0.121448
vt 0.863206 0.025615
vt 0.824207 0.046919
vt 0.956497 0.282477
vt 0.959598 0.282477
vt 0.997042 0.460841
vt 0.998214 0.503142
vt 0.997042 0.503142
vt 0.399546 0.676036
vt 0.795409 0.325376
vt 0.800062 0.316291
vt 0.816960 0.316827
vt 0.930138 0.785829
vt 0.930323 0.779751
vt 0.836127 0.427818
vt 0.998214 0.127404
vt 0.998214 0.079372
vt 0.998214 0.254126
vt 0.997042 0.237420
vt 0.998214 0.237420
vt 0.998214 0.310268
vt 0.998214 0.460841
vt 0.997042 0.444592
vt 0.998214 0.444592
vt 0.956497 0.402314
vt 0.998214 0.571249
vt 0.997042 0.559712
vt 0.998214 0.559712
vt 0.352772 0.401906
vt 0.347433 0.426827
vt 0.347433 0.401906
vt 0.830078 0.253391
vt 0.338824 0.432586
vt 0.830078 0.236875
vt 0.347433 0.461342
vt 0.352772 0.486262
vt 0.347433 0.486262
vt 0.938436 0.641552
vt 0.940599 0.641552
vt 0.998214 0.001498
vt 0.997042 0.001498
vt 0.989840 0.501996
vt 0.988611 0.470877
vt 0.989840 0.470877
vt 0.983558 0.287206
vt 0.997042 0.127404
vt 0.998214 0.230316
vt 0.997042 0.230316
vt 0.998214 0.220896
vt 0.997042 0.220896
vt 0.997042 0.273561
vt 0.997042 0.254126
vt 0.938436 0.336372
vt 0.989840 0.297212
vt 0.988611 0.322044
vt 0.988611 0.297212
vt 0.997042 0.402940
vt 0.997042 0.374825
vt 0.988611 0.280477
vt 0.910362 0.741023
vt 0.922244 0.764002
vt 0.925785 0.771006
vt 0.874118 0.717038
vt 0.881555 0.725865
vt 0.881477 0.722014
vt 0.886642 0.725405
vt 0.895199 0.731016
vt 0.898115 0.732964
vt 0.922376 0.808671
vt 0.929738 0.816838
vt 0.929710 0.823191
vt 0.903097 0.867010
vt 0.887505 0.879066
vt 0.843701 0.811285
vt 0.840453 0.798581
vt 0.830888 0.713658
vt 0.849121 0.717493
vt 0.842736 0.714681
vt 0.856195 0.719381
vt 0.863780 0.716321
vt 0.803660 0.309285
vt 0.815992 0.286140
vt 0.879758 0.345632
vt 0.845074 0.266753
vt 0.838042 0.286504
vt 0.828444 0.277747
vt 0.831372 0.275778
vt 0.839919 0.270152
vt 0.795253 0.369538
vt 0.802724 0.354793
vt 0.795221 0.362831
vt 0.821034 0.415143
vt 0.884470 0.258749
vt 0.896668 0.257651
vt 0.878123 0.261646
vt 0.863450 0.260659
vt 0.989840 0.338282
vt 0.988611 0.382455
vt 0.988611 0.338282
vt 0.609863 0.877780
vt 0.540493 0.754532
vt 0.543707 0.836087
vt 0.531806 0.753679
vt 0.352772 0.446818
vt 0.347433 0.446818
vt 0.956497 0.331703
vt 0.886420 0.029915
vt 0.988611 0.530137
vt 0.988611 0.501996
vt 0.998214 0.419709
vt 0.997042 0.419709
vt 0.989840 0.252399
vt 0.989840 0.452401
vt 0.989840 0.440866
vt 0.972851 0.091708
vt 0.344431 0.387498
vt 0.338824 0.387498
vt 0.352772 0.395500
vt 0.347433 0.395500
vt 0.352772 0.432435
vt 0.347433 0.443369
vt 0.347433 0.432435
vt 0.352772 0.426827
vt 0.344431 0.450327
vt 0.989840 0.128009
vt 0.989840 0.111315
vt 0.989840 0.173154
vt 0.988611 0.185994
vt 0.989840 0.185994
vt 0.480030 0.494664
vt 0.507556 0.545916
vt 0.484511 0.552790
vt 0.988611 0.394489
vt 0.959598 0.451717
vt 0.959598 0.463030
vt 0.988611 0.452401
vt 0.989840 0.322044
vt 0.956497 0.451717
vt 0.988611 0.128009
vt 0.985614 0.001499
vt 0.983558 0.001499
vt 0.998214 0.273561
vt 0.989840 0.382455
vt 0.635835 0.861955
vt 0.623297 0.884856
vt 0.619619 0.891626
vt 0.614958 0.900422
vt 0.635018 0.818110
vt 0.635098 0.827088
vt 0.635233 0.833319
vt 0.622738 0.844246
vt 0.635461 0.843636
vt 0.635514 0.847153
vt 0.586260 0.910035
vt 0.583575 0.920796
vt 0.578226 0.924356
vt 0.989840 0.578095
vt 0.989840 0.530137
vt 0.552476 0.760978
vt 0.612825 0.780386
vt 0.618835 0.790787
vt 0.629632 0.809132
vt 0.814268 0.168748
vt 0.810005 0.159378
vt 0.798739 0.093169
vt 0.882699 0.114629
vt 0.795861 0.128274
vt 0.809974 0.111084
vt 0.797039 0.113174
vt 0.797316 0.109657
vt 0.798207 0.099376
vt 0.844251 0.191771
vt 0.817338 0.057186
vt 0.815589 0.064001
vt 0.805514 0.074884
vt 0.878746 0.024894
vt 0.560349 0.756276
vt 0.849621 0.195885
vt 0.820700 0.146244
vt 0.806800 0.152355
vt 0.956497 0.617587
vt 0.956497 0.587864
vt 0.989840 0.094825
vt 0.989840 0.028831
vt 0.983558 0.161540
vt 0.890642 0.448789
vt 0.994044 0.072542
vt 0.907729 0.023586
vt 0.959598 0.121498
vt 0.938436 0.453242
vt 0.994044 0.184784
vt 0.938436 0.388193
vt 0.833071 0.183498
vt 0.983558 0.440235
vt 0.994044 0.439208
vt 0.940599 0.147499
vt 0.448909 0.767879
vt 0.983558 0.527418
vt 0.983558 0.076265
vt 0.338824 0.489332
vt 0.820807 0.177502
vt 0.998214 0.154766
vt 0.992847 0.569434
vt 0.994044 0.392664
vt 0.998214 0.202024
vt 0.938436 0.204463
vt 0.998214 0.515180
vt 0.823805 0.268325
vt 0.938436 0.661502
vt 0.983558 0.338183
vt 0.983558 0.563010
vt 0.997042 0.571249
vt 0.352772 0.461342
vt 0.998214 0.402940
vt 0.989840 0.280477
vt 0.931281 0.151530
vt 0.352772 0.443369
vt 0.989840 0.394489
vt 0.988611 0.578095
vt 0.189220 0.928127
vt 0.178403 0.985624
vt 0.178403 0.928127
vt 0.366955 0.001517
vt 0.365862 0.002909
vt 0.365872 0.001845
vt 0.156839 0.593586
vt 0.167611 0.001502
vt 0.167611 0.593586
vt 0.146053 0.985624
vt 0.136201 0.928127
vt 0.146053 0.928127
vt 0.200032 0.928127
vt 0.189220 0.985624
vt 0.167611 0.985624
vt 0.167611 0.928127
vt 0.178403 0.001502
vt 0.178403 0.593586
vt 0.221592 0.593586
vt 0.210818 0.001502
vt 0.221592 0.001502
vt 0.200032 0.593586
vt 0.210818 0.593586
vt 0.136201 0.593586
vt 0.124146 0.001502
vt 0.136201 0.001502
vt 0.124146 0.593586
vt 0.113353 0.001502
vt 0.189220 0.593586
vt 0.200032 0.001502
vt 0.200032 0.765657
vt 0.189220 0.001502
vt 0.146053 0.001502
vt 0.156839 0.001502
vt 0.189220 0.869469
vt 0.178403 0.869469
vt 0.189220 0.765657
vt 0.210818 0.869469
vt 0.200032 0.869469
vt 0.113353 0.765657
vt 0.113353 0.593586
vt 0.146053 0.765657
vt 0.146053 0.593586
vt 0.210818 0.765657
vt 0.167611 0.869469
vt 0.156839 0.765657
vt 0.167611 0.765657
vt 0.146053 0.869469
vt 0.136201 0.869469
vt 0.136201 0.765657
vt 0.178403 0.765657
vt 0.124146 0.765657
vt 0.210818 0.928127
vt 0.200032 0.985624
vt 0.124146 0.985624
vt 0.113353 0.928127
vt 0.124146 0.928127
vt 0.221592 0.928127
vt 0.221592 0.869469
vt 0.136201 0.985624
vt 0.362745 0.002303
vt 0.361212 0.001805
vt 0.362159 0.001498
vt 0.124146 0.869469
vt 0.156839 0.928127
vt 0.156839 0.869469
vt 0.221592 0.765657
vt 0.221592 0.985624
vt 0.156839 0.985624
vt 0.113353 0.869469
vt 0.362583 0.001805
vt 0.362643 0.002757
vt 0.362159 0.003109
vt 0.361636 0.003109
vt 0.361212 0.002801
vt 0.361050 0.002303
vt 0.361636 0.001498
vt 0.366360 0.001510
vt 0.367417 0.001859
vt 0.367570 0.002393
vt 0.367368 0.002913
vt 0.366895 0.003228
vt 0.366324 0.003228
vt 0.365685 0.002383
vt 0.210818 0.985624
vt 0.113353 0.985624
s 1
f 890/1805/1881 923/1806/1882 909/1807/1883
f 922/1808/1884 910/1809/1885 888/1810/1886
f 889/1811/1887 921/1812/1888 919/1813/1889
f 902/1814/1890 934/1815/1891 900/1816/1892
f 934/1815/1891 893/1817/1893 900/1816/1892
f 1204/1818/1894 1254/1819/1895 1221/1820/1896
f 929/1821/1897 920/1822/1898 921/1812/1888
f 921/1823/1899 901/1824/1900 902/1825/1899
f 1048/1826/1901 1042/1827/1901 1049/1828/1901
f 1092/1829/1902 1129/1830/1902 1125/1831/1902
f 900/1832/1903 921/1823/1904 902/1825/1904
f 1207/1833/1905 1213/1834/1905 1214/1835/1905
f 908/1836/1906 926/1837/1906 907/1838/1906
f 898/1839/1907 918/1840/1907 917/1841/1907
f 894/1842/1908 916/1843/1909 913/1844/1910
f 967/1845/1911 1001/1846/1912 1000/1847/1911
f 1216/1848/1913 1208/1849/1913 1215/1850/1913
f 1114/1851/1914 1108/1852/1914 1115/1853/1914
f 938/1854/1915 906/1855/1916 932/1856/1917
f 948/1857/1918 942/1858/1918 941/1859/1918
f 1014/1860/1919 1028/1861/1920 1013/1862/1921
f 1072/1863/1922 1126/1864/1923 1105/1865/1924
f 935/1866/1925 902/1814/1890 901/1867/1926
f 897/1868/1927 933/1869/1928 932/1856/1929
f 920/1822/1898 929/1870/1897 911/1871/1930
f 1084/1872/1931 1076/1873/1931 1083/1874/1931
f 1254/1819/1932 1223/1875/1932 1221/1820/1932
f 938/1854/1933 905/1876/1934 904/1877/1935
f 935/1866/1925 934/1878/1891 902/1814/1890
f 1180/1879/1936 1174/1880/1936 1181/1881/1936
f 889/1882/1887 929/1821/1897 921/1812/1888
f 899/1883/1937 898/1884/1938 932/1856/1929
f 1150/1885/1939 1142/1886/1939 1149/1887/1939
f 908/1888/1940 932/1856/1917 906/1855/1916
f 892/1889/1941 935/1866/1925 901/1867/1926
f 924/1890/1942 922/1808/1884 888/1810/1886
f 887/1891/1943 924/1890/1942 888/1810/1886
f 931/1892/1944 928/1893/1945 887/1894/1946
f 887/1894/1946 888/1895/1947 929/1896/1948
f 929/1896/1948 889/1897/1949 930/1898/1950
f 903/1899/1951 905/1876/1952 937/1900/1953
f 923/1901/1954 924/1890/1955 887/1891/1956
f 919/1813/1889 912/1902/1930 889/1903/1887
f 931/1904/1957 914/1905/1957 926/1906/1958
f 1071/1907/1959 1050/1908/1960 1049/1828/1961
f 931/1904/1957 926/1906/1958 927/1909/1962
f 904/1877/1935 890/1910/1963 938/1854/1933
f 938/1854/1933 937/1900/1964 905/1876/1934
f 915/1911/1965 914/1905/1966 931/1904/1967
f 930/1912/1968 913/1913/1966 916/1914/1969
f 918/1915/1970 915/1911/1965 931/1904/1967
f 932/1856/1929 895/1916/1971 896/1917/1972
f 932/1856/1929 896/1917/1972 899/1883/1937
f 938/1918/1973 932/1919/1974 933/1920/1975
f 934/1921/1976 935/1922/1975 936/1923/1977
f 934/1921/1976 936/1923/1977 937/1924/1978
f 907/1925/1979 895/1916/1980 932/1856/1917
f 908/1888/1940 907/1925/1979 932/1856/1917
f 931/1904/1957 927/1909/1962 925/1926/1981
f 1170/1927/1982 1201/1928/1983 1203/1929/1982
f 1034/1930/1984 1068/1931/1985 1067/1932/1984
f 1202/1933/1986 1170/1927/1986 1203/1929/1986
f 1015/1934/1987 1034/1935/1988 1014/1860/1989
f 1223/1875/1990 1255/1936/1990 1222/1937/1990
f 1209/1938/1991 1252/1939/1992 1242/1940/1993
f 1166/1941/1994 1198/1942/1995 1165/1943/1996
f 997/1944/1997 980/1945/1998 979/1946/1999
f 1185/1947/2000 1184/1948/2001 1183/1949/2002
f 895/1950/2003 915/1951/2004 896/1952/2005
f 1267/1953/2006 1248/1954/2007 1247/1955/2008
f 1170/1956/2009 1149/1887/2010 1142/1886/2011
f 888/1810/2012 911/1871/2013 929/1870/2014
f 1025/1957/2015 1057/1958/2015 1024/1959/2015
f 893/1960/2016 919/1961/2017 900/1832/2018
f 1081/1962/2019 1075/1963/2019 1074/1964/2019
f 1250/1965/2020 1253/1966/2021 1251/1967/2022
f 1060/1968/2023 1028/1969/2023 1061/1970/2023
f 1203/1971/2024 1182/1972/2025 1181/1881/2026
f 917/1973/2027 931/1904/1967 930/1912/1968
f 928/1974/2028 923/1901/1954 887/1891/1956
f 936/1975/2029 892/1889/2029 891/1976/2029
f 1186/1977/2030 1154/1978/2030 1187/1979/2030
f 1031/1980/2031 1062/1981/2031 1064/1982/2031
f 928/1974/1957 925/1926/1981 909/1983/1957
f 936/1975/2032 903/1899/1951 937/1900/1953
f 952/1984/2033 946/1985/2034 958/1986/2035
f 895/1950/2003 926/1837/2036 914/1987/2037
f 1147/1988/2038 1141/1989/2038 1140/1990/2038
f 893/1991/2016 913/1844/1910 912/1992/2039
f 1010/1993/2040 1044/1994/2040 1043/1995/2040
f 1199/1996/2041 1180/1997/2042 1179/1998/2043
f 978/1999/2044 990/2000/2045 991/2001/2046
f 951/2002/2047 943/2003/2047 950/2004/2047
f 1175/2005/2048 1183/1949/2048 1182/1972/2048
f 1212/2006/2049 1229/2007/2050 1211/2008/2051
f 1217/2009/2052 1218/2010/2053 1216/1848/2054
f 975/2011/2055 1003/2012/2056 1004/2013/2057
f 1126/1864/2058 1094/2014/2058 1127/2015/2058
f 1006/2016/2059 1060/1968/2060 1039/2017/2061
f 1063/2018/2062 1031/1980/2062 1064/1982/2062
f 1012/2019/2063 1053/2020/2064 1020/2021/2065
f 1157/2022/2066 1189/2023/2066 1156/2024/2066
f 982/2025/2067 950/2026/2068 949/2027/2069
f 1116/2028/2070 1082/2029/2071 1115/2030/2071
f 981/2031/2072 947/2032/2073 980/2033/2073
f 1181/2034/2074 1149/2035/2075 1148/2036/2074
f 979/2037/2076 947/2032/2073 946/2038/2077
f 984/2039/2078 952/2040/2079 951/2041/2078
f 985/2042/2079 946/2038/2077 952/2043/2079
f 1205/2044/2080 1260/2045/2081 1227/2046/2082
f 1088/2047/2083 1119/2048/2084 1121/2049/2083
f 887/1894/1946 930/1898/1950 931/1892/1944
f 1206/2050/2085 1263/2051/2086 1230/2052/2087
f 1094/2014/2088 1125/1831/2088 1127/2015/2088
f 1195/2053/2089 1163/2054/2090 1196/2055/2090
f 1160/2056/2091 1191/2057/2091 1193/2058/2091
f 1228/2059/2092 1257/2060/2092 1224/2061/2092
f 1012/2019/2093 1057/1958/2094 1045/2062/2095
f 1010/2063/2096 1069/2064/2097 1036/2065/2098
f 1240/2066/2099 1206/2050/2099 1207/2067/2099
f 1100/2068/2100 1134/2069/2101 1133/2070/2100
f 1035/2071/2102 1065/2072/2103 1068/1931/1985
f 1205/2044/2104 1264/2073/2105 1238/2074/2106
f 942/2075/2107 974/2076/2107 941/2077/2107
f 946/1985/2034 939/2078/2108 958/1986/2035
f 939/2078/2108 956/2079/2109 958/1986/2035
f 958/1986/2035 957/2080/2110 945/2081/2111
f 945/2081/2111 952/1984/2033 958/1986/2035
f 947/2082/2112 940/2083/2113 964/2084/2114
f 940/2083/2113 962/2085/2115 964/2084/2114
f 964/2084/2114 963/2086/2116 961/2087/2117
f 963/2086/2116 959/2088/2118 961/2087/2117
f 939/2078/2119 946/1985/2120 961/2087/2117
f 961/2087/2117 960/2089/2121 939/2078/2119
f 955/2090/2122 954/2091/2123 944/2092/2124
f 944/2092/2124 951/2002/2125 955/2090/2122
f 943/2003/2126 969/2093/2127 971/2094/2128
f 971/2094/2128 970/2095/2129 942/1858/2130
f 942/1858/2130 949/2096/2131 971/2094/2128
f 948/1857/2132 941/1859/2133 968/2097/2134
f 941/1859/2133 965/2098/2135 968/2097/2134
f 940/2083/2136 947/2082/2137 967/2099/2138
f 967/2099/2138 966/2100/2139 940/2083/2136
f 989/2101/2045 972/2102/2140 991/2001/2046
f 972/2102/2140 979/1946/2141 991/2001/2046
f 979/1946/2141 985/2103/2142 991/2001/2046
f 1005/2104/2143 991/2001/2046 985/2103/2142
f 995/2105/2144 973/2106/2145 997/1944/1997
f 1245/2107/2146 1262/2108/2147 1238/2109/2148
f 979/1946/1999 972/2102/2149 994/2110/2150
f 972/2102/2149 993/2111/2144 994/2110/2150
f 994/2110/2150 992/2112/2144 996/2113/2144
f 994/2110/2150 996/2113/2144 997/1944/1997
f 986/2114/2151 978/2115/2152 1005/2116/2152
f 984/2117/2153 977/2118/2154 988/2119/2155
f 977/2118/2154 987/2120/2156 988/2119/2155
f 1002/2121/2056 976/2122/2157 1004/2013/2057
f 1018/2123/2158 1010/2124/2158 1017/2125/2158
f 982/2126/2159 975/2011/2055 1004/2013/2057
f 998/2127/2160 974/2128/2161 1001/2129/2162
f 974/2128/2161 981/2130/2163 1001/2129/2162
f 980/1945/2164 973/2106/2165 1000/2131/2166
f 973/2106/2165 999/2132/2160 1000/2131/2166
f 1207/2067/2167 1268/2133/2168 1240/2066/2169
f 986/2114/2151 1005/2116/2152 985/2134/2170
f 1019/2135/2171 1013/1862/2172 1025/2136/2173
f 971/2094/2128 950/2004/2174 943/2003/2126
f 981/2031/2072 949/2027/2069 948/2137/2072
f 1137/2138/2175 1116/2139/2176 1115/1853/2177
f 952/2140/2178 953/2141/2179 951/2002/2125
f 1067/2142/2180 1048/1826/2181 1047/2143/2182
f 1045/2144/2183 1057/2145/2184 1058/2146/2185
f 1015/1934/2186 1009/2147/2186 1008/2148/2186
f 1043/2149/2187 1051/2150/2187 1050/2151/2187
f 983/2152/2068 951/2041/2078 950/2026/2068
f 905/2153/2188 922/2154/2189 924/2155/2190
f 1042/1827/2191 1070/2156/2192 1071/1907/1959
f 1232/2157/2193 1213/1834/2194 1233/2158/2195
f 1191/2057/2196 1162/2159/2196 1195/2053/2196
f 1100/2068/2197 1132/2160/2198 1099/2161/2199
f 1141/2162/2200 1202/1933/2201 1174/2163/2202
f 1236/2164/2203 1268/2133/2203 1235/2165/2203
f 1143/2166/2204 1186/1977/2205 1176/2167/2206
f 1220/2168/2207 1252/1939/2207 1219/2169/2207
f 958/2170/2208 990/2171/2208 957/2172/2208
f 1113/2173/2209 1079/2174/2210 1112/2175/2210
f 1118/2176/2211 1084/2177/2212 1117/2178/2212
f 1115/2030/2071 1081/2179/2213 1114/2180/2213
f 1050/2181/2214 1016/2182/2215 1049/2183/2215
f 1182/2184/2075 1150/2185/2216 1149/2035/2075
f 1184/2186/2217 1145/2187/2218 1151/2188/2219
f 1112/2189/2210 1085/2190/2211 1118/2176/2211
f 1144/2191/2220 1189/2023/2221 1177/2192/2222
f 1251/2193/2223 1220/2168/2224 1218/2194/2225
f 1144/2191/2226 1185/2195/2227 1152/2196/2228
f 1025/1957/2229 1056/2197/2230 1058/2198/2229
f 958/2170/2231 989/2199/2231 991/2200/2231
f 1138/2201/2232 1188/2202/2233 1155/2203/2234
f 1129/1830/2235 1097/2204/2235 1130/2205/2235
f 1097/2204/2236 1128/2206/2236 1130/2205/2236
f 993/2207/2237 961/2208/2237 994/2209/2237
f 1210/2210/2238 1255/1936/2239 1243/2211/2240
f 1139/2212/2241 1194/2213/2242 1161/2214/2243
f 1141/2162/2244 1173/2215/2245 1140/2216/2245
f 1232/2217/2246 1266/2218/2247 1265/2219/2248
f 1263/2051/2086 1233/2220/2249 1230/2052/2087
f 1140/2221/2250 1197/2222/2251 1164/2223/2252
f 1009/2224/2253 1041/2225/2254 1008/2226/2254
f 1267/2227/2255 1236/2164/2256 1234/2228/2257
f 1142/2229/2258 1201/1928/1983 1168/2230/2259
f 1013/1862/2172 1006/2231/2260 1025/2136/2173
f 1006/2231/2260 1023/2232/2261 1025/2136/2173
f 1025/2136/2173 1024/2233/2262 1012/2234/2263
f 1012/2234/2263 1019/2135/2171 1025/2136/2173
f 1014/1860/1919 1007/2235/2264 1031/2236/2265
f 1007/2235/2264 1029/2237/2266 1031/2236/2265
f 1031/2236/2265 1030/2238/2267 1028/1861/1920
f 1030/2238/2267 1026/2239/2267 1028/1861/1920
f 1006/2231/2268 1013/1862/1921 1028/1861/1920
f 1028/1861/1920 1027/2240/2269 1006/2231/2268
f 1019/2135/2270 1012/2234/2271 1020/2241/2272
f 1022/2242/2273 1021/2243/2274 1011/2244/2275
f 1011/2244/2275 1018/2123/2276 1022/2242/2273
f 1010/2245/2277 1036/2246/2278 1038/2247/2279
f 1038/2247/2279 1037/2248/2280 1009/2147/2281
f 1009/2147/2281 1016/2249/2282 1038/2247/2279
f 1015/1934/1987 1008/2148/2283 1035/2250/2284
f 1008/2148/2283 1032/2251/2285 1035/2250/2284
f 1007/2235/2286 1014/1860/1989 1034/1935/1988
f 1034/1935/1988 1033/2252/2287 1007/2235/2286
f 1056/2253/2184 1039/2254/2288 1058/2146/2185
f 1039/2254/2288 1046/2255/2289 1058/2146/2185
f 1046/2255/2289 1052/2256/2290 1058/2146/2185
f 1052/2256/2290 1045/2144/2183 1058/2146/2185
f 1062/2257/2291 1040/2258/2292 1064/2259/2293
f 1046/2255/2294 1039/2254/2295 1061/2260/2296
f 1039/2254/2295 1060/2261/2291 1061/2260/2296
f 1061/2260/2296 1059/2262/2291 1063/2263/2291
f 1061/2260/2296 1063/2263/2291 1064/2259/2293
f 1053/2264/2297 1045/2144/2298 1052/2256/2299
f 1051/2150/2300 1044/2265/2301 1055/2266/2302
f 1044/2265/2301 1054/2267/2303 1055/2266/2302
f 1069/2268/2192 1043/2269/2304 1071/1907/1959
f 1088/2270/2305 1085/2271/2306 1086/2272/2307
f 1049/1828/1961 1042/1827/2191 1071/1907/1959
f 1065/2273/2308 1041/2274/2309 1068/2275/2310
f 1041/2274/2309 1048/1826/2181 1068/2275/2310
f 1047/2143/2182 1040/2258/2311 1067/2142/2180
f 1040/2258/2311 1066/2276/2308 1067/2142/2180
f 1138/2201/2312 1192/2277/2313 1171/2278/2314
f 1085/2271/2315 1079/2279/2316 1091/2280/2317
f 1004/2013/2057 983/2281/2318 982/2126/2159
f 892/2282/2319 920/2283/2320 911/2284/2321
f 1179/1998/2322 1196/2285/2323 1172/2286/2324
f 988/2119/2155 985/2134/2170 984/2117/2153
f 1022/2242/2273 1019/2135/2270 1020/2241/2272
f 1133/2287/2325 1114/1851/2326 1113/2288/2327
f 1111/2289/2328 1123/2290/2329 1124/2291/2330
f 1109/2292/2331 1117/2293/2331 1116/2139/2331
f 1146/2294/2332 1160/2295/2333 1145/2296/2334
f 1038/2247/2279 1017/2297/2335 1010/2245/2277
f 1108/1852/2336 1136/2298/2337 1137/2138/2175
f 1265/2299/2338 1246/2300/2339 1245/2107/2340
f 961/2208/2341 992/2301/2341 994/2209/2341
f 1232/2217/2342 1264/2073/2105 1231/2302/2343
f 1204/1818/2344 1258/2303/2345 1237/2304/2346
f 1070/2305/2347 1038/2306/2347 1071/2307/2347
f 1210/2210/2348 1251/2193/2223 1218/2194/2225
f 987/2308/2349 955/2309/2349 988/2310/2349
f 1113/2173/2209 1081/2179/2213 1080/2311/2209
f 1180/2312/2350 1146/2313/2351 1179/2314/2351
f 1180/2315/2350 1148/2036/2074 1147/2316/2350
f 1046/2317/2352 1019/2318/2353 1052/2319/2354
f 1116/2028/2070 1084/2177/2212 1083/2320/2070
f 1047/2321/2355 1015/2322/2356 1014/2323/2355
f 1052/2319/2354 1018/2324/2357 1051/2325/2357
f 1139/2212/2358 1198/1942/1995 1172/2326/2359
f 968/2327/2360 998/2328/2361 1001/1846/1912
f 1011/2329/2362 1054/2330/2363 1044/1994/2364
f 1009/2224/2365 1070/2305/2366 1042/2331/2367
f 1157/2022/2368 1188/2202/2368 1190/2332/2368
f 1006/2016/2369 1056/2197/2370 1023/2333/2371
f 1229/2334/2372 1261/2335/2372 1228/2059/2372
f 1026/2336/2373 1063/2018/2373 1059/2337/2373
f 1007/2338/2374 1066/2339/2375 1040/2340/2376
f 1260/2045/2377 1229/2334/2377 1227/2046/2377
f 1208/2341/2378 1267/2227/2255 1234/2228/2257
f 1175/2342/2379 1143/2166/2379 1176/2167/2379
f 1166/1941/2380 1200/2343/2381 1199/2344/2380
f 1167/2345/2382 1197/2222/2251 1200/2343/2381
f 1008/2226/2383 1065/2072/2103 1032/2346/2384
f 1038/2306/2385 1069/2064/2097 1071/2307/2385
f 1079/2279/2316 1072/2347/2386 1091/2280/2317
f 1072/2347/2386 1089/2348/2387 1091/2280/2317
f 1091/2280/2317 1090/2349/2388 1078/2350/2389
f 1078/2350/2389 1085/2271/2315 1091/2280/2317
f 1080/2351/2390 1073/2352/2391 1097/2353/2392
f 1073/2352/2391 1095/2354/2393 1097/2353/2392
f 1097/2353/2392 1096/2355/2394 1094/2356/2395
f 1096/2355/2394 1092/2357/2394 1094/2356/2395
f 1072/2358/2396 1079/2359/2397 1094/2356/2395
f 1094/2356/2395 1093/2360/2398 1072/2358/2396
f 1085/2271/2306 1078/2350/2399 1086/2272/2307
f 1088/2270/2305 1087/2361/2400 1077/2362/2401
f 1077/2362/2401 1084/1872/2402 1088/2270/2305
f 1076/1873/2403 1102/2363/2404 1104/2364/2405
f 1104/2364/2405 1103/2365/2406 1075/1963/2407
f 1075/1963/2407 1082/2366/2408 1104/2364/2405
f 1081/1962/2409 1074/1964/2410 1101/2367/2411
f 1074/1964/2410 1098/2368/2412 1101/2367/2411
f 1073/2352/2413 1080/2351/2414 1100/2369/2415
f 1100/2369/2415 1099/2370/2416 1073/2352/2413
f 1122/2371/2329 1105/2372/2417 1124/2291/2330
f 1105/2372/2417 1112/2373/2418 1124/2291/2330
f 1112/2373/2418 1118/2374/2419 1124/2291/2330
f 1118/2374/2419 1111/2289/2328 1124/2291/2330
f 1128/2375/2420 1106/2376/2421 1130/2377/2422
f 1047/2143/2423 1064/2259/2293 1040/2258/2292
f 1112/2378/2424 1105/2379/2425 1127/2380/2426
f 1105/2379/2425 1126/2381/2420 1127/2380/2426
f 1127/2380/2426 1125/2382/2420 1129/2383/2420
f 1127/2380/2426 1129/2383/2420 1130/2377/2422
f 1117/2293/2427 1110/2384/2428 1121/2385/2429
f 1110/2384/2428 1120/2386/2430 1121/2385/2429
f 1135/2387/2337 1109/2292/2431 1137/2138/2175
f 1104/2364/2405 1083/1874/2432 1076/1873/2403
f 1115/1853/2177 1108/1852/2336 1137/2138/2175
f 1131/2388/2433 1107/2389/2434 1134/2390/2435
f 1107/2389/2434 1114/1851/2326 1134/2390/2435
f 1113/2288/2327 1106/2376/2436 1133/2287/2325
f 1106/2376/2436 1132/2391/2437 1133/2287/2325
f 1226/2392/2438 1258/2303/2438 1225/2393/2438
f 1007/2338/2439 1062/1981/2440 1029/2394/2441
f 1074/2395/2442 1108/2396/2442 1107/2397/2442
f 1151/2398/2443 1145/2296/2444 1157/2399/2445
f 1241/2400/2446 1249/2401/2446 1248/2402/2446
f 1240/2403/2447 1246/2300/2447 1239/2404/2447
f 891/2405/2448 911/2284/2321 910/2406/2449
f 976/2407/2450 944/2408/2450 977/2409/2450
f 1119/2410/2451 1118/2374/2452 1117/2293/2427
f 1000/2131/2166 981/2130/2163 980/1945/2164
f 1177/2411/2453 1189/2412/2454 1190/2413/2455
f 976/2122/2456 984/2117/2456 983/2281/2456
f 981/2130/2457 975/2011/2457 982/2126/2457
f 1130/2377/2422 1113/2288/2458 1112/2378/2424
f 1152/2414/2459 1151/2398/2460 1144/2415/2461
f 1174/1880/2462 1202/2416/2463 1203/1971/2024
f 939/2417/2464 989/2199/2465 956/2418/2466
f 940/2419/2467 995/2420/2468 962/2421/2469
f 941/2077/2470 998/2328/2361 965/2422/2471
f 943/2423/2472 1002/2424/2473 969/2425/2474
f 905/2153/2475 923/1806/2476 904/2426/2477
f 945/2427/2478 986/2428/2479 953/2429/2480
f 1214/2430/2481 1246/2431/2482 1247/2432/2481
f 1178/2433/2483 1146/2313/2351 1145/2187/2218
f 1047/2321/2355 1013/2434/2352 1046/2317/2352
f 1080/2351/2390 1094/2356/2395 1079/2359/2397
f 1183/2435/2216 1151/2188/2219 1150/2185/2216
f 1249/2436/2484 1215/2437/2485 1248/2438/2485
f 1022/2439/2486 1053/2020/2064 1055/2440/2486
f 944/2408/2487 987/2308/2488 977/2409/2489
f 1054/2330/2490 1022/2439/2490 1055/2440/2490
f 945/2441/2491 990/2171/2492 978/2442/2493
f 1091/2443/2494 1123/2444/2494 1090/2445/2494
f 1226/2392/2495 1257/2060/2495 1259/2446/2495
f 939/2417/2496 993/2207/2497 972/2447/2498
f 1028/1969/2499 1059/2337/2499 1061/1970/2499
f 964/2448/2500 995/2420/2500 997/2449/2500
f 992/2301/2501 963/2450/2501 996/2451/2501
f 940/2419/2502 999/2452/2503 973/2453/2504
f 1034/1930/2505 1066/2339/2375 1033/2454/2506
f 1154/1978/2507 1185/2195/2227 1187/1979/2507
f 1104/2455/2508 1135/2456/2509 1137/2457/2508
f 942/2075/2510 1003/2458/2511 975/2459/2512
f 1136/2460/2513 1104/2455/2513 1137/2457/2513
f 1145/2296/2444 1138/2461/2514 1157/2399/2445
f 1138/2461/2514 1155/2462/2515 1157/2399/2445
f 1157/2399/2445 1156/2463/2516 1144/2415/2517
f 1144/2415/2517 1151/2398/2443 1157/2399/2445
f 1146/2294/2332 1139/2464/2518 1163/2465/2519
f 1139/2464/2518 1161/2466/2520 1163/2465/2519
f 1163/2465/2519 1162/2467/2521 1160/2295/2333
f 1162/2467/2521 1158/2468/2521 1160/2295/2333
f 1138/2461/2522 1145/2296/2334 1160/2295/2333
f 1160/2295/2333 1159/2469/2523 1138/2461/2522
f 1154/2470/2524 1153/2471/2525 1143/2472/2526
f 1143/2472/2526 1150/1885/2527 1154/2470/2524
f 1142/1886/2011 1168/2473/2528 1170/1956/2009
f 1170/1956/2009 1169/2474/2529 1141/1989/2530
f 1141/1989/2530 1148/2475/2531 1170/1956/2009
f 1147/2476/2532 1140/2477/2533 1167/2478/2534
f 1140/2477/2533 1164/2479/2535 1167/2478/2534
f 1139/2464/2536 1146/2294/2537 1166/2480/2538
f 1166/2480/2538 1165/2481/2539 1139/2464/2536
f 1188/2482/2454 1171/2483/2540 1190/2413/2455
f 1171/2483/2540 1178/2484/2541 1190/2413/2455
f 1178/2484/2541 1184/1948/2542 1190/2413/2455
f 1184/1948/2542 1177/2411/2453 1190/2413/2455
f 1194/2485/2543 1172/2286/2324 1196/2285/2323
f 1178/2484/2544 1171/2483/2545 1193/2486/2546
f 1171/2483/2545 1192/2487/2543 1193/2486/2546
f 1193/2486/2546 1191/2488/2543 1195/2489/2543
f 1193/2486/2546 1195/2489/2543 1196/2285/2323
f 1055/2266/2302 1052/2256/2299 1051/2150/2300
f 1183/1949/2002 1176/2490/2547 1187/2491/2548
f 1176/2490/2547 1186/2492/2549 1187/2491/2548
f 1201/2493/2463 1175/2005/2550 1203/1971/2024
f 1181/1881/2026 1174/1880/2462 1203/1971/2024
f 1197/2494/2551 1173/2495/2552 1200/2496/2553
f 1173/2495/2552 1180/1997/2042 1200/2496/2553
f 1179/1998/2043 1172/2286/2554 1199/1996/2041
f 1172/2286/2554 1198/2497/2551 1199/1996/2041
f 1076/2498/2555 1110/2499/2555 1109/2500/2555
f 1217/2009/2556 1211/2008/2557 1223/2501/2558
f 1234/2502/2559 1215/2503/2560 1208/2504/2561
f 1217/2505/2562 1249/2436/2484 1250/2506/2562
f 948/1857/2132 967/2099/2138 947/2082/2137
f 891/2405/2448 922/2154/2563 903/2507/2564
f 947/2082/2112 961/2087/2117 946/1985/2120
f 1247/1955/2008 1269/2508/2565 1267/1953/2006
f 938/1918/1973 934/1921/1976 937/1924/1978
f 1091/2443/2566 1122/2509/2566 1124/2510/2566
f 1003/2458/2567 971/2511/2567 1004/2512/2568
f 1075/2513/2569 1136/2460/2570 1108/2396/2571
f 996/2451/2572 964/2448/2572 997/2449/2572
f 1078/2514/2573 1119/2048/2084 1086/2515/2574
f 1163/2054/2575 1194/2213/2575 1196/2055/2575
f 889/2516/2576 913/1913/2576 930/1912/2576
f 1050/2517/2214 1018/2324/2357 1017/2518/2214
f 1215/2519/2485 1247/2432/2481 1248/2520/2485
f 1212/2521/2577 1244/2522/2578 1245/2523/2577
f 1244/2522/2578 1217/2505/2562 1250/2506/2562
f 1213/2524/2482 1245/2523/2577 1246/2431/2482
f 1049/2183/2215 1015/2322/2356 1048/2525/2356
f 1073/2526/2579 1128/2206/2580 1095/2527/2581
f 1101/2528/2582 1131/2529/2583 1134/2069/2101
f 1074/2395/2584 1131/2529/2583 1098/2530/2585
f 934/2531/2586 894/2532/2586 893/2533/2586
f 1120/2534/2587 1088/2047/2587 1121/2049/2587
f 1081/1962/2409 1100/2369/2415 1080/2351/2414
f 908/1836/2588 925/2535/2588 927/2536/2588
f 1078/2514/2589 1123/2444/2590 1111/2537/2591
f 1192/2277/2592 1160/2056/2592 1193/2058/2592
f 1076/2498/2593 1135/2456/2509 1102/2538/2594
f 890/1805/1881 925/2535/2595 906/2539/2596
f 971/2511/2597 1002/2424/2473 1004/2512/2597
f 1073/2526/2598 1132/2160/2198 1106/2540/2599
f 1208/2541/2600 1242/1940/2600 1241/2542/2600
f 967/1845/2601 999/2452/2503 966/2543/2602
f 1077/2544/2603 1120/2534/2604 1110/2499/2605
f 1211/2008/2557 1204/2545/2606 1223/2501/2558
f 1204/2545/2606 1221/2546/2607 1223/2501/2558
f 1223/2501/2558 1222/2547/2608 1210/2548/2609
f 1210/2548/2609 1217/2009/2556 1223/2501/2558
f 1205/2549/2610 1227/2550/2611 1229/2007/2050
f 1229/2007/2050 1228/2551/2612 1226/2552/2613
f 1228/2551/2612 1224/2553/2612 1226/2552/2613
f 1204/2545/2614 1211/2008/2051 1226/2552/2613
f 1226/2552/2613 1225/2554/2615 1204/2545/2614
f 1220/2555/2616 1219/2556/2617 1209/2557/2618
f 1209/2557/2618 1216/1848/2054 1220/2555/2616
f 1072/2558/2619 1122/2509/2620 1089/2559/2621
f 1234/2502/2559 1236/2560/2622 1214/1835/2623
f 1213/1834/2194 1206/2561/2624 1233/2158/2195
f 1206/2561/2624 1230/2562/2625 1233/2158/2195
f 1205/2549/2626 1212/2006/2627 1232/2157/2193
f 1232/2157/2193 1231/2563/2628 1205/2549/2626
f 1243/2564/2629 1255/2565/2630 1250/1965/2631
f 1260/2566/2632 1238/2109/2148 1262/2108/2147
f 1244/2567/2633 1237/2568/2634 1259/2569/2635
f 1237/2568/2634 1258/2570/2632 1259/2569/2635
f 1259/2569/2635 1257/2571/2632 1261/2572/2632
f 1259/2569/2635 1261/2572/2632 1262/2108/2147
f 1251/1967/2022 1243/2564/2636 1250/1965/2020
f 1253/1966/2021 1249/2401/2637 1252/2573/2638
f 1263/2574/2639 1239/2404/2640 1266/2575/2641
f 1239/2404/2640 1246/2300/2339 1266/2575/2641
f 1245/2107/2340 1238/2109/2642 1265/2299/2338
f 1238/2109/2642 1264/2576/2639 1265/2299/2338
f 955/2309/2643 986/2428/2479 988/2310/2643
f 1147/2476/2532 1166/2480/2538 1146/2294/2537
f 1268/2577/2644 1269/2508/2565 1247/1955/2008
f 1240/2403/2007 1268/2577/2644 1247/1955/2008
f 1235/2578/2645 1207/1833/2646 1214/1835/2623
f 1236/2560/2622 1235/2578/2645 1214/1835/2623
f 1249/2401/2637 1242/2579/2636 1252/2573/2638
f 1255/2565/2630 1256/2580/2647 1250/1965/2631
f 1237/2568/2648 1250/1965/2631 1256/2580/2647
f 1256/2580/2647 1254/2581/2649 1237/2568/2648
f 1237/2568/2648 1244/2567/2629 1250/1965/2631
f 898/1839/2650 916/1843/2650 897/2582/2650
f 1046/2255/2294 1061/2260/2296 1064/2259/2293
f 930/1912/1968 916/1914/1969 917/1973/2027
f 932/1856/1929 898/1884/1938 897/1868/1927
f 1178/2484/2544 1193/2486/2546 1196/2285/2323
f 953/2141/2179 955/2090/2122 951/2002/2125
f 1005/2104/2143 978/1999/2044 991/2001/2046
f 1117/2293/2427 1121/2385/2429 1119/2410/2451
f 1244/2567/2633 1259/2569/2635 1262/2108/2147
f 1229/2007/2050 1226/2552/2613 1211/2008/2051
f 1218/2010/2053 1220/2555/2616 1216/1848/2054
f 1112/2378/2424 1127/2380/2426 1130/2377/2422
f 1183/1949/2002 1187/2491/2548 1185/1947/2000
f 1152/2414/2459 1154/2470/2524 1150/1885/2527
f 979/1946/1999 994/2110/2150 997/1944/1997
f 896/1952/2651 918/1840/2651 899/2583/2651
f 890/1805/1881 904/2426/2652 923/1806/1882
f 1204/1818/1894 1237/2304/2240 1254/1819/1895
f 921/1823/1899 920/2283/1900 901/1824/1900
f 1048/1826/1901 1041/2274/1901 1042/1827/1901
f 1092/1829/1902 1096/2584/1902 1129/1830/1902
f 900/1832/1903 919/1961/1903 921/1823/1904
f 1207/1833/1905 1206/2561/1905 1213/1834/1905
f 908/1836/1906 927/2536/1906 926/1837/1906
f 898/1839/1907 899/2583/1907 918/1840/1907
f 894/1842/1908 897/2582/2653 916/1843/1909
f 967/1845/1911 968/2327/2360 1001/1846/1912
f 1216/1848/1913 1209/2557/1913 1208/1849/1913
f 1114/1851/1914 1107/2389/1914 1108/1852/1914
f 938/1854/1915 890/1910/2654 906/1855/1916
f 948/1857/1918 949/2096/1918 942/1858/1918
f 1014/1860/1919 1031/2236/2265 1028/1861/1920
f 1072/1863/1922 1093/2585/2655 1126/1864/1923
f 897/1868/1927 894/2532/2656 933/1869/1928
f 1084/1872/1931 1077/2362/1931 1076/1873/1931
f 1254/1819/1932 1256/2586/1932 1223/1875/1932
f 1180/1879/1936 1173/2587/1936 1174/1880/1936
f 1150/1885/1939 1143/2472/1939 1142/1886/1939
f 1071/1907/1959 1043/2269/2304 1050/1908/1960
f 1170/1927/1982 1168/2230/2259 1201/1928/1983
f 1034/1930/1984 1035/2071/2102 1068/1931/1985
f 1202/1933/1986 1169/2588/1986 1170/1927/1986
f 1015/1934/1987 1035/2250/2284 1034/1935/1988
f 1223/1875/1990 1256/2586/1990 1255/1936/1990
f 1209/1938/1991 1219/2169/2657 1252/1939/1992
f 1166/1941/1994 1199/2344/1994 1198/1942/1995
f 997/1944/1997 973/2106/2145 980/1945/1998
f 1185/1947/2000 1177/2411/2001 1184/1948/2001
f 895/1950/2003 914/1987/2037 915/1951/2004
f 1267/1953/2006 1241/2589/2007 1248/1954/2007
f 1170/1956/2009 1148/2475/2531 1149/1887/2010
f 888/1810/2012 910/1809/2013 911/1871/2013
f 1025/1957/2015 1058/2198/2015 1057/1958/2015
f 893/1960/2016 912/2590/2039 919/1961/2017
f 1081/1962/2019 1082/2366/2019 1075/1963/2019
f 1250/1965/2020 1249/2401/2637 1253/1966/2021
f 1060/1968/2023 1027/2591/2023 1028/1969/2023
f 1203/1971/2024 1175/2005/2550 1182/1972/2025
f 917/1973/2027 918/1915/1970 931/1904/1967
f 928/1974/2028 909/1983/2658 923/1901/1954
f 936/1975/2029 935/1866/2029 892/1889/2029
f 1186/1977/2030 1153/2592/2030 1154/1978/2030
f 1031/1980/2031 1029/2394/2031 1062/1981/2031
f 928/1974/1957 931/1904/1957 925/1926/1981
f 936/1975/2032 891/1976/2659 903/1899/1951
f 895/1950/2003 907/1838/2660 926/1837/2036
f 1147/1988/2038 1148/2475/2038 1141/1989/2038
f 893/1991/2016 894/1842/1908 913/1844/1910
f 1010/1993/2040 1011/2329/2040 1044/1994/2040
f 1199/1996/2041 1200/2496/2553 1180/1997/2042
f 951/2002/2047 944/2092/2047 943/2003/2047
f 1175/2005/2048 1176/2490/2048 1183/1949/2048
f 1212/2006/2049 1205/2549/2610 1229/2007/2050
f 1217/2009/2052 1210/2548/2661 1218/2010/2053
f 1126/1864/2058 1093/2585/2058 1094/2014/2058
f 1006/2016/2059 1027/2591/2662 1060/1968/2060
f 1063/2018/2062 1030/2593/2062 1031/1980/2062
f 1012/2019/2063 1045/2062/2663 1053/2020/2064
f 1157/2022/2066 1190/2332/2066 1189/2023/2066
f 982/2025/2067 983/2152/2068 950/2026/2068
f 1116/2028/2070 1083/2320/2070 1082/2029/2071
f 981/2031/2072 948/2137/2072 947/2032/2073
f 1181/2034/2074 1182/2184/2075 1149/2035/2075
f 979/2037/2076 980/2033/2073 947/2032/2073
f 984/2039/2078 985/2594/2079 952/2040/2079
f 985/2042/2079 979/2037/2076 946/2038/2077
f 1205/2044/2080 1238/2074/2346 1260/2045/2081
f 1088/2047/2083 1086/2515/2574 1119/2048/2084
f 887/1894/1946 929/1896/1948 930/1898/1950
f 1206/2050/2085 1239/2595/2106 1263/2051/2086
f 1094/2014/2088 1092/1829/2088 1125/1831/2088
f 1195/2053/2089 1162/2159/2089 1163/2054/2090
f 1160/2056/2091 1158/2596/2091 1191/2057/2091
f 1228/2059/2092 1261/2335/2092 1257/2060/2092
f 1012/2019/2093 1024/1959/2664 1057/1958/2094
f 1010/2063/2096 1043/2597/2367 1069/2064/2097
f 1240/2066/2099 1239/2595/2099 1206/2050/2099
f 1100/2068/2100 1101/2528/2582 1134/2069/2101
f 1035/2071/2102 1032/2346/2384 1065/2072/2103
f 1205/2044/2104 1231/2302/2343 1264/2073/2105
f 942/2075/2107 975/2459/2107 974/2076/2107
f 1245/2107/2146 1244/2567/2633 1262/2108/2147
f 1018/2123/2158 1011/2244/2158 1010/2124/2158
f 1207/2067/2167 1235/2165/2665 1268/2133/2168
f 971/2094/2128 949/2096/2131 950/2004/2174
f 981/2031/2072 982/2025/2067 949/2027/2069
f 1137/2138/2175 1109/2292/2431 1116/2139/2176
f 952/2140/2178 945/2598/2666 953/2141/2179
f 1067/2142/2180 1068/2275/2310 1048/1826/2181
f 1015/1934/2186 1016/2249/2186 1009/2147/2186
f 1043/2149/2187 1044/2265/2187 1051/2150/2187
f 983/2152/2068 984/2039/2078 951/2041/2078
f 905/2153/2188 903/2507/2667 922/2154/2189
f 1232/2157/2193 1212/2006/2627 1213/1834/2194
f 1191/2057/2196 1158/2596/2196 1162/2159/2196
f 1100/2068/2197 1133/2070/2197 1132/2160/2198
f 1141/2162/2200 1169/2588/2668 1202/1933/2201
f 1236/2164/2203 1269/2599/2203 1268/2133/2203
f 1143/2166/2204 1153/2592/2669 1186/1977/2205
f 1220/2168/2207 1253/2600/2207 1252/1939/2207
f 958/2170/2208 991/2200/2208 990/2171/2208
f 1113/2173/2209 1080/2311/2209 1079/2174/2210
f 1118/2176/2211 1085/2190/2211 1084/2177/2212
f 1115/2030/2071 1082/2029/2071 1081/2179/2213
f 1050/2181/2214 1017/2601/2214 1016/2182/2215
f 1182/2184/2075 1183/2435/2216 1150/2185/2216
f 1184/2186/2217 1178/2433/2483 1145/2187/2218
f 1112/2189/2210 1079/2602/2210 1085/2190/2211
f 1144/2191/2220 1156/2024/2670 1189/2023/2221
f 1251/2193/2223 1253/2600/2224 1220/2168/2224
f 1144/2191/2226 1177/2192/2206 1185/2195/2227
f 1025/1957/2229 1023/2333/2230 1056/2197/2230
f 958/2170/2231 956/2418/2231 989/2199/2231
f 1138/2201/2232 1171/2278/2222 1188/2202/2233
f 1129/1830/2235 1096/2584/2235 1097/2204/2235
f 1097/2204/2236 1095/2527/2236 1128/2206/2236
f 993/2207/2237 960/2603/2237 961/2208/2237
f 1210/2210/2238 1222/1937/2671 1255/1936/2239
f 1139/2212/2241 1172/2326/2672 1194/2213/2242
f 1141/2162/2244 1174/2163/2244 1173/2215/2245
f 1232/2217/2246 1233/2220/2249 1266/2218/2247
f 1263/2051/2086 1266/2218/2247 1233/2220/2249
f 1140/2221/2250 1173/2604/2359 1197/2222/2251
f 1009/2224/2253 1042/2331/2253 1041/2225/2254
f 1267/2227/2255 1269/2599/2256 1236/2164/2256
f 1142/2229/2258 1175/2342/2202 1201/1928/1983
f 1088/2270/2305 1084/1872/2402 1085/2271/2306
f 1138/2201/2312 1159/2605/2673 1192/2277/2313
f 1004/2013/2057 976/2122/2157 983/2281/2318
f 892/2282/2319 901/1824/2674 920/2283/2320
f 1179/1998/2322 1178/2484/2544 1196/2285/2323
f 988/2119/2155 986/2114/2151 985/2134/2170
f 1022/2242/2273 1018/2123/2276 1019/2135/2270
f 1133/2287/2325 1134/2390/2435 1114/1851/2326
f 1109/2292/2331 1110/2384/2331 1117/2293/2331
f 1146/2294/2332 1163/2465/2519 1160/2295/2333
f 1038/2247/2279 1016/2249/2282 1017/2297/2335
f 1265/2299/2338 1266/2575/2641 1246/2300/2339
f 961/2208/2341 959/2606/2341 992/2301/2341
f 1232/2217/2342 1265/2219/2342 1264/2073/2105
f 1204/1818/2344 1225/2393/2675 1258/2303/2345
f 1070/2305/2347 1037/2607/2347 1038/2306/2347
f 1210/2210/2348 1243/2211/2676 1251/2193/2223
f 987/2308/2349 954/2608/2349 955/2309/2349
f 1113/2173/2209 1114/2180/2213 1081/2179/2213
f 1180/2312/2350 1147/2609/2350 1146/2313/2351
f 1180/2315/2350 1181/2034/2074 1148/2036/2074
f 1046/2317/2352 1013/2434/2352 1019/2318/2353
f 1116/2028/2070 1117/2178/2212 1084/2177/2212
f 1047/2321/2355 1048/2525/2356 1015/2322/2356
f 1052/2319/2354 1019/2318/2353 1018/2324/2357
f 1139/2212/2358 1165/1943/1996 1198/1942/1995
f 968/2327/2360 965/2422/2471 998/2328/2361
f 1011/2329/2362 1021/2610/2677 1054/2330/2363
f 1009/2224/2365 1037/2607/2678 1070/2305/2366
f 1157/2022/2368 1155/2203/2368 1188/2202/2368
f 1006/2016/2369 1039/2017/2095 1056/2197/2370
f 1229/2334/2372 1262/2611/2372 1261/2335/2372
f 1026/2336/2373 1030/2593/2373 1063/2018/2373
f 1007/2338/2374 1033/2454/2506 1066/2339/2375
f 1260/2045/2377 1262/2611/2377 1229/2334/2377
f 1208/2341/2378 1241/2612/2169 1267/2227/2255
f 1175/2342/2379 1142/2229/2379 1143/2166/2379
f 1166/1941/2380 1167/2345/2382 1200/2343/2381
f 1167/2345/2382 1164/2223/2252 1197/2222/2251
f 1008/2226/2383 1041/2225/2679 1065/2072/2103
f 1038/2306/2385 1036/2065/2098 1069/2064/2097
f 1047/2143/2423 1046/2255/2294 1064/2259/2293
f 1104/2364/2405 1082/2366/2408 1083/1874/2432
f 1226/2392/2438 1259/2446/2438 1258/2303/2438
f 1007/2338/2439 1040/2340/2061 1062/1981/2440
f 1074/2395/2442 1075/2513/2442 1108/2396/2442
f 1241/2400/2446 1242/2579/2446 1249/2401/2446
f 1240/2403/2447 1247/1955/2447 1246/2300/2447
f 891/2405/2448 892/2282/2319 911/2284/2321
f 976/2407/2450 943/2423/2450 944/2408/2450
f 1119/2410/2451 1111/2289/2452 1118/2374/2452
f 1000/2131/2166 1001/2129/2162 981/2130/2163
f 976/2122/2456 977/2118/2456 984/2117/2456
f 981/2130/2457 974/2128/2457 975/2011/2457
f 1130/2377/2422 1106/2376/2421 1113/2288/2458
f 1152/2414/2459 1150/1885/2527 1151/2398/2460
f 939/2417/2464 972/2447/2493 989/2199/2465
f 940/2419/2467 973/2453/2498 995/2420/2468
f 941/2077/2470 974/2076/2504 998/2328/2361
f 943/2423/2472 976/2407/2512 1002/2424/2473
f 905/2153/2475 924/2155/2680 923/1806/2476
f 945/2427/2478 978/2613/2681 986/2428/2479
f 1214/2430/2481 1213/2524/2482 1246/2431/2482
f 1178/2433/2483 1179/2314/2351 1146/2313/2351
f 1047/2321/2355 1014/2323/2355 1013/2434/2352
f 1080/2351/2390 1097/2353/2392 1094/2356/2395
f 1183/2435/2216 1184/2186/2217 1151/2188/2219
f 1249/2436/2484 1216/2614/2484 1215/2437/2485
f 1022/2439/2486 1020/2021/2065 1053/2020/2064
f 944/2408/2487 954/2608/2682 987/2308/2488
f 1054/2330/2490 1021/2610/2490 1022/2439/2490
f 945/2441/2491 957/2172/2683 990/2171/2492
f 1091/2443/2494 1124/2510/2494 1123/2444/2494
f 1226/2392/2495 1224/2061/2495 1257/2060/2495
f 939/2417/2496 960/2603/2684 993/2207/2497
f 1028/1969/2499 1026/2336/2499 1059/2337/2499
f 964/2448/2500 962/2421/2500 995/2420/2500
f 992/2301/2501 959/2606/2501 963/2450/2501
f 940/2419/2502 966/2543/2602 999/2452/2503
f 1034/1930/2505 1067/1932/2505 1066/2339/2375
f 1154/1978/2507 1152/2196/2228 1185/2195/2227
f 1104/2455/2508 1102/2538/2594 1135/2456/2509
f 942/2075/2510 970/2615/2685 1003/2458/2511
f 1136/2460/2513 1103/2616/2513 1104/2455/2513
f 1055/2266/2302 1053/2264/2297 1052/2256/2299
f 1076/2498/2555 1077/2544/2555 1110/2499/2555
f 1234/2502/2559 1214/1835/2623 1215/2503/2560
f 1217/2505/2562 1216/2614/2484 1249/2436/2484
f 948/1857/2132 968/2097/2134 967/2099/2138
f 891/2405/2448 910/2406/2449 922/2154/2563
f 947/2082/2112 964/2084/2114 961/2087/2117
f 938/1918/1973 933/1920/1975 934/1921/1976
f 1091/2443/2566 1089/2559/2566 1122/2509/2566
f 1003/2458/2567 970/2615/2567 971/2511/2567
f 1075/2513/2569 1103/2616/2686 1136/2460/2570
f 996/2451/2572 963/2450/2572 964/2448/2572
f 1078/2514/2573 1111/2537/2605 1119/2048/2084
f 1163/2054/2575 1161/2214/2575 1194/2213/2575
f 889/2516/2576 912/2617/2576 913/1913/2576
f 1050/2517/2214 1051/2325/2357 1018/2324/2357
f 1215/2519/2485 1214/2430/2481 1247/2432/2481
f 1212/2521/2577 1211/2618/2578 1244/2522/2578
f 1244/2522/2578 1211/2618/2578 1217/2505/2562
f 1213/2524/2482 1212/2521/2577 1245/2523/2577
f 1049/2183/2215 1016/2182/2215 1015/2322/2356
f 1073/2526/2579 1106/2540/1924 1128/2206/2580
f 1101/2528/2582 1098/2530/2585 1131/2529/2583
f 1074/2395/2584 1107/2397/2599 1131/2529/2583
f 934/2531/2586 933/1869/2586 894/2532/2586
f 1120/2534/2587 1087/2619/2587 1088/2047/2587
f 1081/1962/2409 1101/2367/2411 1100/2369/2415
f 908/1836/2588 906/2539/2588 925/2535/2588
f 1078/2514/2589 1090/2445/2687 1123/2444/2590
f 1192/2277/2592 1159/2605/2592 1160/2056/2592
f 1076/2498/2593 1109/2500/2571 1135/2456/2509
f 890/1805/1881 909/1807/1883 925/2535/2595
f 971/2511/2597 969/2425/2474 1002/2424/2473
f 1073/2526/2598 1099/2161/2199 1132/2160/2198
f 1208/2541/2600 1209/1938/2600 1242/1940/2600
f 967/1845/2601 1000/1847/2601 999/2452/2503
f 1077/2544/2603 1087/2619/2688 1120/2534/2604
f 1072/2558/2619 1105/2620/2591 1122/2509/2620
f 955/2309/2643 953/2429/2480 986/2428/2479
f 1147/2476/2532 1167/2478/2534 1166/2480/2538
f 898/1839/2650 917/1841/2650 916/1843/2650
f 896/1952/2651 915/1951/2651 918/1840/2651
f 1317/2621/2689 1327/2622/2689 1318/2623/2689
f 1321/2624/2690 1327/2625/2691 1329/2626/2692
f 1271/2627/2693 1288/2628/2693 1289/2629/2693
f 1324/2630/2694 1312/2631/2695 1310/2632/2696
f 1316/2633/2697 1328/2634/2698 1317/2621/2699
f 1318/2623/2700 1326/2635/2701 1319/2636/2700
f 1289/2629/2702 1286/2637/2702 1287/2638/2702
f 1279/2639/2703 1280/2640/2703 1278/2641/2703
f 1283/2642/2704 1280/2640/2704 1281/2643/2704
f 1275/2644/2705 1276/2645/2706 1274/2646/2706
f 1277/2647/2707 1278/2648/2707 1276/2645/2707
f 1285/2649/2708 1282/2650/2708 1283/2642/2708
f 1296/2651/2709 1285/2649/2709 1283/2642/2709
f 1287/2638/2710 1284/2652/2711 1285/2649/2712
f 1271/2627/2713 1272/2653/2713 1270/2654/2713
f 1307/2655/2714 1318/2623/2714 1308/2656/2714
f 1297/2657/2715 1287/2638/2710 1285/2649/2712
f 1305/2658/2716 1316/2633/2716 1306/2659/2716
f 1277/2647/2717 1294/2660/2717 1279/2661/2717
f 1271/2627/2718 1290/2662/2718 1273/2663/2718
f 1295/2664/2719 1283/2642/2719 1281/2643/2719
f 1309/2665/2720 1291/2666/2721 1299/2667/2722
f 1291/2666/2723 1300/2668/2724 1290/2662/2725
f 1289/2629/2726 1291/2666/2726 1271/2627/2726
f 1290/2662/2727 1302/2669/2728 1292/2670/2729
f 1308/2656/2730 1299/2667/2731 1298/2671/2732
f 1275/2644/2705 1293/2672/2733 1277/2647/2734
f 1315/2673/2735 1329/2674/2735 1316/2633/2735
f 1322/2675/2736 1314/2676/2737 1313/2677/2737
f 1314/2678/2738 1305/2658/2738 1304/2679/2738
f 1323/2680/2739 1313/2677/2739 1312/2631/2739
f 1272/2681/2740 1284/2682/2740 1288/2683/2740
f 1292/2670/2741 1303/2684/2742 1293/2672/2743
f 1311/2685/2744 1300/2668/2745 1301/2686/2746
f 1294/2687/2747 1281/2643/2747 1279/2639/2747
f 1321/2688/2748 1315/2673/2749 1314/2678/2749
f 1325/2689/2750 1310/2632/2751 1311/2685/2752
f 1294/2687/2753 1305/2658/2754 1295/2664/2755
f 1273/2663/2756 1292/2670/2756 1275/2644/2756
f 1306/2659/2757 1317/2621/2757 1307/2655/2757
f 1308/2656/2758 1319/2636/2758 1309/2665/2758
f 1309/2665/2759 1311/2685/2759 1301/2686/2759
f 1305/2658/2760 1296/2651/2761 1295/2664/2762
f 1298/2671/2763 1289/2629/2763 1287/2638/2763
f 1319/2636/2764 1325/2689/2765 1311/2685/2764
f 1275/2644/2766 1272/2653/2766 1273/2663/2766
f 1312/2631/2767 1303/2684/2742 1302/2669/2768
f 1307/2655/2769 1298/2671/2770 1297/2657/2771
f 1310/2632/2696 1302/2669/2772 1300/2668/2773
f 1306/2659/2774 1297/2657/2775 1296/2651/2776
f 1313/2677/2777 1304/2690/2777 1303/2684/2777
f 1293/2672/2778 1304/2690/2779 1294/2660/2778
f 1288/2683/2740 1270/2691/2740 1272/2681/2740
f 1272/2681/2740 1274/2692/2740 1276/2693/2740
f 1276/2693/2740 1278/2694/2740 1280/2695/2740
f 1280/2695/2740 1282/2696/2740 1284/2682/2740
f 1284/2682/2740 1286/2697/2740 1288/2683/2740
f 1276/2693/2740 1280/2695/2740 1284/2682/2740
f 1329/2626/2692 1320/2698/2780 1321/2624/2690
f 1321/2624/2690 1322/2699/2781 1323/2700/2782
f 1323/2700/2782 1324/2701/2783 1325/2702/2784
f 1325/2702/2784 1326/2703/2785 1327/2625/2691
f 1327/2625/2691 1328/2704/2786 1329/2626/2692
f 1323/2700/2782 1325/2702/2784 1327/2625/2691
f 1317/2621/2689 1328/2634/2787 1327/2622/2689
f 1321/2624/2690 1323/2700/2782 1327/2625/2691
f 1271/2627/2693 1270/2654/2693 1288/2628/2693
f 1324/2630/2694 1323/2680/2788 1312/2631/2695
f 1316/2633/2697 1329/2674/2698 1328/2634/2698
f 1318/2623/2700 1327/2622/2701 1326/2635/2701
f 1289/2629/2702 1288/2628/2702 1286/2637/2702
f 1279/2639/2703 1281/2643/2703 1280/2640/2703
f 1283/2642/2704 1282/2650/2704 1280/2640/2704
f 1275/2644/2705 1277/2647/2734 1276/2645/2706
f 1277/2647/2707 1279/2661/2707 1278/2648/2707
f 1285/2649/2708 1284/2652/2708 1282/2650/2708
f 1296/2651/2789 1297/2657/2789 1285/2649/2789
f 1287/2638/2710 1286/2637/2711 1284/2652/2711
f 1271/2627/2713 1273/2663/2713 1272/2653/2713
f 1307/2655/2790 1317/2621/2790 1318/2623/2790
f 1297/2657/2791 1298/2671/2791 1287/2638/2791
f 1305/2658/2792 1315/2673/2792 1316/2633/2792
f 1277/2647/2793 1293/2672/2793 1294/2660/2793
f 1271/2627/2794 1291/2666/2794 1290/2662/2794
f 1295/2664/2795 1296/2651/2795 1283/2642/2795
f 1309/2665/2720 1301/2686/2796 1291/2666/2721
f 1291/2666/2723 1301/2686/2797 1300/2668/2724
f 1289/2629/2798 1299/2667/2798 1291/2666/2798
f 1290/2662/2727 1300/2668/2799 1302/2669/2728
f 1308/2656/2730 1309/2665/2800 1299/2667/2731
f 1275/2644/2801 1292/2670/2801 1293/2672/2801
f 1315/2673/2735 1320/2705/2802 1329/2674/2735
f 1322/2675/2736 1321/2706/2736 1314/2676/2737
f 1314/2678/2803 1315/2673/2803 1305/2658/2803
f 1323/2680/2739 1322/2675/2739 1313/2677/2739
f 1272/2681/2740 1276/2693/2740 1284/2682/2740
f 1292/2670/2741 1302/2669/2768 1303/2684/2742
f 1311/2685/2744 1310/2632/2804 1300/2668/2745
f 1294/2687/2805 1295/2664/2805 1281/2643/2805
f 1321/2688/2748 1320/2705/2806 1315/2673/2749
f 1325/2689/2750 1324/2630/2807 1310/2632/2751
f 1294/2687/2753 1304/2679/2808 1305/2658/2754
f 1273/2663/2809 1290/2662/2809 1292/2670/2809
f 1306/2659/2810 1316/2633/2697 1317/2621/2699
f 1308/2656/2811 1318/2623/2811 1319/2636/2811
f 1309/2665/2812 1319/2636/2812 1311/2685/2812
f 1305/2658/2760 1306/2659/2813 1296/2651/2761
f 1298/2671/2814 1299/2667/2814 1289/2629/2814
f 1319/2636/2764 1326/2635/2815 1325/2689/2765
f 1275/2644/2816 1274/2646/2816 1272/2653/2816
f 1312/2631/2817 1313/2677/2817 1303/2684/2817
f 1307/2655/2769 1308/2656/2818 1298/2671/2770
f 1310/2632/2696 1312/2631/2695 1302/2669/2772
f 1306/2659/2774 1307/2655/2819 1297/2657/2775
f 1313/2677/2820 1314/2676/2820 1304/2690/2820
f 1293/2672/2778 1303/2684/2779 1304/2690/2779
o ThirdPine.003
v 37.672585 11.546294 -26.990982
v 37.669712 11.552279 -26.980671
v 37.689632 11.556809 -26.972084
v 37.647461 9.471740 -26.709101
v 36.876942 9.953945 -25.872435
v 37.304607 10.222149 -25.408285
v 37.990158 10.222417 -25.408800
v 38.417217 9.954818 -25.873142
v 38.264748 9.620856 -26.451620
v 38.315136 9.737670 -26.251062
v 38.374107 9.866852 -26.027311
v 38.306217 9.926680 -26.170921
v 38.297050 9.818253 -26.253983
v 37.902206 10.221737 -25.411055
v 37.534016 10.221737 -25.411055
v 37.701870 10.346862 -25.572001
v 37.002857 9.684414 -26.340967
v 37.177597 9.586617 -26.511206
v 37.116390 9.849367 -26.513252
v 37.671783 9.479974 -26.696962
v 37.799442 9.510713 -26.643721
v 37.711922 9.556019 -26.688728
v 37.647308 9.469062 -26.732410
v 36.856277 9.965024 -25.873379
v 37.295269 10.240261 -25.396654
v 37.999352 10.240261 -25.396654
v 38.438343 9.965024 -25.873379
v 38.281670 9.621808 -26.467848
v 38.336624 9.742192 -26.259335
v 38.395592 9.871374 -26.035585
v 38.327702 9.931202 -26.179195
v 38.318539 9.822775 -26.262257
v 37.902206 10.240261 -25.396654
v 37.534016 10.240261 -25.396654
v 37.701870 10.365385 -25.557600
v 36.981823 9.689999 -26.349737
v 37.168159 9.584436 -26.532576
v 37.099613 9.851325 -26.529537
v 37.681309 9.477249 -26.718229
v 37.808968 9.507988 -26.664989
v 37.721447 9.553293 -26.709997
v 37.683453 11.543525 -26.995581
v 37.677303 11.556945 -26.972246
v 37.697372 11.551914 -26.980417
v 37.694580 11.545982 -26.990910
v 37.689167 11.151779 -26.759304
v 37.691074 11.155781 -26.752193
v 37.685825 11.159098 -26.746552
v 37.677486 11.159195 -26.746689
v 37.672379 11.156057 -26.752394
v 37.674091 11.152070 -26.759584
v 37.681641 11.150147 -26.762453
v 39.111179 8.703855 -25.440653
v 38.620060 8.172637 -26.360750
v 37.483208 8.033413 -26.601892
v 36.556694 8.391022 -25.982496
v 36.538200 8.976176 -24.968979
v 37.441658 9.348244 -24.324539
v 38.586739 9.227049 -24.534454
v 37.671940 10.483754 -26.433928
v 37.652588 10.462821 -26.470186
v 37.607788 10.457335 -26.479689
v 37.571278 10.471427 -26.455280
v 37.570549 10.494486 -26.415340
v 37.606152 10.509147 -26.389948
v 37.651276 10.504371 -26.398218
v 38.425579 9.243535 -24.508533
v 37.608601 9.330004 -24.358767
v 37.793736 9.383348 -24.584803
v 38.795208 9.016479 -24.901806
v 38.702877 9.108590 -24.742266
v 38.560112 9.243073 -25.154654
v 38.903648 8.484509 -25.823206
v 38.942070 8.526068 -25.751225
v 38.714241 8.763973 -25.872248
v 38.717609 8.283283 -26.171740
v 38.787685 8.359077 -26.040461
v 38.693787 8.379279 -26.139492
v 37.794201 8.074363 -26.533600
v 38.347603 8.142135 -26.416216
v 38.141003 8.215395 -26.443703
v 37.957554 8.156798 -26.488602
v 36.545231 8.860837 -25.171387
v 36.553616 8.595567 -25.630848
v 36.641953 8.794023 -25.516298
v 39.133804 8.724808 -25.452337
v 38.634449 8.184677 -26.387871
v 37.478523 8.043118 -26.633060
v 36.536465 8.406726 -26.003271
v 36.517662 9.001698 -24.972750
v 37.436272 9.380007 -24.317497
v 38.600567 9.256779 -24.530935
v 37.700924 10.500673 -26.443167
v 37.671017 10.468323 -26.499199
v 37.601784 10.459845 -26.513884
v 37.545364 10.481623 -26.476164
v 37.544235 10.517257 -26.414444
v 37.599255 10.539914 -26.375198
v 37.668987 10.532534 -26.387983
v 38.430492 9.274780 -24.499758
v 37.613514 9.361248 -24.349991
v 37.798653 9.414594 -24.576027
v 38.816429 9.041430 -24.903931
v 38.724098 9.133541 -24.744390
v 38.581333 9.268023 -25.156776
v 38.925194 8.499163 -25.843166
v 38.963615 8.540721 -25.771185
v 38.735786 8.778625 -25.892208
v 38.739159 8.297935 -26.191700
v 38.809231 8.373731 -26.060421
v 38.715332 8.393933 -26.159452
v 37.799847 8.082468 -26.564901
v 38.353249 8.150240 -26.447517
v 38.146652 8.223500 -26.475006
v 37.963200 8.164903 -26.519905
v 36.521500 8.880282 -25.183046
v 36.529881 8.615012 -25.642509
v 36.618217 8.813468 -25.527958
v 38.083015 9.965543 -25.562645
v 37.577400 3.902853 -24.795223
v 36.285625 4.213895 -24.256481
v 35.966583 4.912803 -23.045938
v 36.860519 5.473283 -22.075157
v 38.294281 5.473283 -22.075157
v 39.188217 4.912803 -23.045938
v 38.869175 4.213895 -24.256481
v 37.602333 6.453967 -24.438490
v 37.491844 6.480571 -24.392410
v 37.464554 6.540350 -24.288868
v 37.541016 6.588289 -24.205835
v 37.663651 6.588289 -24.205835
v 37.740108 6.540350 -24.288868
v 37.712822 6.480571 -24.392410
v 38.910042 4.313752 -24.086668
v 39.137569 4.812182 -23.223360
v 38.926987 4.869321 -23.514294
v 38.346523 4.091625 -24.471403
v 38.573849 4.146362 -24.376595
v 38.221699 4.578701 -24.417910
v 37.041218 4.035536 -24.568552
v 37.142231 4.011213 -24.610680
v 37.163956 4.433177 -24.532543
v 36.552101 4.153309 -24.364563
v 36.736332 4.108948 -24.441399
v 36.645519 4.238217 -24.381599
v 36.058006 4.722861 -23.378069
v 36.213245 4.382792 -23.967089
v 36.232944 4.590984 -23.795511
v 36.153019 4.673935 -23.582544
v 38.008629 5.472647 -22.079403
v 37.358936 5.472647 -22.079403
v 37.600163 5.538167 -22.246542
v 37.577400 3.914134 -24.832905
v 36.264523 4.230258 -24.285362
v 35.940269 4.940583 -23.055042
v 36.848808 5.510220 -22.068401
v 38.305992 5.510220 -22.068401
v 39.214535 4.940583 -23.055042
v 38.890278 4.230258 -24.285362
v 37.602333 6.459805 -24.530855
v 37.431583 6.500918 -24.459646
v 37.389416 6.593300 -24.299635
v 37.507576 6.667384 -24.171316
v 37.697090 6.667384 -24.171316
v 37.815250 6.593300 -24.299635
v 37.773079 6.500918 -24.459646
v 38.937645 4.334018 -24.105644
v 39.165173 4.832449 -23.242336
v 38.954590 4.889588 -23.533268
v 38.358810 4.102287 -24.507013
v 38.586136 4.157024 -24.412207
v 38.233982 4.589363 -24.453520
v 37.028934 4.046198 -24.604162
v 37.129948 4.021874 -24.646292
v 37.151669 4.443839 -24.568155
v 36.539818 4.163971 -24.400175
v 36.724049 4.119610 -24.477009
v 36.633232 4.248878 -24.417212
v 36.030403 4.743128 -23.397045
v 36.185642 4.403058 -23.986065
v 36.205341 4.611251 -23.814487
v 36.125416 4.694201 -23.601519
v 38.008629 5.510220 -22.068401
v 37.358936 5.510220 -22.068401
v 37.600163 5.575741 -22.235540
v 38.280472 6.637611 -22.622887
v 39.165550 6.131624 -23.499283
v 38.926189 5.470155 -24.644981
v 37.742638 5.151305 -25.197247
v 36.506134 5.415174 -24.740210
v 36.147785 6.063065 -23.618032
v 36.937443 6.607100 -22.675735
v 37.649502 7.700624 -24.842308
v 37.718056 7.661432 -24.910189
v 37.699516 7.610198 -24.998928
v 37.607841 7.585502 -25.041704
v 37.512070 7.605940 -25.006304
v 37.484314 7.656122 -24.919388
v 37.545479 7.698260 -24.846401
v 36.829369 6.530810 -22.810692
v 36.266605 6.143092 -23.482241
v 36.530258 6.358827 -23.473930
v 37.479282 6.618836 -22.658228
v 37.243099 6.613470 -22.667522
v 37.480240 6.791574 -23.099438
v 38.646385 6.426922 -22.990633
v 38.577221 6.466463 -22.922146
v 38.456001 6.615228 -23.276112
v 38.981277 6.235467 -23.322243
v 38.855137 6.307580 -23.197338
v 38.890583 6.307296 -23.351603
v 38.988365 5.653273 -24.330631
v 39.104752 5.974906 -23.773546
v 38.994831 5.946341 -24.000149
v 38.980618 5.806176 -24.177990
v 36.754150 5.365419 -24.829210
v 37.314072 5.245932 -25.036167
v 37.147369 5.452417 -24.941481
v 38.289986 6.671001 -22.616428
v 39.188908 6.157099 -23.506533
v 38.945805 5.485283 -24.670153
v 37.743740 5.161447 -25.231054
v 36.487892 5.429443 -24.766870
v 36.123940 6.087467 -23.627138
v 36.925945 6.640013 -22.670101
v 37.675190 7.768399 -24.811935
v 37.781132 7.707834 -24.916836
v 37.752480 7.628658 -25.053972
v 37.610813 7.590493 -25.120077
v 37.462807 7.622077 -25.065372
v 37.419914 7.699627 -24.931051
v 37.514435 7.764747 -24.818260
v 36.808796 6.559300 -22.809900
v 36.246029 6.171582 -23.481447
v 36.509686 6.387317 -23.473139
v 37.478127 6.652557 -22.648375
v 37.241943 6.647192 -22.657667
v 37.479088 6.825296 -23.089582
v 38.665520 6.456314 -22.988277
v 38.596355 6.495854 -22.919792
v 38.475136 6.644619 -23.273756
v 39.000412 6.264858 -23.319887
v 38.874271 6.336972 -23.194983
v 38.909718 6.336687 -23.349249
v 39.013382 5.672034 -24.346691
v 39.129768 5.993668 -23.789604
v 39.019844 5.965101 -24.016207
v 39.005630 5.824937 -24.194048
v 36.744171 5.374753 -24.861595
v 37.304092 5.255266 -25.068554
v 37.137390 5.461752 -24.973867
v 36.485641 7.367062 -23.503035
v 37.629585 7.599553 -23.100348
v 38.706360 7.297323 -23.623827
v 38.905132 6.687957 -24.679279
v 38.076221 6.230320 -25.471930
v 36.843815 6.269023 -25.404894
v 36.135941 6.774921 -24.528654
v 37.525845 8.623674 -25.387962
v 37.609261 8.640627 -25.358601
v 37.687775 8.618588 -25.396770
v 37.702267 8.574155 -25.473732
v 37.641827 8.540786 -25.531528
v 37.551964 8.543608 -25.526642
v 37.500347 8.580497 -25.462748
v 36.238060 6.706140 -24.650511
v 36.742939 6.345316 -25.275476
v 36.722080 6.622542 -25.131145
v 36.280277 7.014390 -24.116606
v 36.218731 6.910174 -24.297112
v 36.537514 7.265141 -24.362881
v 36.963291 7.463449 -23.338814
v 36.873825 7.445267 -23.370306
v 37.039169 7.601224 -23.662401
v 37.396477 7.551488 -23.186323
v 37.233315 7.518327 -23.243761
v 37.360149 7.574866 -23.287180
v 38.409275 7.379903 -23.483519
v 37.885288 7.526976 -23.228781
v 38.035225 7.518137 -23.406906
v 38.225666 7.452496 -23.460913
v 38.238773 6.323825 -25.312700
v 38.614426 6.531219 -24.953482
v 38.403450 6.591256 -25.091211
v 36.468296 7.396399 -23.501833
v 37.631050 7.632713 -23.092525
v 38.725536 7.325512 -23.624613
v 38.927574 6.706125 -24.697422
v 38.085033 6.240963 -25.503107
v 36.832359 6.280302 -25.434971
v 36.112843 6.794519 -24.544319
v 37.483902 8.675248 -25.373877
v 37.612804 8.701447 -25.328499
v 37.734142 8.667390 -25.387487
v 37.756542 8.598722 -25.506422
v 37.663136 8.547154 -25.595741
v 37.524261 8.551516 -25.588186
v 37.444496 8.608522 -25.489447
v 36.217945 6.719406 -24.674419
v 36.722824 6.358582 -25.299383
v 36.701965 6.635808 -25.155054
v 36.256733 7.038168 -24.122307
v 36.195187 6.933953 -24.302814
v 36.513969 7.288920 -24.368584
v 36.954048 7.495122 -23.330839
v 36.864582 7.476939 -23.362333
v 37.029926 7.632898 -23.654428
v 37.387234 7.583161 -23.178352
v 37.224072 7.550000 -23.235788
v 37.350906 7.606539 -23.279209
v 38.421291 7.410908 -23.476702
v 37.897305 7.557981 -23.221964
v 38.047241 7.549143 -23.400087
v 38.237682 7.483502 -23.454098
v 38.256969 6.335888 -25.338692
v 38.632622 6.543283 -24.979475
v 38.421646 6.603319 -25.117203
v 37.712238 7.005690 -26.247564
v 36.541058 7.219013 -25.878078
v 36.144405 7.809849 -24.854719
v 36.820965 8.333288 -23.948097
v 38.061275 8.395168 -23.840918
v 38.931358 7.948894 -24.613888
v 38.776020 7.330518 -25.684946
v 37.610283 9.502566 -25.989164
v 37.541325 9.515127 -25.967409
v 37.517971 9.549914 -25.907154
v 37.557804 9.580734 -25.853773
v 37.630833 9.584377 -25.847462
v 37.682064 9.558102 -25.892975
v 37.672916 9.521692 -25.956038
v 38.794567 7.418770 -25.534695
v 38.905266 7.859443 -24.771427
v 38.742500 7.900478 -25.039068
v 38.345238 7.202046 -25.910070
v 38.532303 7.259167 -25.811136
v 38.223831 7.617167 -25.908533
v 37.225601 7.097219 -26.091639
v 37.317116 7.080550 -26.120510
v 37.311859 7.447459 -26.052044
v 36.782478 7.177931 -25.951841
v 36.949387 7.147530 -26.004498
v 36.860840 7.255661 -25.959766
v 36.256435 7.649309 -25.135389
v 36.449291 7.362036 -25.632961
v 36.444527 7.543206 -25.483376
v 36.355949 7.611335 -25.305176
v 37.814217 8.382306 -23.865801
v 37.252602 8.354287 -23.914331
v 37.470787 8.421850 -24.041094
v 37.714458 7.015101 -26.278715
v 36.525032 7.231748 -25.903471
v 36.122196 7.831791 -24.864166
v 36.809299 8.363386 -23.943417
v 38.068939 8.426230 -23.834566
v 38.952576 7.973001 -24.619581
v 38.794819 7.344989 -25.707331
v 37.614864 9.506173 -26.044245
v 37.508297 9.525584 -26.010624
v 37.472202 9.579345 -25.917507
v 37.533764 9.626973 -25.835014
v 37.646622 9.632604 -25.825262
v 37.725792 9.591996 -25.895594
v 37.711658 9.535729 -25.993052
v 38.817863 7.436726 -25.548439
v 38.928562 7.877398 -24.785172
v 38.765793 7.918433 -25.052813
v 38.357475 7.211447 -25.938635
v 38.544540 7.268567 -25.839699
v 38.236065 7.626566 -25.937096
v 37.217564 7.105608 -26.121954
v 37.309082 7.088938 -26.150826
v 37.303822 7.455847 -26.082359
v 36.774441 7.186319 -25.982157
v 36.941349 7.155918 -26.034813
v 36.852802 7.264050 -25.990082
v 36.234177 7.664991 -25.153072
v 36.427036 7.377718 -25.650642
v 36.422268 7.558888 -25.501057
v 36.333691 7.627017 -25.322857
v 37.811886 8.413406 -23.856779
v 37.250271 8.385386 -23.905312
v 37.468456 8.452949 -24.032072
v 37.602333 1.800712 -22.023369
v 37.602333 7.576313 -25.120354
v 37.824215 1.836760 -21.960934
v 37.716702 7.594893 -25.088171
v 37.961346 1.914464 -21.826347
v 37.787384 7.631138 -25.025393
v 37.961346 2.047782 -21.595432
v 37.787384 7.703663 -24.899775
v 37.824215 2.142155 -21.431974
v 37.716702 7.752307 -24.815521
v 37.602333 2.178202 -21.369539
v 37.602333 7.770888 -24.783339
v 37.380447 2.142155 -21.431974
v 37.487965 7.752307 -24.815521
v 37.243317 2.047782 -21.595432
v 37.417278 7.703663 -24.899775
v 37.243317 1.931131 -21.797478
v 37.417278 7.643537 -25.003918
v 37.380447 1.836760 -21.960934
v 37.487965 7.594893 -25.088171
v 37.679153 9.359509 -25.862555
v 37.605816 9.356672 -25.890890
v 37.722607 9.375026 -25.798037
v 37.719570 9.397299 -25.721981
v 37.671204 9.417818 -25.663437
v 37.595985 9.428745 -25.644766
v 37.522644 9.425909 -25.673100
v 37.479195 9.410391 -25.737617
v 37.482231 9.388119 -25.813673
v 37.530594 9.367599 -25.872219
v 37.683765 10.332733 -26.449707
v 37.638222 10.330176 -26.467234
v 37.710644 10.344010 -26.410145
v 37.708588 10.359701 -26.363657
v 37.678387 10.373813 -26.328001
v 37.631573 10.380953 -26.316797
v 37.586029 10.378396 -26.334324
v 37.559151 10.367118 -26.373886
v 37.561207 10.351427 -26.420374
v 37.591408 10.337317 -26.456030
v 37.695660 10.918738 -26.683075
v 37.673813 10.912247 -26.689505
v 37.708065 10.934227 -26.669481
v 37.706287 10.952796 -26.653917
v 37.691006 10.967353 -26.642326
v 37.668060 10.972339 -26.639137
v 37.646214 10.965846 -26.645569
v 37.633812 10.950358 -26.659161
v 37.635590 10.931788 -26.674726
v 37.650867 10.917233 -26.686316
v 37.683189 11.506172 -26.956858
v 37.684483 11.506012 -26.957109
v 37.685326 11.505553 -26.957956
v 37.685410 11.504978 -26.959051
v 37.684723 11.504505 -26.959974
v 37.683540 11.504309 -26.960394
v 37.682297 11.504457 -26.960167
v 37.681442 11.504900 -26.959368
v 37.681305 11.505474 -26.958279
v 37.681969 11.505963 -26.957312
vn 0.0091 -0.9909 0.1344
vn -0.1656 -0.9714 0.1704
vn -0.0005 -0.9935 0.1141
vn -0.9036 0.2067 -0.3751
vn -0.9076 0.2126 -0.3620
vn -0.9054 0.2056 -0.3716
vn -0.0023 0.7649 0.6442
vn 0.0039 0.7649 0.6441
vn -0.0115 0.7665 0.6421
vn 0.0052 -0.8223 -0.5690
vn -0.0036 -0.8223 -0.5690
vn -0.0003 -0.8185 -0.5745
vn 0.0211 -0.8167 -0.5767
vn 0.3964 -0.8869 -0.2372
vn 0.3646 -0.9191 -0.1494
vn 0.3637 -0.9199 -0.1469
vn 0.0022 0.7650 0.6440
vn 0.0128 0.7667 0.6419
vn 0.7720 -0.3902 0.5018
vn 0.7720 -0.3901 0.5018
vn -0.6621 0.7246 0.1913
vn 0.5199 -0.3990 0.7554
vn -0.7132 -0.4302 0.5534
vn -0.7132 -0.4302 0.5533
vn 0.7270 -0.6686 -0.1565
vn -0.4273 -0.9009 -0.0759
vn 0.3962 -0.5792 0.7124
vn 0.3701 -0.7594 0.5352
vn 0.3381 -0.8547 0.3940
vn 0.3724 -0.7578 0.5357
vn 0.3387 -0.9239 -0.1781
vn 0.4077 -0.8991 -0.1592
vn -0.6290 -0.7205 -0.2921
vn 0.4078 0.0639 -0.9108
vn -0.3932 0.0383 0.9187
vn -0.4187 0.0379 0.9074
vn -0.3917 0.0382 0.9193
vn 0.5356 -0.0700 0.8416
vn 0.3508 -0.1200 0.9287
vn 0.3581 -0.1414 0.9229
vn 0.3634 -0.1218 0.9236
vn 0.5717 -0.3139 0.7581
vn 0.5273 -0.3976 0.7509
vn 0.5735 -0.3101 0.7582
vn 0.0030 -0.8221 -0.5693
vn 0.0114 -0.8190 -0.5736
vn -0.8915 -0.2667 0.3661
vn -0.8880 -0.2555 0.3824
vn -0.8880 -0.2568 0.3816
vn -0.0000 0.7673 0.6412
vn 0.8297 -0.3259 0.4531
vn 0.8578 0.2492 0.4495
vn 0.3605 0.0248 0.9324
vn 0.2650 0.0691 0.9618
vn 0.3577 0.0346 0.9332
vn 0.8662 0.4858 -0.1173
vn -0.8369 -0.1865 0.5146
vn -0.8935 -0.2822 0.3494
vn 0.0554 0.0362 0.9978
vn -0.3476 0.0365 0.9370
vn -0.0084 -0.8181 -0.5751
vn -0.8905 0.1887 -0.4140
vn -0.9056 0.2050 -0.3713
vn 0.0139 0.8693 -0.4941
vn 0.0140 0.8710 -0.4911
vn 0.0155 0.8684 -0.4956
vn 0.0196 0.8671 -0.4978
vn 0.0162 0.8677 -0.4969
vn 0.0160 0.8685 -0.4954
vn 0.0148 0.8683 -0.4958
vn 0.8808 -0.2980 0.3680
vn 0.9017 -0.3342 0.2743
vn 0.8807 -0.2976 0.3686
vn -0.4112 -0.1059 -0.9054
vn -0.4282 -0.0998 -0.8981
vn -0.4111 -0.1059 -0.9054
vn 0.4069 -0.1219 -0.9053
vn 0.4053 -0.1221 -0.9060
vn -0.0010 0.8808 0.4735
vn -0.0056 0.8711 0.4910
vn 0.0056 0.8711 0.4910
vn 0.4098 -0.1219 -0.9040
vn 0.3925 0.0212 0.9195
vn 0.3598 0.0223 0.9327
vn 0.9195 0.1871 -0.3456
vn 0.9186 0.1854 -0.3491
vn 0.9188 0.1851 -0.3486
vn 0.9187 0.1847 -0.3492
vn 0.9179 0.1836 -0.3517
vn 0.9227 0.1930 -0.3337
vn -0.8901 -0.2594 0.3747
vn -0.8806 -0.2437 0.4064
vn -0.0266 -0.8681 0.4956
vn -0.0179 -0.8691 0.4943
vn -0.0182 -0.8692 0.4941
vn -0.0197 -0.8702 0.4924
vn -0.0130 -0.8744 0.4850
vn -0.0241 -0.8707 0.4912
vn -0.4121 0.0364 0.9104
vn -0.3891 0.0387 0.9204
vn 0.4088 -0.1218 -0.9044
vn 0.7381 -0.6375 0.2209
vn 0.6456 -0.7578 0.0945
vn -0.6215 -0.7803 0.0707
vn -0.5938 -0.8046 0.0045
vn 0.0115 -0.9101 -0.4143
vn 0.8042 -0.3958 0.4435
vn 0.8035 -0.4021 0.4390
vn 0.8055 -0.3979 0.4392
vn -0.6013 -0.6460 -0.4702
vn 0.7495 -0.6151 0.2445
vn 0.6912 -0.6709 0.2687
vn 0.7560 -0.6083 0.2416
vn 0.6912 -0.4002 0.6017
vn 0.5363 -0.3705 0.7584
vn 0.5311 -0.3731 0.7607
vn 0.7549 0.3347 -0.5639
vn 0.7653 0.2912 -0.5741
vn 0.7648 0.2874 -0.5766
vn -0.7056 0.1586 -0.6906
vn -0.7153 0.1722 -0.6773
vn -0.7170 0.1685 -0.6764
vn 0.2961 -0.9195 0.2587
vn 0.3402 -0.8474 0.4076
vn 0.3362 -0.8481 0.4095
vn -0.1204 0.8386 0.5313
vn -0.0879 0.8435 0.5298
vn -0.0879 0.8426 0.5314
vn -0.6532 -0.1157 0.7483
vn -0.6671 -0.0937 0.7390
vn -0.6806 -0.1412 0.7189
vn -0.7303 0.6008 0.3251
vn -0.7300 0.6010 0.3253
vn -0.7301 0.6010 0.3252
vn -0.6854 -0.5980 -0.4155
vn 0.1724 -0.6173 0.7676
vn -0.0131 -0.6061 0.7953
vn -0.0155 -0.6137 0.7894
vn -0.4036 -0.0806 0.9114
vn 0.8666 0.3728 -0.3317
vn 0.8564 0.3366 -0.3914
vn 0.8632 0.3860 -0.3255
vn -0.9463 -0.0111 0.3231
vn 0.6566 0.1069 -0.7466
vn 0.6717 0.0808 -0.7364
vn 0.6610 0.0747 -0.7467
vn 0.9177 0.1826 -0.3527
vn -0.4095 -0.1064 -0.9061
vn 0.7027 -0.6598 -0.2662
vn -0.8049 -0.3205 0.4993
vn 0.5714 -0.7109 -0.4100
vn 0.8780 -0.2938 0.3780
vn -0.7759 -0.6271 -0.0689
vn -0.7637 -0.6393 -0.0899
vn -0.7628 -0.6453 -0.0417
vn 0.1512 -0.9701 0.1901
vn 0.2977 -0.9196 0.2565
vn -0.8595 -0.4958 0.1244
vn 0.1730 -0.6136 0.7704
vn 0.5957 -0.3233 0.7352
vn 0.4208 0.8218 0.3842
vn 0.4177 0.8184 0.3946
vn 0.4235 0.8165 0.3924
vn 0.7594 0.6506 -0.0116
vn 0.6987 0.7153 -0.0086
vn 0.7615 0.6468 0.0424
vn 0.5666 -0.7368 -0.3690
vn -0.0558 -0.0503 -0.9972
vn 0.2839 -0.0823 0.9553
vn 0.2544 -0.1110 0.9607
vn 0.2886 -0.0807 0.9540
vn -0.8547 -0.3865 0.3465
vn -0.8608 -0.3939 0.3223
vn -0.8564 -0.3832 0.3461
vn -0.8821 0.4220 -0.2094
vn -0.7815 0.5341 -0.3226
vn -0.8863 0.3934 -0.2445
vn 0.7627 -0.4601 -0.4546
vn -0.3296 -0.9057 -0.2666
vn -0.3081 -0.9343 -0.1790
vn -0.3306 -0.9041 -0.2707
vn -0.7937 -0.6010 0.0939
vn 0.7365 -0.6509 0.1840
vn 0.7054 -0.6084 0.3637
vn 0.7010 -0.6122 0.3658
vn -0.0282 0.2066 0.9780
vn 0.4950 0.8452 -0.2016
vn 0.5025 0.6050 -0.6176
vn 0.4950 0.8452 -0.2015
vn 0.4167 0.9034 -0.1007
vn -0.0251 0.9977 0.0626
vn 0.1147 0.9920 0.0527
vn -0.3520 0.9349 -0.0463
vn -0.5310 0.7996 -0.2806
vn -0.2085 0.9776 0.0278
vn -0.5536 0.7168 -0.4239
vn -0.5536 0.7168 -0.4240
vn 0.1317 0.4523 -0.8821
vn -0.3383 0.5021 -0.7959
vn -0.2585 -0.9214 -0.2901
vn -0.2274 -0.9506 -0.2113
vn -0.2245 -0.9528 -0.2041
vn -0.7141 -0.5285 0.4591
vn -0.6527 -0.4804 0.5858
vn -0.7190 -0.6852 0.1164
vn -0.5916 -0.8059 0.0244
vn -0.5906 -0.8064 0.0282
vn -0.6446 0.3659 0.6712
vn 0.3703 -0.1237 0.9206
vn 0.3703 -0.1237 0.9207
vn -0.9328 -0.1962 -0.3023
vn -0.2364 -0.9508 -0.2004
vn 0.3280 -0.9067 -0.2651
vn 0.2920 -0.9377 -0.1883
vn 0.3306 -0.9041 -0.2707
vn -0.0010 -0.1873 0.9823
vn -0.2132 -0.2703 0.9389
vn -0.2097 -0.2747 0.9384
vn -0.6399 -0.3541 0.6820
vn 0.7007 -0.5865 0.4063
vn 0.7026 -0.5387 0.4650
vn -0.5930 -0.8052 0.0025
vn -0.6266 -0.7756 0.0767
vn -0.7188 -0.6851 0.1177
vn -0.7138 -0.6015 0.3587
vn -0.7223 -0.6821 0.1138
vn -0.4656 -0.8624 -0.1985
vn -0.7186 -0.6905 -0.0826
vn -0.6976 -0.7164 0.0066
vn -0.7035 -0.7105 0.0118
vn -0.7625 -0.6467 0.0160
vn -0.7739 -0.2850 0.5655
vn -0.7687 -0.3192 0.5542
vn -0.7575 -0.3359 0.5599
vn -0.7155 -0.3755 0.5891
vn -0.7094 -0.3763 0.5959
vn -0.7505 -0.3031 0.5873
vn -0.7095 -0.3763 0.5959
vn -0.7227 -0.2992 0.6230
vn -0.7667 -0.2752 0.5800
vn -0.7082 -0.3733 0.5993
vn -0.2040 -0.8454 -0.4937
vn -0.1738 -0.9171 -0.3588
vn -0.2433 -0.8616 -0.4454
vn -0.1815 -0.8487 -0.4967
vn 0.8807 -0.3736 0.2913
vn 0.7925 -0.5177 0.3225
vn 0.8872 -0.3917 0.2436
vn 0.7853 -0.5322 0.3164
vn 0.8823 -0.4237 0.2049
vn 0.9002 -0.3740 0.2229
vn -0.2069 -0.0336 0.9778
vn -0.2204 -0.0471 0.9743
vn -0.2225 -0.0447 0.9739
vn -0.1939 -0.1453 0.9702
vn -0.1743 -0.0448 0.9837
vn -0.2004 -0.0320 0.9792
vn -0.1968 -0.0394 0.9797
vn -0.1815 -0.1470 0.9723
vn 0.7204 0.6889 0.0805
vn 0.7639 0.6391 0.0896
vn 0.7758 0.6272 0.0693
vn 0.8176 0.5755 -0.0148
vn 0.7095 0.3763 -0.5959
vn 0.7649 0.3166 -0.5609
vn -0.2858 0.0741 -0.9554
vn -0.2573 0.1076 -0.9603
vn -0.2626 0.0884 -0.9608
vn 0.7250 0.3016 -0.6191
vn 0.7523 0.3049 -0.5841
vn 0.1606 0.8501 0.5015
vn 0.1806 0.8506 0.4938
vn 0.1906 0.8416 0.5053
vn 0.2343 0.8647 0.4442
vn 0.1992 0.8471 0.4927
vn 0.1619 0.9225 0.3503
vn -0.8794 0.3792 -0.2878
vn -0.6591 -0.7286 -0.1862
vn -0.9004 0.3735 -0.2233
vn 0.1859 0.1607 -0.9693
vn 0.2157 0.0479 -0.9753
vn 0.2197 0.0456 -0.9745
vn 0.2065 0.0334 -0.9779
vn 0.2009 0.0320 -0.9791
vn 0.1793 0.0478 -0.9826
vn 0.1996 0.0412 -0.9790
vn -0.0751 -0.1858 0.9797
vn -0.0618 -0.2778 0.9587
vn -0.0757 -0.1818 0.9804
vn 0.1741 0.8439 0.5075
vn -0.3516 -0.1065 0.9301
vn -0.3685 -0.1116 0.9229
vn -0.3418 -0.1255 0.9314
vn 0.8999 -0.3659 0.2374
vn -0.3386 0.0362 -0.9402
vn -0.3382 0.0111 -0.9410
vn -0.3504 0.0136 -0.9365
vn -0.1801 -0.8507 -0.4938
vn -0.1525 -0.8496 -0.5049
vn -0.8125 0.3874 -0.4356
vn -0.8151 0.3800 -0.4372
vn -0.8165 0.3820 -0.4329
vn 0.3128 0.1311 -0.9407
vn 0.3391 0.1881 -0.9217
vn 0.3440 0.1090 -0.9326
vn 0.6533 -0.7362 -0.1766
vn 0.6677 0.7167 0.2011
vn 0.3549 -0.7985 -0.4862
vn 0.0944 -0.7507 -0.6539
vn 0.3683 -0.7989 -0.4755
vn 0.0271 0.8833 0.4680
vn -0.0000 0.9310 0.3650
vn 0.8019 -0.3325 0.4964
vn 0.8024 -0.3233 0.5017
vn 0.7934 -0.3227 0.5162
vn -0.2601 -0.3064 0.9157
vn 0.5291 -0.8350 -0.1514
vn 0.6207 -0.7828 0.0446
vn 0.6199 -0.7831 0.0507
vn 0.5624 -0.8187 -0.1160
vn 0.5095 -0.8591 -0.0485
vn 0.5648 -0.8166 -0.1191
vn 0.5375 -0.1975 0.8198
vn -0.6199 -0.7833 -0.0459
vn -0.5822 -0.8127 0.0222
vn -0.6243 -0.7793 -0.0544
vn 0.4143 -0.8275 -0.3788
vn 0.6696 -0.6060 -0.4294
vn -0.5336 0.6474 -0.5442
vn -0.2173 0.4666 -0.8574
vn 0.2626 0.4775 -0.8385
vn 0.5448 0.6719 -0.5017
vn -0.4481 0.8838 -0.1348
vn -0.2402 0.4718 -0.8484
vn 0.2402 0.4718 -0.8484
vn 0.2710 0.9626 0.0017
vn 0.5464 0.7657 -0.3392
vn 0.4104 0.5354 -0.7382
vn 0.5464 0.7658 -0.3392
vn -0.7264 -0.4576 0.5128
vn -0.6644 -0.5178 0.5389
vn -0.7308 -0.4530 0.5107
vn 0.7006 -0.5738 0.4241
vn 0.6900 -0.4815 0.5404
vn 0.6965 -0.5777 0.4256
vn -0.6175 -0.7851 -0.0484
vn -0.4655 -0.8788 -0.1048
vn -0.4626 -0.8810 -0.0997
vn 0.9086 0.1921 0.3710
vn 0.9086 0.1921 0.3709
vn -0.4316 0.4344 0.7906
vn -0.7292 -0.4549 0.5112
vn -0.6657 -0.5286 0.5268
vn -0.6637 -0.5307 0.5272
vn 0.8161 -0.5464 0.1885
vn -0.2467 0.0832 0.9655
vn -0.2593 -0.6235 -0.7376
vn 0.3944 -0.8886 -0.2342
vn 0.3536 -0.9216 -0.1600
vn 0.3971 -0.8860 -0.2393
vn -0.2860 -0.2152 0.9338
vn -0.2737 -0.3008 0.9136
vn -0.2724 -0.3089 0.9113
vn 0.7520 -0.4995 0.4300
vn 0.7520 -0.4996 0.4300
vn -0.5857 -0.8103 0.0186
vn -0.5513 -0.8331 -0.0449
vn -0.5857 -0.8103 0.0187
vn -0.5503 -0.8337 -0.0467
vn 0.3708 -0.2337 0.8988
vn 0.1824 -0.2748 0.9441
vn 0.1836 -0.2784 0.9427
vn -0.5957 -0.3233 0.7352
vn -0.5957 -0.3234 0.7352
vn -0.2792 -0.2828 0.9176
vn -0.4619 -0.2789 0.8420
vn -0.2753 -0.2868 0.9176
vn 0.5618 -0.8196 -0.1127
vn 0.6413 -0.7613 0.0956
vn -0.3778 -0.1499 0.9137
vn -0.3414 -0.1886 0.9208
vn -0.3340 -0.1837 0.9245
vn -0.3137 -0.1413 0.9389
vn 0.3335 -0.1341 0.9332
vn 0.3321 -0.1463 0.9318
vn 0.3338 -0.1817 0.9250
vn 0.3391 -0.1881 0.9217
vn 0.3774 -0.1578 0.9125
vn 0.3434 -0.1881 0.9202
vn -0.8180 -0.3826 0.4296
vn -0.8160 -0.3907 0.4261
vn -0.8182 -0.3928 0.4199
vn -0.8105 -0.3753 0.4496
vn -0.7663 -0.4399 0.4683
vn -0.7918 -0.3815 0.4770
vn -0.8160 -0.3760 0.4391
vn 0.0291 -0.8902 -0.4547
vn 0.0077 -0.9244 -0.3813
vn 0.0009 -0.8885 -0.4590
vn -0.0043 -0.9289 -0.3704
vn -0.0269 -0.8909 -0.4534
vn -0.0052 -0.8814 -0.4723
vn 0.7984 -0.3960 0.4536
vn 0.7992 -0.3945 0.4535
vn 0.7703 -0.4386 0.4629
vn 0.8039 -0.4120 0.4289
vn 0.7711 -0.4468 0.4536
vn 0.3858 0.1374 -0.9123
vn 0.3761 0.0889 -0.9223
vn 0.3553 0.0827 -0.9311
vn -0.3391 0.1881 -0.9217
vn -0.3397 0.1203 -0.9328
vn -0.3347 0.1349 -0.9326
vn -0.3622 0.1076 -0.9259
vn -0.3842 0.1468 -0.9115
vn -0.3593 0.1243 -0.9249
vn 0.8268 0.3760 -0.4184
vn 0.8223 0.3715 -0.4312
vn 0.8293 0.3660 -0.4222
vn 0.8272 0.3585 -0.4328
vn 0.7976 0.3738 -0.4734
vn 0.8206 0.3617 -0.4424
vn 0.7620 0.4533 -0.4625
vn -0.0285 0.8839 0.4669
vn 0.6763 -0.7138 -0.1821
vn 0.6946 -0.6995 -0.1683
vn 0.7008 -0.6968 -0.1531
vn -0.7620 0.4533 -0.4625
vn -0.8080 0.3841 -0.4469
vn -0.8086 0.3809 -0.4485
vn -0.8119 0.3997 -0.4254
vn -0.2855 -0.2122 0.9346
vn -0.2543 -0.3001 0.9194
vn -0.2869 -0.2080 0.9351
vn 0.0267 -0.8877 -0.4597
vn 0.0494 -0.8875 -0.4581
vn 0.0201 -0.8995 -0.4364
vn -0.9000 0.3660 -0.2368
vn -0.1809 -0.5977 0.7810
vn 0.0079 -0.6095 0.7927
vn -0.1828 -0.5961 0.7818
vn -0.3213 0.8517 0.4140
vn -0.3358 0.8668 0.3686
vn -0.3389 0.8568 0.3885
vn 0.8277 0.3918 -0.4018
vn 0.8327 0.3883 -0.3948
vn 0.8320 0.3850 -0.3993
vn 0.0137 0.9079 0.4191
vn -0.0355 0.9306 0.3643
vn -0.0193 0.8937 0.4482
vn -0.8381 0.3117 -0.4476
vn 0.3281 -0.8508 -0.4106
vn 0.3041 -0.8692 -0.3899
vn 0.3103 -0.8537 -0.4183
vn 0.0053 -0.8814 -0.4723
vn -0.3689 0.0500 -0.9281
vn -0.3068 0.1808 -0.9344
vn -0.8043 0.3260 -0.4967
vn -0.8067 0.3164 -0.4991
vn -0.8089 0.3187 -0.4941
vn 0.4357 0.4337 0.7887
vn -0.7280 -0.4478 0.5192
vn -0.7107 -0.6063 0.3568
vn -0.2602 -0.9203 -0.2922
vn -0.2445 -0.9482 -0.2028
vn -0.2608 -0.9188 -0.2962
vn 0.5955 -0.2257 0.7710
vn 0.7497 -0.6137 0.2477
vn 0.7739 -0.2812 0.5675
vn -0.4536 0.5625 -0.6912
vn -0.0347 0.4449 -0.8949
vn -0.0000 0.9980 0.0631
vn -0.4328 0.8938 -0.1174
vn -0.4328 0.8938 -0.1175
vn 0.4328 0.8938 -0.1174
vn 0.5397 0.6596 -0.5231
vn -0.5397 0.6596 -0.5231
vn 0.3716 -0.2348 0.8982
vn 0.3730 -0.2287 0.8992
vn 0.4097 -0.8983 -0.1586
vn 0.3314 -0.9255 -0.1833
vn 0.7360 -0.6525 0.1806
vn 0.6778 -0.7050 0.2089
vn 0.7428 -0.6456 0.1770
vn 0.0003 -0.1842 0.9829
vn 0.0074 -0.2762 0.9611
vn -0.0000 -0.1799 0.9837
vn -0.3006 -0.4933 -0.8163
vn 0.3300 -0.9050 -0.2684
vn 0.3046 -0.9357 -0.1783
vn 0.3038 -0.9364 -0.1756
vn -0.7680 -0.6399 0.0265
vn -0.2997 -0.9374 -0.1773
vn -0.7390 -0.6490 0.1807
vn -0.7094 -0.5658 0.4202
vn -0.7428 -0.6456 0.1770
vn 0.6391 -0.6808 -0.3578
vn -0.0761 -0.1889 0.9790
vn -0.0478 -0.9411 -0.3347
vn 0.1734 -0.2751 0.9457
vn 0.1033 -0.2516 0.9623
vn 0.1012 -0.2509 0.9627
vn -0.7392 -0.6491 0.1793
vn -0.6252 -0.7763 0.0804
vn -0.4010 -0.2574 0.8792
vn 0.0743 -0.9057 -0.4174
vn 0.0379 -0.9305 -0.3642
vn 0.0292 -0.9296 -0.3673
vn -0.0119 -0.9112 -0.4119
vn -0.6215 -0.7566 -0.2033
vn -0.6009 -0.7745 -0.1976
vn -0.5953 -0.7818 -0.1852
vn -0.5859 -0.7978 -0.1419
vn -0.5883 -0.7975 -0.1337
vn -0.6215 -0.7635 -0.1755
vn -0.6353 -0.7586 -0.1447
vn -0.6327 -0.7498 -0.1938
vn -0.5916 -0.7954 -0.1317
vn 0.6939 -0.7023 -0.1587
vn 0.6320 -0.7685 -0.1001
vn 0.6435 -0.7435 -0.1819
vn 0.6867 -0.7045 -0.1791
vn 0.3017 -0.0485 0.9522
vn 0.3041 -0.1631 0.9386
vn 0.3361 -0.0491 0.9406
vn 0.3120 -0.1762 0.9336
vn 0.3667 -0.0634 0.9282
vn 0.3469 -0.0308 0.9374
vn -0.8239 -0.4012 0.4003
vn -0.8213 -0.4134 0.3932
vn -0.8226 -0.4123 0.3916
vn -0.7793 -0.4621 0.4233
vn -0.8134 -0.3978 0.4244
vn -0.8232 -0.3979 0.4050
vn -0.8197 -0.4015 0.4085
vn -0.7754 -0.4587 0.4340
vn -0.0782 0.9006 0.4276
vn -0.0515 0.8784 0.4751
vn -0.0255 0.8786 0.4769
vn 0.5883 0.7975 0.1337
vn 0.6084 0.7669 0.2043
vn 0.5997 0.7769 0.1919
vn -0.3583 0.1095 -0.9272
vn 0.6321 0.7476 0.2038
vn 0.6413 0.7524 0.1504
vn 0.6250 0.7576 0.1881
vn -0.6941 0.6973 0.1791
vn -0.6482 0.7383 0.1862
vn -0.6853 0.7029 0.1906
vn -0.6326 0.7698 0.0857
vn -0.3052 0.0382 -0.9515
vn 0.3349 -0.0284 0.9418
vn 0.7691 0.4707 -0.4324
vn 0.8281 0.4019 -0.3908
vn 0.8300 0.4015 -0.3871
vn 0.8203 0.3894 -0.4188
vn 0.7691 0.4706 -0.4324
vn -0.9689 -0.0588 0.2406
vn -0.3277 -0.9070 -0.2646
vn -0.2913 -0.9377 -0.1895
vn -0.2877 -0.9402 -0.1822
vn 0.3614 -0.8963 -0.2571
vn 0.8196 -0.5719 0.0335
vn 0.8273 -0.5589 0.0569
vn 0.8003 -0.5977 0.0469
vn 0.6322 0.7147 0.2990
vn -0.7309 0.6628 0.1628
vn -0.4175 -0.7349 0.5344
vn -0.4183 -0.7345 0.5343
vn -0.4844 -0.2668 0.8332
vn -0.7039 0.6901 0.1682
vn -0.6925 0.6995 0.1765
vn -0.7711 0.6360 -0.0291
vn -0.7496 0.6509 -0.1202
vn -0.8052 0.5915 -0.0415
vn -0.5670 0.7360 0.3700
vn -0.5360 0.0688 -0.8414
vn 0.6283 0.7507 0.2042
vn 0.6969 -0.1661 0.6977
vn 0.7099 -0.1834 0.6800
vn 0.7036 -0.1754 0.6886
vn 0.6235 0.0984 -0.7756
vn 0.5793 0.2779 -0.7663
vn 0.6796 -0.3922 0.6199
vn 0.6173 -0.4673 0.6329
vn 0.6153 -0.4695 0.6332
vn 0.6876 -0.7242 0.0524
vn 0.6377 -0.7616 0.1152
vn 0.6326 -0.7649 0.1213
vn 0.1809 -0.9328 -0.3118
vn 0.3285 -0.9271 -0.1808
vn -0.7568 -0.5725 0.3155
vn -0.6745 -0.7212 0.1577
vn -0.6719 -0.7226 0.1626
vn -0.7064 -0.1878 0.6824
vn -0.8801 -0.2033 0.4291
vn -0.8878 -0.2036 0.4128
vn 0.1543 -0.1986 0.9679
vn -0.0221 -0.2610 0.9651
vn -0.0220 -0.2672 0.9634
vn 0.2885 0.4850 -0.8256
vn 0.5493 0.6867 -0.4761
vn 0.4103 0.5354 -0.7382
vn -0.5248 0.6331 -0.5690
vn -0.1895 0.4611 -0.8669
vn 0.7092 -0.5163 0.4801
vn 0.1583 -0.1986 0.9672
vn 0.1613 -0.2787 0.9467
vn 0.1578 -0.1882 0.9694
vn 0.3386 -0.8463 -0.4113
vn 0.6776 -0.3960 0.6197
vn 0.6275 -0.4707 0.6202
vn 0.6812 -0.3902 0.6195
vn 0.8890 -0.1001 0.4468
vn 0.9332 -0.1957 -0.3015
vn 0.6888 -0.7233 0.0495
vn 0.6270 -0.7724 0.1013
vn 0.6916 -0.7207 0.0469
vn 0.8929 -0.2412 -0.3802
vn 0.7014 -0.0644 0.7099
vn 0.6269 -0.7712 0.1106
vn 0.1796 -0.9332 -0.3113
vn -0.0699 -0.9616 -0.2655
vn 0.1813 -0.9309 -0.3171
vn -0.7019 -0.4122 0.5808
vn -0.7066 -0.5709 0.4181
vn -0.3592 -0.9109 -0.2033
vn 0.1205 -0.9434 -0.3090
vn -0.0702 -0.9629 -0.2604
vn -0.7590 -0.5696 0.3154
vn -0.6943 -0.6249 0.3569
vn -0.7619 -0.5669 0.3134
vn -0.7655 -0.6414 0.0510
vn 0.8073 -0.5784 0.1173
vn 0.7503 -0.6497 0.1223
vn 0.7496 -0.6522 0.1130
vn 0.7678 -0.6399 0.0322
vn 0.3415 -0.8601 -0.3789
vn 0.3359 -0.8696 -0.3619
vn 0.3023 -0.8989 -0.3172
vn 0.2943 -0.9023 -0.3151
vn 0.2625 -0.8839 -0.3869
vn 0.2904 -0.9027 -0.3176
vn 0.7251 -0.1877 0.6626
vn 0.6520 -0.3110 0.6915
vn 0.7301 -0.2431 0.6386
vn 0.7120 -0.1805 0.6785
vn -0.5926 -0.2650 0.7606
vn -0.5791 -0.2711 0.7689
vn -0.6185 -0.1074 0.7784
vn -0.6564 -0.0876 0.7493
vn -0.4142 -0.8252 -0.3840
vn -0.3984 -0.8345 -0.3807
vn -0.3976 -0.8335 -0.3836
vn -0.3825 -0.8758 -0.2945
vn -0.4368 -0.8249 -0.3588
vn -0.4204 -0.8232 -0.3817
vn -0.4205 -0.8265 -0.3744
vn -0.3921 -0.8741 -0.2867
vn -0.8127 0.5715 -0.1137
vn -0.8349 0.5482 -0.0494
vn -0.8266 0.5623 -0.0243
vn -0.2943 0.9023 0.3151
vn -0.3177 0.8511 0.4180
vn -0.2637 0.8805 0.3940
vn -0.3105 0.8633 0.3978
vn -0.7304 0.2366 -0.6407
vn -0.7274 0.1757 -0.6634
vn -0.6404 0.3162 -0.6999
vn 0.6816 0.1331 -0.7195
vn 0.3826 0.8810 0.2783
vn 0.4039 0.8285 0.3879
vn 0.4011 0.8280 0.3919
vn 0.4365 0.8213 0.3675
vn -0.7344 -0.6624 0.1479
vn -0.4371 -0.1042 0.8934
vn -0.4422 -0.1058 0.8907
vn -0.4342 -0.1099 0.8941
vn 0.1243 -0.8427 -0.5238
vn 0.0880 -0.8480 -0.5226
vn 0.0967 -0.8470 -0.5227
vn -0.4650 0.8714 -0.1561
vn -0.3843 -0.8411 0.3807
vn -0.3824 -0.8416 0.3814
vn -0.0540 0.8377 0.5435
vn -0.9994 -0.0301 -0.0140
vn -0.5642 -0.2098 0.7986
vn -0.5642 -0.2098 0.7985
vn -0.2983 -0.9127 -0.2792
vn -0.2790 -0.9412 -0.1905
vn -0.2991 -0.9113 -0.2831
vn 0.2318 -0.8865 -0.4006
vn -0.6124 -0.3465 0.7106
vn -0.6487 -0.4847 0.5867
vn -0.9102 -0.3290 0.2516
vn 0.7370 0.5828 0.3422
vn 0.3964 0.9144 -0.0817
vn -0.0550 0.9966 0.0607
vn 0.5695 -0.3159 0.7589
vn 0.5165 -0.3878 0.7634
vn 0.5115 -0.3942 0.7636
vn 0.7025 -0.5373 0.4667
vn 0.7024 -0.5902 0.3979
vn 0.7465 -0.6316 0.2093
vn 0.7001 -0.5934 0.3972
vn -0.7126 -0.6405 -0.2863
vn -0.0055 -0.0318 0.9995
vn 0.7869 -0.4599 0.4114
vn -0.0337 -0.1865 0.9819
vn -0.0210 -0.2741 0.9615
vn -0.0346 -0.1803 0.9830
vn 0.8385 0.1104 0.5336
vn -0.2964 -0.9140 -0.2769
vn -0.0726 -0.9641 -0.2555
vn 0.2037 -0.9635 0.1739
vn 0.2137 -0.9523 0.2178
vn -0.6263 -0.7792 -0.0247
vn 0.7458 -0.6326 0.2087
vn 0.7498 -0.6287 0.2063
vn 0.5456 -0.2949 0.7844
vn -0.2857 -0.9139 -0.2882
vn -0.0656 -0.9631 -0.2612
vn -0.6105 -0.3447 0.7130
vn -0.5561 -0.4079 0.7241
vn -0.6167 -0.3371 0.7114
vn -0.4464 -0.1183 0.8870
vn -0.4346 -0.1304 0.8911
vn -0.4272 -0.1245 0.8955
vn -0.4223 -0.1118 0.8995
vn 0.2564 -0.0930 0.9621
vn 0.2620 -0.1672 0.9505
vn 0.2675 -0.1730 0.9479
vn 0.2899 -0.1006 0.9518
vn 0.3217 -0.1239 0.9387
vn 0.2717 -0.1728 0.9467
vn -0.8545 -0.3715 0.3631
vn -0.7807 -0.4791 0.4013
vn -0.8276 -0.3821 0.4111
vn -0.0346 -0.1827 0.9826
vn -0.0357 -0.2788 0.9597
vn -0.0357 -0.2814 0.9589
vn 0.0539 -0.8425 -0.5360
vn 0.0870 -0.8472 -0.5241
vn 0.7926 -0.3254 0.5156
vn 0.7481 -0.4015 0.5283
vn 0.8042 -0.3476 0.4822
vn 0.8047 -0.3258 0.4963
vn 0.7500 -0.4093 0.5196
vn 0.4407 0.1016 -0.8919
vn 0.4296 0.0971 -0.8978
vn 0.4410 0.1002 -0.8919
vn -0.2675 0.1730 -0.9479
vn -0.2900 0.0722 -0.9543
vn -0.3217 0.1188 -0.9394
vn -0.2883 0.0939 -0.9529
vn 0.8588 0.3798 -0.3438
vn 0.8648 0.3642 -0.3456
vn 0.8546 0.3525 -0.3813
vn -0.7410 0.4159 -0.5273
vn -0.7969 0.3219 -0.5111
vn -0.7971 0.3180 -0.5133
vn -0.8058 0.3418 -0.4836
vn -0.1689 -0.2418 0.9555
vn -0.0374 0.8429 0.5368
vn 0.0361 -0.8472 -0.5301
vn 0.0822 -0.8481 -0.5234
vn 0.4192 0.0953 -0.9029
vn 0.4484 0.1122 -0.8868
vn 0.4323 0.1297 -0.8923
vn 0.0388 -0.9158 -0.3998
vn 0.3370 0.1095 0.9351
vn -0.1650 -0.9712 0.1720
vn 0.3325 -0.8562 0.3955
vn -0.4564 0.0376 0.8890
vn 0.5249 -0.4018 0.7503
vn -0.8861 -0.2500 0.3904
vn 0.6830 -0.6780 0.2718
vn -0.4047 -0.1081 -0.9080
vn 0.8718 -0.2852 0.3984
vn 0.1504 -0.9699 0.1917
vn -0.8576 -0.3903 0.3351
vn -0.3069 -0.9357 -0.1743
vn 0.7428 -0.6457 0.1770
vn 0.2889 -0.9400 -0.1818
vn -0.0612 -0.2823 0.9574
vn -0.1672 -0.8504 -0.4989
vn 0.0781 -0.7453 -0.6621
vn 0.5066 -0.8610 -0.0450
vn -0.5765 -0.8165 0.0320
vn -0.6589 -0.5227 0.5409
vn 0.3502 -0.9239 -0.1540
vn -0.2869 -0.2079 0.9351
vn -0.2526 -0.3049 0.9183
vn 0.0084 -0.6137 0.7895
vn -0.2436 -0.9494 -0.1981
vn 0.7560 -0.6084 0.2416
vn 0.6691 -0.7121 0.2128
vn 0.0078 -0.2810 0.9597
vn -0.7428 -0.6457 0.1770
vn -0.6954 -0.1865 0.6940
vn 0.1578 -0.1881 0.9694
vn 0.1616 -0.2904 0.9432
vn 0.6229 -0.4770 0.6200
vn 0.6234 -0.7749 0.1041
vn -0.6907 -0.6277 0.3591
vn -0.2780 -0.9424 -0.1860
vn -0.0199 -0.2811 0.9595
vn -0.5485 -0.4162 0.7252
vn -0.9913 0.0145 -0.1305
vn 0.0198 0.8857 -0.4638
vn 0.0234 0.8844 -0.4662
vn 0.0237 0.8862 -0.4627
vn -0.3089 -0.4495 -0.8382
vn 0.8331 -0.2236 -0.5060
vn 0.8334 -0.2237 -0.5054
vn 0.8345 -0.2196 -0.5053
vn -0.8505 0.3033 0.4298
vn -0.8503 0.3042 0.4295
vn -0.8506 0.3047 0.4286
vn -0.7276 -0.2576 -0.6358
vn -0.7272 -0.2578 -0.6362
vn -0.8087 -0.2690 -0.5231
vn 0.3089 0.4955 0.8118
vn -0.3089 0.4955 0.8118
vn 0.9997 0.0228 -0.0132
vn 0.9996 0.0230 -0.0133
vn 0.8088 0.3150 0.4966
vn -0.8088 0.3150 0.4966
vn -0.8089 0.2813 0.5162
vn -0.9996 0.0229 -0.0133
vn -0.9996 0.0230 -0.0133
vn -0.9996 0.0257 -0.0148
vn 0.3089 -0.4495 -0.8382
vn -0.9927 0.0941 -0.0756
vn -0.9995 0.0283 -0.0163
vn -0.3403 0.4672 0.8160
vn 0.8090 0.2841 0.5146
vn 0.3071 -0.3769 -0.8738
vn -0.3087 0.4376 0.8445
vn -0.2754 -0.4831 -0.8312
vn -0.2738 -0.4833 -0.8315
vn -0.2764 -0.4829 -0.8309
vn 0.3354 -0.4881 -0.8058
vn 0.3326 -0.4885 -0.8067
vn 0.3308 -0.4886 -0.8073
vn -0.3071 -0.3775 -0.8736
vn 0.8265 -0.2936 -0.4802
vn 0.8249 -0.2947 -0.4824
vn 0.8238 -0.2954 -0.4838
vn -0.7853 -0.2825 -0.5509
vn -0.7847 -0.2829 -0.5516
vn -0.7859 -0.2822 -0.5503
vn 0.9993 0.0313 -0.0180
vn 0.9996 0.0231 -0.0133
vn -0.3761 0.4817 0.7915
vn 0.7516 0.3396 0.5655
vn 0.7520 0.3394 0.5651
vn 0.2721 0.4458 0.8528
vn 0.9973 0.0607 0.0416
vn -0.0000 -0.8660 0.5000
vn 0.9989 0.0327 0.0323
vn 0.9991 0.0314 0.0295
vn 0.9990 0.0318 0.0306
vn 0.3549 -0.3523 -0.8660
vn 0.3573 -0.3519 -0.8652
vn 0.3533 -0.3525 -0.8666
vn 0.3087 0.4382 0.8442
vn 0.2236 0.4938 0.8403
vn 0.2240 0.4937 0.8403
vn 0.3663 -0.3921 -0.8439
vn 0.3646 -0.3924 -0.8444
vn 0.3651 -0.3923 -0.8443
vn 0.2736 0.5477 0.7907
vn 0.2749 0.5475 0.7904
vn 0.2757 0.5474 0.7902
vn 0.7125 -0.2619 -0.6510
vn -0.8216 0.3319 0.4635
vn -0.7834 -0.1583 -0.6010
vn -0.2670 -0.3295 -0.9056
vn -0.3206 0.5542 0.7681
vn -0.3239 0.5539 0.7670
vn -0.3185 0.5545 0.7688
vn -0.8064 -0.2240 -0.5472
vn -0.2114 -0.4038 -0.8901
vn -0.2100 -0.4039 -0.8904
vn 0.7157 -0.3230 -0.6193
vn 0.9991 0.0207 0.0372
vn 0.9989 0.0325 0.0333
vn -0.9974 0.0467 -0.0553
vn -0.9973 0.0454 -0.0575
vn -0.9974 0.0476 -0.0538
vn 0.8331 -0.2194 -0.5077
vn 0.8350 -0.2181 -0.5051
vn -0.8109 0.3693 0.4539
vn -0.8132 0.3678 0.4510
vn -0.8093 0.3704 0.4559
vn 0.7845 0.2750 0.5557
vn 0.7781 0.3546 0.5185
vn 0.7780 0.3547 0.5186
vn 0.0196 0.8870 -0.4613
vn 0.0186 0.8852 -0.4648
vn 0.0191 0.8842 -0.4668
vn 0.0186 0.8849 -0.4655
vn 0.0191 0.8841 -0.4669
vn 0.0199 0.8849 -0.4654
vn 0.0260 0.8849 -0.4651
vn -0.9914 0.0144 -0.1301
vn 0.8330 -0.2237 -0.5061
vn -0.8273 0.2715 0.4919
vn -0.9851 0.0449 -0.1661
vn -0.9989 0.0164 -0.0447
vn -0.3740 0.4615 0.8044
vn 0.7848 0.2958 0.5446
vn 0.3469 -0.3731 -0.8605
vn -0.3391 0.4346 0.8344
vn -0.2728 -0.4834 -0.8318
vn 0.3372 -0.4879 -0.8051
vn -0.2746 -0.3834 -0.8818
vn 0.8277 -0.2928 -0.4788
vn -0.7842 -0.2832 -0.5522
vn 0.9985 0.0485 0.0257
vn -0.3763 0.4817 0.7915
vn 0.2190 0.4565 0.8623
vn 0.3590 -0.3516 -0.8646
vn 0.2761 0.4440 0.8524
vn 0.2237 0.4938 0.8403
vn 0.3662 -0.3921 -0.8439
vn 0.2728 0.5478 0.7909
vn 0.8338 -0.2069 -0.5118
vn -0.8514 0.3110 0.4224
vn -0.7081 -0.2053 -0.6756
vn -0.2021 -0.3435 -0.9172
vn -0.3260 0.5537 0.7663
vn -0.7883 -0.2329 -0.5695
vn -0.2099 -0.4039 -0.8904
vn 0.7495 -0.3058 -0.5871
vn 0.9969 0.0376 0.0690
vn -0.9973 0.0445 -0.0591
vn -0.8148 0.3667 0.4490
vn 0.7417 0.3015 0.5991
vt 0.956497 0.448875
vt 0.959598 0.402314
vt 0.959598 0.448875
vt 0.906141 0.059388
vt 0.916250 0.042369
vt 0.972597 0.089800
vt 0.973454 0.089312
vt 0.951171 0.028372
vt 0.955262 0.019217
vt 0.498409 0.446578
vt 0.480071 0.493221
vt 0.494573 0.437310
vt 0.491731 0.436102
vt 0.985614 0.236465
vt 0.983558 0.188977
vt 0.985614 0.188977
vt 0.972991 0.089491
vt 0.943153 0.023730
vt 0.959598 0.171054
vt 0.956497 0.205640
vt 0.956497 0.171054
vt 0.780771 0.100300
vt 0.764315 0.017569
vt 0.786308 0.097301
vt 0.989840 0.075992
vt 0.988611 0.094825
vt 0.988611 0.075992
vt 0.956497 0.133620
vt 0.575514 0.757526
vt 0.548471 0.837656
vt 0.546274 0.836311
vt 0.956497 0.463030
vt 0.959598 0.477219
vt 0.956497 0.477219
vt 0.956497 0.605793
vt 0.959598 0.587864
vt 0.959598 0.605793
vt 0.956497 0.642129
vt 0.959598 0.617587
vt 0.959598 0.642129
vt 0.998214 0.288646
vt 0.997042 0.297402
vt 0.997042 0.288646
vt 0.546438 0.846124
vt 0.534735 0.929167
vt 0.543877 0.846408
vt 0.429347 0.766068
vt 0.350638 0.783587
vt 0.426872 0.761442
vt 0.480671 0.494134
vt 0.537046 0.510338
vt 0.480539 0.494394
vt 0.459699 0.839741
vt 0.524121 0.822196
vt 0.526393 0.855078
vt 0.489348 0.675591
vt 0.559255 0.684700
vt 0.489213 0.679749
vt 0.989840 0.001503
vt 0.988611 0.028831
vt 0.988611 0.001503
vt 0.480387 0.493355
vt 0.506563 0.442174
vt 0.512493 0.541828
vt 0.480313 0.494582
vt 0.972925 0.089521
vt 0.935300 0.026644
vt 0.807678 0.528202
vt 0.887144 0.509076
vt 0.809381 0.531226
vt 0.985614 0.161540
vt 0.530642 0.486604
vt 0.538918 0.491203
vt 0.480118 0.493240
vt 0.888040 0.363623
vt 0.848012 0.437650
vt 0.883314 0.362388
vt 0.973394 0.089334
vt 0.517167 0.534619
vt 0.512529 0.535871
vt 0.847644 0.806542
vt 0.909974 0.861786
vt 0.846205 0.809356
vt 0.534086 0.510994
vt 0.514051 0.445132
vt 0.911886 0.066865
vt 0.972378 0.090170
vt 0.376333 0.001502
vt 0.384830 0.001502
vt 0.390022 0.008060
vt 0.388293 0.016343
vt 0.380712 0.020103
vt 0.373003 0.016505
vt 0.371031 0.008194
vt 0.537671 0.480560
vt 0.480688 0.493843
vt 0.902547 0.069363
vt 0.958453 0.018023
vt 0.973518 0.089268
vt 0.972347 0.091016
vt 0.902540 0.112120
vt 0.899884 0.093906
vt 0.789303 0.023449
vt 0.792606 0.097294
vt 0.901739 0.090588
vt 0.537577 0.509495
vt 0.906467 0.119843
vt 0.972540 0.091404
vt 0.913738 0.134139
vt 0.910682 0.128131
vt 0.909361 0.119663
vt 0.526259 0.530736
vt 0.519749 0.535940
vt 0.505651 0.021372
vt 0.498231 0.017967
vt 0.496286 0.009979
vt 0.501373 0.003509
vt 0.509558 0.003499
vt 0.514633 0.009839
vt 0.513033 0.017922
vt 0.534706 0.514745
vt 0.899166 0.088987
vt 0.994044 0.089058
vt 0.992847 0.113564
vt 0.992847 0.089058
vt 0.938436 0.321533
vt 0.940599 0.310611
vt 0.940599 0.321533
vt 0.992847 0.072542
vt 0.487331 0.671953
vt 0.561130 0.641100
vt 0.983558 0.130931
vt 0.985614 0.130931
vt 0.985614 0.044306
vt 0.983558 0.056223
vt 0.983558 0.044306
vt 0.994044 0.524533
vt 0.992847 0.509676
vt 0.994044 0.509676
vt 0.862965 0.701891
vt 0.906100 0.653872
vt 0.907683 0.655027
vt 0.795383 0.331812
vt 0.877488 0.349957
vt 0.877471 0.354842
vt 0.956497 0.545318
vt 0.959598 0.577042
vt 0.956497 0.577042
vt 0.898669 0.023991
vt 0.892710 0.105263
vt 0.888732 0.105441
vt 0.890021 0.870329
vt 0.938436 0.555160
vt 0.940599 0.585833
vt 0.938436 0.585833
vt 0.956497 0.121498
vt 0.959598 0.133620
vt 0.807975 0.537817
vt 0.888639 0.553912
vt 0.868992 0.594197
vt 0.884347 0.118254
vt 0.842344 0.180846
vt 0.819415 0.172704
vt 0.940599 0.453242
vt 0.938436 0.429671
vt 0.940599 0.429671
vt 0.833967 0.418986
vt 0.879569 0.359253
vt 0.913093 0.122686
vt 0.972292 0.090587
vt 0.480586 0.493566
vt 0.530928 0.462288
vt 0.992847 0.184784
vt 0.994044 0.204759
vt 0.992847 0.204759
vt 0.938436 0.378927
vt 0.940599 0.371939
vt 0.940599 0.378927
vt 0.898975 0.087676
vt 0.456879 0.841931
vt 0.458162 0.841732
vt 0.465708 0.897293
vt 0.959598 0.545318
vt 0.840606 0.811926
vt 0.875584 0.888283
vt 0.833133 0.897059
vt 0.956497 0.688298
vt 0.959598 0.688298
vt 0.938436 0.717279
vt 0.940599 0.673351
vt 0.940599 0.717279
vt 0.871074 0.263622
vt 0.888689 0.342482
vt 0.883824 0.342925
vt 0.913864 0.722183
vt 0.906332 0.721310
vt 0.902307 0.709415
vt 0.457927 0.836544
vt 0.507992 0.793385
vt 0.458975 0.837312
vt 0.814175 0.409330
vt 0.549777 0.839877
vt 0.631943 0.829355
vt 0.549826 0.842453
vt 0.548597 0.844717
vt 0.609752 0.903699
vt 0.842041 0.636420
vt 0.847237 0.626208
vt 0.853287 0.623207
vt 0.989840 0.052745
vt 0.988611 0.052745
vt 0.938436 0.480165
vt 0.940599 0.480165
vt 0.940599 0.388193
vt 0.938436 0.604031
vt 0.940599 0.615387
vt 0.938436 0.615387
vt 0.994044 0.290622
vt 0.992847 0.259911
vt 0.994044 0.259911
vt 0.833071 0.209618
vt 0.839154 0.203092
vt 0.839154 0.209618
vt 0.814541 0.219186
vt 0.820807 0.232016
vt 0.814541 0.232016
vt 0.833071 0.222072
vt 0.839154 0.224650
vt 0.833071 0.224650
vt 0.830078 0.203282
vt 0.823805 0.215095
vt 0.823805 0.203282
vt 0.833071 0.229953
vt 0.839154 0.229953
vt 0.833071 0.190638
vt 0.839154 0.183498
vt 0.839154 0.190638
vt 0.833071 0.231133
vt 0.839154 0.231133
vt 0.985614 0.361735
vt 0.983558 0.345203
vt 0.985614 0.345203
vt 0.989840 0.414729
vt 0.988611 0.440866
vt 0.988611 0.414729
vt 0.985614 0.440235
vt 0.983558 0.418220
vt 0.985614 0.418220
vt 0.992847 0.457794
vt 0.994044 0.467072
vt 0.992847 0.467072
vt 0.994044 0.416265
vt 0.992847 0.439208
vt 0.992847 0.416265
vt 0.985614 0.328874
vt 0.983558 0.310226
vt 0.985614 0.310226
vt 0.940599 0.604031
vt 0.938436 0.147499
vt 0.940599 0.163492
vt 0.938436 0.163492
vt 0.983558 0.483042
vt 0.985614 0.483042
vt 0.989840 0.162481
vt 0.988611 0.173154
vt 0.988611 0.162481
vt 0.938436 0.310611
vt 0.940599 0.297954
vt 0.983558 0.380963
vt 0.983558 0.361735
vt 0.998214 0.374825
vt 0.997042 0.332524
vt 0.998214 0.332524
vt 0.487295 0.905673
vt 0.467863 0.908720
vt 0.461946 0.909590
vt 0.454549 0.910756
vt 0.459187 0.840934
vt 0.513374 0.885370
vt 0.505211 0.888585
vt 0.508005 0.889464
vt 0.504308 0.892365
vt 0.492061 0.889773
vt 0.498188 0.897171
vt 0.496073 0.898803
vt 0.469570 0.777541
vt 0.476643 0.773078
vt 0.481395 0.773917
vt 0.511162 0.799132
vt 0.512223 0.809338
vt 0.518516 0.812205
vt 0.459610 0.838445
vt 0.519168 0.867262
vt 0.522756 0.863354
vt 0.516077 0.871895
vt 0.516421 0.878106
vt 0.900545 0.720634
vt 0.881229 0.718119
vt 0.909628 0.655270
vt 0.911510 0.685009
vt 0.860264 0.702834
vt 0.854729 0.698777
vt 0.883027 0.110661
vt 0.801744 0.095631
vt 0.799524 0.083884
vt 0.875835 0.702651
vt 0.872187 0.711586
vt 0.870079 0.710059
vt 0.863959 0.705552
vt 0.910142 0.580943
vt 0.914808 0.579903
vt 0.911966 0.617044
vt 0.907779 0.647183
vt 0.882795 0.587053
vt 0.894704 0.590043
vt 0.887649 0.585927
vt 0.853977 0.613210
vt 0.857077 0.607295
vt 0.483240 0.685114
vt 0.454347 0.765538
vt 0.479085 0.684913
vt 0.905340 0.650137
vt 0.844701 0.677371
vt 0.840853 0.669127
vt 0.848326 0.681072
vt 0.905268 0.652096
vt 0.851487 0.685498
vt 0.851341 0.691572
vt 0.983558 0.510847
vt 0.909692 0.646756
vt 0.486956 0.683243
vt 0.542379 0.720516
vt 0.839154 0.222072
vt 0.355628 0.760523
vt 0.426778 0.756197
vt 0.456650 0.836307
vt 0.453437 0.768798
vt 0.709825 0.066942
vt 0.777404 0.105622
vt 0.716613 0.172934
vt 0.711319 0.163044
vt 0.722380 0.148115
vt 0.509098 0.588915
vt 0.550845 0.613868
vt 0.805767 0.202381
vt 0.785403 0.120872
vt 0.791685 0.121308
vt 0.833071 0.203092
vt 0.956497 0.366601
vt 0.959598 0.331703
vt 0.959598 0.366601
vt 0.781267 0.017510
vt 0.622720 0.804629
vt 0.620196 0.797690
vt 0.994044 0.457794
vt 0.988611 0.147426
vt 0.989840 0.147426
vt 0.994044 0.044846
vt 0.992847 0.044846
vt 0.985614 0.527418
vt 0.985614 0.510847
vt 0.994044 0.172923
vt 0.992847 0.172923
vt 0.985614 0.076265
vt 0.985614 0.056223
vt 0.998214 0.051172
vt 0.997042 0.019990
vt 0.998214 0.019990
vt 0.814541 0.261258
vt 0.820807 0.271874
vt 0.814541 0.271874
vt 0.814541 0.181699
vt 0.820807 0.195634
vt 0.814541 0.195634
vt 0.820807 0.255568
vt 0.814541 0.255568
vt 0.344431 0.489332
vt 0.338824 0.475509
vt 0.344431 0.475509
vt 0.830078 0.215095
vt 0.823805 0.236875
vt 0.830078 0.249719
vt 0.823805 0.253391
vt 0.823805 0.249719
vt 0.814541 0.177502
vt 0.820807 0.181699
vt 0.994044 0.241692
vt 0.992847 0.241692
vt 0.983558 0.101212
vt 0.985614 0.101212
vt 0.992847 0.230324
vt 0.994044 0.230324
vt 0.940599 0.527421
vt 0.940599 0.555160
vt 0.997042 0.079372
vt 0.997042 0.051172
vt 0.994044 0.365709
vt 0.992847 0.318396
vt 0.994044 0.318396
vt 0.989840 0.104226
vt 0.988611 0.104226
vt 0.988611 0.111315
vt 0.997042 0.154766
vt 0.998214 0.178729
vt 0.997042 0.178729
vt 0.985614 0.112635
vt 0.983558 0.112635
vt 0.994044 0.490529
vt 0.992847 0.474069
vt 0.994044 0.474069
vt 0.992847 0.001498
vt 0.994044 0.001498
vt 0.985614 0.395871
vt 0.983558 0.405505
vt 0.983558 0.395871
vt 0.985614 0.405505
vt 0.994044 0.569434
vt 0.992847 0.547508
vt 0.994044 0.547508
vt 0.938436 0.232126
vt 0.940599 0.276054
vt 0.938436 0.276054
vt 0.983558 0.552006
vt 0.985614 0.552006
vt 0.994044 0.129574
vt 0.994044 0.113564
vt 0.572850 0.705069
vt 0.557045 0.729412
vt 0.552327 0.736665
vt 0.546402 0.745999
vt 0.574434 0.656408
vt 0.570360 0.668702
vt 0.573996 0.666367
vt 0.573780 0.673299
vt 0.573424 0.684773
vt 0.573292 0.688624
vt 0.540254 0.748962
vt 0.513493 0.753006
vt 0.509246 0.764588
vt 0.502926 0.767887
vt 0.460453 0.587573
vt 0.470138 0.587944
vt 0.483834 0.594384
vt 0.492194 0.588540
vt 0.483760 0.669819
vt 0.558526 0.633311
vt 0.557213 0.625595
vt 0.568694 0.646295
vt 0.707302 0.155531
vt 0.693906 0.130013
vt 0.777151 0.111915
vt 0.780095 0.117481
vt 0.695426 0.091701
vt 0.695846 0.081556
vt 0.698813 0.094240
vt 0.708507 0.110670
vt 0.694516 0.113521
vt 0.694660 0.109720
vt 0.695140 0.098485
vt 0.722573 0.176743
vt 0.757461 0.199025
vt 0.748243 0.183372
vt 0.751235 0.195080
vt 0.802884 0.017501
vt 0.812766 0.017514
vt 0.848389 0.468645
vt 0.804748 0.526339
vt 0.832541 0.449409
vt 0.714535 0.052001
vt 0.721737 0.040629
vt 0.712815 0.059472
vt 0.702135 0.071595
vt 0.992847 0.392664
vt 0.992847 0.365709
vt 0.801281 0.526159
vt 0.808734 0.460806
vt 0.906239 0.648396
vt 0.956497 0.236298
vt 0.959598 0.205640
vt 0.959598 0.236298
vt 0.845007 0.270604
vt 0.852777 0.261653
vt 0.395597 0.834283
vt 0.433722 0.768963
vt 0.404745 0.672131
vt 0.414941 0.670593
vt 0.424464 0.684772
vt 0.349840 0.739042
vt 0.429050 0.751469
vt 0.843604 0.798828
vt 0.888547 0.741754
vt 0.846240 0.800572
vt 0.479602 0.669704
vt 0.350303 0.768008
vt 0.812672 0.070785
vt 0.885238 0.107350
vt 0.997042 0.202024
vt 0.985614 0.380963
vt 0.983558 0.263526
vt 0.983558 0.236465
vt 0.940599 0.204463
vt 0.938436 0.187967
vt 0.940599 0.187967
vt 0.997042 0.515180
vt 0.998214 0.535461
vt 0.997042 0.535461
vt 0.820807 0.261258
vt 0.830078 0.268325
vt 0.823805 0.263148
vt 0.830078 0.263148
vt 0.830078 0.181503
vt 0.823805 0.181503
vt 0.344431 0.432586
vt 0.338824 0.427678
vt 0.344431 0.427678
vt 0.820807 0.219186
vt 0.344431 0.444066
vt 0.338824 0.450327
vt 0.338824 0.444066
vt 0.338824 0.412680
vt 0.344431 0.412680
vt 0.992847 0.490529
vt 0.998214 0.297402
vt 0.997042 0.310268
vt 0.938436 0.673351
vt 0.940599 0.661502
vt 0.940599 0.232126
vt 0.992847 0.290622
vt 0.938436 0.527421
vt 0.985614 0.338183
vt 0.983558 0.328874
vt 0.938436 0.406756
vt 0.940599 0.406756
vt 0.938436 0.355497
vt 0.940599 0.336372
vt 0.940599 0.355497
vt 0.985614 0.563010
vt 0.992847 0.129574
vt 0.992847 0.534836
vt 0.992847 0.524533
vt 0.994044 0.534836
vt 0.938436 0.297954
vt 0.782382 0.443599
vt 0.809089 0.445014
vt 0.817094 0.445470
vt 0.827279 0.445943
vt 0.805128 0.539803
vt 0.832230 0.619852
vt 0.820534 0.617448
vt 0.823059 0.620524
vt 0.816697 0.621070
vt 0.804710 0.609009
vt 0.806165 0.621977
vt 0.787495 0.623594
vt 0.801668 0.540093
vt 0.802601 0.622266
vt 0.859557 0.466558
vt 0.865152 0.470021
vt 0.887363 0.518013
vt 0.882230 0.530972
vt 0.888061 0.538336
vt 0.809496 0.534696
vt 0.851902 0.603091
vt 0.858845 0.601157
vt 0.845014 0.606217
vt 0.840968 0.613636
vt 0.422730 0.669424
vt 0.448968 0.665758
vt 0.438435 0.747569
vt 0.433243 0.748316
vt 0.418077 0.848082
vt 0.408769 0.847402
vt 0.420510 0.845044
vt 0.438955 0.769336
vt 0.453258 0.850573
vt 0.435890 0.836619
vt 0.438122 0.849554
vt 0.434609 0.849315
vt 0.424301 0.848544
vt 0.369114 0.698919
vt 0.385555 0.695992
vt 0.374509 0.694819
vt 0.349968 0.748125
vt 0.381956 0.829668
vt 0.371643 0.822831
vt 0.388790 0.831391
vt 0.399731 0.841437
vt 0.985614 0.287206
vt 0.985614 0.263526
vt 0.938436 0.371939
vt 0.989840 0.208226
vt 0.988611 0.252399
vt 0.988611 0.208226
vt 0.847689 0.803381
vt 0.908884 0.771437
vt 0.893222 0.204475
vt 0.887505 0.120678
vt 0.891411 0.121448
vt 0.863206 0.025615
vt 0.824207 0.046919
vt 0.956497 0.282477
vt 0.959598 0.282477
vt 0.997042 0.460841
vt 0.998214 0.503142
vt 0.997042 0.503142
vt 0.399546 0.676036
vt 0.795409 0.325376
vt 0.800062 0.316291
vt 0.816960 0.316827
vt 0.930138 0.785829
vt 0.930323 0.779751
vt 0.836127 0.427818
vt 0.998214 0.127404
vt 0.998214 0.079372
vt 0.998214 0.254126
vt 0.997042 0.237420
vt 0.998214 0.237420
vt 0.998214 0.310268
vt 0.998214 0.460841
vt 0.997042 0.444592
vt 0.998214 0.444592
vt 0.956497 0.402314
vt 0.998214 0.571249
vt 0.997042 0.559712
vt 0.998214 0.559712
vt 0.352772 0.401906
vt 0.347433 0.426827
vt 0.347433 0.401906
vt 0.830078 0.253391
vt 0.338824 0.432586
vt 0.830078 0.236875
vt 0.347433 0.461342
vt 0.352772 0.486262
vt 0.347433 0.486262
vt 0.938436 0.641552
vt 0.940599 0.641552
vt 0.998214 0.001498
vt 0.997042 0.001498
vt 0.989840 0.501996
vt 0.988611 0.470877
vt 0.989840 0.470877
vt 0.983558 0.287206
vt 0.997042 0.127404
vt 0.998214 0.230316
vt 0.997042 0.230316
vt 0.998214 0.220896
vt 0.997042 0.220896
vt 0.997042 0.273561
vt 0.997042 0.254126
vt 0.938436 0.336372
vt 0.989840 0.297212
vt 0.988611 0.322044
vt 0.988611 0.297212
vt 0.997042 0.402940
vt 0.997042 0.374825
vt 0.988611 0.280477
vt 0.910362 0.741023
vt 0.922244 0.764002
vt 0.925785 0.771006
vt 0.874118 0.717038
vt 0.881555 0.725865
vt 0.881477 0.722014
vt 0.886642 0.725405
vt 0.895199 0.731016
vt 0.898115 0.732964
vt 0.922376 0.808671
vt 0.929738 0.816838
vt 0.929710 0.823191
vt 0.903097 0.867010
vt 0.887505 0.879066
vt 0.843701 0.811285
vt 0.840453 0.798581
vt 0.830888 0.713658
vt 0.849121 0.717493
vt 0.842736 0.714681
vt 0.856195 0.719381
vt 0.863780 0.716321
vt 0.803660 0.309285
vt 0.815992 0.286140
vt 0.879758 0.345632
vt 0.845074 0.266753
vt 0.838042 0.286504
vt 0.828444 0.277747
vt 0.831372 0.275778
vt 0.839919 0.270152
vt 0.795253 0.369538
vt 0.802724 0.354793
vt 0.795221 0.362831
vt 0.821034 0.415143
vt 0.884470 0.258749
vt 0.896668 0.257651
vt 0.878123 0.261646
vt 0.863450 0.260659
vt 0.989840 0.338282
vt 0.988611 0.382455
vt 0.988611 0.338282
vt 0.609863 0.877780
vt 0.540493 0.754532
vt 0.543707 0.836087
vt 0.531806 0.753679
vt 0.352772 0.446818
vt 0.347433 0.446818
vt 0.956497 0.331703
vt 0.886420 0.029915
vt 0.988611 0.530137
vt 0.988611 0.501996
vt 0.998214 0.419709
vt 0.997042 0.419709
vt 0.989840 0.252399
vt 0.989840 0.452401
vt 0.989840 0.440866
vt 0.972851 0.091708
vt 0.344431 0.387498
vt 0.338824 0.387498
vt 0.352772 0.395500
vt 0.347433 0.395500
vt 0.352772 0.432435
vt 0.347433 0.443369
vt 0.347433 0.432435
vt 0.352772 0.426827
vt 0.344431 0.450327
vt 0.989840 0.128009
vt 0.989840 0.111315
vt 0.989840 0.173154
vt 0.988611 0.185994
vt 0.989840 0.185994
vt 0.480030 0.494664
vt 0.507556 0.545916
vt 0.484511 0.552790
vt 0.988611 0.394489
vt 0.959598 0.451717
vt 0.959598 0.463030
vt 0.988611 0.452401
vt 0.989840 0.322044
vt 0.956497 0.451717
vt 0.988611 0.128009
vt 0.985614 0.001499
vt 0.983558 0.001499
vt 0.998214 0.273561
vt 0.989840 0.382455
vt 0.635835 0.861955
vt 0.623297 0.884856
vt 0.619619 0.891626
vt 0.614958 0.900422
vt 0.635018 0.818110
vt 0.635098 0.827088
vt 0.635233 0.833319
vt 0.622738 0.844246
vt 0.635461 0.843636
vt 0.635514 0.847153
vt 0.586260 0.910035
vt 0.583575 0.920796
vt 0.578226 0.924356
vt 0.989840 0.578095
vt 0.989840 0.530137
vt 0.552476 0.760978
vt 0.612825 0.780386
vt 0.618835 0.790787
vt 0.629632 0.809132
vt 0.814268 0.168748
vt 0.810005 0.159378
vt 0.798739 0.093169
vt 0.882699 0.114629
vt 0.795861 0.128274
vt 0.809974 0.111084
vt 0.797039 0.113174
vt 0.797316 0.109657
vt 0.798207 0.099376
vt 0.844251 0.191771
vt 0.817338 0.057186
vt 0.815589 0.064001
vt 0.805514 0.074884
vt 0.878746 0.024894
vt 0.560349 0.756276
vt 0.849621 0.195885
vt 0.820700 0.146244
vt 0.806800 0.152355
vt 0.956497 0.617587
vt 0.956497 0.587864
vt 0.989840 0.094825
vt 0.989840 0.028831
vt 0.983558 0.161540
vt 0.890642 0.448789
vt 0.994044 0.072542
vt 0.907729 0.023586
vt 0.959598 0.121498
vt 0.938436 0.453242
vt 0.994044 0.184784
vt 0.938436 0.388193
vt 0.833071 0.183498
vt 0.983558 0.440235
vt 0.994044 0.439208
vt 0.940599 0.147499
vt 0.448909 0.767879
vt 0.983558 0.527418
vt 0.983558 0.076265
vt 0.338824 0.489332
vt 0.820807 0.177502
vt 0.998214 0.154766
vt 0.992847 0.569434
vt 0.994044 0.392664
vt 0.998214 0.202024
vt 0.938436 0.204463
vt 0.998214 0.515180
vt 0.823805 0.268325
vt 0.938436 0.661502
vt 0.983558 0.338183
vt 0.983558 0.563010
vt 0.997042 0.571249
vt 0.352772 0.461342
vt 0.998214 0.402940
vt 0.989840 0.280477
vt 0.931281 0.151530
vt 0.352772 0.443369
vt 0.989840 0.394489
vt 0.988611 0.578095
vt 0.189220 0.928127
vt 0.178403 0.985624
vt 0.178403 0.928127
vt 0.366955 0.001517
vt 0.365862 0.002909
vt 0.365872 0.001845
vt 0.156839 0.593586
vt 0.167611 0.001502
vt 0.167611 0.593586
vt 0.146053 0.985624
vt 0.136201 0.928127
vt 0.146053 0.928127
vt 0.200032 0.928127
vt 0.189220 0.985624
vt 0.167611 0.985624
vt 0.167611 0.928127
vt 0.178403 0.001502
vt 0.178403 0.593586
vt 0.221592 0.593586
vt 0.210818 0.001502
vt 0.221592 0.001502
vt 0.200032 0.593586
vt 0.210818 0.593586
vt 0.136201 0.593586
vt 0.124146 0.001502
vt 0.136201 0.001502
vt 0.124146 0.593586
vt 0.113353 0.001502
vt 0.189220 0.593586
vt 0.200032 0.001502
vt 0.200032 0.765657
vt 0.189220 0.001502
vt 0.146053 0.001502
vt 0.156839 0.001502
vt 0.189220 0.869469
vt 0.178403 0.869469
vt 0.189220 0.765657
vt 0.210818 0.869469
vt 0.200032 0.869469
vt 0.113353 0.765657
vt 0.113353 0.593586
vt 0.146053 0.765657
vt 0.146053 0.593586
vt 0.210818 0.765657
vt 0.167611 0.869469
vt 0.156839 0.765657
vt 0.167611 0.765657
vt 0.146053 0.869469
vt 0.136201 0.869469
vt 0.136201 0.765657
vt 0.178403 0.765657
vt 0.124146 0.765657
vt 0.210818 0.928127
vt 0.200032 0.985624
vt 0.124146 0.985624
vt 0.113353 0.928127
vt 0.124146 0.928127
vt 0.221592 0.928127
vt 0.221592 0.869469
vt 0.136201 0.985624
vt 0.362745 0.002303
vt 0.361212 0.001805
vt 0.362159 0.001498
vt 0.124146 0.869469
vt 0.156839 0.928127
vt 0.156839 0.869469
vt 0.221592 0.765657
vt 0.221592 0.985624
vt 0.156839 0.985624
vt 0.113353 0.869469
vt 0.362583 0.001805
vt 0.362643 0.002757
vt 0.362159 0.003109
vt 0.361636 0.003109
vt 0.361212 0.002801
vt 0.361050 0.002303
vt 0.361636 0.001498
vt 0.366360 0.001510
vt 0.367417 0.001859
vt 0.367570 0.002393
vt 0.367368 0.002913
vt 0.366895 0.003228
vt 0.366324 0.003228
vt 0.365685 0.002383
vt 0.210818 0.985624
vt 0.113353 0.985624
s 1
f 1333/2707/2821 1366/2708/2822 1352/2709/2823
f 1365/2710/2824 1353/2711/2825 1331/2712/2826
f 1332/2713/2827 1364/2714/2828 1362/2715/2829
f 1345/2716/2830 1377/2717/2831 1343/2718/2832
f 1377/2717/2831 1336/2719/2833 1343/2718/2832
f 1647/2720/2834 1697/2721/2835 1664/2722/2836
f 1372/2723/2837 1363/2724/2838 1364/2714/2828
f 1364/2725/2839 1344/2726/2840 1345/2727/2839
f 1491/2728/2841 1485/2729/2841 1492/2730/2841
f 1535/2731/2842 1572/2732/2842 1568/2733/2842
f 1343/2734/2843 1364/2725/2844 1345/2727/2844
f 1650/2735/2845 1656/2736/2845 1657/2737/2845
f 1351/2738/2846 1369/2739/2846 1350/2740/2846
f 1341/2741/2847 1361/2742/2847 1360/2743/2847
f 1337/2744/2848 1359/2745/2849 1356/2746/2850
f 1410/2747/2851 1444/2748/2852 1443/2749/2851
f 1659/2750/2853 1651/2751/2853 1658/2752/2853
f 1557/2753/2854 1551/2754/2854 1558/2755/2854
f 1381/2756/2855 1349/2757/2856 1375/2758/2857
f 1391/2759/2858 1385/2760/2858 1384/2761/2858
f 1457/2762/2859 1471/2763/2860 1456/2764/2861
f 1515/2765/2862 1569/2766/2863 1548/2767/2864
f 1378/2768/2865 1345/2716/2830 1344/2769/2866
f 1340/2770/2867 1376/2771/2868 1375/2758/2869
f 1363/2724/2838 1372/2772/2837 1354/2773/2870
f 1527/2774/2871 1519/2775/2871 1526/2776/2871
f 1697/2721/2872 1666/2777/2872 1664/2722/2872
f 1381/2756/2873 1348/2778/2874 1347/2779/2875
f 1378/2768/2865 1377/2780/2831 1345/2716/2830
f 1623/2781/2876 1617/2782/2876 1624/2783/2876
f 1332/2784/2827 1372/2723/2837 1364/2714/2828
f 1342/2785/2877 1341/2786/2878 1375/2758/2869
f 1593/2787/2879 1585/2788/2879 1592/2789/2879
f 1351/2790/2880 1375/2758/2857 1349/2757/2856
f 1335/2791/2881 1378/2768/2865 1344/2769/2866
f 1367/2792/2882 1365/2710/2824 1331/2712/2826
f 1330/2793/2883 1367/2792/2882 1331/2712/2826
f 1374/2794/2884 1371/2795/2885 1330/2796/2886
f 1330/2796/2886 1331/2797/2887 1372/2798/2888
f 1372/2798/2888 1332/2799/2889 1373/2800/2890
f 1346/2801/2891 1348/2778/2892 1380/2802/2893
f 1366/2803/2894 1367/2792/2895 1330/2793/2896
f 1362/2715/2829 1355/2804/2870 1332/2805/2827
f 1374/2806/2897 1357/2807/2897 1369/2808/2898
f 1514/2809/2899 1493/2810/2900 1492/2730/2901
f 1374/2806/2897 1369/2808/2898 1370/2811/2902
f 1347/2779/2875 1333/2812/2903 1381/2756/2873
f 1381/2756/2873 1380/2802/2904 1348/2778/2874
f 1358/2813/2905 1357/2807/2906 1374/2806/2907
f 1373/2814/2908 1356/2815/2906 1359/2816/2909
f 1361/2817/2910 1358/2813/2905 1374/2806/2907
f 1375/2758/2869 1338/2818/2911 1339/2819/2912
f 1375/2758/2869 1339/2819/2912 1342/2785/2877
f 1381/2820/2913 1375/2821/2914 1376/2822/2915
f 1377/2823/2916 1378/2824/2915 1379/2825/2917
f 1377/2823/2916 1379/2825/2917 1380/2826/2918
f 1350/2827/2919 1338/2818/2920 1375/2758/2857
f 1351/2790/2880 1350/2827/2919 1375/2758/2857
f 1374/2806/2897 1370/2811/2902 1368/2828/2921
f 1613/2829/2922 1644/2830/2923 1646/2831/2922
f 1477/2832/2924 1511/2833/2925 1510/2834/2924
f 1645/2835/2926 1613/2829/2926 1646/2831/2926
f 1458/2836/2927 1477/2837/2928 1457/2762/2929
f 1666/2777/2930 1698/2838/2930 1665/2839/2930
f 1652/2840/2931 1695/2841/2932 1685/2842/2933
f 1609/2843/2934 1641/2844/2935 1608/2845/2936
f 1440/2846/2937 1423/2847/2938 1422/2848/2939
f 1628/2849/2940 1627/2850/2941 1626/2851/2942
f 1338/2852/2943 1358/2853/2944 1339/2854/2945
f 1710/2855/2946 1691/2856/2947 1690/2857/2948
f 1613/2858/2949 1592/2789/2950 1585/2788/2951
f 1331/2712/2952 1354/2773/2953 1372/2772/2954
f 1468/2859/2955 1500/2860/2955 1467/2861/2955
f 1336/2862/2956 1362/2863/2957 1343/2734/2958
f 1524/2864/2959 1518/2865/2959 1517/2866/2959
f 1693/2867/2960 1696/2868/2961 1694/2869/2962
f 1503/2870/2963 1471/2871/2963 1504/2872/2963
f 1646/2873/2964 1625/2874/2965 1624/2783/2966
f 1360/2875/2967 1374/2806/2907 1373/2814/2908
f 1371/2876/2968 1366/2803/2894 1330/2793/2896
f 1379/2877/2969 1335/2791/2969 1334/2878/2969
f 1629/2879/2970 1597/2880/2970 1630/2881/2970
f 1474/2882/2971 1505/2883/2971 1507/2884/2971
f 1371/2876/2897 1368/2828/2921 1352/2885/2897
f 1379/2877/2972 1346/2801/2891 1380/2802/2893
f 1395/2886/2973 1389/2887/2974 1401/2888/2975
f 1338/2852/2943 1369/2739/2976 1357/2889/2977
f 1590/2890/2978 1584/2891/2978 1583/2892/2978
f 1336/2893/2956 1356/2746/2850 1355/2894/2979
f 1453/2895/2980 1487/2896/2980 1486/2897/2980
f 1642/2898/2981 1623/2899/2982 1622/2900/2983
f 1421/2901/2984 1433/2902/2985 1434/2903/2986
f 1394/2904/2987 1386/2905/2987 1393/2906/2987
f 1618/2907/2988 1626/2851/2988 1625/2874/2988
f 1655/2908/2989 1672/2909/2990 1654/2910/2991
f 1660/2911/2992 1661/2912/2993 1659/2750/2994
f 1418/2913/2995 1446/2914/2996 1447/2915/2997
f 1569/2766/2998 1537/2916/2998 1570/2917/2998
f 1449/2918/2999 1503/2870/3000 1482/2919/3001
f 1506/2920/3002 1474/2882/3002 1507/2884/3002
f 1455/2921/3003 1496/2922/3004 1463/2923/3005
f 1600/2924/3006 1632/2925/3006 1599/2926/3006
f 1425/2927/3007 1393/2928/3008 1392/2929/3009
f 1559/2930/3010 1525/2931/3011 1558/2932/3011
f 1424/2933/3012 1390/2934/3013 1423/2935/3013
f 1624/2936/3014 1592/2937/3015 1591/2938/3014
f 1422/2939/3016 1390/2934/3013 1389/2940/3017
f 1427/2941/3018 1395/2942/3019 1394/2943/3018
f 1428/2944/3019 1389/2940/3017 1395/2945/3019
f 1648/2946/3020 1703/2947/3021 1670/2948/3022
f 1531/2949/3023 1562/2950/3024 1564/2951/3023
f 1330/2796/2886 1373/2800/2890 1374/2794/2884
f 1649/2952/3025 1706/2953/3026 1673/2954/3027
f 1537/2916/3028 1568/2733/3028 1570/2917/3028
f 1638/2955/3029 1606/2956/3030 1639/2957/3030
f 1603/2958/3031 1634/2959/3031 1636/2960/3031
f 1671/2961/3032 1700/2962/3032 1667/2963/3032
f 1455/2921/3033 1500/2860/3034 1488/2964/3035
f 1453/2965/3036 1512/2966/3037 1479/2967/3038
f 1683/2968/3039 1649/2952/3039 1650/2969/3039
f 1543/2970/3040 1577/2971/3041 1576/2972/3040
f 1478/2973/3042 1508/2974/3043 1511/2833/2925
f 1648/2946/3044 1707/2975/3045 1681/2976/3046
f 1385/2977/3047 1417/2978/3047 1384/2979/3047
f 1389/2887/2974 1382/2980/3048 1401/2888/2975
f 1382/2980/3048 1399/2981/3049 1401/2888/2975
f 1401/2888/2975 1400/2982/3050 1388/2983/3051
f 1388/2983/3051 1395/2886/2973 1401/2888/2975
f 1390/2984/3052 1383/2985/3053 1407/2986/3054
f 1383/2985/3053 1405/2987/3055 1407/2986/3054
f 1407/2986/3054 1406/2988/3056 1404/2989/3057
f 1406/2988/3056 1402/2990/3058 1404/2989/3057
f 1382/2980/3059 1389/2887/3060 1404/2989/3057
f 1404/2989/3057 1403/2991/3061 1382/2980/3059
f 1398/2992/3062 1397/2993/3063 1387/2994/3064
f 1387/2994/3064 1394/2904/3065 1398/2992/3062
f 1386/2905/3066 1412/2995/3067 1414/2996/3068
f 1414/2996/3068 1413/2997/3069 1385/2760/3070
f 1385/2760/3070 1392/2998/3071 1414/2996/3068
f 1391/2759/3072 1384/2761/3073 1411/2999/3074
f 1384/2761/3073 1408/3000/3075 1411/2999/3074
f 1383/2985/3076 1390/2984/3077 1410/3001/3078
f 1410/3001/3078 1409/3002/3079 1383/2985/3076
f 1432/3003/2985 1415/3004/3080 1434/2903/2986
f 1415/3004/3080 1422/2848/3081 1434/2903/2986
f 1422/2848/3081 1428/3005/3082 1434/2903/2986
f 1448/3006/3083 1434/2903/2986 1428/3005/3082
f 1438/3007/3084 1416/3008/3085 1440/2846/2937
f 1688/3009/3086 1705/3010/3087 1681/3011/3088
f 1422/2848/2939 1415/3004/3089 1437/3012/3090
f 1415/3004/3089 1436/3013/3084 1437/3012/3090
f 1437/3012/3090 1435/3014/3084 1439/3015/3084
f 1437/3012/3090 1439/3015/3084 1440/2846/2937
f 1429/3016/3091 1421/3017/3092 1448/3018/3092
f 1427/3019/3093 1420/3020/3094 1431/3021/3095
f 1420/3020/3094 1430/3022/3096 1431/3021/3095
f 1445/3023/2996 1419/3024/3097 1447/2915/2997
f 1461/3025/3098 1453/3026/3098 1460/3027/3098
f 1425/3028/3099 1418/2913/2995 1447/2915/2997
f 1441/3029/3100 1417/3030/3101 1444/3031/3102
f 1417/3030/3101 1424/3032/3103 1444/3031/3102
f 1423/2847/3104 1416/3008/3105 1443/3033/3106
f 1416/3008/3105 1442/3034/3100 1443/3033/3106
f 1650/2969/3107 1711/3035/3108 1683/2968/3109
f 1429/3016/3091 1448/3018/3092 1428/3036/3110
f 1462/3037/3111 1456/2764/3112 1468/3038/3113
f 1414/2996/3068 1393/2906/3114 1386/2905/3066
f 1424/2933/3012 1392/2929/3009 1391/3039/3012
f 1580/3040/3115 1559/3041/3116 1558/2755/3117
f 1395/3042/3118 1396/3043/3119 1394/2904/3065
f 1510/3044/3120 1491/2728/3121 1490/3045/3122
f 1488/3046/3123 1500/3047/3124 1501/3048/3125
f 1458/2836/3126 1452/3049/3126 1451/3050/3126
f 1486/3051/3127 1494/3052/3127 1493/3053/3127
f 1426/3054/3008 1394/2943/3018 1393/2928/3008
f 1348/3055/3128 1365/3056/3129 1367/3057/3130
f 1485/2729/3131 1513/3058/3132 1514/2809/2899
f 1675/3059/3133 1656/2736/3134 1676/3060/3135
f 1634/2959/3136 1605/3061/3136 1638/2955/3136
f 1543/2970/3137 1575/3062/3138 1542/3063/3139
f 1584/3064/3140 1645/2835/3141 1617/3065/3142
f 1679/3066/3143 1711/3035/3143 1678/3067/3143
f 1586/3068/3144 1629/2879/3145 1619/3069/3146
f 1663/3070/3147 1695/2841/3147 1662/3071/3147
f 1401/3072/3148 1433/3073/3148 1400/3074/3148
f 1556/3075/3149 1522/3076/3150 1555/3077/3150
f 1561/3078/3151 1527/3079/3152 1560/3080/3152
f 1558/2932/3011 1524/3081/3153 1557/3082/3153
f 1493/3083/3154 1459/3084/3155 1492/3085/3155
f 1625/3086/3015 1593/3087/3156 1592/2937/3015
f 1627/3088/3157 1588/3089/3158 1594/3090/3159
f 1555/3091/3150 1528/3092/3151 1561/3078/3151
f 1587/3093/3160 1632/2925/3161 1620/3094/3162
f 1694/3095/3163 1663/3070/3164 1661/3096/3165
f 1587/3093/3166 1628/3097/3167 1595/3098/3168
f 1468/2859/3169 1499/3099/3170 1501/3100/3169
f 1401/3072/3171 1432/3101/3171 1434/3102/3171
f 1581/3103/3172 1631/3104/3173 1598/3105/3174
f 1572/2732/3175 1540/3106/3175 1573/3107/3175
f 1540/3106/3176 1571/3108/3176 1573/3107/3176
f 1436/3109/3177 1404/3110/3177 1437/3111/3177
f 1653/3112/3178 1698/2838/3179 1686/3113/3180
f 1582/3114/3181 1637/3115/3182 1604/3116/3183
f 1584/3064/3184 1616/3117/3185 1583/3118/3185
f 1675/3119/3186 1709/3120/3187 1708/3121/3188
f 1706/2953/3026 1676/3122/3189 1673/2954/3027
f 1583/3123/3190 1640/3124/3191 1607/3125/3192
f 1452/3126/3193 1484/3127/3194 1451/3128/3194
f 1710/3129/3195 1679/3066/3196 1677/3130/3197
f 1585/3131/3198 1644/2830/2923 1611/3132/3199
f 1456/2764/3112 1449/3133/3200 1468/3038/3113
f 1449/3133/3200 1466/3134/3201 1468/3038/3113
f 1468/3038/3113 1467/3135/3202 1455/3136/3203
f 1455/3136/3203 1462/3037/3111 1468/3038/3113
f 1457/2762/2859 1450/3137/3204 1474/3138/3205
f 1450/3137/3204 1472/3139/3206 1474/3138/3205
f 1474/3138/3205 1473/3140/3207 1471/2763/2860
f 1473/3140/3207 1469/3141/3207 1471/2763/2860
f 1449/3133/3208 1456/2764/2861 1471/2763/2860
f 1471/2763/2860 1470/3142/3209 1449/3133/3208
f 1462/3037/3210 1455/3136/3211 1463/3143/3212
f 1465/3144/3213 1464/3145/3214 1454/3146/3215
f 1454/3146/3215 1461/3025/3216 1465/3144/3213
f 1453/3147/3217 1479/3148/3218 1481/3149/3219
f 1481/3149/3219 1480/3150/3220 1452/3049/3221
f 1452/3049/3221 1459/3151/3222 1481/3149/3219
f 1458/2836/2927 1451/3050/3223 1478/3152/3224
f 1451/3050/3223 1475/3153/3225 1478/3152/3224
f 1450/3137/3226 1457/2762/2929 1477/2837/2928
f 1477/2837/2928 1476/3154/3227 1450/3137/3226
f 1499/3155/3124 1482/3156/3228 1501/3048/3125
f 1482/3156/3228 1489/3157/3229 1501/3048/3125
f 1489/3157/3229 1495/3158/3230 1501/3048/3125
f 1495/3158/3230 1488/3046/3123 1501/3048/3125
f 1505/3159/3231 1483/3160/3232 1507/3161/3233
f 1489/3157/3234 1482/3156/3235 1504/3162/3236
f 1482/3156/3235 1503/3163/3231 1504/3162/3236
f 1504/3162/3236 1502/3164/3231 1506/3165/3231
f 1504/3162/3236 1506/3165/3231 1507/3161/3233
f 1496/3166/3237 1488/3046/3238 1495/3158/3239
f 1494/3052/3240 1487/3167/3241 1498/3168/3242
f 1487/3167/3241 1497/3169/3243 1498/3168/3242
f 1512/3170/3132 1486/3171/3244 1514/2809/2899
f 1531/3172/3245 1528/3173/3246 1529/3174/3247
f 1492/2730/2901 1485/2729/3131 1514/2809/2899
f 1508/3175/3248 1484/3176/3249 1511/3177/3250
f 1484/3176/3249 1491/2728/3121 1511/3177/3250
f 1490/3045/3122 1483/3160/3251 1510/3044/3120
f 1483/3160/3251 1509/3178/3248 1510/3044/3120
f 1581/3103/3252 1635/3179/3253 1614/3180/3254
f 1528/3173/3255 1522/3181/3256 1534/3182/3257
f 1447/2915/2997 1426/3183/3258 1425/3028/3099
f 1335/3184/3259 1363/3185/3260 1354/3186/3261
f 1622/2900/3262 1639/3187/3263 1615/3188/3264
f 1431/3021/3095 1428/3036/3110 1427/3019/3093
f 1465/3144/3213 1462/3037/3210 1463/3143/3212
f 1576/3189/3265 1557/2753/3266 1556/3190/3267
f 1554/3191/3268 1566/3192/3269 1567/3193/3270
f 1552/3194/3271 1560/3195/3271 1559/3041/3271
f 1589/3196/3272 1603/3197/3273 1588/3198/3274
f 1481/3149/3219 1460/3199/3275 1453/3147/3217
f 1551/2754/3276 1579/3200/3277 1580/3040/3115
f 1708/3201/3278 1689/3202/3279 1688/3009/3280
f 1404/3110/3281 1435/3203/3281 1437/3111/3281
f 1675/3119/3282 1707/2975/3045 1674/3204/3283
f 1647/2720/3284 1701/3205/3285 1680/3206/3286
f 1513/3207/3287 1481/3208/3287 1514/3209/3287
f 1653/3112/3288 1694/3095/3163 1661/3096/3165
f 1430/3210/3289 1398/3211/3289 1431/3212/3289
f 1556/3075/3149 1524/3081/3153 1523/3213/3149
f 1623/3214/3290 1589/3215/3291 1622/3216/3291
f 1623/3217/3290 1591/2938/3014 1590/3218/3290
f 1489/3219/3292 1462/3220/3293 1495/3221/3294
f 1559/2930/3010 1527/3079/3152 1526/3222/3010
f 1490/3223/3295 1458/3224/3296 1457/3225/3295
f 1495/3221/3294 1461/3226/3297 1494/3227/3297
f 1582/3114/3298 1641/2844/2935 1615/3228/3299
f 1411/3229/3300 1441/3230/3301 1444/2748/2852
f 1454/3231/3302 1497/3232/3303 1487/2896/3304
f 1452/3126/3305 1513/3207/3306 1485/3233/3307
f 1600/2924/3308 1631/3104/3308 1633/3234/3308
f 1449/2918/3309 1499/3099/3310 1466/3235/3311
f 1672/3236/3312 1704/3237/3312 1671/2961/3312
f 1469/3238/3313 1506/2920/3313 1502/3239/3313
f 1450/3240/3314 1509/3241/3315 1483/3242/3316
f 1703/2947/3317 1672/3236/3317 1670/2948/3317
f 1651/3243/3318 1710/3129/3195 1677/3130/3197
f 1618/3244/3319 1586/3068/3319 1619/3069/3319
f 1609/2843/3320 1643/3245/3321 1642/3246/3320
f 1610/3247/3322 1640/3124/3191 1643/3245/3321
f 1451/3128/3323 1508/2974/3043 1475/3248/3324
f 1481/3208/3325 1512/2966/3037 1514/3209/3325
f 1522/3181/3256 1515/3249/3326 1534/3182/3257
f 1515/3249/3326 1532/3250/3327 1534/3182/3257
f 1534/3182/3257 1533/3251/3328 1521/3252/3329
f 1521/3252/3329 1528/3173/3255 1534/3182/3257
f 1523/3253/3330 1516/3254/3331 1540/3255/3332
f 1516/3254/3331 1538/3256/3333 1540/3255/3332
f 1540/3255/3332 1539/3257/3334 1537/3258/3335
f 1539/3257/3334 1535/3259/3334 1537/3258/3335
f 1515/3260/3336 1522/3261/3337 1537/3258/3335
f 1537/3258/3335 1536/3262/3338 1515/3260/3336
f 1528/3173/3246 1521/3252/3339 1529/3174/3247
f 1531/3172/3245 1530/3263/3340 1520/3264/3341
f 1520/3264/3341 1527/2774/3342 1531/3172/3245
f 1519/2775/3343 1545/3265/3344 1547/3266/3345
f 1547/3266/3345 1546/3267/3346 1518/2865/3347
f 1518/2865/3347 1525/3268/3348 1547/3266/3345
f 1524/2864/3349 1517/2866/3350 1544/3269/3351
f 1517/2866/3350 1541/3270/3352 1544/3269/3351
f 1516/3254/3353 1523/3253/3354 1543/3271/3355
f 1543/3271/3355 1542/3272/3356 1516/3254/3353
f 1565/3273/3269 1548/3274/3357 1567/3193/3270
f 1548/3274/3357 1555/3275/3358 1567/3193/3270
f 1555/3275/3358 1561/3276/3359 1567/3193/3270
f 1561/3276/3359 1554/3191/3268 1567/3193/3270
f 1571/3277/3360 1549/3278/3361 1573/3279/3362
f 1490/3045/3363 1507/3161/3233 1483/3160/3232
f 1555/3280/3364 1548/3281/3365 1570/3282/3366
f 1548/3281/3365 1569/3283/3360 1570/3282/3366
f 1570/3282/3366 1568/3284/3360 1572/3285/3360
f 1570/3282/3366 1572/3285/3360 1573/3279/3362
f 1560/3195/3367 1553/3286/3368 1564/3287/3369
f 1553/3286/3368 1563/3288/3370 1564/3287/3369
f 1578/3289/3277 1552/3194/3371 1580/3040/3115
f 1547/3266/3345 1526/2776/3372 1519/2775/3343
f 1558/2755/3117 1551/2754/3276 1580/3040/3115
f 1574/3290/3373 1550/3291/3374 1577/3292/3375
f 1550/3291/3374 1557/2753/3266 1577/3292/3375
f 1556/3190/3267 1549/3278/3376 1576/3189/3265
f 1549/3278/3376 1575/3293/3377 1576/3189/3265
f 1669/3294/3378 1701/3205/3378 1668/3295/3378
f 1450/3240/3379 1505/2883/3380 1472/3296/3381
f 1517/3297/3382 1551/3298/3382 1550/3299/3382
f 1594/3300/3383 1588/3198/3384 1600/3301/3385
f 1684/3302/3386 1692/3303/3386 1691/3304/3386
f 1683/3305/3387 1689/3202/3387 1682/3306/3387
f 1334/3307/3388 1354/3186/3261 1353/3308/3389
f 1419/3309/3390 1387/3310/3390 1420/3311/3390
f 1562/3312/3391 1561/3276/3392 1560/3195/3367
f 1443/3033/3106 1424/3032/3103 1423/2847/3104
f 1620/3313/3393 1632/3314/3394 1633/3315/3395
f 1419/3024/3396 1427/3019/3396 1426/3183/3396
f 1424/3032/3397 1418/2913/3397 1425/3028/3397
f 1573/3279/3362 1556/3190/3398 1555/3280/3364
f 1595/3316/3399 1594/3300/3400 1587/3317/3401
f 1617/2782/3402 1645/3318/3403 1646/2873/2964
f 1382/3319/3404 1432/3101/3405 1399/3320/3406
f 1383/3321/3407 1438/3322/3408 1405/3323/3409
f 1384/2979/3410 1441/3230/3301 1408/3324/3411
f 1386/3325/3412 1445/3326/3413 1412/3327/3414
f 1348/3055/3415 1366/2708/3416 1347/3328/3417
f 1388/3329/3418 1429/3330/3419 1396/3331/3420
f 1657/3332/3421 1689/3333/3422 1690/3334/3421
f 1621/3335/3423 1589/3215/3291 1588/3089/3158
f 1490/3223/3295 1456/3336/3292 1489/3219/3292
f 1523/3253/3330 1537/3258/3335 1522/3261/3337
f 1626/3337/3156 1594/3090/3159 1593/3087/3156
f 1692/3338/3424 1658/3339/3425 1691/3340/3425
f 1465/3341/3426 1496/2922/3004 1498/3342/3426
f 1387/3310/3427 1430/3210/3428 1420/3311/3429
f 1497/3232/3430 1465/3341/3430 1498/3342/3430
f 1388/3343/3431 1433/3073/3432 1421/3344/3433
f 1534/3345/3434 1566/3346/3434 1533/3347/3434
f 1669/3294/3435 1700/2962/3435 1702/3348/3435
f 1382/3319/3436 1436/3109/3437 1415/3349/3438
f 1471/2871/3439 1502/3239/3439 1504/2872/3439
f 1407/3350/3440 1438/3322/3440 1440/3351/3440
f 1435/3203/3441 1406/3352/3441 1439/3353/3441
f 1383/3321/3442 1442/3354/3443 1416/3355/3444
f 1477/2832/3445 1509/3241/3315 1476/3356/3446
f 1597/2880/3447 1628/3097/3167 1630/2881/3447
f 1547/3357/3448 1578/3358/3449 1580/3359/3448
f 1385/2977/3450 1446/3360/3451 1418/3361/3452
f 1579/3362/3453 1547/3357/3453 1580/3359/3453
f 1588/3198/3384 1581/3363/3454 1600/3301/3385
f 1581/3363/3454 1598/3364/3455 1600/3301/3385
f 1600/3301/3385 1599/3365/3456 1587/3317/3457
f 1587/3317/3457 1594/3300/3383 1600/3301/3385
f 1589/3196/3272 1582/3366/3458 1606/3367/3459
f 1582/3366/3458 1604/3368/3460 1606/3367/3459
f 1606/3367/3459 1605/3369/3461 1603/3197/3273
f 1605/3369/3461 1601/3370/3461 1603/3197/3273
f 1581/3363/3462 1588/3198/3274 1603/3197/3273
f 1603/3197/3273 1602/3371/3463 1581/3363/3462
f 1597/3372/3464 1596/3373/3465 1586/3374/3466
f 1586/3374/3466 1593/2787/3467 1597/3372/3464
f 1585/2788/2951 1611/3375/3468 1613/2858/2949
f 1613/2858/2949 1612/3376/3469 1584/2891/3470
f 1584/2891/3470 1591/3377/3471 1613/2858/2949
f 1590/3378/3472 1583/3379/3473 1610/3380/3474
f 1583/3379/3473 1607/3381/3475 1610/3380/3474
f 1582/3366/3476 1589/3196/3477 1609/3382/3478
f 1609/3382/3478 1608/3383/3479 1582/3366/3476
f 1631/3384/3394 1614/3385/3480 1633/3315/3395
f 1614/3385/3480 1621/3386/3481 1633/3315/3395
f 1621/3386/3481 1627/2850/3482 1633/3315/3395
f 1627/2850/3482 1620/3313/3393 1633/3315/3395
f 1637/3387/3483 1615/3188/3264 1639/3187/3263
f 1621/3386/3484 1614/3385/3485 1636/3388/3486
f 1614/3385/3485 1635/3389/3483 1636/3388/3486
f 1636/3388/3486 1634/3390/3483 1638/3391/3483
f 1636/3388/3486 1638/3391/3483 1639/3187/3263
f 1498/3168/3242 1495/3158/3239 1494/3052/3240
f 1626/2851/2942 1619/3392/3487 1630/3393/3488
f 1619/3392/3487 1629/3394/3489 1630/3393/3488
f 1644/3395/3403 1618/2907/3490 1646/2873/2964
f 1624/2783/2966 1617/2782/3402 1646/2873/2964
f 1640/3396/3491 1616/3397/3492 1643/3398/3493
f 1616/3397/3492 1623/2899/2982 1643/3398/3493
f 1622/2900/2983 1615/3188/3494 1642/2898/2981
f 1615/3188/3494 1641/3399/3491 1642/2898/2981
f 1519/3400/3495 1553/3401/3495 1552/3402/3495
f 1660/2911/3496 1654/2910/3497 1666/3403/3498
f 1677/3404/3499 1658/3405/3500 1651/3406/3501
f 1660/3407/3502 1692/3338/3424 1693/3408/3502
f 1391/2759/3072 1410/3001/3078 1390/2984/3077
f 1334/3307/3388 1365/3056/3503 1346/3409/3504
f 1390/2984/3052 1404/2989/3057 1389/2887/3060
f 1690/2857/2948 1712/3410/3505 1710/2855/2946
f 1381/2820/2913 1377/2823/2916 1380/2826/2918
f 1534/3345/3506 1565/3411/3506 1567/3412/3506
f 1446/3360/3507 1414/3413/3507 1447/3414/3508
f 1518/3415/3509 1579/3362/3510 1551/3298/3511
f 1439/3353/3512 1407/3350/3512 1440/3351/3512
f 1521/3416/3513 1562/2950/3024 1529/3417/3514
f 1606/2956/3515 1637/3115/3515 1639/2957/3515
f 1332/3418/3516 1356/2815/3516 1373/2814/3516
f 1493/3419/3154 1461/3226/3297 1460/3420/3154
f 1658/3421/3425 1690/3334/3421 1691/3422/3425
f 1655/3423/3517 1687/3424/3518 1688/3425/3517
f 1687/3424/3518 1660/3407/3502 1693/3408/3502
f 1656/3426/3422 1688/3425/3517 1689/3333/3422
f 1492/3085/3155 1458/3224/3296 1491/3427/3296
f 1516/3428/3519 1571/3108/3520 1538/3429/3521
f 1544/3430/3522 1574/3431/3523 1577/2971/3041
f 1517/3297/3524 1574/3431/3523 1541/3432/3525
f 1377/3433/3526 1337/3434/3526 1336/3435/3526
f 1563/3436/3527 1531/2949/3527 1564/2951/3527
f 1524/2864/3349 1543/3271/3355 1523/3253/3354
f 1351/2738/3528 1368/3437/3528 1370/3438/3528
f 1521/3416/3529 1566/3346/3530 1554/3439/3531
f 1635/3179/3532 1603/2958/3532 1636/2960/3532
f 1519/3400/3533 1578/3358/3449 1545/3440/3534
f 1333/2707/2821 1368/3437/3535 1349/3441/3536
f 1414/3413/3537 1445/3326/3413 1447/3414/3537
f 1516/3428/3538 1575/3062/3138 1549/3442/3539
f 1651/3443/3540 1685/2842/3540 1684/3444/3540
f 1410/2747/3541 1442/3354/3443 1409/3445/3542
f 1520/3446/3543 1563/3436/3544 1553/3401/3545
f 1654/2910/3497 1647/3447/3546 1666/3403/3498
f 1647/3447/3546 1664/3448/3547 1666/3403/3498
f 1666/3403/3498 1665/3449/3548 1653/3450/3549
f 1653/3450/3549 1660/2911/3496 1666/3403/3498
f 1648/3451/3550 1670/3452/3551 1672/2909/2990
f 1672/2909/2990 1671/3453/3552 1669/3454/3553
f 1671/3453/3552 1667/3455/3552 1669/3454/3553
f 1647/3447/3554 1654/2910/2991 1669/3454/3553
f 1669/3454/3553 1668/3456/3555 1647/3447/3554
f 1663/3457/3556 1662/3458/3557 1652/3459/3558
f 1652/3459/3558 1659/2750/2994 1663/3457/3556
f 1515/3460/3559 1565/3411/3560 1532/3461/3561
f 1677/3404/3499 1679/3462/3562 1657/2737/3563
f 1656/2736/3134 1649/3463/3564 1676/3060/3135
f 1649/3463/3564 1673/3464/3565 1676/3060/3135
f 1648/3451/3566 1655/2908/3567 1675/3059/3133
f 1675/3059/3133 1674/3465/3568 1648/3451/3566
f 1686/3466/3569 1698/3467/3570 1693/2867/3571
f 1703/3468/3572 1681/3011/3088 1705/3010/3087
f 1687/3469/3573 1680/3470/3574 1702/3471/3575
f 1680/3470/3574 1701/3472/3572 1702/3471/3575
f 1702/3471/3575 1700/3473/3572 1704/3474/3572
f 1702/3471/3575 1704/3474/3572 1705/3010/3087
f 1694/2869/2962 1686/3466/3576 1693/2867/2960
f 1696/2868/2961 1692/3303/3577 1695/3475/3578
f 1706/3476/3579 1682/3306/3580 1709/3477/3581
f 1682/3306/3580 1689/3202/3279 1709/3477/3581
f 1688/3009/3280 1681/3011/3582 1708/3201/3278
f 1681/3011/3582 1707/3478/3579 1708/3201/3278
f 1398/3211/3583 1429/3330/3419 1431/3212/3583
f 1590/3378/3472 1609/3382/3478 1589/3196/3477
f 1711/3479/3584 1712/3410/3505 1690/2857/2948
f 1683/3305/2947 1711/3479/3584 1690/2857/2948
f 1678/3480/3585 1650/2735/3586 1657/2737/3563
f 1679/3462/3562 1678/3480/3585 1657/2737/3563
f 1692/3303/3577 1685/3481/3576 1695/3475/3578
f 1698/3467/3570 1699/3482/3587 1693/2867/3571
f 1680/3470/3588 1693/2867/3571 1699/3482/3587
f 1699/3482/3587 1697/3483/3589 1680/3470/3588
f 1680/3470/3588 1687/3469/3569 1693/2867/3571
f 1341/2741/3590 1359/2745/3590 1340/3484/3590
f 1489/3157/3234 1504/3162/3236 1507/3161/3233
f 1373/2814/2908 1359/2816/2909 1360/2875/2967
f 1375/2758/2869 1341/2786/2878 1340/2770/2867
f 1621/3386/3484 1636/3388/3486 1639/3187/3263
f 1396/3043/3119 1398/2992/3062 1394/2904/3065
f 1448/3006/3083 1421/2901/2984 1434/2903/2986
f 1560/3195/3367 1564/3287/3369 1562/3312/3391
f 1687/3469/3573 1702/3471/3575 1705/3010/3087
f 1672/2909/2990 1669/3454/3553 1654/2910/2991
f 1661/2912/2993 1663/3457/3556 1659/2750/2994
f 1555/3280/3364 1570/3282/3366 1573/3279/3362
f 1626/2851/2942 1630/3393/3488 1628/2849/2940
f 1595/3316/3399 1597/3372/3464 1593/2787/3467
f 1422/2848/2939 1437/3012/3090 1440/2846/2937
f 1339/2854/3591 1361/2742/3591 1342/3485/3591
f 1333/2707/2821 1347/3328/3592 1366/2708/2822
f 1647/2720/2834 1680/3206/3180 1697/2721/2835
f 1364/2725/2839 1363/3185/2840 1344/2726/2840
f 1491/2728/2841 1484/3176/2841 1485/2729/2841
f 1535/2731/2842 1539/3486/2842 1572/2732/2842
f 1343/2734/2843 1362/2863/2843 1364/2725/2844
f 1650/2735/2845 1649/3463/2845 1656/2736/2845
f 1351/2738/2846 1370/3438/2846 1369/2739/2846
f 1341/2741/2847 1342/3485/2847 1361/2742/2847
f 1337/2744/2848 1340/3484/3593 1359/2745/2849
f 1410/2747/2851 1411/3229/3300 1444/2748/2852
f 1659/2750/2853 1652/3459/2853 1651/2751/2853
f 1557/2753/2854 1550/3291/2854 1551/2754/2854
f 1381/2756/2855 1333/2812/3594 1349/2757/2856
f 1391/2759/2858 1392/2998/2858 1385/2760/2858
f 1457/2762/2859 1474/3138/3205 1471/2763/2860
f 1515/2765/2862 1536/3487/3595 1569/2766/2863
f 1340/2770/2867 1337/3434/3596 1376/2771/2868
f 1527/2774/2871 1520/3264/2871 1519/2775/2871
f 1697/2721/2872 1699/3488/2872 1666/2777/2872
f 1623/2781/2876 1616/3489/2876 1617/2782/2876
f 1593/2787/2879 1586/3374/2879 1585/2788/2879
f 1514/2809/2899 1486/3171/3244 1493/2810/2900
f 1613/2829/2922 1611/3132/3199 1644/2830/2923
f 1477/2832/2924 1478/2973/3042 1511/2833/2925
f 1645/2835/2926 1612/3490/2926 1613/2829/2926
f 1458/2836/2927 1478/3152/3224 1477/2837/2928
f 1666/2777/2930 1699/3488/2930 1698/2838/2930
f 1652/2840/2931 1662/3071/3597 1695/2841/2932
f 1609/2843/2934 1642/3246/2934 1641/2844/2935
f 1440/2846/2937 1416/3008/3085 1423/2847/2938
f 1628/2849/2940 1620/3313/2941 1627/2850/2941
f 1338/2852/2943 1357/2889/2977 1358/2853/2944
f 1710/2855/2946 1684/3491/2947 1691/2856/2947
f 1613/2858/2949 1591/3377/3471 1592/2789/2950
f 1331/2712/2952 1353/2711/2953 1354/2773/2953
f 1468/2859/2955 1501/3100/2955 1500/2860/2955
f 1336/2862/2956 1355/3492/2979 1362/2863/2957
f 1524/2864/2959 1525/3268/2959 1518/2865/2959
f 1693/2867/2960 1692/3303/3577 1696/2868/2961
f 1503/2870/2963 1470/3493/2963 1471/2871/2963
f 1646/2873/2964 1618/2907/3490 1625/2874/2965
f 1360/2875/2967 1361/2817/2910 1374/2806/2907
f 1371/2876/2968 1352/2885/3598 1366/2803/2894
f 1379/2877/2969 1378/2768/2969 1335/2791/2969
f 1629/2879/2970 1596/3494/2970 1597/2880/2970
f 1474/2882/2971 1472/3296/2971 1505/2883/2971
f 1371/2876/2897 1374/2806/2897 1368/2828/2921
f 1379/2877/2972 1334/2878/3599 1346/2801/2891
f 1338/2852/2943 1350/2740/3600 1369/2739/2976
f 1590/2890/2978 1591/3377/2978 1584/2891/2978
f 1336/2893/2956 1337/2744/2848 1356/2746/2850
f 1453/2895/2980 1454/3231/2980 1487/2896/2980
f 1642/2898/2981 1643/3398/3493 1623/2899/2982
f 1394/2904/2987 1387/2994/2987 1386/2905/2987
f 1618/2907/2988 1619/3392/2988 1626/2851/2988
f 1655/2908/2989 1648/3451/3550 1672/2909/2990
f 1660/2911/2992 1653/3450/3601 1661/2912/2993
f 1569/2766/2998 1536/3487/2998 1537/2916/2998
f 1449/2918/2999 1470/3493/3602 1503/2870/3000
f 1506/2920/3002 1473/3495/3002 1474/2882/3002
f 1455/2921/3003 1488/2964/3603 1496/2922/3004
f 1600/2924/3006 1633/3234/3006 1632/2925/3006
f 1425/2927/3007 1426/3054/3008 1393/2928/3008
f 1559/2930/3010 1526/3222/3010 1525/2931/3011
f 1424/2933/3012 1391/3039/3012 1390/2934/3013
f 1624/2936/3014 1625/3086/3015 1592/2937/3015
f 1422/2939/3016 1423/2935/3013 1390/2934/3013
f 1427/2941/3018 1428/3496/3019 1395/2942/3019
f 1428/2944/3019 1422/2939/3016 1389/2940/3017
f 1648/2946/3020 1681/2976/3286 1703/2947/3021
f 1531/2949/3023 1529/3417/3514 1562/2950/3024
f 1330/2796/2886 1372/2798/2888 1373/2800/2890
f 1649/2952/3025 1682/3497/3046 1706/2953/3026
f 1537/2916/3028 1535/2731/3028 1568/2733/3028
f 1638/2955/3029 1605/3061/3029 1606/2956/3030
f 1603/2958/3031 1601/3498/3031 1634/2959/3031
f 1671/2961/3032 1704/3237/3032 1700/2962/3032
f 1455/2921/3033 1467/2861/3604 1500/2860/3034
f 1453/2965/3036 1486/3499/3307 1512/2966/3037
f 1683/2968/3039 1682/3497/3039 1649/2952/3039
f 1543/2970/3040 1544/3430/3522 1577/2971/3041
f 1478/2973/3042 1475/3248/3324 1508/2974/3043
f 1648/2946/3044 1674/3204/3283 1707/2975/3045
f 1385/2977/3047 1418/3361/3047 1417/2978/3047
f 1688/3009/3086 1687/3469/3573 1705/3010/3087
f 1461/3025/3098 1454/3146/3098 1453/3026/3098
f 1650/2969/3107 1678/3067/3605 1711/3035/3108
f 1414/2996/3068 1392/2998/3071 1393/2906/3114
f 1424/2933/3012 1425/2927/3007 1392/2929/3009
f 1580/3040/3115 1552/3194/3371 1559/3041/3116
f 1395/3042/3118 1388/3500/3606 1396/3043/3119
f 1510/3044/3120 1511/3177/3250 1491/2728/3121
f 1458/2836/3126 1459/3151/3126 1452/3049/3126
f 1486/3051/3127 1487/3167/3127 1494/3052/3127
f 1426/3054/3008 1427/2941/3018 1394/2943/3018
f 1348/3055/3128 1346/3409/3607 1365/3056/3129
f 1675/3059/3133 1655/2908/3567 1656/2736/3134
f 1634/2959/3136 1601/3498/3136 1605/3061/3136
f 1543/2970/3137 1576/2972/3137 1575/3062/3138
f 1584/3064/3140 1612/3490/3608 1645/2835/3141
f 1679/3066/3143 1712/3501/3143 1711/3035/3143
f 1586/3068/3144 1596/3494/3609 1629/2879/3145
f 1663/3070/3147 1696/3502/3147 1695/2841/3147
f 1401/3072/3148 1434/3102/3148 1433/3073/3148
f 1556/3075/3149 1523/3213/3149 1522/3076/3150
f 1561/3078/3151 1528/3092/3151 1527/3079/3152
f 1558/2932/3011 1525/2931/3011 1524/3081/3153
f 1493/3083/3154 1460/3503/3154 1459/3084/3155
f 1625/3086/3015 1626/3337/3156 1593/3087/3156
f 1627/3088/3157 1621/3335/3423 1588/3089/3158
f 1555/3091/3150 1522/3504/3150 1528/3092/3151
f 1587/3093/3160 1599/2926/3610 1632/2925/3161
f 1694/3095/3163 1696/3502/3164 1663/3070/3164
f 1587/3093/3166 1620/3094/3146 1628/3097/3167
f 1468/2859/3169 1466/3235/3170 1499/3099/3170
f 1401/3072/3171 1399/3320/3171 1432/3101/3171
f 1581/3103/3172 1614/3180/3162 1631/3104/3173
f 1572/2732/3175 1539/3486/3175 1540/3106/3175
f 1540/3106/3176 1538/3429/3176 1571/3108/3176
f 1436/3109/3177 1403/3505/3177 1404/3110/3177
f 1653/3112/3178 1665/2839/3611 1698/2838/3179
f 1582/3114/3181 1615/3228/3612 1637/3115/3182
f 1584/3064/3184 1617/3065/3184 1616/3117/3185
f 1675/3119/3186 1676/3122/3189 1709/3120/3187
f 1706/2953/3026 1709/3120/3187 1676/3122/3189
f 1583/3123/3190 1616/3506/3299 1640/3124/3191
f 1452/3126/3193 1485/3233/3193 1484/3127/3194
f 1710/3129/3195 1712/3501/3196 1679/3066/3196
f 1585/3131/3198 1618/3244/3142 1644/2830/2923
f 1531/3172/3245 1527/2774/3342 1528/3173/3246
f 1581/3103/3252 1602/3507/3613 1635/3179/3253
f 1447/2915/2997 1419/3024/3097 1426/3183/3258
f 1335/3184/3259 1344/2726/3614 1363/3185/3260
f 1622/2900/3262 1621/3386/3484 1639/3187/3263
f 1431/3021/3095 1429/3016/3091 1428/3036/3110
f 1465/3144/3213 1461/3025/3216 1462/3037/3210
f 1576/3189/3265 1577/3292/3375 1557/2753/3266
f 1552/3194/3271 1553/3286/3271 1560/3195/3271
f 1589/3196/3272 1606/3367/3459 1603/3197/3273
f 1481/3149/3219 1459/3151/3222 1460/3199/3275
f 1708/3201/3278 1709/3477/3581 1689/3202/3279
f 1404/3110/3281 1402/3508/3281 1435/3203/3281
f 1675/3119/3282 1708/3121/3282 1707/2975/3045
f 1647/2720/3284 1668/3295/3615 1701/3205/3285
f 1513/3207/3287 1480/3509/3287 1481/3208/3287
f 1653/3112/3288 1686/3113/3616 1694/3095/3163
f 1430/3210/3289 1397/3510/3289 1398/3211/3289
f 1556/3075/3149 1557/3082/3153 1524/3081/3153
f 1623/3214/3290 1590/3511/3290 1589/3215/3291
f 1623/3217/3290 1624/2936/3014 1591/2938/3014
f 1489/3219/3292 1456/3336/3292 1462/3220/3293
f 1559/2930/3010 1560/3080/3152 1527/3079/3152
f 1490/3223/3295 1491/3427/3296 1458/3224/3296
f 1495/3221/3294 1462/3220/3293 1461/3226/3297
f 1582/3114/3298 1608/2845/2936 1641/2844/2935
f 1411/3229/3300 1408/3324/3411 1441/3230/3301
f 1454/3231/3302 1464/3512/3617 1497/3232/3303
f 1452/3126/3305 1480/3509/3618 1513/3207/3306
f 1600/2924/3308 1598/3105/3308 1631/3104/3308
f 1449/2918/3309 1482/2919/3035 1499/3099/3310
f 1672/3236/3312 1705/3513/3312 1704/3237/3312
f 1469/3238/3313 1473/3495/3313 1506/2920/3313
f 1450/3240/3314 1476/3356/3446 1509/3241/3315
f 1703/2947/3317 1705/3513/3317 1672/3236/3317
f 1651/3243/3318 1684/3514/3109 1710/3129/3195
f 1618/3244/3319 1585/3131/3319 1586/3068/3319
f 1609/2843/3320 1610/3247/3322 1643/3245/3321
f 1610/3247/3322 1607/3125/3192 1640/3124/3191
f 1451/3128/3323 1484/3127/3619 1508/2974/3043
f 1481/3208/3325 1479/2967/3038 1512/2966/3037
f 1490/3045/3363 1489/3157/3234 1507/3161/3233
f 1547/3266/3345 1525/3268/3348 1526/2776/3372
f 1669/3294/3378 1702/3348/3378 1701/3205/3378
f 1450/3240/3379 1483/3242/3001 1505/2883/3380
f 1517/3297/3382 1518/3415/3382 1551/3298/3382
f 1684/3302/3386 1685/3481/3386 1692/3303/3386
f 1683/3305/3387 1690/2857/3387 1689/3202/3387
f 1334/3307/3388 1335/3184/3259 1354/3186/3261
f 1419/3309/3390 1386/3325/3390 1387/3310/3390
f 1562/3312/3391 1554/3191/3392 1561/3276/3392
f 1443/3033/3106 1444/3031/3102 1424/3032/3103
f 1419/3024/3396 1420/3020/3396 1427/3019/3396
f 1424/3032/3397 1417/3030/3397 1418/2913/3397
f 1573/3279/3362 1549/3278/3361 1556/3190/3398
f 1595/3316/3399 1593/2787/3467 1594/3300/3400
f 1382/3319/3404 1415/3349/3433 1432/3101/3405
f 1383/3321/3407 1416/3355/3438 1438/3322/3408
f 1384/2979/3410 1417/2978/3444 1441/3230/3301
f 1386/3325/3412 1419/3309/3452 1445/3326/3413
f 1348/3055/3415 1367/3057/3620 1366/2708/3416
f 1388/3329/3418 1421/3515/3621 1429/3330/3419
f 1657/3332/3421 1656/3426/3422 1689/3333/3422
f 1621/3335/3423 1622/3216/3291 1589/3215/3291
f 1490/3223/3295 1457/3225/3295 1456/3336/3292
f 1523/3253/3330 1540/3255/3332 1537/3258/3335
f 1626/3337/3156 1627/3088/3157 1594/3090/3159
f 1692/3338/3424 1659/3516/3424 1658/3339/3425
f 1465/3341/3426 1463/2923/3005 1496/2922/3004
f 1387/3310/3427 1397/3510/3622 1430/3210/3428
f 1497/3232/3430 1464/3512/3430 1465/3341/3430
f 1388/3343/3431 1400/3074/3623 1433/3073/3432
f 1534/3345/3434 1567/3412/3434 1566/3346/3434
f 1669/3294/3435 1667/2963/3435 1700/2962/3435
f 1382/3319/3436 1403/3505/3624 1436/3109/3437
f 1471/2871/3439 1469/3238/3439 1502/3239/3439
f 1407/3350/3440 1405/3323/3440 1438/3322/3440
f 1435/3203/3441 1402/3508/3441 1406/3352/3441
f 1383/3321/3442 1409/3445/3542 1442/3354/3443
f 1477/2832/3445 1510/2834/3445 1509/3241/3315
f 1597/2880/3447 1595/3098/3168 1628/3097/3167
f 1547/3357/3448 1545/3440/3534 1578/3358/3449
f 1385/2977/3450 1413/3517/3625 1446/3360/3451
f 1579/3362/3453 1546/3518/3453 1547/3357/3453
f 1498/3168/3242 1496/3166/3237 1495/3158/3239
f 1519/3400/3495 1520/3446/3495 1553/3401/3495
f 1677/3404/3499 1657/2737/3563 1658/3405/3500
f 1660/3407/3502 1659/3516/3424 1692/3338/3424
f 1391/2759/3072 1411/2999/3074 1410/3001/3078
f 1334/3307/3388 1353/3308/3389 1365/3056/3503
f 1390/2984/3052 1407/2986/3054 1404/2989/3057
f 1381/2820/2913 1376/2822/2915 1377/2823/2916
f 1534/3345/3506 1532/3461/3506 1565/3411/3506
f 1446/3360/3507 1413/3517/3507 1414/3413/3507
f 1518/3415/3509 1546/3518/3626 1579/3362/3510
f 1439/3353/3512 1406/3352/3512 1407/3350/3512
f 1521/3416/3513 1554/3439/3545 1562/2950/3024
f 1606/2956/3515 1604/3116/3515 1637/3115/3515
f 1332/3418/3516 1355/3519/3516 1356/2815/3516
f 1493/3419/3154 1494/3227/3297 1461/3226/3297
f 1658/3421/3425 1657/3332/3421 1690/3334/3421
f 1655/3423/3517 1654/3520/3518 1687/3424/3518
f 1687/3424/3518 1654/3520/3518 1660/3407/3502
f 1656/3426/3422 1655/3423/3517 1688/3425/3517
f 1492/3085/3155 1459/3084/3155 1458/3224/3296
f 1516/3428/3519 1549/3442/2864 1571/3108/3520
f 1544/3430/3522 1541/3432/3525 1574/3431/3523
f 1517/3297/3524 1550/3299/3539 1574/3431/3523
f 1377/3433/3526 1376/2771/3526 1337/3434/3526
f 1563/3436/3527 1530/3521/3527 1531/2949/3527
f 1524/2864/3349 1544/3269/3351 1543/3271/3355
f 1351/2738/3528 1349/3441/3528 1368/3437/3528
f 1521/3416/3529 1533/3347/3627 1566/3346/3530
f 1635/3179/3532 1602/3507/3532 1603/2958/3532
f 1519/3400/3533 1552/3402/3511 1578/3358/3449
f 1333/2707/2821 1352/2709/2823 1368/3437/3535
f 1414/3413/3537 1412/3327/3414 1445/3326/3413
f 1516/3428/3538 1542/3063/3139 1575/3062/3138
f 1651/3443/3540 1652/2840/3540 1685/2842/3540
f 1410/2747/3541 1443/2749/3541 1442/3354/3443
f 1520/3446/3543 1530/3521/3628 1563/3436/3544
f 1515/3460/3559 1548/3522/3531 1565/3411/3560
f 1398/3211/3583 1396/3331/3420 1429/3330/3419
f 1590/3378/3472 1610/3380/3474 1609/3382/3478
f 1341/2741/3590 1360/2743/3590 1359/2745/3590
f 1339/2854/3591 1358/2853/3591 1361/2742/3591
f 1760/3523/3629 1770/3524/3629 1761/3525/3629
f 1764/3526/3630 1770/3527/3631 1772/3528/3632
f 1714/3529/3633 1731/3530/3633 1732/3531/3633
f 1767/3532/3634 1755/3533/3635 1753/3534/3636
f 1759/3535/3637 1771/3536/3638 1760/3523/3639
f 1761/3525/3640 1769/3537/3641 1762/3538/3640
f 1732/3531/3642 1729/3539/3642 1730/3540/3642
f 1722/3541/3643 1723/3542/3643 1721/3543/3643
f 1726/3544/3644 1723/3542/3644 1724/3545/3644
f 1718/3546/3645 1719/3547/3646 1717/3548/3646
f 1720/3549/3647 1721/3550/3647 1719/3547/3647
f 1728/3551/3648 1725/3552/3648 1726/3544/3648
f 1739/3553/3649 1728/3551/3649 1726/3544/3649
f 1730/3540/3650 1727/3554/3651 1728/3551/3652
f 1714/3529/3653 1715/3555/3653 1713/3556/3653
f 1750/3557/3654 1761/3525/3654 1751/3558/3654
f 1740/3559/3655 1730/3540/3650 1728/3551/3652
f 1748/3560/3656 1759/3535/3656 1749/3561/3656
f 1720/3549/3657 1737/3562/3657 1722/3563/3657
f 1714/3529/3658 1733/3564/3658 1716/3565/3658
f 1738/3566/3659 1726/3544/3659 1724/3545/3659
f 1752/3567/3660 1734/3568/3661 1742/3569/3662
f 1734/3568/3663 1743/3570/3664 1733/3564/3665
f 1732/3531/3666 1734/3568/3666 1714/3529/3666
f 1733/3564/3667 1745/3571/3668 1735/3572/3669
f 1751/3558/3670 1742/3569/3671 1741/3573/3672
f 1718/3546/3645 1736/3574/3673 1720/3549/3674
f 1758/3575/3675 1772/3576/3675 1759/3535/3675
f 1765/3577/3676 1757/3578/3677 1756/3579/3677
f 1757/3580/3678 1748/3560/3678 1747/3581/3678
f 1766/3582/3679 1756/3579/3679 1755/3533/3679
f 1715/3583/3680 1727/3584/3680 1731/3585/3680
f 1735/3572/3681 1746/3586/3682 1736/3574/3683
f 1754/3587/3684 1743/3570/3685 1744/3588/3686
f 1737/3589/3687 1724/3545/3687 1722/3541/3687
f 1764/3590/3688 1758/3575/3689 1757/3580/3689
f 1768/3591/3690 1753/3534/3691 1754/3587/3692
f 1737/3589/3693 1748/3560/3694 1738/3566/3695
f 1716/3565/3696 1735/3572/3696 1718/3546/3696
f 1749/3561/3697 1760/3523/3697 1750/3557/3697
f 1751/3558/3698 1762/3538/3698 1752/3567/3698
f 1752/3567/3699 1754/3587/3699 1744/3588/3699
f 1748/3560/3700 1739/3553/3701 1738/3566/3702
f 1741/3573/3703 1732/3531/3703 1730/3540/3703
f 1762/3538/3704 1768/3591/3705 1754/3587/3704
f 1718/3546/3706 1715/3555/3706 1716/3565/3706
f 1755/3533/3707 1746/3586/3682 1745/3571/3708
f 1750/3557/3709 1741/3573/3710 1740/3559/3711
f 1753/3534/3636 1745/3571/3712 1743/3570/3713
f 1749/3561/3714 1740/3559/3715 1739/3553/3716
f 1756/3579/3717 1747/3592/3717 1746/3586/3717
f 1736/3574/3718 1747/3592/3719 1737/3562/3718
f 1731/3585/3680 1713/3593/3680 1715/3583/3680
f 1715/3583/3680 1717/3594/3680 1719/3595/3680
f 1719/3595/3680 1721/3596/3680 1723/3597/3680
f 1723/3597/3680 1725/3598/3680 1727/3584/3680
f 1727/3584/3680 1729/3599/3680 1731/3585/3680
f 1719/3595/3680 1723/3597/3680 1727/3584/3680
f 1772/3528/3632 1763/3600/3720 1764/3526/3630
f 1764/3526/3630 1765/3601/3721 1766/3602/3722
f 1766/3602/3722 1767/3603/3723 1768/3604/3724
f 1768/3604/3724 1769/3605/3725 1770/3527/3631
f 1770/3527/3631 1771/3606/3726 1772/3528/3632
f 1766/3602/3722 1768/3604/3724 1770/3527/3631
f 1760/3523/3629 1771/3536/3727 1770/3524/3629
f 1764/3526/3630 1766/3602/3722 1770/3527/3631
f 1714/3529/3633 1713/3556/3633 1731/3530/3633
f 1767/3532/3634 1766/3582/3728 1755/3533/3635
f 1759/3535/3637 1772/3576/3638 1771/3536/3638
f 1761/3525/3640 1770/3524/3641 1769/3537/3641
f 1732/3531/3642 1731/3530/3642 1729/3539/3642
f 1722/3541/3643 1724/3545/3643 1723/3542/3643
f 1726/3544/3644 1725/3552/3644 1723/3542/3644
f 1718/3546/3645 1720/3549/3674 1719/3547/3646
f 1720/3549/3647 1722/3563/3647 1721/3550/3647
f 1728/3551/3648 1727/3554/3648 1725/3552/3648
f 1739/3553/3729 1740/3559/3729 1728/3551/3729
f 1730/3540/3650 1729/3539/3651 1727/3554/3651
f 1714/3529/3653 1716/3565/3653 1715/3555/3653
f 1750/3557/3730 1760/3523/3730 1761/3525/3730
f 1740/3559/3731 1741/3573/3731 1730/3540/3731
f 1748/3560/3732 1758/3575/3732 1759/3535/3732
f 1720/3549/3733 1736/3574/3733 1737/3562/3733
f 1714/3529/3734 1734/3568/3734 1733/3564/3734
f 1738/3566/3735 1739/3553/3735 1726/3544/3735
f 1752/3567/3660 1744/3588/3736 1734/3568/3661
f 1734/3568/3663 1744/3588/3737 1743/3570/3664
f 1732/3531/3738 1742/3569/3738 1734/3568/3738
f 1733/3564/3667 1743/3570/3739 1745/3571/3668
f 1751/3558/3670 1752/3567/3740 1742/3569/3671
f 1718/3546/3741 1735/3572/3741 1736/3574/3741
f 1758/3575/3675 1763/3607/3742 1772/3576/3675
f 1765/3577/3676 1764/3608/3676 1757/3578/3677
f 1757/3580/3743 1758/3575/3743 1748/3560/3743
f 1766/3582/3679 1765/3577/3679 1756/3579/3679
f 1715/3583/3680 1719/3595/3680 1727/3584/3680
f 1735/3572/3681 1745/3571/3708 1746/3586/3682
f 1754/3587/3684 1753/3534/3744 1743/3570/3685
f 1737/3589/3745 1738/3566/3745 1724/3545/3745
f 1764/3590/3688 1763/3607/3746 1758/3575/3689
f 1768/3591/3690 1767/3532/3747 1753/3534/3691
f 1737/3589/3693 1747/3581/3748 1748/3560/3694
f 1716/3565/3749 1733/3564/3749 1735/3572/3749
f 1749/3561/3750 1759/3535/3637 1760/3523/3639
f 1751/3558/3751 1761/3525/3751 1762/3538/3751
f 1752/3567/3752 1762/3538/3752 1754/3587/3752
f 1748/3560/3700 1749/3561/3753 1739/3553/3701
f 1741/3573/3754 1742/3569/3754 1732/3531/3754
f 1762/3538/3704 1769/3537/3755 1768/3591/3705
f 1718/3546/3756 1717/3548/3756 1715/3555/3756
f 1755/3533/3757 1756/3579/3757 1746/3586/3757
f 1750/3557/3709 1751/3558/3758 1741/3573/3710
f 1753/3534/3636 1755/3533/3635 1745/3571/3712
f 1749/3561/3714 1750/3557/3759 1740/3559/3715
f 1756/3579/3760 1757/3578/3760 1747/3592/3760
f 1736/3574/3718 1746/3586/3719 1747/3592/3719
o ThirdPine.004
v 41.597691 11.546294 -25.869524
v 41.594818 11.552279 -25.859213
v 41.614738 11.556809 -25.850626
v 41.572567 9.471740 -25.587643
v 40.802048 9.953945 -24.750977
v 41.229713 10.222149 -24.286827
v 41.915264 10.222417 -24.287342
v 42.342323 9.954818 -24.751684
v 42.189854 9.620856 -25.330162
v 42.240242 9.737670 -25.129604
v 42.299213 9.866852 -24.905853
v 42.231323 9.926680 -25.049463
v 42.222157 9.818253 -25.132524
v 41.827312 10.221737 -24.289597
v 41.459122 10.221737 -24.289597
v 41.626976 10.346862 -24.450542
v 40.927963 9.684414 -25.219509
v 41.102703 9.586617 -25.389748
v 41.041496 9.849367 -25.391794
v 41.596889 9.479974 -25.575504
v 41.724548 9.510713 -25.522263
v 41.637028 9.556019 -25.567270
v 41.572414 9.469062 -25.610952
v 40.781384 9.965024 -24.751921
v 41.220375 10.240261 -24.275196
v 41.924458 10.240261 -24.275196
v 42.363449 9.965024 -24.751921
v 42.206776 9.621808 -25.346390
v 42.261730 9.742192 -25.137877
v 42.320698 9.871374 -24.914127
v 42.252808 9.931202 -25.057735
v 42.243645 9.822775 -25.140799
v 41.827312 10.240261 -24.275196
v 41.459122 10.240261 -24.275196
v 41.626976 10.365385 -24.436142
v 40.906929 9.689999 -25.228279
v 41.093266 9.584436 -25.411118
v 41.024719 9.851325 -25.408081
v 41.606415 9.477249 -25.596771
v 41.734074 9.507988 -25.543531
v 41.646553 9.553293 -25.588539
v 41.608559 11.543525 -25.874123
v 41.602409 11.556945 -25.850788
v 41.622478 11.551914 -25.858959
v 41.619686 11.545982 -25.869453
v 41.614273 11.151779 -25.637846
v 41.616180 11.155781 -25.630735
v 41.610931 11.159098 -25.625093
v 41.602592 11.159195 -25.625229
v 41.597485 11.156057 -25.630936
v 41.599197 11.152070 -25.638126
v 41.606747 11.150147 -25.640995
v 43.036285 8.703855 -24.319195
v 42.545166 8.172637 -25.239292
v 41.408314 8.033413 -25.480434
v 40.481800 8.391022 -24.861038
v 40.463306 8.976176 -23.847521
v 41.366764 9.348244 -23.203081
v 42.511845 9.227049 -23.412996
v 41.597046 10.483754 -25.312469
v 41.577694 10.462821 -25.348728
v 41.532894 10.457335 -25.358231
v 41.496384 10.471427 -25.333822
v 41.495655 10.494486 -25.293882
v 41.531258 10.509147 -25.268490
v 41.576382 10.504371 -25.276760
v 42.350685 9.243535 -23.387075
v 41.533707 9.330004 -23.237309
v 41.718842 9.383348 -23.463345
v 42.720314 9.016479 -23.780348
v 42.627983 9.108590 -23.620808
v 42.485218 9.243073 -24.033195
v 42.828754 8.484509 -24.701748
v 42.867176 8.526068 -24.629766
v 42.639347 8.763973 -24.750790
v 42.642715 8.283283 -25.050282
v 42.712791 8.359077 -24.919003
v 42.618893 8.379279 -25.018034
v 41.719307 8.074363 -25.412142
v 42.272709 8.142135 -25.294758
v 42.066109 8.215395 -25.322245
v 41.882660 8.156798 -25.367144
v 40.470337 8.860837 -24.049929
v 40.478722 8.595567 -24.509390
v 40.567059 8.794023 -24.394840
v 43.058910 8.724808 -24.330879
v 42.559555 8.184677 -25.266413
v 41.403629 8.043118 -25.511600
v 40.461571 8.406726 -24.881813
v 40.442768 9.001698 -23.851292
v 41.361378 9.380007 -23.196039
v 42.525673 9.256779 -23.409477
v 41.626030 10.500673 -25.321709
v 41.596123 10.468323 -25.377741
v 41.526890 10.459845 -25.392426
v 41.470470 10.481623 -25.354706
v 41.469341 10.517257 -25.292986
v 41.524361 10.539914 -25.253740
v 41.594093 10.532534 -25.266525
v 42.355598 9.274780 -23.378300
v 41.538620 9.361248 -23.228531
v 41.723759 9.414594 -23.454569
v 42.741535 9.041430 -23.782473
v 42.649204 9.133541 -23.622932
v 42.506439 9.268023 -24.035318
v 42.850300 8.499163 -24.721708
v 42.888721 8.540721 -24.649727
v 42.660892 8.778625 -24.770750
v 42.664265 8.297935 -25.070242
v 42.734337 8.373731 -24.938963
v 42.640438 8.393933 -25.037994
v 41.724953 8.082468 -25.443443
v 42.278355 8.150240 -25.326059
v 42.071758 8.223500 -25.353546
v 41.888306 8.164903 -25.398447
v 40.446606 8.880282 -24.061588
v 40.454987 8.615012 -24.521049
v 40.543324 8.813468 -24.406500
v 42.008121 9.965543 -24.441187
v 41.502506 3.902853 -23.673765
v 40.210732 4.213895 -23.135023
v 39.891689 4.912803 -21.924480
v 40.785625 5.473283 -20.953699
v 42.219387 5.473283 -20.953699
v 43.113323 4.912803 -21.924480
v 42.794281 4.213895 -23.135023
v 41.527439 6.453967 -23.317032
v 41.416950 6.480571 -23.270950
v 41.389660 6.540350 -23.167410
v 41.466122 6.588289 -23.084377
v 41.588757 6.588289 -23.084377
v 41.665215 6.540350 -23.167410
v 41.637928 6.480571 -23.270950
v 42.835148 4.313752 -22.965210
v 43.062675 4.812182 -22.101902
v 42.852089 4.869321 -22.392836
v 42.271629 4.091625 -23.349945
v 42.498955 4.146362 -23.255136
v 42.146805 4.578701 -23.296452
v 40.966324 4.035536 -23.447094
v 41.067337 4.011213 -23.489222
v 41.089062 4.433177 -23.411085
v 40.477207 4.153309 -23.243105
v 40.661438 4.108948 -23.319941
v 40.570625 4.238217 -23.260141
v 39.983112 4.722861 -22.256611
v 40.138351 4.382792 -22.845631
v 40.158051 4.590984 -22.674053
v 40.078125 4.673935 -22.461086
v 41.933735 5.472647 -20.957945
v 41.284042 5.472647 -20.957945
v 41.525269 5.538167 -21.125084
v 41.502506 3.914134 -23.711447
v 40.189629 4.230258 -23.163904
v 39.865376 4.940583 -21.933584
v 40.773914 5.510220 -20.946943
v 42.231098 5.510220 -20.946943
v 43.139641 4.940583 -21.933584
v 42.815384 4.230258 -23.163904
v 41.527439 6.459805 -23.409397
v 41.356689 6.500918 -23.338188
v 41.314522 6.593300 -23.178177
v 41.432682 6.667384 -23.049858
v 41.622196 6.667384 -23.049858
v 41.740356 6.593300 -23.178177
v 41.698185 6.500918 -23.338188
v 42.862751 4.334018 -22.984186
v 43.090279 4.832449 -22.120878
v 42.879696 4.889588 -22.411810
v 42.283916 4.102287 -23.385555
v 42.511242 4.157024 -23.290749
v 42.159088 4.589363 -23.332062
v 40.954041 4.046198 -23.482704
v 41.055054 4.021874 -23.524834
v 41.076775 4.443839 -23.446697
v 40.464924 4.163971 -23.278717
v 40.649155 4.119610 -23.355551
v 40.558338 4.248878 -23.295753
v 39.955509 4.743128 -22.275587
v 40.110748 4.403058 -22.864607
v 40.130447 4.611251 -22.693029
v 40.050522 4.694201 -22.480061
v 41.933735 5.510220 -20.946943
v 41.284042 5.510220 -20.946943
v 41.525269 5.575741 -21.114082
v 42.205578 6.637611 -21.501429
v 43.090656 6.131624 -22.377825
v 42.851295 5.470155 -23.523523
v 41.667744 5.151305 -24.075787
v 40.431236 5.415174 -23.618752
v 40.072891 6.063065 -22.496574
v 40.862549 6.607100 -21.554276
v 41.574608 7.700624 -23.720850
v 41.643162 7.661432 -23.788731
v 41.624622 7.610198 -23.877470
v 41.532948 7.585502 -23.920246
v 41.437176 7.605940 -23.884846
v 41.409420 7.656122 -23.797930
v 41.470585 7.698260 -23.724943
v 40.754475 6.530810 -21.689234
v 40.191711 6.143092 -22.360783
v 40.455364 6.358827 -22.352472
v 41.404388 6.618836 -21.536770
v 41.168205 6.613470 -21.546062
v 41.405346 6.791574 -21.977980
v 42.571491 6.426922 -21.869175
v 42.502327 6.466463 -21.800688
v 42.381111 6.615228 -22.154654
v 42.906384 6.235467 -22.200785
v 42.780243 6.307580 -22.075880
v 42.815689 6.307296 -22.230145
v 42.913471 5.653273 -23.209173
v 43.029858 5.974906 -22.652088
v 42.919937 5.946341 -22.878691
v 42.905724 5.806176 -23.056532
v 40.679256 5.365419 -23.707752
v 41.239178 5.245932 -23.914709
v 41.072475 5.452417 -23.820023
v 42.215092 6.671001 -21.494968
v 43.114014 6.157099 -22.385075
v 42.870911 5.485283 -23.548695
v 41.668846 5.161447 -24.109596
v 40.412998 5.429443 -23.645412
v 40.049046 6.087467 -22.505680
v 40.851051 6.640013 -21.548643
v 41.600296 7.768399 -23.690477
v 41.706238 7.707834 -23.795378
v 41.677586 7.628658 -23.932514
v 41.535919 7.590493 -23.998619
v 41.387913 7.622077 -23.943914
v 41.345020 7.699627 -23.809593
v 41.439541 7.764747 -23.696802
v 40.733902 6.559300 -21.688442
v 40.171135 6.171582 -22.359989
v 40.434792 6.387317 -22.351681
v 41.403233 6.652557 -21.526917
v 41.167049 6.647192 -21.536209
v 41.404194 6.825296 -21.968124
v 42.590626 6.456314 -21.866819
v 42.521461 6.495854 -21.798332
v 42.400242 6.644619 -22.152298
v 42.925518 6.264858 -22.198429
v 42.799377 6.336972 -22.073524
v 42.834824 6.336687 -22.227791
v 42.938488 5.672034 -23.225231
v 43.054874 5.993668 -22.668146
v 42.944950 5.965101 -22.894749
v 42.930737 5.824937 -23.072590
v 40.669277 5.374753 -23.740137
v 41.229198 5.255266 -23.947096
v 41.062496 5.461752 -23.852409
v 40.410748 7.367062 -22.381577
v 41.554691 7.599553 -21.978889
v 42.631466 7.297323 -22.502369
v 42.830238 6.687957 -23.557821
v 42.001328 6.230320 -24.350471
v 40.768921 6.269023 -24.283436
v 40.061047 6.774921 -23.407196
v 41.450951 8.623674 -24.266504
v 41.534367 8.640627 -24.237143
v 41.612881 8.618588 -24.275312
v 41.627373 8.574155 -24.352274
v 41.566933 8.540786 -24.410070
v 41.477070 8.543608 -24.405184
v 41.425453 8.580497 -24.341290
v 40.163166 6.706140 -23.529053
v 40.668045 6.345316 -24.154018
v 40.647186 6.622542 -24.009687
v 40.205383 7.014390 -22.995148
v 40.143837 6.910174 -23.175653
v 40.462620 7.265141 -23.241423
v 40.888397 7.463449 -22.217356
v 40.798931 7.445267 -22.248848
v 40.964275 7.601224 -22.540943
v 41.321583 7.551488 -22.064865
v 41.158421 7.518327 -22.122303
v 41.285255 7.574866 -22.165722
v 42.334381 7.379903 -22.362061
v 41.810394 7.526976 -22.107323
v 41.960327 7.518137 -22.285448
v 42.150772 7.452496 -22.339455
v 42.163879 6.323825 -24.191242
v 42.539532 6.531219 -23.832024
v 42.328556 6.591256 -23.969753
v 40.393402 7.396399 -22.380375
v 41.556156 7.632713 -21.971066
v 42.650642 7.325512 -22.503155
v 42.852680 6.706125 -23.575964
v 42.010139 6.240963 -24.381649
v 40.757465 6.280302 -24.313513
v 40.037949 6.794519 -23.422861
v 41.409008 8.675248 -24.252419
v 41.537910 8.701447 -24.207041
v 41.659248 8.667390 -24.266029
v 41.681648 8.598722 -24.384964
v 41.588242 8.547154 -24.474283
v 41.449368 8.551516 -24.466728
v 41.369602 8.608522 -24.367989
v 40.143051 6.719406 -23.552961
v 40.647930 6.358582 -24.177925
v 40.627071 6.635808 -24.033596
v 40.181839 7.038168 -23.000849
v 40.120293 6.933953 -23.181356
v 40.439075 7.288920 -23.247124
v 40.879154 7.495122 -22.209381
v 40.789688 7.476939 -22.240875
v 40.955032 7.632898 -22.532970
v 41.312340 7.583161 -22.056892
v 41.149178 7.550000 -22.114330
v 41.276012 7.606539 -22.157751
v 42.346397 7.410908 -22.355244
v 41.822411 7.557981 -22.100506
v 41.972347 7.549143 -22.278629
v 42.162788 7.483502 -22.332640
v 42.182076 6.335888 -24.217234
v 42.557728 6.543283 -23.858017
v 42.346752 6.603319 -23.995745
v 41.637344 7.005690 -25.126106
v 40.466164 7.219013 -24.756620
v 40.069511 7.809849 -23.733261
v 40.746071 8.333288 -22.826639
v 41.986382 8.395168 -22.719460
v 42.856464 7.948894 -23.492430
v 42.701126 7.330518 -24.563488
v 41.535389 9.502566 -24.867706
v 41.466431 9.515127 -24.845951
v 41.443077 9.549914 -24.785696
v 41.482910 9.580734 -24.732315
v 41.555939 9.584377 -24.726006
v 41.607170 9.558102 -24.771517
v 41.598022 9.521692 -24.834579
v 42.719673 7.418770 -24.413237
v 42.830372 7.859443 -23.649969
v 42.667606 7.900478 -23.917610
v 42.270344 7.202046 -24.788612
v 42.457409 7.259167 -24.689678
v 42.148933 7.617167 -24.787075
v 41.150707 7.097219 -24.970181
v 41.242222 7.080550 -24.999052
v 41.236965 7.447459 -24.930586
v 40.707584 7.177931 -24.830383
v 40.874493 7.147530 -24.883039
v 40.785946 7.255661 -24.838308
v 40.181541 7.649309 -24.013931
v 40.374397 7.362036 -24.511503
v 40.369633 7.543206 -24.361917
v 40.281055 7.611335 -24.183718
v 41.739323 8.382306 -22.744343
v 41.177708 8.354287 -22.792873
v 41.395893 8.421850 -22.919636
v 41.639565 7.015101 -25.157257
v 40.450138 7.231748 -24.782013
v 40.047302 7.831791 -23.742708
v 40.734406 8.363386 -22.821959
v 41.994045 8.426230 -22.713108
v 42.877682 7.973001 -23.498123
v 42.719925 7.344989 -24.585873
v 41.539970 9.506173 -24.922787
v 41.433403 9.525584 -24.889166
v 41.397308 9.579345 -24.796049
v 41.458870 9.626973 -24.713554
v 41.571728 9.632604 -24.703804
v 41.650898 9.591996 -24.774136
v 41.636765 9.535729 -24.871593
v 42.742970 7.436726 -24.426981
v 42.853668 7.877398 -23.663713
v 42.690899 7.918433 -23.931355
v 42.282581 7.211447 -24.817177
v 42.469646 7.268567 -24.718241
v 42.161171 7.626566 -24.815638
v 41.142670 7.105608 -25.000496
v 41.234188 7.088938 -25.029367
v 41.228928 7.455847 -24.960901
v 40.699547 7.186319 -24.860699
v 40.866455 7.155918 -24.913355
v 40.777908 7.264050 -24.868624
v 40.159283 7.664991 -24.031614
v 40.352142 7.377718 -24.529184
v 40.347374 7.558888 -24.379599
v 40.258797 7.627017 -24.201399
v 41.736992 8.413406 -22.735321
v 41.175377 8.385386 -22.783852
v 41.393562 8.452949 -22.910614
v 41.527439 1.800712 -20.901911
v 41.527439 7.576313 -23.998896
v 41.749321 1.836760 -20.839476
v 41.641808 7.594893 -23.966713
v 41.886452 1.914464 -20.704889
v 41.712490 7.631138 -23.903934
v 41.886452 2.047782 -20.473974
v 41.712490 7.703663 -23.778316
v 41.749321 2.142155 -20.310516
v 41.641808 7.752307 -23.694063
v 41.527439 2.178202 -20.248081
v 41.527439 7.770888 -23.661880
v 41.305553 2.142155 -20.310516
v 41.413071 7.752307 -23.694063
v 41.168423 2.047782 -20.473974
v 41.342384 7.703663 -23.778316
v 41.168423 1.931131 -20.676020
v 41.342384 7.643537 -23.882460
v 41.305553 1.836760 -20.839476
v 41.413071 7.594893 -23.966713
v 41.604259 9.359509 -24.741096
v 41.530922 9.356672 -24.769432
v 41.647713 9.375026 -24.676579
v 41.644676 9.397299 -24.600523
v 41.596310 9.417818 -24.541979
v 41.521091 9.428745 -24.523308
v 41.447750 9.425909 -24.551641
v 41.404301 9.410391 -24.616159
v 41.407337 9.388119 -24.692215
v 41.455700 9.367599 -24.750761
v 41.608871 10.332733 -25.328249
v 41.563328 10.330176 -25.345776
v 41.635750 10.344010 -25.288687
v 41.633694 10.359701 -25.242199
v 41.603493 10.373813 -25.206543
v 41.556679 10.380953 -25.195339
v 41.511135 10.378396 -25.212866
v 41.484257 10.367118 -25.252428
v 41.486313 10.351427 -25.298916
v 41.516514 10.337317 -25.334572
v 41.620766 10.918738 -25.561617
v 41.598919 10.912247 -25.568047
v 41.633171 10.934227 -25.548023
v 41.631393 10.952796 -25.532459
v 41.616112 10.967353 -25.520868
v 41.593166 10.972339 -25.517679
v 41.571320 10.965846 -25.524109
v 41.558918 10.950358 -25.537703
v 41.560696 10.931788 -25.553268
v 41.575974 10.917233 -25.564857
v 41.608295 11.506172 -25.835400
v 41.609589 11.506012 -25.835651
v 41.610432 11.505553 -25.836498
v 41.610516 11.504978 -25.837593
v 41.609829 11.504505 -25.838516
v 41.608646 11.504309 -25.838936
v 41.607403 11.504457 -25.838709
v 41.606548 11.504900 -25.837910
v 41.606411 11.505474 -25.836821
v 41.607075 11.505963 -25.835854
vn 0.0091 -0.9909 0.1344
vn -0.1656 -0.9714 0.1704
vn -0.0005 -0.9935 0.1141
vn -0.9036 0.2067 -0.3751
vn -0.9076 0.2126 -0.3620
vn -0.9054 0.2056 -0.3716
vn -0.0023 0.7649 0.6442
vn 0.0039 0.7649 0.6441
vn -0.0115 0.7665 0.6421
vn 0.0052 -0.8223 -0.5690
vn -0.0036 -0.8223 -0.5690
vn -0.0003 -0.8185 -0.5745
vn 0.0211 -0.8167 -0.5767
vn 0.3964 -0.8869 -0.2372
vn 0.3646 -0.9191 -0.1494
vn 0.3637 -0.9199 -0.1469
vn 0.0022 0.7650 0.6440
vn 0.0128 0.7667 0.6419
vn 0.7720 -0.3902 0.5018
vn 0.7720 -0.3901 0.5018
vn -0.6621 0.7246 0.1913
vn 0.5199 -0.3990 0.7554
vn -0.7132 -0.4302 0.5534
vn -0.7132 -0.4302 0.5533
vn 0.7270 -0.6686 -0.1565
vn -0.4273 -0.9009 -0.0759
vn 0.3962 -0.5792 0.7124
vn 0.3701 -0.7594 0.5352
vn 0.3381 -0.8547 0.3940
vn 0.3724 -0.7578 0.5357
vn 0.3387 -0.9239 -0.1781
vn 0.4077 -0.8991 -0.1592
vn -0.6290 -0.7205 -0.2921
vn 0.4078 0.0639 -0.9108
vn -0.3932 0.0383 0.9187
vn -0.4187 0.0379 0.9074
vn -0.3917 0.0382 0.9193
vn 0.5356 -0.0700 0.8416
vn 0.3508 -0.1200 0.9287
vn 0.3581 -0.1414 0.9229
vn 0.3634 -0.1218 0.9236
vn 0.5717 -0.3139 0.7581
vn 0.5273 -0.3976 0.7509
vn 0.5735 -0.3101 0.7582
vn 0.0030 -0.8221 -0.5693
vn 0.0114 -0.8190 -0.5736
vn -0.8915 -0.2667 0.3661
vn -0.8880 -0.2555 0.3824
vn -0.8880 -0.2568 0.3816
vn -0.0000 0.7673 0.6412
vn 0.8297 -0.3259 0.4531
vn 0.8578 0.2492 0.4495
vn 0.3605 0.0248 0.9324
vn 0.2650 0.0691 0.9618
vn 0.3577 0.0346 0.9332
vn 0.8662 0.4858 -0.1173
vn -0.8369 -0.1865 0.5146
vn -0.8935 -0.2822 0.3494
vn 0.0554 0.0362 0.9978
vn -0.3476 0.0365 0.9370
vn -0.0084 -0.8181 -0.5751
vn -0.8905 0.1887 -0.4140
vn -0.9056 0.2050 -0.3713
vn 0.0139 0.8693 -0.4941
vn 0.0140 0.8710 -0.4911
vn 0.0155 0.8684 -0.4956
vn 0.0196 0.8671 -0.4978
vn 0.0162 0.8677 -0.4969
vn 0.0160 0.8685 -0.4954
vn 0.0148 0.8683 -0.4958
vn 0.8808 -0.2980 0.3680
vn 0.9017 -0.3342 0.2743
vn 0.8807 -0.2976 0.3686
vn -0.4112 -0.1059 -0.9054
vn -0.4282 -0.0998 -0.8981
vn -0.4111 -0.1059 -0.9054
vn 0.4069 -0.1219 -0.9053
vn 0.4053 -0.1221 -0.9060
vn -0.0010 0.8808 0.4735
vn -0.0056 0.8711 0.4910
vn 0.0056 0.8711 0.4910
vn 0.4098 -0.1219 -0.9040
vn 0.3925 0.0212 0.9195
vn 0.3598 0.0223 0.9327
vn 0.9195 0.1871 -0.3456
vn 0.9186 0.1854 -0.3491
vn 0.9188 0.1851 -0.3486
vn 0.9187 0.1847 -0.3492
vn 0.9179 0.1836 -0.3517
vn 0.9227 0.1930 -0.3337
vn -0.8901 -0.2594 0.3747
vn -0.8806 -0.2437 0.4064
vn -0.0266 -0.8681 0.4956
vn -0.0179 -0.8691 0.4943
vn -0.0182 -0.8692 0.4941
vn -0.0197 -0.8702 0.4924
vn -0.0130 -0.8744 0.4850
vn -0.0241 -0.8707 0.4912
vn -0.4121 0.0364 0.9104
vn -0.3891 0.0387 0.9204
vn 0.4088 -0.1218 -0.9044
vn 0.7381 -0.6375 0.2209
vn 0.6456 -0.7578 0.0945
vn -0.6215 -0.7803 0.0707
vn -0.5938 -0.8046 0.0045
vn 0.0115 -0.9101 -0.4143
vn 0.8042 -0.3958 0.4435
vn 0.8035 -0.4021 0.4390
vn 0.8055 -0.3979 0.4392
vn -0.6013 -0.6460 -0.4702
vn 0.7495 -0.6151 0.2445
vn 0.6912 -0.6709 0.2687
vn 0.7560 -0.6083 0.2416
vn 0.6912 -0.4002 0.6017
vn 0.5363 -0.3705 0.7584
vn 0.5311 -0.3731 0.7607
vn 0.7549 0.3347 -0.5639
vn 0.7653 0.2912 -0.5741
vn 0.7648 0.2874 -0.5766
vn -0.7056 0.1586 -0.6906
vn -0.7153 0.1722 -0.6773
vn -0.7170 0.1685 -0.6764
vn 0.2961 -0.9195 0.2587
vn 0.3402 -0.8474 0.4076
vn 0.3362 -0.8481 0.4095
vn -0.1204 0.8386 0.5313
vn -0.0879 0.8435 0.5298
vn -0.0879 0.8426 0.5314
vn -0.6532 -0.1157 0.7483
vn -0.6671 -0.0937 0.7390
vn -0.6806 -0.1412 0.7189
vn -0.7303 0.6008 0.3251
vn -0.7300 0.6010 0.3253
vn -0.7301 0.6010 0.3252
vn -0.6854 -0.5980 -0.4155
vn 0.1724 -0.6173 0.7676
vn -0.0131 -0.6061 0.7953
vn -0.0155 -0.6137 0.7894
vn -0.4036 -0.0806 0.9114
vn 0.8666 0.3728 -0.3317
vn 0.8564 0.3366 -0.3914
vn 0.8632 0.3860 -0.3255
vn -0.9463 -0.0111 0.3231
vn 0.6566 0.1069 -0.7466
vn 0.6717 0.0808 -0.7364
vn 0.6610 0.0747 -0.7467
vn 0.9177 0.1826 -0.3527
vn -0.4095 -0.1064 -0.9061
vn 0.7027 -0.6598 -0.2662
vn -0.8049 -0.3205 0.4993
vn 0.5714 -0.7109 -0.4100
vn 0.8780 -0.2938 0.3780
vn -0.7759 -0.6271 -0.0689
vn -0.7637 -0.6393 -0.0899
vn -0.7628 -0.6453 -0.0417
vn 0.1512 -0.9701 0.1901
vn 0.2977 -0.9196 0.2565
vn -0.8595 -0.4958 0.1244
vn 0.1730 -0.6136 0.7704
vn 0.5957 -0.3233 0.7352
vn 0.4208 0.8218 0.3842
vn 0.4177 0.8184 0.3946
vn 0.4235 0.8165 0.3924
vn 0.7594 0.6506 -0.0116
vn 0.6987 0.7153 -0.0086
vn 0.7615 0.6468 0.0424
vn 0.5666 -0.7368 -0.3690
vn -0.0558 -0.0503 -0.9972
vn 0.2839 -0.0823 0.9553
vn 0.2544 -0.1110 0.9607
vn 0.2886 -0.0807 0.9540
vn -0.8547 -0.3865 0.3465
vn -0.8608 -0.3939 0.3223
vn -0.8564 -0.3832 0.3461
vn -0.8821 0.4220 -0.2094
vn -0.7815 0.5341 -0.3226
vn -0.8863 0.3934 -0.2445
vn 0.7627 -0.4601 -0.4546
vn -0.3296 -0.9057 -0.2666
vn -0.3081 -0.9343 -0.1790
vn -0.3306 -0.9041 -0.2707
vn -0.7937 -0.6010 0.0939
vn 0.7365 -0.6509 0.1840
vn 0.7054 -0.6084 0.3637
vn 0.7010 -0.6122 0.3658
vn -0.0282 0.2066 0.9780
vn 0.4950 0.8452 -0.2016
vn 0.5025 0.6050 -0.6176
vn 0.4950 0.8452 -0.2015
vn 0.4167 0.9034 -0.1007
vn -0.0251 0.9977 0.0626
vn 0.1147 0.9920 0.0527
vn -0.3520 0.9349 -0.0463
vn -0.5310 0.7996 -0.2806
vn -0.2085 0.9776 0.0278
vn -0.5536 0.7168 -0.4239
vn -0.5536 0.7168 -0.4240
vn 0.1317 0.4523 -0.8821
vn -0.3383 0.5021 -0.7959
vn -0.2585 -0.9214 -0.2901
vn -0.2274 -0.9506 -0.2113
vn -0.2245 -0.9528 -0.2041
vn -0.7141 -0.5285 0.4591
vn -0.6527 -0.4804 0.5858
vn -0.7190 -0.6852 0.1164
vn -0.5916 -0.8059 0.0244
vn -0.5906 -0.8064 0.0282
vn -0.6446 0.3659 0.6712
vn 0.3703 -0.1237 0.9206
vn 0.3703 -0.1237 0.9207
vn -0.9328 -0.1962 -0.3023
vn -0.2364 -0.9508 -0.2004
vn 0.3280 -0.9067 -0.2651
vn 0.2920 -0.9377 -0.1883
vn 0.3306 -0.9041 -0.2707
vn -0.0010 -0.1873 0.9823
vn -0.2132 -0.2703 0.9389
vn -0.2097 -0.2747 0.9384
vn -0.6399 -0.3541 0.6820
vn 0.7007 -0.5865 0.4063
vn 0.7026 -0.5387 0.4650
vn -0.5930 -0.8052 0.0025
vn -0.6266 -0.7756 0.0767
vn -0.7188 -0.6851 0.1177
vn -0.7138 -0.6015 0.3587
vn -0.7223 -0.6821 0.1138
vn -0.4656 -0.8624 -0.1985
vn -0.7186 -0.6905 -0.0826
vn -0.6976 -0.7164 0.0066
vn -0.7035 -0.7105 0.0118
vn -0.7625 -0.6467 0.0160
vn -0.7739 -0.2850 0.5655
vn -0.7687 -0.3192 0.5542
vn -0.7575 -0.3359 0.5599
vn -0.7155 -0.3755 0.5891
vn -0.7094 -0.3763 0.5959
vn -0.7505 -0.3031 0.5873
vn -0.7095 -0.3763 0.5959
vn -0.7227 -0.2992 0.6230
vn -0.7667 -0.2752 0.5800
vn -0.7082 -0.3733 0.5993
vn -0.2040 -0.8454 -0.4937
vn -0.1738 -0.9171 -0.3588
vn -0.2433 -0.8616 -0.4454
vn -0.1815 -0.8487 -0.4967
vn 0.8807 -0.3736 0.2913
vn 0.7925 -0.5177 0.3225
vn 0.8872 -0.3917 0.2436
vn 0.7853 -0.5322 0.3164
vn 0.8823 -0.4237 0.2049
vn 0.9002 -0.3740 0.2229
vn -0.2069 -0.0336 0.9778
vn -0.2204 -0.0471 0.9743
vn -0.2225 -0.0447 0.9739
vn -0.1939 -0.1453 0.9702
vn -0.1743 -0.0448 0.9837
vn -0.2004 -0.0320 0.9792
vn -0.1968 -0.0394 0.9797
vn -0.1815 -0.1470 0.9723
vn 0.7204 0.6889 0.0805
vn 0.7639 0.6391 0.0896
vn 0.7758 0.6272 0.0693
vn 0.8176 0.5755 -0.0148
vn 0.7095 0.3763 -0.5959
vn 0.7649 0.3166 -0.5609
vn -0.2858 0.0741 -0.9554
vn -0.2573 0.1076 -0.9603
vn -0.2626 0.0884 -0.9608
vn 0.7250 0.3016 -0.6191
vn 0.7523 0.3049 -0.5841
vn 0.1606 0.8501 0.5015
vn 0.1806 0.8506 0.4938
vn 0.1906 0.8416 0.5053
vn 0.2343 0.8647 0.4442
vn 0.1992 0.8471 0.4927
vn 0.1619 0.9225 0.3503
vn -0.8794 0.3792 -0.2878
vn -0.6591 -0.7286 -0.1862
vn -0.9004 0.3735 -0.2233
vn 0.1859 0.1607 -0.9693
vn 0.2157 0.0479 -0.9753
vn 0.2197 0.0456 -0.9745
vn 0.2065 0.0334 -0.9779
vn 0.2009 0.0320 -0.9791
vn 0.1793 0.0478 -0.9826
vn 0.1996 0.0412 -0.9790
vn -0.0751 -0.1858 0.9797
vn -0.0618 -0.2778 0.9587
vn -0.0757 -0.1818 0.9804
vn 0.1741 0.8439 0.5075
vn -0.3516 -0.1065 0.9301
vn -0.3685 -0.1116 0.9229
vn -0.3418 -0.1255 0.9314
vn 0.8999 -0.3659 0.2374
vn -0.3386 0.0362 -0.9402
vn -0.3382 0.0111 -0.9410
vn -0.3504 0.0136 -0.9365
vn -0.1801 -0.8507 -0.4938
vn -0.1525 -0.8496 -0.5049
vn -0.8125 0.3874 -0.4356
vn -0.8151 0.3800 -0.4372
vn -0.8165 0.3820 -0.4329
vn 0.3128 0.1311 -0.9407
vn 0.3391 0.1881 -0.9217
vn 0.3440 0.1090 -0.9326
vn 0.6533 -0.7362 -0.1766
vn 0.6677 0.7167 0.2011
vn 0.3549 -0.7985 -0.4862
vn 0.0944 -0.7507 -0.6539
vn 0.3683 -0.7989 -0.4755
vn 0.0271 0.8833 0.4680
vn -0.0000 0.9310 0.3650
vn 0.8019 -0.3325 0.4964
vn 0.8024 -0.3233 0.5017
vn 0.7934 -0.3227 0.5162
vn -0.2601 -0.3064 0.9157
vn 0.5291 -0.8350 -0.1514
vn 0.6207 -0.7828 0.0446
vn 0.6199 -0.7831 0.0507
vn 0.5624 -0.8187 -0.1160
vn 0.5095 -0.8591 -0.0485
vn 0.5648 -0.8166 -0.1191
vn 0.5375 -0.1975 0.8198
vn -0.6199 -0.7833 -0.0459
vn -0.5822 -0.8127 0.0222
vn -0.6243 -0.7793 -0.0544
vn 0.4143 -0.8275 -0.3788
vn 0.6696 -0.6060 -0.4294
vn -0.5336 0.6474 -0.5442
vn -0.2173 0.4666 -0.8574
vn 0.2626 0.4775 -0.8385
vn 0.5448 0.6719 -0.5017
vn -0.4481 0.8838 -0.1348
vn -0.2402 0.4718 -0.8484
vn 0.2402 0.4718 -0.8484
vn 0.2710 0.9626 0.0017
vn 0.5464 0.7657 -0.3392
vn 0.4104 0.5354 -0.7382
vn 0.5464 0.7658 -0.3392
vn -0.7264 -0.4576 0.5128
vn -0.6644 -0.5178 0.5389
vn -0.7308 -0.4530 0.5107
vn 0.7006 -0.5738 0.4241
vn 0.6900 -0.4815 0.5404
vn 0.6965 -0.5777 0.4256
vn -0.6175 -0.7851 -0.0484
vn -0.4655 -0.8788 -0.1048
vn -0.4626 -0.8810 -0.0997
vn 0.9086 0.1921 0.3710
vn 0.9086 0.1921 0.3709
vn -0.4316 0.4344 0.7906
vn -0.7292 -0.4549 0.5112
vn -0.6657 -0.5286 0.5268
vn -0.6637 -0.5307 0.5272
vn 0.8161 -0.5464 0.1885
vn -0.2467 0.0832 0.9655
vn -0.2593 -0.6235 -0.7376
vn 0.3944 -0.8886 -0.2342
vn 0.3536 -0.9216 -0.1600
vn 0.3971 -0.8860 -0.2393
vn -0.2860 -0.2152 0.9338
vn -0.2737 -0.3008 0.9136
vn -0.2724 -0.3089 0.9113
vn 0.7520 -0.4995 0.4300
vn 0.7520 -0.4996 0.4300
vn -0.5857 -0.8103 0.0186
vn -0.5513 -0.8331 -0.0449
vn -0.5857 -0.8103 0.0187
vn -0.5503 -0.8337 -0.0467
vn 0.3708 -0.2337 0.8988
vn 0.1824 -0.2748 0.9441
vn 0.1836 -0.2784 0.9427
vn -0.5957 -0.3233 0.7352
vn -0.5957 -0.3234 0.7352
vn -0.2792 -0.2828 0.9176
vn -0.4619 -0.2789 0.8420
vn -0.2753 -0.2868 0.9176
vn 0.5618 -0.8196 -0.1127
vn 0.6413 -0.7613 0.0956
vn -0.3778 -0.1499 0.9137
vn -0.3414 -0.1886 0.9208
vn -0.3340 -0.1837 0.9245
vn -0.3137 -0.1413 0.9389
vn 0.3335 -0.1341 0.9332
vn 0.3321 -0.1463 0.9318
vn 0.3338 -0.1817 0.9250
vn 0.3391 -0.1881 0.9217
vn 0.3774 -0.1578 0.9125
vn 0.3434 -0.1881 0.9202
vn -0.8180 -0.3826 0.4296
vn -0.8160 -0.3907 0.4261
vn -0.8182 -0.3928 0.4199
vn -0.8105 -0.3753 0.4496
vn -0.7663 -0.4399 0.4683
vn -0.7918 -0.3815 0.4770
vn -0.8160 -0.3760 0.4391
vn 0.0291 -0.8902 -0.4547
vn 0.0077 -0.9244 -0.3813
vn 0.0009 -0.8885 -0.4590
vn -0.0043 -0.9289 -0.3704
vn -0.0269 -0.8909 -0.4534
vn -0.0052 -0.8814 -0.4723
vn 0.7984 -0.3960 0.4536
vn 0.7992 -0.3945 0.4535
vn 0.7703 -0.4386 0.4629
vn 0.8039 -0.4120 0.4289
vn 0.7711 -0.4468 0.4536
vn 0.3858 0.1374 -0.9123
vn 0.3761 0.0889 -0.9223
vn 0.3553 0.0827 -0.9311
vn -0.3391 0.1881 -0.9217
vn -0.3397 0.1203 -0.9328
vn -0.3347 0.1349 -0.9326
vn -0.3622 0.1076 -0.9259
vn -0.3842 0.1468 -0.9115
vn -0.3593 0.1243 -0.9249
vn 0.8268 0.3760 -0.4184
vn 0.8223 0.3715 -0.4312
vn 0.8293 0.3660 -0.4222
vn 0.8272 0.3585 -0.4328
vn 0.7976 0.3738 -0.4734
vn 0.8206 0.3617 -0.4424
vn 0.7620 0.4533 -0.4625
vn -0.0285 0.8839 0.4669
vn 0.6763 -0.7138 -0.1821
vn 0.6946 -0.6995 -0.1683
vn 0.7008 -0.6968 -0.1531
vn -0.7620 0.4533 -0.4625
vn -0.8080 0.3841 -0.4469
vn -0.8086 0.3809 -0.4485
vn -0.8119 0.3997 -0.4254
vn -0.2855 -0.2122 0.9346
vn -0.2543 -0.3001 0.9194
vn -0.2869 -0.2080 0.9351
vn 0.0267 -0.8877 -0.4597
vn 0.0494 -0.8875 -0.4581
vn 0.0201 -0.8995 -0.4364
vn -0.9000 0.3660 -0.2368
vn -0.1809 -0.5977 0.7810
vn 0.0079 -0.6095 0.7927
vn -0.1828 -0.5961 0.7818
vn -0.3213 0.8517 0.4140
vn -0.3358 0.8668 0.3686
vn -0.3389 0.8568 0.3885
vn 0.8277 0.3918 -0.4018
vn 0.8327 0.3883 -0.3948
vn 0.8320 0.3850 -0.3993
vn 0.0137 0.9079 0.4191
vn -0.0355 0.9306 0.3643
vn -0.0193 0.8937 0.4482
vn -0.8381 0.3117 -0.4476
vn 0.3281 -0.8508 -0.4106
vn 0.3041 -0.8692 -0.3899
vn 0.3103 -0.8537 -0.4183
vn 0.0053 -0.8814 -0.4723
vn -0.3689 0.0500 -0.9281
vn -0.3068 0.1808 -0.9344
vn -0.8043 0.3260 -0.4967
vn -0.8067 0.3164 -0.4991
vn -0.8089 0.3187 -0.4941
vn 0.4357 0.4337 0.7887
vn -0.7280 -0.4478 0.5192
vn -0.7107 -0.6063 0.3568
vn -0.2602 -0.9203 -0.2922
vn -0.2445 -0.9482 -0.2028
vn -0.2608 -0.9188 -0.2962
vn 0.5955 -0.2257 0.7710
vn 0.7497 -0.6137 0.2477
vn 0.7739 -0.2812 0.5675
vn -0.4536 0.5625 -0.6912
vn -0.0347 0.4449 -0.8949
vn -0.0000 0.9980 0.0631
vn -0.4328 0.8938 -0.1174
vn -0.4328 0.8938 -0.1175
vn 0.4328 0.8938 -0.1174
vn 0.5397 0.6596 -0.5231
vn -0.5397 0.6596 -0.5231
vn 0.3716 -0.2348 0.8982
vn 0.3730 -0.2287 0.8992
vn 0.4097 -0.8983 -0.1586
vn 0.3314 -0.9255 -0.1833
vn 0.7360 -0.6525 0.1806
vn 0.6778 -0.7050 0.2089
vn 0.7428 -0.6456 0.1770
vn 0.0003 -0.1842 0.9829
vn 0.0074 -0.2762 0.9611
vn -0.0000 -0.1799 0.9837
vn -0.3006 -0.4933 -0.8163
vn 0.3300 -0.9050 -0.2684
vn 0.3046 -0.9357 -0.1783
vn 0.3038 -0.9364 -0.1756
vn -0.7680 -0.6399 0.0265
vn -0.2997 -0.9374 -0.1773
vn -0.7390 -0.6490 0.1807
vn -0.7094 -0.5658 0.4202
vn -0.7428 -0.6456 0.1770
vn 0.6391 -0.6808 -0.3578
vn -0.0761 -0.1889 0.9790
vn -0.0478 -0.9411 -0.3347
vn 0.1734 -0.2751 0.9457
vn 0.1033 -0.2516 0.9623
vn 0.1012 -0.2509 0.9627
vn -0.7392 -0.6491 0.1793
vn -0.6252 -0.7763 0.0804
vn -0.4010 -0.2574 0.8792
vn 0.0743 -0.9057 -0.4174
vn 0.0379 -0.9305 -0.3642
vn 0.0292 -0.9296 -0.3673
vn -0.0119 -0.9112 -0.4119
vn -0.6215 -0.7566 -0.2033
vn -0.6009 -0.7745 -0.1976
vn -0.5953 -0.7818 -0.1852
vn -0.5859 -0.7978 -0.1419
vn -0.5883 -0.7975 -0.1337
vn -0.6215 -0.7635 -0.1755
vn -0.6353 -0.7586 -0.1447
vn -0.6327 -0.7498 -0.1938
vn -0.5916 -0.7954 -0.1317
vn 0.6939 -0.7023 -0.1587
vn 0.6320 -0.7685 -0.1001
vn 0.6435 -0.7435 -0.1819
vn 0.6867 -0.7045 -0.1791
vn 0.3017 -0.0485 0.9522
vn 0.3041 -0.1631 0.9386
vn 0.3361 -0.0491 0.9406
vn 0.3120 -0.1762 0.9336
vn 0.3667 -0.0634 0.9282
vn 0.3469 -0.0308 0.9374
vn -0.8239 -0.4012 0.4003
vn -0.8213 -0.4134 0.3932
vn -0.8226 -0.4123 0.3916
vn -0.7793 -0.4621 0.4233
vn -0.8134 -0.3978 0.4244
vn -0.8232 -0.3979 0.4050
vn -0.8197 -0.4015 0.4085
vn -0.7754 -0.4587 0.4340
vn -0.0782 0.9006 0.4276
vn -0.0515 0.8784 0.4751
vn -0.0255 0.8786 0.4769
vn 0.5883 0.7975 0.1337
vn 0.6084 0.7669 0.2043
vn 0.5997 0.7769 0.1919
vn -0.3583 0.1095 -0.9272
vn 0.6321 0.7476 0.2038
vn 0.6413 0.7524 0.1504
vn 0.6250 0.7576 0.1881
vn -0.6941 0.6973 0.1791
vn -0.6482 0.7383 0.1862
vn -0.6853 0.7029 0.1906
vn -0.6326 0.7698 0.0857
vn -0.3052 0.0382 -0.9515
vn 0.3349 -0.0284 0.9418
vn 0.7691 0.4707 -0.4324
vn 0.8281 0.4019 -0.3908
vn 0.8300 0.4015 -0.3871
vn 0.8203 0.3894 -0.4188
vn 0.7691 0.4706 -0.4324
vn -0.9689 -0.0588 0.2406
vn -0.3277 -0.9070 -0.2646
vn -0.2913 -0.9377 -0.1895
vn -0.2877 -0.9402 -0.1822
vn 0.3614 -0.8963 -0.2571
vn 0.8196 -0.5719 0.0335
vn 0.8273 -0.5589 0.0569
vn 0.8003 -0.5977 0.0469
vn 0.6322 0.7147 0.2990
vn -0.7309 0.6628 0.1628
vn -0.4175 -0.7349 0.5344
vn -0.4183 -0.7345 0.5343
vn -0.4844 -0.2668 0.8332
vn -0.7039 0.6901 0.1682
vn -0.6925 0.6995 0.1765
vn -0.7711 0.6360 -0.0291
vn -0.7496 0.6509 -0.1202
vn -0.8052 0.5915 -0.0415
vn -0.5670 0.7360 0.3700
vn -0.5360 0.0688 -0.8414
vn 0.6283 0.7507 0.2042
vn 0.6969 -0.1661 0.6977
vn 0.7099 -0.1834 0.6800
vn 0.7036 -0.1754 0.6886
vn 0.6235 0.0984 -0.7756
vn 0.5793 0.2779 -0.7663
vn 0.6796 -0.3922 0.6199
vn 0.6173 -0.4673 0.6329
vn 0.6153 -0.4695 0.6332
vn 0.6876 -0.7242 0.0524
vn 0.6377 -0.7616 0.1152
vn 0.6326 -0.7649 0.1213
vn 0.1809 -0.9328 -0.3118
vn 0.3285 -0.9271 -0.1808
vn -0.7568 -0.5725 0.3155
vn -0.6745 -0.7212 0.1577
vn -0.6719 -0.7226 0.1626
vn -0.7064 -0.1878 0.6824
vn -0.8801 -0.2033 0.4291
vn -0.8878 -0.2036 0.4128
vn 0.1543 -0.1986 0.9679
vn -0.0221 -0.2610 0.9651
vn -0.0220 -0.2672 0.9634
vn 0.2885 0.4850 -0.8256
vn 0.5493 0.6867 -0.4761
vn 0.4103 0.5354 -0.7382
vn -0.5248 0.6331 -0.5690
vn -0.1895 0.4611 -0.8669
vn 0.7092 -0.5163 0.4801
vn 0.1583 -0.1986 0.9672
vn 0.1613 -0.2787 0.9467
vn 0.1578 -0.1882 0.9694
vn 0.3386 -0.8463 -0.4113
vn 0.6776 -0.3960 0.6197
vn 0.6275 -0.4707 0.6202
vn 0.6812 -0.3902 0.6195
vn 0.8890 -0.1001 0.4468
vn 0.9332 -0.1957 -0.3015
vn 0.6888 -0.7233 0.0495
vn 0.6270 -0.7724 0.1013
vn 0.6916 -0.7207 0.0469
vn 0.8929 -0.2412 -0.3802
vn 0.7014 -0.0644 0.7099
vn 0.6269 -0.7712 0.1106
vn 0.1796 -0.9332 -0.3113
vn -0.0699 -0.9616 -0.2655
vn 0.1813 -0.9309 -0.3171
vn -0.7019 -0.4122 0.5808
vn -0.7066 -0.5709 0.4181
vn -0.3592 -0.9109 -0.2033
vn 0.1205 -0.9434 -0.3090
vn -0.0702 -0.9629 -0.2604
vn -0.7590 -0.5696 0.3154
vn -0.6943 -0.6249 0.3569
vn -0.7619 -0.5669 0.3134
vn -0.7655 -0.6414 0.0510
vn 0.8073 -0.5784 0.1173
vn 0.7503 -0.6497 0.1223
vn 0.7496 -0.6522 0.1130
vn 0.7678 -0.6399 0.0322
vn 0.3415 -0.8601 -0.3789
vn 0.3359 -0.8696 -0.3619
vn 0.3023 -0.8989 -0.3172
vn 0.2943 -0.9023 -0.3151
vn 0.2625 -0.8839 -0.3869
vn 0.2904 -0.9027 -0.3176
vn 0.7251 -0.1877 0.6626
vn 0.6520 -0.3110 0.6915
vn 0.7301 -0.2431 0.6386
vn 0.7120 -0.1805 0.6785
vn -0.5926 -0.2650 0.7606
vn -0.5791 -0.2711 0.7689
vn -0.6185 -0.1074 0.7784
vn -0.6564 -0.0876 0.7493
vn -0.4142 -0.8252 -0.3840
vn -0.3984 -0.8345 -0.3807
vn -0.3976 -0.8335 -0.3836
vn -0.3825 -0.8758 -0.2945
vn -0.4368 -0.8249 -0.3588
vn -0.4204 -0.8232 -0.3817
vn -0.4205 -0.8265 -0.3744
vn -0.3921 -0.8741 -0.2867
vn -0.8127 0.5715 -0.1137
vn -0.8349 0.5482 -0.0494
vn -0.8266 0.5623 -0.0243
vn -0.2943 0.9023 0.3151
vn -0.3177 0.8511 0.4180
vn -0.2637 0.8805 0.3940
vn -0.3105 0.8633 0.3978
vn -0.7304 0.2366 -0.6407
vn -0.7274 0.1757 -0.6634
vn -0.6404 0.3162 -0.6999
vn 0.6816 0.1331 -0.7195
vn 0.3826 0.8810 0.2783
vn 0.4039 0.8285 0.3879
vn 0.4011 0.8280 0.3919
vn 0.4365 0.8213 0.3675
vn -0.7344 -0.6624 0.1479
vn -0.4371 -0.1042 0.8934
vn -0.4422 -0.1058 0.8907
vn -0.4342 -0.1099 0.8941
vn 0.1243 -0.8427 -0.5238
vn 0.0880 -0.8480 -0.5226
vn 0.0967 -0.8470 -0.5227
vn -0.4650 0.8714 -0.1561
vn -0.3843 -0.8411 0.3807
vn -0.3824 -0.8416 0.3814
vn -0.0540 0.8377 0.5435
vn -0.9994 -0.0301 -0.0140
vn -0.5642 -0.2098 0.7986
vn -0.5642 -0.2098 0.7985
vn -0.2983 -0.9127 -0.2792
vn -0.2790 -0.9412 -0.1905
vn -0.2991 -0.9113 -0.2831
vn 0.2318 -0.8865 -0.4006
vn -0.6124 -0.3465 0.7106
vn -0.6487 -0.4847 0.5867
vn -0.9102 -0.3290 0.2516
vn 0.7370 0.5828 0.3422
vn 0.3964 0.9144 -0.0817
vn -0.0550 0.9966 0.0607
vn 0.5695 -0.3159 0.7589
vn 0.5165 -0.3878 0.7634
vn 0.5115 -0.3942 0.7636
vn 0.7025 -0.5373 0.4667
vn 0.7024 -0.5902 0.3979
vn 0.7465 -0.6316 0.2093
vn 0.7001 -0.5934 0.3972
vn -0.7126 -0.6405 -0.2863
vn -0.0055 -0.0318 0.9995
vn 0.7869 -0.4599 0.4114
vn -0.0337 -0.1865 0.9819
vn -0.0210 -0.2741 0.9615
vn -0.0346 -0.1803 0.9830
vn 0.8385 0.1104 0.5336
vn -0.2964 -0.9140 -0.2769
vn -0.0726 -0.9641 -0.2555
vn 0.2037 -0.9635 0.1739
vn 0.2137 -0.9523 0.2178
vn -0.6263 -0.7792 -0.0247
vn 0.7458 -0.6326 0.2087
vn 0.7498 -0.6287 0.2063
vn 0.5456 -0.2949 0.7844
vn -0.2857 -0.9139 -0.2882
vn -0.0656 -0.9631 -0.2612
vn -0.6105 -0.3447 0.7130
vn -0.5561 -0.4079 0.7241
vn -0.6167 -0.3371 0.7114
vn -0.4464 -0.1183 0.8870
vn -0.4346 -0.1304 0.8911
vn -0.4272 -0.1245 0.8955
vn -0.4223 -0.1118 0.8995
vn 0.2564 -0.0930 0.9621
vn 0.2620 -0.1672 0.9505
vn 0.2675 -0.1730 0.9479
vn 0.2899 -0.1006 0.9518
vn 0.3217 -0.1239 0.9387
vn 0.2717 -0.1728 0.9467
vn -0.8545 -0.3715 0.3631
vn -0.7807 -0.4791 0.4013
vn -0.8276 -0.3821 0.4111
vn -0.0346 -0.1827 0.9826
vn -0.0357 -0.2788 0.9597
vn -0.0357 -0.2814 0.9589
vn 0.0539 -0.8425 -0.5360
vn 0.0870 -0.8472 -0.5241
vn 0.7926 -0.3254 0.5156
vn 0.7481 -0.4015 0.5283
vn 0.8042 -0.3476 0.4822
vn 0.8047 -0.3258 0.4963
vn 0.7500 -0.4093 0.5196
vn 0.4407 0.1016 -0.8919
vn 0.4296 0.0971 -0.8978
vn 0.4410 0.1002 -0.8919
vn -0.2675 0.1730 -0.9479
vn -0.2900 0.0722 -0.9543
vn -0.3217 0.1188 -0.9394
vn -0.2883 0.0939 -0.9529
vn 0.8588 0.3798 -0.3438
vn 0.8648 0.3642 -0.3456
vn 0.8546 0.3525 -0.3813
vn -0.7410 0.4159 -0.5273
vn -0.7969 0.3219 -0.5111
vn -0.7971 0.3180 -0.5133
vn -0.8058 0.3418 -0.4836
vn -0.1689 -0.2418 0.9555
vn -0.0374 0.8429 0.5368
vn 0.0361 -0.8472 -0.5301
vn 0.0822 -0.8481 -0.5234
vn 0.4192 0.0953 -0.9029
vn 0.4484 0.1122 -0.8868
vn 0.4323 0.1297 -0.8923
vn 0.0388 -0.9158 -0.3998
vn 0.3370 0.1095 0.9351
vn -0.1650 -0.9712 0.1720
vn 0.3325 -0.8562 0.3955
vn -0.4564 0.0376 0.8890
vn 0.5249 -0.4018 0.7503
vn -0.8861 -0.2500 0.3904
vn 0.6830 -0.6780 0.2718
vn -0.4047 -0.1081 -0.9080
vn 0.8718 -0.2852 0.3984
vn 0.1504 -0.9699 0.1917
vn -0.8576 -0.3903 0.3351
vn -0.3069 -0.9357 -0.1743
vn 0.7428 -0.6457 0.1770
vn 0.2889 -0.9400 -0.1818
vn -0.0612 -0.2823 0.9574
vn -0.1672 -0.8504 -0.4989
vn 0.0781 -0.7453 -0.6621
vn 0.5066 -0.8610 -0.0450
vn -0.5765 -0.8165 0.0320
vn -0.6589 -0.5227 0.5409
vn 0.3502 -0.9239 -0.1540
vn -0.2869 -0.2079 0.9351
vn -0.2526 -0.3049 0.9183
vn 0.0084 -0.6137 0.7895
vn -0.2436 -0.9494 -0.1981
vn 0.7560 -0.6084 0.2416
vn 0.6691 -0.7121 0.2128
vn 0.0078 -0.2810 0.9597
vn -0.7428 -0.6457 0.1770
vn -0.6954 -0.1865 0.6940
vn 0.1578 -0.1881 0.9694
vn 0.1616 -0.2904 0.9432
vn 0.6229 -0.4770 0.6200
vn 0.6234 -0.7749 0.1041
vn -0.6907 -0.6277 0.3591
vn -0.2780 -0.9424 -0.1860
vn -0.0199 -0.2811 0.9595
vn -0.5485 -0.4162 0.7252
vn -0.9913 0.0145 -0.1305
vn 0.0198 0.8857 -0.4638
vn 0.0234 0.8844 -0.4662
vn 0.0237 0.8862 -0.4627
vn -0.3089 -0.4495 -0.8382
vn 0.8331 -0.2236 -0.5060
vn 0.8334 -0.2237 -0.5054
vn 0.8345 -0.2196 -0.5053
vn -0.8505 0.3033 0.4298
vn -0.8503 0.3042 0.4295
vn -0.8506 0.3047 0.4286
vn -0.7276 -0.2576 -0.6358
vn -0.7272 -0.2578 -0.6362
vn -0.8087 -0.2690 -0.5231
vn 0.3089 0.4955 0.8118
vn -0.3089 0.4955 0.8118
vn 0.9997 0.0228 -0.0132
vn 0.9996 0.0230 -0.0133
vn 0.8088 0.3150 0.4966
vn -0.8088 0.3150 0.4966
vn -0.8089 0.2813 0.5162
vn -0.9996 0.0229 -0.0133
vn -0.9996 0.0230 -0.0133
vn -0.9996 0.0257 -0.0148
vn 0.3089 -0.4495 -0.8382
vn -0.9927 0.0941 -0.0756
vn -0.9995 0.0283 -0.0163
vn -0.3403 0.4672 0.8160
vn 0.8090 0.2841 0.5146
vn 0.3071 -0.3769 -0.8738
vn -0.3087 0.4376 0.8445
vn -0.2754 -0.4831 -0.8312
vn -0.2738 -0.4833 -0.8315
vn -0.2764 -0.4829 -0.8309
vn 0.3354 -0.4881 -0.8058
vn 0.3326 -0.4885 -0.8067
vn 0.3308 -0.4886 -0.8073
vn -0.3071 -0.3775 -0.8736
vn 0.8265 -0.2936 -0.4802
vn 0.8249 -0.2947 -0.4824
vn 0.8238 -0.2954 -0.4838
vn -0.7853 -0.2825 -0.5509
vn -0.7847 -0.2829 -0.5516
vn -0.7859 -0.2822 -0.5503
vn 0.9993 0.0313 -0.0180
vn 0.9996 0.0231 -0.0133
vn -0.3761 0.4817 0.7915
vn 0.7516 0.3396 0.5655
vn 0.7520 0.3394 0.5651
vn 0.2721 0.4458 0.8528
vn 0.9973 0.0607 0.0416
vn -0.0000 -0.8660 0.5000
vn 0.9989 0.0327 0.0323
vn 0.9991 0.0314 0.0295
vn 0.9990 0.0318 0.0306
vn 0.3549 -0.3523 -0.8660
vn 0.3573 -0.3519 -0.8652
vn 0.3533 -0.3525 -0.8666
vn 0.3087 0.4382 0.8442
vn 0.2236 0.4938 0.8403
vn 0.2240 0.4937 0.8403
vn 0.3663 -0.3921 -0.8439
vn 0.3646 -0.3924 -0.8444
vn 0.3651 -0.3923 -0.8443
vn 0.2736 0.5477 0.7907
vn 0.2749 0.5475 0.7904
vn 0.2757 0.5474 0.7902
vn 0.7125 -0.2619 -0.6510
vn -0.8216 0.3319 0.4635
vn -0.7834 -0.1583 -0.6010
vn -0.2670 -0.3295 -0.9056
vn -0.3206 0.5542 0.7681
vn -0.3239 0.5539 0.7670
vn -0.3185 0.5545 0.7688
vn -0.8064 -0.2240 -0.5472
vn -0.2114 -0.4038 -0.8901
vn -0.2100 -0.4039 -0.8904
vn 0.7157 -0.3230 -0.6193
vn 0.9991 0.0207 0.0372
vn 0.9989 0.0325 0.0333
vn -0.9974 0.0467 -0.0553
vn -0.9973 0.0454 -0.0575
vn -0.9974 0.0476 -0.0538
vn 0.8331 -0.2194 -0.5077
vn 0.8350 -0.2181 -0.5051
vn -0.8109 0.3693 0.4539
vn -0.8132 0.3678 0.4510
vn -0.8093 0.3704 0.4559
vn 0.7845 0.2750 0.5557
vn 0.7781 0.3546 0.5185
vn 0.7780 0.3547 0.5186
vn 0.0196 0.8870 -0.4613
vn 0.0186 0.8852 -0.4648
vn 0.0191 0.8842 -0.4668
vn 0.0186 0.8849 -0.4655
vn 0.0191 0.8841 -0.4669
vn 0.0199 0.8849 -0.4654
vn 0.0260 0.8849 -0.4651
vn -0.9914 0.0144 -0.1301
vn 0.8330 -0.2237 -0.5061
vn -0.8273 0.2715 0.4919
vn -0.9851 0.0449 -0.1661
vn -0.9989 0.0164 -0.0447
vn -0.3740 0.4615 0.8044
vn 0.7848 0.2958 0.5446
vn 0.3469 -0.3731 -0.8605
vn -0.3391 0.4346 0.8344
vn -0.2728 -0.4834 -0.8318
vn 0.3372 -0.4879 -0.8051
vn -0.2746 -0.3834 -0.8818
vn 0.8277 -0.2928 -0.4788
vn -0.7842 -0.2832 -0.5522
vn 0.9985 0.0485 0.0257
vn -0.3763 0.4817 0.7915
vn 0.2190 0.4565 0.8623
vn 0.3590 -0.3516 -0.8646
vn 0.2761 0.4440 0.8524
vn 0.2237 0.4938 0.8403
vn 0.3662 -0.3921 -0.8439
vn 0.2728 0.5478 0.7909
vn 0.8338 -0.2069 -0.5118
vn -0.8514 0.3110 0.4224
vn -0.7081 -0.2053 -0.6756
vn -0.2021 -0.3435 -0.9172
vn -0.3260 0.5537 0.7663
vn -0.7883 -0.2329 -0.5695
vn -0.2099 -0.4039 -0.8904
vn 0.7495 -0.3058 -0.5871
vn 0.9969 0.0376 0.0690
vn -0.9973 0.0445 -0.0591
vn -0.8148 0.3667 0.4490
vn 0.7417 0.3015 0.5991
vt 0.956497 0.448875
vt 0.959598 0.402314
vt 0.959598 0.448875
vt 0.906141 0.059388
vt 0.916250 0.042369
vt 0.972597 0.089800
vt 0.973454 0.089312
vt 0.951171 0.028372
vt 0.955262 0.019217
vt 0.498409 0.446578
vt 0.480071 0.493221
vt 0.494573 0.437310
vt 0.491731 0.436102
vt 0.985614 0.236465
vt 0.983558 0.188977
vt 0.985614 0.188977
vt 0.972991 0.089491
vt 0.943153 0.023730
vt 0.959598 0.171054
vt 0.956497 0.205640
vt 0.956497 0.171054
vt 0.780771 0.100300
vt 0.764315 0.017569
vt 0.786308 0.097301
vt 0.989840 0.075992
vt 0.988611 0.094825
vt 0.988611 0.075992
vt 0.956497 0.133620
vt 0.575514 0.757526
vt 0.548471 0.837656
vt 0.546274 0.836311
vt 0.956497 0.463030
vt 0.959598 0.477219
vt 0.956497 0.477219
vt 0.956497 0.605793
vt 0.959598 0.587864
vt 0.959598 0.605793
vt 0.956497 0.642129
vt 0.959598 0.617587
vt 0.959598 0.642129
vt 0.998214 0.288646
vt 0.997042 0.297402
vt 0.997042 0.288646
vt 0.546438 0.846124
vt 0.534735 0.929167
vt 0.543877 0.846408
vt 0.429347 0.766068
vt 0.350638 0.783587
vt 0.426872 0.761442
vt 0.480671 0.494134
vt 0.537046 0.510338
vt 0.480539 0.494394
vt 0.459699 0.839741
vt 0.524121 0.822196
vt 0.526393 0.855078
vt 0.489348 0.675591
vt 0.559255 0.684700
vt 0.489213 0.679749
vt 0.989840 0.001503
vt 0.988611 0.028831
vt 0.988611 0.001503
vt 0.480387 0.493355
vt 0.506563 0.442174
vt 0.512493 0.541828
vt 0.480313 0.494582
vt 0.972925 0.089521
vt 0.935300 0.026644
vt 0.807678 0.528202
vt 0.887144 0.509076
vt 0.809381 0.531226
vt 0.985614 0.161540
vt 0.530642 0.486604
vt 0.538918 0.491203
vt 0.480118 0.493240
vt 0.888040 0.363623
vt 0.848012 0.437650
vt 0.883314 0.362388
vt 0.973394 0.089334
vt 0.517167 0.534619
vt 0.512529 0.535871
vt 0.847644 0.806542
vt 0.909974 0.861786
vt 0.846205 0.809356
vt 0.534086 0.510994
vt 0.514051 0.445132
vt 0.911886 0.066865
vt 0.972378 0.090170
vt 0.376333 0.001502
vt 0.384830 0.001502
vt 0.390022 0.008060
vt 0.388293 0.016343
vt 0.380712 0.020103
vt 0.373003 0.016505
vt 0.371031 0.008194
vt 0.537671 0.480560
vt 0.480688 0.493843
vt 0.902547 0.069363
vt 0.958453 0.018023
vt 0.973518 0.089268
vt 0.972347 0.091016
vt 0.902540 0.112120
vt 0.899884 0.093906
vt 0.789303 0.023449
vt 0.792606 0.097294
vt 0.901739 0.090588
vt 0.537577 0.509495
vt 0.906467 0.119843
vt 0.972540 0.091404
vt 0.913738 0.134139
vt 0.910682 0.128131
vt 0.909361 0.119663
vt 0.526259 0.530736
vt 0.519749 0.535940
vt 0.505651 0.021372
vt 0.498231 0.017967
vt 0.496286 0.009979
vt 0.501373 0.003509
vt 0.509558 0.003499
vt 0.514633 0.009839
vt 0.513033 0.017922
vt 0.534706 0.514745
vt 0.899166 0.088987
vt 0.994044 0.089058
vt 0.992847 0.113564
vt 0.992847 0.089058
vt 0.938436 0.321533
vt 0.940599 0.310611
vt 0.940599 0.321533
vt 0.992847 0.072542
vt 0.487331 0.671953
vt 0.561130 0.641100
vt 0.983558 0.130931
vt 0.985614 0.130931
vt 0.985614 0.044306
vt 0.983558 0.056223
vt 0.983558 0.044306
vt 0.994044 0.524533
vt 0.992847 0.509676
vt 0.994044 0.509676
vt 0.862965 0.701891
vt 0.906100 0.653872
vt 0.907683 0.655027
vt 0.795383 0.331812
vt 0.877488 0.349957
vt 0.877471 0.354842
vt 0.956497 0.545318
vt 0.959598 0.577042
vt 0.956497 0.577042
vt 0.898669 0.023991
vt 0.892710 0.105263
vt 0.888732 0.105441
vt 0.890021 0.870329
vt 0.938436 0.555160
vt 0.940599 0.585833
vt 0.938436 0.585833
vt 0.956497 0.121498
vt 0.959598 0.133620
vt 0.807975 0.537817
vt 0.888639 0.553912
vt 0.868992 0.594197
vt 0.884347 0.118254
vt 0.842344 0.180846
vt 0.819415 0.172704
vt 0.940599 0.453242
vt 0.938436 0.429671
vt 0.940599 0.429671
vt 0.833967 0.418986
vt 0.879569 0.359253
vt 0.913093 0.122686
vt 0.972292 0.090587
vt 0.480586 0.493566
vt 0.530928 0.462288
vt 0.992847 0.184784
vt 0.994044 0.204759
vt 0.992847 0.204759
vt 0.938436 0.378927
vt 0.940599 0.371939
vt 0.940599 0.378927
vt 0.898975 0.087676
vt 0.456879 0.841931
vt 0.458162 0.841732
vt 0.465708 0.897293
vt 0.959598 0.545318
vt 0.840606 0.811926
vt 0.875584 0.888283
vt 0.833133 0.897059
vt 0.956497 0.688298
vt 0.959598 0.688298
vt 0.938436 0.717279
vt 0.940599 0.673351
vt 0.940599 0.717279
vt 0.871074 0.263622
vt 0.888689 0.342482
vt 0.883824 0.342925
vt 0.913864 0.722183
vt 0.906332 0.721310
vt 0.902307 0.709415
vt 0.457927 0.836544
vt 0.507992 0.793385
vt 0.458975 0.837312
vt 0.814175 0.409330
vt 0.549777 0.839877
vt 0.631943 0.829355
vt 0.549826 0.842453
vt 0.548597 0.844717
vt 0.609752 0.903699
vt 0.842041 0.636420
vt 0.847237 0.626208
vt 0.853287 0.623207
vt 0.989840 0.052745
vt 0.988611 0.052745
vt 0.938436 0.480165
vt 0.940599 0.480165
vt 0.940599 0.388193
vt 0.938436 0.604031
vt 0.940599 0.615387
vt 0.938436 0.615387
vt 0.994044 0.290622
vt 0.992847 0.259911
vt 0.994044 0.259911
vt 0.833071 0.209618
vt 0.839154 0.203092
vt 0.839154 0.209618
vt 0.814541 0.219186
vt 0.820807 0.232016
vt 0.814541 0.232016
vt 0.833071 0.222072
vt 0.839154 0.224650
vt 0.833071 0.224650
vt 0.830078 0.203282
vt 0.823805 0.215095
vt 0.823805 0.203282
vt 0.833071 0.229953
vt 0.839154 0.229953
vt 0.833071 0.190638
vt 0.839154 0.183498
vt 0.839154 0.190638
vt 0.833071 0.231133
vt 0.839154 0.231133
vt 0.985614 0.361735
vt 0.983558 0.345203
vt 0.985614 0.345203
vt 0.989840 0.414729
vt 0.988611 0.440866
vt 0.988611 0.414729
vt 0.985614 0.440235
vt 0.983558 0.418220
vt 0.985614 0.418220
vt 0.992847 0.457794
vt 0.994044 0.467072
vt 0.992847 0.467072
vt 0.994044 0.416265
vt 0.992847 0.439208
vt 0.992847 0.416265
vt 0.985614 0.328874
vt 0.983558 0.310226
vt 0.985614 0.310226
vt 0.940599 0.604031
vt 0.938436 0.147499
vt 0.940599 0.163492
vt 0.938436 0.163492
vt 0.983558 0.483042
vt 0.985614 0.483042
vt 0.989840 0.162481
vt 0.988611 0.173154
vt 0.988611 0.162481
vt 0.938436 0.310611
vt 0.940599 0.297954
vt 0.983558 0.380963
vt 0.983558 0.361735
vt 0.998214 0.374825
vt 0.997042 0.332524
vt 0.998214 0.332524
vt 0.487295 0.905673
vt 0.467863 0.908720
vt 0.461946 0.909590
vt 0.454549 0.910756
vt 0.459187 0.840934
vt 0.513374 0.885370
vt 0.505211 0.888585
vt 0.508005 0.889464
vt 0.504308 0.892365
vt 0.492061 0.889773
vt 0.498188 0.897171
vt 0.496073 0.898803
vt 0.469570 0.777541
vt 0.476643 0.773078
vt 0.481395 0.773917
vt 0.511162 0.799132
vt 0.512223 0.809338
vt 0.518516 0.812205
vt 0.459610 0.838445
vt 0.519168 0.867262
vt 0.522756 0.863354
vt 0.516077 0.871895
vt 0.516421 0.878106
vt 0.900545 0.720634
vt 0.881229 0.718119
vt 0.909628 0.655270
vt 0.911510 0.685009
vt 0.860264 0.702834
vt 0.854729 0.698777
vt 0.883027 0.110661
vt 0.801744 0.095631
vt 0.799524 0.083884
vt 0.875835 0.702651
vt 0.872187 0.711586
vt 0.870079 0.710059
vt 0.863959 0.705552
vt 0.910142 0.580943
vt 0.914808 0.579903
vt 0.911966 0.617044
vt 0.907779 0.647183
vt 0.882795 0.587053
vt 0.894704 0.590043
vt 0.887649 0.585927
vt 0.853977 0.613210
vt 0.857077 0.607295
vt 0.483240 0.685114
vt 0.454347 0.765538
vt 0.479085 0.684913
vt 0.905340 0.650137
vt 0.844701 0.677371
vt 0.840853 0.669127
vt 0.848326 0.681072
vt 0.905268 0.652096
vt 0.851487 0.685498
vt 0.851341 0.691572
vt 0.983558 0.510847
vt 0.909692 0.646756
vt 0.486956 0.683243
vt 0.542379 0.720516
vt 0.839154 0.222072
vt 0.355628 0.760523
vt 0.426778 0.756197
vt 0.456650 0.836307
vt 0.453437 0.768798
vt 0.709825 0.066942
vt 0.777404 0.105622
vt 0.716613 0.172934
vt 0.711319 0.163044
vt 0.722380 0.148115
vt 0.509098 0.588915
vt 0.550845 0.613868
vt 0.805767 0.202381
vt 0.785403 0.120872
vt 0.791685 0.121308
vt 0.833071 0.203092
vt 0.956497 0.366601
vt 0.959598 0.331703
vt 0.959598 0.366601
vt 0.781267 0.017510
vt 0.622720 0.804629
vt 0.620196 0.797690
vt 0.994044 0.457794
vt 0.988611 0.147426
vt 0.989840 0.147426
vt 0.994044 0.044846
vt 0.992847 0.044846
vt 0.985614 0.527418
vt 0.985614 0.510847
vt 0.994044 0.172923
vt 0.992847 0.172923
vt 0.985614 0.076265
vt 0.985614 0.056223
vt 0.998214 0.051172
vt 0.997042 0.019990
vt 0.998214 0.019990
vt 0.814541 0.261258
vt 0.820807 0.271874
vt 0.814541 0.271874
vt 0.814541 0.181699
vt 0.820807 0.195634
vt 0.814541 0.195634
vt 0.820807 0.255568
vt 0.814541 0.255568
vt 0.344431 0.489332
vt 0.338824 0.475509
vt 0.344431 0.475509
vt 0.830078 0.215095
vt 0.823805 0.236875
vt 0.830078 0.249719
vt 0.823805 0.253391
vt 0.823805 0.249719
vt 0.814541 0.177502
vt 0.820807 0.181699
vt 0.994044 0.241692
vt 0.992847 0.241692
vt 0.983558 0.101212
vt 0.985614 0.101212
vt 0.992847 0.230324
vt 0.994044 0.230324
vt 0.940599 0.527421
vt 0.940599 0.555160
vt 0.997042 0.079372
vt 0.997042 0.051172
vt 0.994044 0.365709
vt 0.992847 0.318396
vt 0.994044 0.318396
vt 0.989840 0.104226
vt 0.988611 0.104226
vt 0.988611 0.111315
vt 0.997042 0.154766
vt 0.998214 0.178729
vt 0.997042 0.178729
vt 0.985614 0.112635
vt 0.983558 0.112635
vt 0.994044 0.490529
vt 0.992847 0.474069
vt 0.994044 0.474069
vt 0.992847 0.001498
vt 0.994044 0.001498
vt 0.985614 0.395871
vt 0.983558 0.405505
vt 0.983558 0.395871
vt 0.985614 0.405505
vt 0.994044 0.569434
vt 0.992847 0.547508
vt 0.994044 0.547508
vt 0.938436 0.232126
vt 0.940599 0.276054
vt 0.938436 0.276054
vt 0.983558 0.552006
vt 0.985614 0.552006
vt 0.994044 0.129574
vt 0.994044 0.113564
vt 0.572850 0.705069
vt 0.557045 0.729412
vt 0.552327 0.736665
vt 0.546402 0.745999
vt 0.574434 0.656408
vt 0.570360 0.668702
vt 0.573996 0.666367
vt 0.573780 0.673299
vt 0.573424 0.684773
vt 0.573292 0.688624
vt 0.540254 0.748962
vt 0.513493 0.753006
vt 0.509246 0.764588
vt 0.502926 0.767887
vt 0.460453 0.587573
vt 0.470138 0.587944
vt 0.483834 0.594384
vt 0.492194 0.588540
vt 0.483760 0.669819
vt 0.558526 0.633311
vt 0.557213 0.625595
vt 0.568694 0.646295
vt 0.707302 0.155531
vt 0.693906 0.130013
vt 0.777151 0.111915
vt 0.780095 0.117481
vt 0.695426 0.091701
vt 0.695846 0.081556
vt 0.698813 0.094240
vt 0.708507 0.110670
vt 0.694516 0.113521
vt 0.694660 0.109720
vt 0.695140 0.098485
vt 0.722573 0.176743
vt 0.757461 0.199025
vt 0.748243 0.183372
vt 0.751235 0.195080
vt 0.802884 0.017501
vt 0.812766 0.017514
vt 0.848389 0.468645
vt 0.804748 0.526339
vt 0.832541 0.449409
vt 0.714535 0.052001
vt 0.721737 0.040629
vt 0.712815 0.059472
vt 0.702135 0.071595
vt 0.992847 0.392664
vt 0.992847 0.365709
vt 0.801281 0.526159
vt 0.808734 0.460806
vt 0.906239 0.648396
vt 0.956497 0.236298
vt 0.959598 0.205640
vt 0.959598 0.236298
vt 0.845007 0.270604
vt 0.852777 0.261653
vt 0.395597 0.834283
vt 0.433722 0.768963
vt 0.404745 0.672131
vt 0.414941 0.670593
vt 0.424464 0.684772
vt 0.349840 0.739042
vt 0.429050 0.751469
vt 0.843604 0.798828
vt 0.888547 0.741754
vt 0.846240 0.800572
vt 0.479602 0.669704
vt 0.350303 0.768008
vt 0.812672 0.070785
vt 0.885238 0.107350
vt 0.997042 0.202024
vt 0.985614 0.380963
vt 0.983558 0.263526
vt 0.983558 0.236465
vt 0.940599 0.204463
vt 0.938436 0.187967
vt 0.940599 0.187967
vt 0.997042 0.515180
vt 0.998214 0.535461
vt 0.997042 0.535461
vt 0.820807 0.261258
vt 0.830078 0.268325
vt 0.823805 0.263148
vt 0.830078 0.263148
vt 0.830078 0.181503
vt 0.823805 0.181503
vt 0.344431 0.432586
vt 0.338824 0.427678
vt 0.344431 0.427678
vt 0.820807 0.219186
vt 0.344431 0.444066
vt 0.338824 0.450327
vt 0.338824 0.444066
vt 0.338824 0.412680
vt 0.344431 0.412680
vt 0.992847 0.490529
vt 0.998214 0.297402
vt 0.997042 0.310268
vt 0.938436 0.673351
vt 0.940599 0.661502
vt 0.940599 0.232126
vt 0.992847 0.290622
vt 0.938436 0.527421
vt 0.985614 0.338183
vt 0.983558 0.328874
vt 0.938436 0.406756
vt 0.940599 0.406756
vt 0.938436 0.355497
vt 0.940599 0.336372
vt 0.940599 0.355497
vt 0.985614 0.563010
vt 0.992847 0.129574
vt 0.992847 0.534836
vt 0.992847 0.524533
vt 0.994044 0.534836
vt 0.938436 0.297954
vt 0.782382 0.443599
vt 0.809089 0.445014
vt 0.817094 0.445470
vt 0.827279 0.445943
vt 0.805128 0.539803
vt 0.832230 0.619852
vt 0.820534 0.617448
vt 0.823059 0.620524
vt 0.816697 0.621070
vt 0.804710 0.609009
vt 0.806165 0.621977
vt 0.787495 0.623594
vt 0.801668 0.540093
vt 0.802601 0.622266
vt 0.859557 0.466558
vt 0.865152 0.470021
vt 0.887363 0.518013
vt 0.882230 0.530972
vt 0.888061 0.538336
vt 0.809496 0.534696
vt 0.851902 0.603091
vt 0.858845 0.601157
vt 0.845014 0.606217
vt 0.840968 0.613636
vt 0.422730 0.669424
vt 0.448968 0.665758
vt 0.438435 0.747569
vt 0.433243 0.748316
vt 0.418077 0.848082
vt 0.408769 0.847402
vt 0.420510 0.845044
vt 0.438955 0.769336
vt 0.453258 0.850573
vt 0.435890 0.836619
vt 0.438122 0.849554
vt 0.434609 0.849315
vt 0.424301 0.848544
vt 0.369114 0.698919
vt 0.385555 0.695992
vt 0.374509 0.694819
vt 0.349968 0.748125
vt 0.381956 0.829668
vt 0.371643 0.822831
vt 0.388790 0.831391
vt 0.399731 0.841437
vt 0.985614 0.287206
vt 0.985614 0.263526
vt 0.938436 0.371939
vt 0.989840 0.208226
vt 0.988611 0.252399
vt 0.988611 0.208226
vt 0.847689 0.803381
vt 0.908884 0.771437
vt 0.893222 0.204475
vt 0.887505 0.120678
vt 0.891411 0.121448
vt 0.863206 0.025615
vt 0.824207 0.046919
vt 0.956497 0.282477
vt 0.959598 0.282477
vt 0.997042 0.460841
vt 0.998214 0.503142
vt 0.997042 0.503142
vt 0.399546 0.676036
vt 0.795409 0.325376
vt 0.800062 0.316291
vt 0.816960 0.316827
vt 0.930138 0.785829
vt 0.930323 0.779751
vt 0.836127 0.427818
vt 0.998214 0.127404
vt 0.998214 0.079372
vt 0.998214 0.254126
vt 0.997042 0.237420
vt 0.998214 0.237420
vt 0.998214 0.310268
vt 0.998214 0.460841
vt 0.997042 0.444592
vt 0.998214 0.444592
vt 0.956497 0.402314
vt 0.998214 0.571249
vt 0.997042 0.559712
vt 0.998214 0.559712
vt 0.352772 0.401906
vt 0.347433 0.426827
vt 0.347433 0.401906
vt 0.830078 0.253391
vt 0.338824 0.432586
vt 0.830078 0.236875
vt 0.347433 0.461342
vt 0.352772 0.486262
vt 0.347433 0.486262
vt 0.938436 0.641552
vt 0.940599 0.641552
vt 0.998214 0.001498
vt 0.997042 0.001498
vt 0.989840 0.501996
vt 0.988611 0.470877
vt 0.989840 0.470877
vt 0.983558 0.287206
vt 0.997042 0.127404
vt 0.998214 0.230316
vt 0.997042 0.230316
vt 0.998214 0.220896
vt 0.997042 0.220896
vt 0.997042 0.273561
vt 0.997042 0.254126
vt 0.938436 0.336372
vt 0.989840 0.297212
vt 0.988611 0.322044
vt 0.988611 0.297212
vt 0.997042 0.402940
vt 0.997042 0.374825
vt 0.988611 0.280477
vt 0.910362 0.741023
vt 0.922244 0.764002
vt 0.925785 0.771006
vt 0.874118 0.717038
vt 0.881555 0.725865
vt 0.881477 0.722014
vt 0.886642 0.725405
vt 0.895199 0.731016
vt 0.898115 0.732964
vt 0.922376 0.808671
vt 0.929738 0.816838
vt 0.929710 0.823191
vt 0.903097 0.867010
vt 0.887505 0.879066
vt 0.843701 0.811285
vt 0.840453 0.798581
vt 0.830888 0.713658
vt 0.849121 0.717493
vt 0.842736 0.714681
vt 0.856195 0.719381
vt 0.863780 0.716321
vt 0.803660 0.309285
vt 0.815992 0.286140
vt 0.879758 0.345632
vt 0.845074 0.266753
vt 0.838042 0.286504
vt 0.828444 0.277747
vt 0.831372 0.275778
vt 0.839919 0.270152
vt 0.795253 0.369538
vt 0.802724 0.354793
vt 0.795221 0.362831
vt 0.821034 0.415143
vt 0.884470 0.258749
vt 0.896668 0.257651
vt 0.878123 0.261646
vt 0.863450 0.260659
vt 0.989840 0.338282
vt 0.988611 0.382455
vt 0.988611 0.338282
vt 0.609863 0.877780
vt 0.540493 0.754532
vt 0.543707 0.836087
vt 0.531806 0.753679
vt 0.352772 0.446818
vt 0.347433 0.446818
vt 0.956497 0.331703
vt 0.886420 0.029915
vt 0.988611 0.530137
vt 0.988611 0.501996
vt 0.998214 0.419709
vt 0.997042 0.419709
vt 0.989840 0.252399
vt 0.989840 0.452401
vt 0.989840 0.440866
vt 0.972851 0.091708
vt 0.344431 0.387498
vt 0.338824 0.387498
vt 0.352772 0.395500
vt 0.347433 0.395500
vt 0.352772 0.432435
vt 0.347433 0.443369
vt 0.347433 0.432435
vt 0.352772 0.426827
vt 0.344431 0.450327
vt 0.989840 0.128009
vt 0.989840 0.111315
vt 0.989840 0.173154
vt 0.988611 0.185994
vt 0.989840 0.185994
vt 0.480030 0.494664
vt 0.507556 0.545916
vt 0.484511 0.552790
vt 0.988611 0.394489
vt 0.959598 0.451717
vt 0.959598 0.463030
vt 0.988611 0.452401
vt 0.989840 0.322044
vt 0.956497 0.451717
vt 0.988611 0.128009
vt 0.985614 0.001499
vt 0.983558 0.001499
vt 0.998214 0.273561
vt 0.989840 0.382455
vt 0.635835 0.861955
vt 0.623297 0.884856
vt 0.619619 0.891626
vt 0.614958 0.900422
vt 0.635018 0.818110
vt 0.635098 0.827088
vt 0.635233 0.833319
vt 0.622738 0.844246
vt 0.635461 0.843636
vt 0.635514 0.847153
vt 0.586260 0.910035
vt 0.583575 0.920796
vt 0.578226 0.924356
vt 0.989840 0.578095
vt 0.989840 0.530137
vt 0.552476 0.760978
vt 0.612825 0.780386
vt 0.618835 0.790787
vt 0.629632 0.809132
vt 0.814268 0.168748
vt 0.810005 0.159378
vt 0.798739 0.093169
vt 0.882699 0.114629
vt 0.795861 0.128274
vt 0.809974 0.111084
vt 0.797039 0.113174
vt 0.797316 0.109657
vt 0.798207 0.099376
vt 0.844251 0.191771
vt 0.817338 0.057186
vt 0.815589 0.064001
vt 0.805514 0.074884
vt 0.878746 0.024894
vt 0.560349 0.756276
vt 0.849621 0.195885
vt 0.820700 0.146244
vt 0.806800 0.152355
vt 0.956497 0.617587
vt 0.956497 0.587864
vt 0.989840 0.094825
vt 0.989840 0.028831
vt 0.983558 0.161540
vt 0.890642 0.448789
vt 0.994044 0.072542
vt 0.907729 0.023586
vt 0.959598 0.121498
vt 0.938436 0.453242
vt 0.994044 0.184784
vt 0.938436 0.388193
vt 0.833071 0.183498
vt 0.983558 0.440235
vt 0.994044 0.439208
vt 0.940599 0.147499
vt 0.448909 0.767879
vt 0.983558 0.527418
vt 0.983558 0.076265
vt 0.338824 0.489332
vt 0.820807 0.177502
vt 0.998214 0.154766
vt 0.992847 0.569434
vt 0.994044 0.392664
vt 0.998214 0.202024
vt 0.938436 0.204463
vt 0.998214 0.515180
vt 0.823805 0.268325
vt 0.938436 0.661502
vt 0.983558 0.338183
vt 0.983558 0.563010
vt 0.997042 0.571249
vt 0.352772 0.461342
vt 0.998214 0.402940
vt 0.989840 0.280477
vt 0.931281 0.151530
vt 0.352772 0.443369
vt 0.989840 0.394489
vt 0.988611 0.578095
vt 0.189220 0.928127
vt 0.178403 0.985624
vt 0.178403 0.928127
vt 0.366955 0.001517
vt 0.365862 0.002909
vt 0.365872 0.001845
vt 0.156839 0.593586
vt 0.167611 0.001502
vt 0.167611 0.593586
vt 0.146053 0.985624
vt 0.136201 0.928127
vt 0.146053 0.928127
vt 0.200032 0.928127
vt 0.189220 0.985624
vt 0.167611 0.985624
vt 0.167611 0.928127
vt 0.178403 0.001502
vt 0.178403 0.593586
vt 0.221592 0.593586
vt 0.210818 0.001502
vt 0.221592 0.001502
vt 0.200032 0.593586
vt 0.210818 0.593586
vt 0.136201 0.593586
vt 0.124146 0.001502
vt 0.136201 0.001502
vt 0.124146 0.593586
vt 0.113353 0.001502
vt 0.189220 0.593586
vt 0.200032 0.001502
vt 0.200032 0.765657
vt 0.189220 0.001502
vt 0.146053 0.001502
vt 0.156839 0.001502
vt 0.189220 0.869469
vt 0.178403 0.869469
vt 0.189220 0.765657
vt 0.210818 0.869469
vt 0.200032 0.869469
vt 0.113353 0.765657
vt 0.113353 0.593586
vt 0.146053 0.765657
vt 0.146053 0.593586
vt 0.210818 0.765657
vt 0.167611 0.869469
vt 0.156839 0.765657
vt 0.167611 0.765657
vt 0.146053 0.869469
vt 0.136201 0.869469
vt 0.136201 0.765657
vt 0.178403 0.765657
vt 0.124146 0.765657
vt 0.210818 0.928127
vt 0.200032 0.985624
vt 0.124146 0.985624
vt 0.113353 0.928127
vt 0.124146 0.928127
vt 0.221592 0.928127
vt 0.221592 0.869469
vt 0.136201 0.985624
vt 0.362745 0.002303
vt 0.361212 0.001805
vt 0.362159 0.001498
vt 0.124146 0.869469
vt 0.156839 0.928127
vt 0.156839 0.869469
vt 0.221592 0.765657
vt 0.221592 0.985624
vt 0.156839 0.985624
vt 0.113353 0.869469
vt 0.362583 0.001805
vt 0.362643 0.002757
vt 0.362159 0.003109
vt 0.361636 0.003109
vt 0.361212 0.002801
vt 0.361050 0.002303
vt 0.361636 0.001498
vt 0.366360 0.001510
vt 0.367417 0.001859
vt 0.367570 0.002393
vt 0.367368 0.002913
vt 0.366895 0.003228
vt 0.366324 0.003228
vt 0.365685 0.002383
vt 0.210818 0.985624
vt 0.113353 0.985624
s 1
f 1776/3609/3761 1809/3610/3762 1795/3611/3763
f 1808/3612/3764 1796/3613/3765 1774/3614/3766
f 1775/3615/3767 1807/3616/3768 1805/3617/3769
f 1788/3618/3770 1820/3619/3771 1786/3620/3772
f 1820/3619/3771 1779/3621/3773 1786/3620/3772
f 2090/3622/3774 2140/3623/3775 2107/3624/3776
f 1815/3625/3777 1806/3626/3778 1807/3616/3768
f 1807/3627/3779 1787/3628/3780 1788/3629/3779
f 1934/3630/3781 1928/3631/3781 1935/3632/3781
f 1978/3633/3782 2015/3634/3782 2011/3635/3782
f 1786/3636/3783 1807/3627/3784 1788/3629/3784
f 2093/3637/3785 2099/3638/3785 2100/3639/3785
f 1794/3640/3786 1812/3641/3786 1793/3642/3786
f 1784/3643/3787 1804/3644/3787 1803/3645/3787
f 1780/3646/3788 1802/3647/3789 1799/3648/3790
f 1853/3649/3791 1887/3650/3792 1886/3651/3791
f 2102/3652/3793 2094/3653/3793 2101/3654/3793
f 2000/3655/3794 1994/3656/3794 2001/3657/3794
f 1824/3658/3795 1792/3659/3796 1818/3660/3797
f 1834/3661/3798 1828/3662/3798 1827/3663/3798
f 1900/3664/3799 1914/3665/3800 1899/3666/3801
f 1958/3667/3802 2012/3668/3803 1991/3669/3804
f 1821/3670/3805 1788/3618/3770 1787/3671/3806
f 1783/3672/3807 1819/3673/3808 1818/3660/3809
f 1806/3626/3778 1815/3674/3777 1797/3675/3810
f 1970/3676/3811 1962/3677/3811 1969/3678/3811
f 2140/3623/3812 2109/3679/3812 2107/3624/3812
f 1824/3658/3813 1791/3680/3814 1790/3681/3815
f 1821/3670/3805 1820/3682/3771 1788/3618/3770
f 2066/3683/3816 2060/3684/3816 2067/3685/3816
f 1775/3686/3767 1815/3625/3777 1807/3616/3768
f 1785/3687/3817 1784/3688/3818 1818/3660/3809
f 2036/3689/3819 2028/3690/3819 2035/3691/3819
f 1794/3692/3820 1818/3660/3797 1792/3659/3796
f 1778/3693/3821 1821/3670/3805 1787/3671/3806
f 1810/3694/3822 1808/3612/3764 1774/3614/3766
f 1773/3695/3823 1810/3694/3822 1774/3614/3766
f 1817/3696/3824 1814/3697/3825 1773/3698/3826
f 1773/3698/3826 1774/3699/3827 1815/3700/3828
f 1815/3700/3828 1775/3701/3829 1816/3702/3830
f 1789/3703/3831 1791/3680/3832 1823/3704/3833
f 1809/3705/3834 1810/3694/3835 1773/3695/3836
f 1805/3617/3769 1798/3706/3810 1775/3707/3767
f 1817/3708/3837 1800/3709/3837 1812/3710/3838
f 1957/3711/3839 1936/3712/3840 1935/3632/3841
f 1817/3708/3837 1812/3710/3838 1813/3713/3842
f 1790/3681/3815 1776/3714/3843 1824/3658/3813
f 1824/3658/3813 1823/3704/3844 1791/3680/3814
f 1801/3715/3845 1800/3709/3846 1817/3708/3847
f 1816/3716/3848 1799/3717/3846 1802/3718/3849
f 1804/3719/3850 1801/3715/3845 1817/3708/3847
f 1818/3660/3809 1781/3720/3851 1782/3721/3852
f 1818/3660/3809 1782/3721/3852 1785/3687/3817
f 1824/3722/3853 1818/3723/3854 1819/3724/3855
f 1820/3725/3856 1821/3726/3855 1822/3727/3857
f 1820/3725/3856 1822/3727/3857 1823/3728/3858
f 1793/3729/3859 1781/3720/3860 1818/3660/3797
f 1794/3692/3820 1793/3729/3859 1818/3660/3797
f 1817/3708/3837 1813/3713/3842 1811/3730/3861
f 2056/3731/3862 2087/3732/3863 2089/3733/3862
f 1920/3734/3864 1954/3735/3865 1953/3736/3864
f 2088/3737/3866 2056/3731/3866 2089/3733/3866
f 1901/3738/3867 1920/3739/3868 1900/3664/3869
f 2109/3679/3870 2141/3740/3870 2108/3741/3870
f 2095/3742/3871 2138/3743/3872 2128/3744/3873
f 2052/3745/3874 2084/3746/3875 2051/3747/3876
f 1883/3748/3877 1866/3749/3878 1865/3750/3879
f 2071/3751/3880 2070/3752/3881 2069/3753/3882
f 1781/3754/3883 1801/3755/3884 1782/3756/3885
f 2153/3757/3886 2134/3758/3887 2133/3759/3888
f 2056/3760/3889 2035/3691/3890 2028/3690/3891
f 1774/3614/3892 1797/3675/3893 1815/3674/3894
f 1911/3761/3895 1943/3762/3895 1910/3763/3895
f 1779/3764/3896 1805/3765/3897 1786/3636/3898
f 1967/3766/3899 1961/3767/3899 1960/3768/3899
f 2136/3769/3900 2139/3770/3901 2137/3771/3902
f 1946/3772/3903 1914/3773/3903 1947/3774/3903
f 2089/3775/3904 2068/3776/3905 2067/3685/3906
f 1803/3777/3907 1817/3708/3847 1816/3716/3848
f 1814/3778/3908 1809/3705/3834 1773/3695/3836
f 1822/3779/3909 1778/3693/3909 1777/3780/3909
f 2072/3781/3910 2040/3782/3910 2073/3783/3910
f 1917/3784/3911 1948/3785/3911 1950/3786/3911
f 1814/3778/3837 1811/3730/3861 1795/3787/3837
f 1822/3779/3912 1789/3703/3831 1823/3704/3833
f 1838/3788/3913 1832/3789/3914 1844/3790/3915
f 1781/3754/3883 1812/3641/3916 1800/3791/3917
f 2033/3792/3918 2027/3793/3918 2026/3794/3918
f 1779/3795/3896 1799/3648/3790 1798/3796/3919
f 1896/3797/3920 1930/3798/3920 1929/3799/3920
f 2085/3800/3921 2066/3801/3922 2065/3802/3923
f 1864/3803/3924 1876/3804/3925 1877/3805/3926
f 1837/3806/3927 1829/3807/3927 1836/3808/3927
f 2061/3809/3928 2069/3753/3928 2068/3776/3928
f 2098/3810/3929 2115/3811/3930 2097/3812/3931
f 2103/3813/3932 2104/3814/3933 2102/3652/3934
f 1861/3815/3935 1889/3816/3936 1890/3817/3937
f 2012/3668/3938 1980/3818/3938 2013/3819/3938
f 1892/3820/3939 1946/3772/3940 1925/3821/3941
f 1949/3822/3942 1917/3784/3942 1950/3786/3942
f 1898/3823/3943 1939/3824/3944 1906/3825/3945
f 2043/3826/3946 2075/3827/3946 2042/3828/3946
f 1868/3829/3947 1836/3830/3948 1835/3831/3949
f 2002/3832/3950 1968/3833/3951 2001/3834/3951
f 1867/3835/3952 1833/3836/3953 1866/3837/3953
f 2067/3838/3954 2035/3839/3955 2034/3840/3954
f 1865/3841/3956 1833/3836/3953 1832/3842/3957
f 1870/3843/3958 1838/3844/3959 1837/3845/3958
f 1871/3846/3959 1832/3842/3957 1838/3847/3959
f 2091/3848/3960 2146/3849/3961 2113/3850/3962
f 1974/3851/3963 2005/3852/3964 2007/3853/3963
f 1773/3698/3826 1816/3702/3830 1817/3696/3824
f 2092/3854/3965 2149/3855/3966 2116/3856/3967
f 1980/3818/3968 2011/3635/3968 2013/3819/3968
f 2081/3857/3969 2049/3858/3970 2082/3859/3970
f 2046/3860/3971 2077/3861/3971 2079/3862/3971
f 2114/3863/3972 2143/3864/3972 2110/3865/3972
f 1898/3823/3973 1943/3762/3974 1931/3866/3975
f 1896/3867/3976 1955/3868/3977 1922/3869/3978
f 2126/3870/3979 2092/3854/3979 2093/3871/3979
f 1986/3872/3980 2020/3873/3981 2019/3874/3980
f 1921/3875/3982 1951/3876/3983 1954/3735/3865
f 2091/3848/3984 2150/3877/3985 2124/3878/3986
f 1828/3879/3987 1860/3880/3987 1827/3881/3987
f 1832/3789/3914 1825/3882/3988 1844/3790/3915
f 1825/3882/3988 1842/3883/3989 1844/3790/3915
f 1844/3790/3915 1843/3884/3990 1831/3885/3991
f 1831/3885/3991 1838/3788/3913 1844/3790/3915
f 1833/3886/3992 1826/3887/3993 1850/3888/3994
f 1826/3887/3993 1848/3889/3995 1850/3888/3994
f 1850/3888/3994 1849/3890/3996 1847/3891/3997
f 1849/3890/3996 1845/3892/3998 1847/3891/3997
f 1825/3882/3999 1832/3789/4000 1847/3891/3997
f 1847/3891/3997 1846/3893/4001 1825/3882/3999
f 1841/3894/4002 1840/3895/4003 1830/3896/4004
f 1830/3896/4004 1837/3806/4005 1841/3894/4002
f 1829/3807/4006 1855/3897/4007 1857/3898/4008
f 1857/3898/4008 1856/3899/4009 1828/3662/4010
f 1828/3662/4010 1835/3900/4011 1857/3898/4008
f 1834/3661/4012 1827/3663/4013 1854/3901/4014
f 1827/3663/4013 1851/3902/4015 1854/3901/4014
f 1826/3887/4016 1833/3886/4017 1853/3903/4018
f 1853/3903/4018 1852/3904/4019 1826/3887/4016
f 1875/3905/3925 1858/3906/4020 1877/3805/3926
f 1858/3906/4020 1865/3750/4021 1877/3805/3926
f 1865/3750/4021 1871/3907/4022 1877/3805/3926
f 1891/3908/4023 1877/3805/3926 1871/3907/4022
f 1881/3909/4024 1859/3910/4025 1883/3748/3877
f 2131/3911/4026 2148/3912/4027 2124/3913/4028
f 1865/3750/3879 1858/3906/4029 1880/3914/4030
f 1858/3906/4029 1879/3915/4024 1880/3914/4030
f 1880/3914/4030 1878/3916/4024 1882/3917/4024
f 1880/3914/4030 1882/3917/4024 1883/3748/3877
f 1872/3918/4031 1864/3919/4032 1891/3920/4032
f 1870/3921/4033 1863/3922/4034 1874/3923/4035
f 1863/3922/4034 1873/3924/4036 1874/3923/4035
f 1888/3925/3936 1862/3926/4037 1890/3817/3937
f 1904/3927/4038 1896/3928/4038 1903/3929/4038
f 1868/3930/4039 1861/3815/3935 1890/3817/3937
f 1884/3931/4040 1860/3932/4041 1887/3933/4042
f 1860/3932/4041 1867/3934/4043 1887/3933/4042
f 1866/3749/4044 1859/3910/4045 1886/3935/4046
f 1859/3910/4045 1885/3936/4040 1886/3935/4046
f 2093/3871/4047 2154/3937/4048 2126/3870/4049
f 1872/3918/4031 1891/3920/4032 1871/3938/4050
f 1905/3939/4051 1899/3666/4052 1911/3940/4053
f 1857/3898/4008 1836/3808/4054 1829/3807/4006
f 1867/3835/3952 1835/3831/3949 1834/3941/3952
f 2023/3942/4055 2002/3943/4056 2001/3657/4057
f 1838/3944/4058 1839/3945/4059 1837/3806/4005
f 1953/3946/4060 1934/3630/4061 1933/3947/4062
f 1931/3948/4063 1943/3949/4064 1944/3950/4065
f 1901/3738/4066 1895/3951/4066 1894/3952/4066
f 1929/3953/4067 1937/3954/4067 1936/3955/4067
f 1869/3956/3948 1837/3845/3958 1836/3830/3948
f 1791/3957/4068 1808/3958/4069 1810/3959/4070
f 1928/3631/4071 1956/3960/4072 1957/3711/3839
f 2118/3961/4073 2099/3638/4074 2119/3962/4075
f 2077/3861/4076 2048/3963/4076 2081/3857/4076
f 1986/3872/4077 2018/3964/4078 1985/3965/4079
f 2027/3966/4080 2088/3737/4081 2060/3967/4082
f 2122/3968/4083 2154/3937/4083 2121/3969/4083
f 2029/3970/4084 2072/3781/4085 2062/3971/4086
f 2106/3972/4087 2138/3743/4087 2105/3973/4087
f 1844/3974/4088 1876/3975/4088 1843/3976/4088
f 1999/3977/4089 1965/3978/4090 1998/3979/4090
f 2004/3980/4091 1970/3981/4092 2003/3982/4092
f 2001/3834/3951 1967/3983/4093 2000/3984/4093
f 1936/3985/4094 1902/3986/4095 1935/3987/4095
f 2068/3988/3955 2036/3989/4096 2035/3839/3955
f 2070/3990/4097 2031/3991/4098 2037/3992/4099
f 1998/3993/4090 1971/3994/4091 2004/3980/4091
f 2030/3995/4100 2075/3827/4101 2063/3996/4102
f 2137/3997/4103 2106/3972/4104 2104/3998/4105
f 2030/3995/4106 2071/3999/4107 2038/4000/4108
f 1911/3761/4109 1942/4001/4110 1944/4002/4109
f 1844/3974/4111 1875/4003/4111 1877/4004/4111
f 2024/4005/4112 2074/4006/4113 2041/4007/4114
f 2015/3634/4115 1983/4008/4115 2016/4009/4115
f 1983/4008/4116 2014/4010/4116 2016/4009/4116
f 1879/4011/4117 1847/4012/4117 1880/4013/4117
f 2096/4014/4118 2141/3740/4119 2129/4015/4120
f 2025/4016/4121 2080/4017/4122 2047/4018/4123
f 2027/3966/4124 2059/4019/4125 2026/4020/4125
f 2118/4021/4126 2152/4022/4127 2151/4023/4128
f 2149/3855/3966 2119/4024/4129 2116/3856/3967
f 2026/4025/4130 2083/4026/4131 2050/4027/4132
f 1895/4028/4133 1927/4029/4134 1894/4030/4134
f 2153/4031/4135 2122/3968/4136 2120/4032/4137
f 2028/4033/4138 2087/3732/3863 2054/4034/4139
f 1899/3666/4052 1892/4035/4140 1911/3940/4053
f 1892/4035/4140 1909/4036/4141 1911/3940/4053
f 1911/3940/4053 1910/4037/4142 1898/4038/4143
f 1898/4038/4143 1905/3939/4051 1911/3940/4053
f 1900/3664/3799 1893/4039/4144 1917/4040/4145
f 1893/4039/4144 1915/4041/4146 1917/4040/4145
f 1917/4040/4145 1916/4042/4147 1914/3665/3800
f 1916/4042/4147 1912/4043/4147 1914/3665/3800
f 1892/4035/4148 1899/3666/3801 1914/3665/3800
f 1914/3665/3800 1913/4044/4149 1892/4035/4148
f 1905/3939/4150 1898/4038/4151 1906/4045/4152
f 1908/4046/4153 1907/4047/4154 1897/4048/4155
f 1897/4048/4155 1904/3927/4156 1908/4046/4153
f 1896/4049/4157 1922/4050/4158 1924/4051/4159
f 1924/4051/4159 1923/4052/4160 1895/3951/4161
f 1895/3951/4161 1902/4053/4162 1924/4051/4159
f 1901/3738/3867 1894/3952/4163 1921/4054/4164
f 1894/3952/4163 1918/4055/4165 1921/4054/4164
f 1893/4039/4166 1900/3664/3869 1920/3739/3868
f 1920/3739/3868 1919/4056/4167 1893/4039/4166
f 1942/4057/4064 1925/4058/4168 1944/3950/4065
f 1925/4058/4168 1932/4059/4169 1944/3950/4065
f 1932/4059/4169 1938/4060/4170 1944/3950/4065
f 1938/4060/4170 1931/3948/4063 1944/3950/4065
f 1948/4061/4171 1926/4062/4172 1950/4063/4173
f 1932/4059/4174 1925/4058/4175 1947/4064/4176
f 1925/4058/4175 1946/4065/4171 1947/4064/4176
f 1947/4064/4176 1945/4066/4171 1949/4067/4171
f 1947/4064/4176 1949/4067/4171 1950/4063/4173
f 1939/4068/4177 1931/3948/4178 1938/4060/4179
f 1937/3954/4180 1930/4069/4181 1941/4070/4182
f 1930/4069/4181 1940/4071/4183 1941/4070/4182
f 1955/4072/4072 1929/4073/4184 1957/3711/3839
f 1974/4074/4185 1971/4075/4186 1972/4076/4187
f 1935/3632/3841 1928/3631/4071 1957/3711/3839
f 1951/4077/4188 1927/4078/4189 1954/4079/4190
f 1927/4078/4189 1934/3630/4061 1954/4079/4190
f 1933/3947/4062 1926/4062/4191 1953/3946/4060
f 1926/4062/4191 1952/4080/4188 1953/3946/4060
f 2024/4005/4192 2078/4081/4193 2057/4082/4194
f 1971/4075/4195 1965/4083/4196 1977/4084/4197
f 1890/3817/3937 1869/4085/4198 1868/3930/4039
f 1778/4086/4199 1806/4087/4200 1797/4088/4201
f 2065/3802/4202 2082/4089/4203 2058/4090/4204
f 1874/3923/4035 1871/3938/4050 1870/3921/4033
f 1908/4046/4153 1905/3939/4150 1906/4045/4152
f 2019/4091/4205 2000/3655/4206 1999/4092/4207
f 1997/4093/4208 2009/4094/4209 2010/4095/4210
f 1995/4096/4211 2003/4097/4211 2002/3943/4211
f 2032/4098/4212 2046/4099/4213 2031/4100/4214
f 1924/4051/4159 1903/4101/4215 1896/4049/4157
f 1994/3656/4216 2022/4102/4217 2023/3942/4055
f 2151/4103/4218 2132/4104/4219 2131/3911/4220
f 1847/4012/4221 1878/4105/4221 1880/4013/4221
f 2118/4021/4222 2150/3877/3985 2117/4106/4223
f 2090/3622/4224 2144/4107/4225 2123/4108/4226
f 1956/4109/4227 1924/4110/4227 1957/4111/4227
f 2096/4014/4228 2137/3997/4103 2104/3998/4105
f 1873/4112/4229 1841/4113/4229 1874/4114/4229
f 1999/3977/4089 1967/3983/4093 1966/4115/4089
f 2066/4116/4230 2032/4117/4231 2065/4118/4231
f 2066/4119/4230 2034/3840/3954 2033/4120/4230
f 1932/4121/4232 1905/4122/4233 1938/4123/4234
f 2002/3832/3950 1970/3981/4092 1969/4124/3950
f 1933/4125/4235 1901/4126/4236 1900/4127/4235
f 1938/4123/4234 1904/4128/4237 1937/4129/4237
f 2025/4016/4238 2084/3746/3875 2058/4130/4239
f 1854/4131/4240 1884/4132/4241 1887/3650/3792
f 1897/4133/4242 1940/4134/4243 1930/3798/4244
f 1895/4028/4245 1956/4109/4246 1928/4135/4247
f 2043/3826/4248 2074/4006/4248 2076/4136/4248
f 1892/3820/4249 1942/4001/4250 1909/4137/4251
f 2115/4138/4252 2147/4139/4252 2114/3863/4252
f 1912/4140/4253 1949/3822/4253 1945/4141/4253
f 1893/4142/4254 1952/4143/4255 1926/4144/4256
f 2146/3849/4257 2115/4138/4257 2113/3850/4257
f 2094/4145/4258 2153/4031/4135 2120/4032/4137
f 2061/4146/4259 2029/3970/4259 2062/3971/4259
f 2052/3745/4260 2086/4147/4261 2085/4148/4260
f 2053/4149/4262 2083/4026/4131 2086/4147/4261
f 1894/4030/4263 1951/3876/3983 1918/4150/4264
f 1924/4110/4265 1955/3868/3977 1957/4111/4265
f 1965/4083/4196 1958/4151/4266 1977/4084/4197
f 1958/4151/4266 1975/4152/4267 1977/4084/4197
f 1977/4084/4197 1976/4153/4268 1964/4154/4269
f 1964/4154/4269 1971/4075/4195 1977/4084/4197
f 1966/4155/4270 1959/4156/4271 1983/4157/4272
f 1959/4156/4271 1981/4158/4273 1983/4157/4272
f 1983/4157/4272 1982/4159/4274 1980/4160/4275
f 1982/4159/4274 1978/4161/4274 1980/4160/4275
f 1958/4162/4276 1965/4163/4277 1980/4160/4275
f 1980/4160/4275 1979/4164/4278 1958/4162/4276
f 1971/4075/4186 1964/4154/4279 1972/4076/4187
f 1974/4074/4185 1973/4165/4280 1963/4166/4281
f 1963/4166/4281 1970/3676/4282 1974/4074/4185
f 1962/3677/4283 1988/4167/4284 1990/4168/4285
f 1990/4168/4285 1989/4169/4286 1961/3767/4287
f 1961/3767/4287 1968/4170/4288 1990/4168/4285
f 1967/3766/4289 1960/3768/4290 1987/4171/4291
f 1960/3768/4290 1984/4172/4292 1987/4171/4291
f 1959/4156/4293 1966/4155/4294 1986/4173/4295
f 1986/4173/4295 1985/4174/4296 1959/4156/4293
f 2008/4175/4209 1991/4176/4297 2010/4095/4210
f 1991/4176/4297 1998/4177/4298 2010/4095/4210
f 1998/4177/4298 2004/4178/4299 2010/4095/4210
f 2004/4178/4299 1997/4093/4208 2010/4095/4210
f 2014/4179/4300 1992/4180/4301 2016/4181/4302
f 1933/3947/4303 1950/4063/4173 1926/4062/4172
f 1998/4182/4304 1991/4183/4305 2013/4184/4306
f 1991/4183/4305 2012/4185/4300 2013/4184/4306
f 2013/4184/4306 2011/4186/4300 2015/4187/4300
f 2013/4184/4306 2015/4187/4300 2016/4181/4302
f 2003/4097/4307 1996/4188/4308 2007/4189/4309
f 1996/4188/4308 2006/4190/4310 2007/4189/4309
f 2021/4191/4217 1995/4096/4311 2023/3942/4055
f 1990/4168/4285 1969/3678/4312 1962/3677/4283
f 2001/3657/4057 1994/3656/4216 2023/3942/4055
f 2017/4192/4313 1993/4193/4314 2020/4194/4315
f 1993/4193/4314 2000/3655/4206 2020/4194/4315
f 1999/4092/4207 1992/4180/4316 2019/4091/4205
f 1992/4180/4316 2018/4195/4317 2019/4091/4205
f 2112/4196/4318 2144/4107/4318 2111/4197/4318
f 1893/4142/4319 1948/3785/4320 1915/4198/4321
f 1960/4199/4322 1994/4200/4322 1993/4201/4322
f 2037/4202/4323 2031/4100/4324 2043/4203/4325
f 2127/4204/4326 2135/4205/4326 2134/4206/4326
f 2126/4207/4327 2132/4104/4327 2125/4208/4327
f 1777/4209/4328 1797/4088/4201 1796/4210/4329
f 1862/4211/4330 1830/4212/4330 1863/4213/4330
f 2005/4214/4331 2004/4178/4332 2003/4097/4307
f 1886/3935/4046 1867/3934/4043 1866/3749/4044
f 2063/4215/4333 2075/4216/4334 2076/4217/4335
f 1862/3926/4336 1870/3921/4336 1869/4085/4336
f 1867/3934/4337 1861/3815/4337 1868/3930/4337
f 2016/4181/4302 1999/4092/4338 1998/4182/4304
f 2038/4218/4339 2037/4202/4340 2030/4219/4341
f 2060/3684/4342 2088/4220/4343 2089/3775/3904
f 1825/4221/4344 1875/4003/4345 1842/4222/4346
f 1826/4223/4347 1881/4224/4348 1848/4225/4349
f 1827/3881/4350 1884/4132/4241 1851/4226/4351
f 1829/4227/4352 1888/4228/4353 1855/4229/4354
f 1791/3957/4355 1809/3610/4356 1790/4230/4357
f 1831/4231/4358 1872/4232/4359 1839/4233/4360
f 2100/4234/4361 2132/4235/4362 2133/4236/4361
f 2064/4237/4363 2032/4117/4231 2031/3991/4098
f 1933/4125/4235 1899/4238/4232 1932/4121/4232
f 1966/4155/4270 1980/4160/4275 1965/4163/4277
f 2069/4239/4096 2037/3992/4099 2036/3989/4096
f 2135/4240/4364 2101/4241/4365 2134/4242/4365
f 1908/4243/4366 1939/3824/3944 1941/4244/4366
f 1830/4212/4367 1873/4112/4368 1863/4213/4369
f 1940/4134/4370 1908/4243/4370 1941/4244/4370
f 1831/4245/4371 1876/3975/4372 1864/4246/4373
f 1977/4247/4374 2009/4248/4374 1976/4249/4374
f 2112/4196/4375 2143/3864/4375 2145/4250/4375
f 1825/4221/4376 1879/4011/4377 1858/4251/4378
f 1914/3773/4379 1945/4141/4379 1947/3774/4379
f 1850/4252/4380 1881/4224/4380 1883/4253/4380
f 1878/4105/4381 1849/4254/4381 1882/4255/4381
f 1826/4223/4382 1885/4256/4383 1859/4257/4384
f 1920/3734/4385 1952/4143/4255 1919/4258/4386
f 2040/3782/4387 2071/3999/4107 2073/3783/4387
f 1990/4259/4388 2021/4260/4389 2023/4261/4388
f 1828/3879/4390 1889/4262/4391 1861/4263/4392
f 2022/4264/4393 1990/4259/4393 2023/4261/4393
f 2031/4100/4324 2024/4265/4394 2043/4203/4325
f 2024/4265/4394 2041/4266/4395 2043/4203/4325
f 2043/4203/4325 2042/4267/4396 2030/4219/4397
f 2030/4219/4397 2037/4202/4323 2043/4203/4325
f 2032/4098/4212 2025/4268/4398 2049/4269/4399
f 2025/4268/4398 2047/4270/4400 2049/4269/4399
f 2049/4269/4399 2048/4271/4401 2046/4099/4213
f 2048/4271/4401 2044/4272/4401 2046/4099/4213
f 2024/4265/4402 2031/4100/4214 2046/4099/4213
f 2046/4099/4213 2045/4273/4403 2024/4265/4402
f 2040/4274/4404 2039/4275/4405 2029/4276/4406
f 2029/4276/4406 2036/3689/4407 2040/4274/4404
f 2028/3690/3891 2054/4277/4408 2056/3760/3889
f 2056/3760/3889 2055/4278/4409 2027/3793/4410
f 2027/3793/4410 2034/4279/4411 2056/3760/3889
f 2033/4280/4412 2026/4281/4413 2053/4282/4414
f 2026/4281/4413 2050/4283/4415 2053/4282/4414
f 2025/4268/4416 2032/4098/4417 2052/4284/4418
f 2052/4284/4418 2051/4285/4419 2025/4268/4416
f 2074/4286/4334 2057/4287/4420 2076/4217/4335
f 2057/4287/4420 2064/4288/4421 2076/4217/4335
f 2064/4288/4421 2070/3752/4422 2076/4217/4335
f 2070/3752/4422 2063/4215/4333 2076/4217/4335
f 2080/4289/4423 2058/4090/4204 2082/4089/4203
f 2064/4288/4424 2057/4287/4425 2079/4290/4426
f 2057/4287/4425 2078/4291/4423 2079/4290/4426
f 2079/4290/4426 2077/4292/4423 2081/4293/4423
f 2079/4290/4426 2081/4293/4423 2082/4089/4203
f 1941/4070/4182 1938/4060/4179 1937/3954/4180
f 2069/3753/3882 2062/4294/4427 2073/4295/4428
f 2062/4294/4427 2072/4296/4429 2073/4295/4428
f 2087/4297/4343 2061/3809/4430 2089/3775/3904
f 2067/3685/3906 2060/3684/4342 2089/3775/3904
f 2083/4298/4431 2059/4299/4432 2086/4300/4433
f 2059/4299/4432 2066/3801/3922 2086/4300/4433
f 2065/3802/3923 2058/4090/4434 2085/3800/3921
f 2058/4090/4434 2084/4301/4431 2085/3800/3921
f 1962/4302/4435 1996/4303/4435 1995/4304/4435
f 2103/3813/4436 2097/3812/4437 2109/4305/4438
f 2120/4306/4439 2101/4307/4440 2094/4308/4441
f 2103/4309/4442 2135/4240/4364 2136/4310/4442
f 1834/3661/4012 1853/3903/4018 1833/3886/4017
f 1777/4209/4328 1808/3958/4443 1789/4311/4444
f 1833/3886/3992 1847/3891/3997 1832/3789/4000
f 2133/3759/3888 2155/4312/4445 2153/3757/3886
f 1824/3722/3853 1820/3725/3856 1823/3728/3858
f 1977/4247/4446 2008/4313/4446 2010/4314/4446
f 1889/4262/4447 1857/4315/4447 1890/4316/4448
f 1961/4317/4449 2022/4264/4450 1994/4200/4451
f 1882/4255/4452 1850/4252/4452 1883/4253/4452
f 1964/4318/4453 2005/3852/3964 1972/4319/4454
f 2049/3858/4455 2080/4017/4455 2082/3859/4455
f 1775/4320/4456 1799/3717/4456 1816/3716/4456
f 1936/4321/4094 1904/4128/4237 1903/4322/4094
f 2101/4323/4365 2133/4236/4361 2134/4324/4365
f 2098/4325/4457 2130/4326/4458 2131/4327/4457
f 2130/4326/4458 2103/4309/4442 2136/4310/4442
f 2099/4328/4362 2131/4327/4457 2132/4235/4362
f 1935/3987/4095 1901/4126/4236 1934/4329/4236
f 1959/4330/4459 2014/4010/4460 1981/4331/4461
f 1987/4332/4462 2017/4333/4463 2020/3873/3981
f 1960/4199/4464 2017/4333/4463 1984/4334/4465
f 1820/4335/4466 1780/4336/4466 1779/4337/4466
f 2006/4338/4467 1974/3851/4467 2007/3853/4467
f 1967/3766/4289 1986/4173/4295 1966/4155/4294
f 1794/3640/4468 1811/4339/4468 1813/4340/4468
f 1964/4318/4469 2009/4248/4470 1997/4341/4471
f 2078/4081/4472 2046/3860/4472 2079/3862/4472
f 1962/4302/4473 2021/4260/4389 1988/4342/4474
f 1776/3609/3761 1811/4339/4475 1792/4343/4476
f 1857/4315/4477 1888/4228/4353 1890/4316/4477
f 1959/4330/4478 2018/3964/4078 1992/4344/4479
f 2094/4345/4480 2128/3744/4480 2127/4346/4480
f 1853/3649/4481 1885/4256/4383 1852/4347/4482
f 1963/4348/4483 2006/4338/4484 1996/4303/4485
f 2097/3812/4437 2090/4349/4486 2109/4305/4438
f 2090/4349/4486 2107/4350/4487 2109/4305/4438
f 2109/4305/4438 2108/4351/4488 2096/4352/4489
f 2096/4352/4489 2103/3813/4436 2109/4305/4438
f 2091/4353/4490 2113/4354/4491 2115/3811/3930
f 2115/3811/3930 2114/4355/4492 2112/4356/4493
f 2114/4355/4492 2110/4357/4492 2112/4356/4493
f 2090/4349/4494 2097/3812/3931 2112/4356/4493
f 2112/4356/4493 2111/4358/4495 2090/4349/4494
f 2106/4359/4496 2105/4360/4497 2095/4361/4498
f 2095/4361/4498 2102/3652/3934 2106/4359/4496
f 1958/4362/4499 2008/4313/4500 1975/4363/4501
f 2120/4306/4439 2122/4364/4502 2100/3639/4503
f 2099/3638/4074 2092/4365/4504 2119/3962/4075
f 2092/4365/4504 2116/4366/4505 2119/3962/4075
f 2091/4353/4506 2098/3810/4507 2118/3961/4073
f 2118/3961/4073 2117/4367/4508 2091/4353/4506
f 2129/4368/4509 2141/4369/4510 2136/3769/4511
f 2146/4370/4512 2124/3913/4028 2148/3912/4027
f 2130/4371/4513 2123/4372/4514 2145/4373/4515
f 2123/4372/4514 2144/4374/4512 2145/4373/4515
f 2145/4373/4515 2143/4375/4512 2147/4376/4512
f 2145/4373/4515 2147/4376/4512 2148/3912/4027
f 2137/3771/3902 2129/4368/4516 2136/3769/3900
f 2139/3770/3901 2135/4205/4517 2138/4377/4518
f 2149/4378/4519 2125/4208/4520 2152/4379/4521
f 2125/4208/4520 2132/4104/4219 2152/4379/4521
f 2131/3911/4220 2124/3913/4522 2151/4103/4218
f 2124/3913/4522 2150/4380/4519 2151/4103/4218
f 1841/4113/4523 1872/4232/4359 1874/4114/4523
f 2033/4280/4412 2052/4284/4418 2032/4098/4417
f 2154/4381/4524 2155/4312/4445 2133/3759/3888
f 2126/4207/3887 2154/4381/4524 2133/3759/3888
f 2121/4382/4525 2093/3637/4526 2100/3639/4503
f 2122/4364/4502 2121/4382/4525 2100/3639/4503
f 2135/4205/4517 2128/4383/4516 2138/4377/4518
f 2141/4369/4510 2142/4384/4527 2136/3769/4511
f 2123/4372/4528 2136/3769/4511 2142/4384/4527
f 2142/4384/4527 2140/4385/4529 2123/4372/4528
f 2123/4372/4528 2130/4371/4509 2136/3769/4511
f 1784/3643/4530 1802/3647/4530 1783/4386/4530
f 1932/4059/4174 1947/4064/4176 1950/4063/4173
f 1816/3716/3848 1802/3718/3849 1803/3777/3907
f 1818/3660/3809 1784/3688/3818 1783/3672/3807
f 2064/4288/4424 2079/4290/4426 2082/4089/4203
f 1839/3945/4059 1841/3894/4002 1837/3806/4005
f 1891/3908/4023 1864/3803/3924 1877/3805/3926
f 2003/4097/4307 2007/4189/4309 2005/4214/4331
f 2130/4371/4513 2145/4373/4515 2148/3912/4027
f 2115/3811/3930 2112/4356/4493 2097/3812/3931
f 2104/3814/3933 2106/4359/4496 2102/3652/3934
f 1998/4182/4304 2013/4184/4306 2016/4181/4302
f 2069/3753/3882 2073/4295/4428 2071/3751/3880
f 2038/4218/4339 2040/4274/4404 2036/3689/4407
f 1865/3750/3879 1880/3914/4030 1883/3748/3877
f 1782/3756/4531 1804/3644/4531 1785/4387/4531
f 1776/3609/3761 1790/4230/4532 1809/3610/3762
f 2090/3622/3774 2123/4108/4120 2140/3623/3775
f 1807/3627/3779 1806/4087/3780 1787/3628/3780
f 1934/3630/3781 1927/4078/3781 1928/3631/3781
f 1978/3633/3782 1982/4388/3782 2015/3634/3782
f 1786/3636/3783 1805/3765/3783 1807/3627/3784
f 2093/3637/3785 2092/4365/3785 2099/3638/3785
f 1794/3640/3786 1813/4340/3786 1812/3641/3786
f 1784/3643/3787 1785/4387/3787 1804/3644/3787
f 1780/3646/3788 1783/4386/4533 1802/3647/3789
f 1853/3649/3791 1854/4131/4240 1887/3650/3792
f 2102/3652/3793 2095/4361/3793 2094/3653/3793
f 2000/3655/3794 1993/4193/3794 1994/3656/3794
f 1824/3658/3795 1776/3714/4534 1792/3659/3796
f 1834/3661/3798 1835/3900/3798 1828/3662/3798
f 1900/3664/3799 1917/4040/4145 1914/3665/3800
f 1958/3667/3802 1979/4389/4535 2012/3668/3803
f 1783/3672/3807 1780/4336/4536 1819/3673/3808
f 1970/3676/3811 1963/4166/3811 1962/3677/3811
f 2140/3623/3812 2142/4390/3812 2109/3679/3812
f 2066/3683/3816 2059/4391/3816 2060/3684/3816
f 2036/3689/3819 2029/4276/3819 2028/3690/3819
f 1957/3711/3839 1929/4073/4184 1936/3712/3840
f 2056/3731/3862 2054/4034/4139 2087/3732/3863
f 1920/3734/3864 1921/3875/3982 1954/3735/3865
f 2088/3737/3866 2055/4392/3866 2056/3731/3866
f 1901/3738/3867 1921/4054/4164 1920/3739/3868
f 2109/3679/3870 2142/4390/3870 2141/3740/3870
f 2095/3742/3871 2105/3973/4537 2138/3743/3872
f 2052/3745/3874 2085/4148/3874 2084/3746/3875
f 1883/3748/3877 1859/3910/4025 1866/3749/3878
f 2071/3751/3880 2063/4215/3881 2070/3752/3881
f 1781/3754/3883 1800/3791/3917 1801/3755/3884
f 2153/3757/3886 2127/4393/3887 2134/3758/3887
f 2056/3760/3889 2034/4279/4411 2035/3691/3890
f 1774/3614/3892 1796/3613/3893 1797/3675/3893
f 1911/3761/3895 1944/4002/3895 1943/3762/3895
f 1779/3764/3896 1798/4394/3919 1805/3765/3897
f 1967/3766/3899 1968/4170/3899 1961/3767/3899
f 2136/3769/3900 2135/4205/4517 2139/3770/3901
f 1946/3772/3903 1913/4395/3903 1914/3773/3903
f 2089/3775/3904 2061/3809/4430 2068/3776/3905
f 1803/3777/3907 1804/3719/3850 1817/3708/3847
f 1814/3778/3908 1795/3787/4538 1809/3705/3834
f 1822/3779/3909 1821/3670/3909 1778/3693/3909
f 2072/3781/3910 2039/4396/3910 2040/3782/3910
f 1917/3784/3911 1915/4198/3911 1948/3785/3911
f 1814/3778/3837 1817/3708/3837 1811/3730/3861
f 1822/3779/3912 1777/3780/4539 1789/3703/3831
f 1781/3754/3883 1793/3642/4540 1812/3641/3916
f 2033/3792/3918 2034/4279/3918 2027/3793/3918
f 1779/3795/3896 1780/3646/3788 1799/3648/3790
f 1896/3797/3920 1897/4133/3920 1930/3798/3920
f 2085/3800/3921 2086/4300/4433 2066/3801/3922
f 1837/3806/3927 1830/3896/3927 1829/3807/3927
f 2061/3809/3928 2062/4294/3928 2069/3753/3928
f 2098/3810/3929 2091/4353/4490 2115/3811/3930
f 2103/3813/3932 2096/4352/4541 2104/3814/3933
f 2012/3668/3938 1979/4389/3938 1980/3818/3938
f 1892/3820/3939 1913/4395/4542 1946/3772/3940
f 1949/3822/3942 1916/4397/3942 1917/3784/3942
f 1898/3823/3943 1931/3866/4543 1939/3824/3944
f 2043/3826/3946 2076/4136/3946 2075/3827/3946
f 1868/3829/3947 1869/3956/3948 1836/3830/3948
f 2002/3832/3950 1969/4124/3950 1968/3833/3951
f 1867/3835/3952 1834/3941/3952 1833/3836/3953
f 2067/3838/3954 2068/3988/3955 2035/3839/3955
f 1865/3841/3956 1866/3837/3953 1833/3836/3953
f 1870/3843/3958 1871/4398/3959 1838/3844/3959
f 1871/3846/3959 1865/3841/3956 1832/3842/3957
f 2091/3848/3960 2124/3878/4226 2146/3849/3961
f 1974/3851/3963 1972/4319/4454 2005/3852/3964
f 1773/3698/3826 1815/3700/3828 1816/3702/3830
f 2092/3854/3965 2125/4399/3986 2149/3855/3966
f 1980/3818/3968 1978/3633/3968 2011/3635/3968
f 2081/3857/3969 2048/3963/3969 2049/3858/3970
f 2046/3860/3971 2044/4400/3971 2077/3861/3971
f 2114/3863/3972 2147/4139/3972 2143/3864/3972
f 1898/3823/3973 1910/3763/4544 1943/3762/3974
f 1896/3867/3976 1929/4401/4247 1955/3868/3977
f 2126/3870/3979 2125/4399/3979 2092/3854/3979
f 1986/3872/3980 1987/4332/4462 2020/3873/3981
f 1921/3875/3982 1918/4150/4264 1951/3876/3983
f 2091/3848/3984 2117/4106/4223 2150/3877/3985
f 1828/3879/3987 1861/4263/3987 1860/3880/3987
f 2131/3911/4026 2130/4371/4513 2148/3912/4027
f 1904/3927/4038 1897/4048/4038 1896/3928/4038
f 2093/3871/4047 2121/3969/4545 2154/3937/4048
f 1857/3898/4008 1835/3900/4011 1836/3808/4054
f 1867/3835/3952 1868/3829/3947 1835/3831/3949
f 2023/3942/4055 1995/4096/4311 2002/3943/4056
f 1838/3944/4058 1831/4402/4546 1839/3945/4059
f 1953/3946/4060 1954/4079/4190 1934/3630/4061
f 1901/3738/4066 1902/4053/4066 1895/3951/4066
f 1929/3953/4067 1930/4069/4067 1937/3954/4067
f 1869/3956/3948 1870/3843/3958 1837/3845/3958
f 1791/3957/4068 1789/4311/4547 1808/3958/4069
f 2118/3961/4073 2098/3810/4507 2099/3638/4074
f 2077/3861/4076 2044/4400/4076 2048/3963/4076
f 1986/3872/4077 2019/3874/4077 2018/3964/4078
f 2027/3966/4080 2055/4392/4548 2088/3737/4081
f 2122/3968/4083 2155/4403/4083 2154/3937/4083
f 2029/3970/4084 2039/4396/4549 2072/3781/4085
f 2106/3972/4087 2139/4404/4087 2138/3743/4087
f 1844/3974/4088 1877/4004/4088 1876/3975/4088
f 1999/3977/4089 1966/4115/4089 1965/3978/4090
f 2004/3980/4091 1971/3994/4091 1970/3981/4092
f 2001/3834/3951 1968/3833/3951 1967/3983/4093
f 1936/3985/4094 1903/4405/4094 1902/3986/4095
f 2068/3988/3955 2069/4239/4096 2036/3989/4096
f 2070/3990/4097 2064/4237/4363 2031/3991/4098
f 1998/3993/4090 1965/4406/4090 1971/3994/4091
f 2030/3995/4100 2042/3828/4550 2075/3827/4101
f 2137/3997/4103 2139/4404/4104 2106/3972/4104
f 2030/3995/4106 2063/3996/4086 2071/3999/4107
f 1911/3761/4109 1909/4137/4110 1942/4001/4110
f 1844/3974/4111 1842/4222/4111 1875/4003/4111
f 2024/4005/4112 2057/4082/4102 2074/4006/4113
f 2015/3634/4115 1982/4388/4115 1983/4008/4115
f 1983/4008/4116 1981/4331/4116 2014/4010/4116
f 1879/4011/4117 1846/4407/4117 1847/4012/4117
f 2096/4014/4118 2108/3741/4551 2141/3740/4119
f 2025/4016/4121 2058/4130/4552 2080/4017/4122
f 2027/3966/4124 2060/3967/4124 2059/4019/4125
f 2118/4021/4126 2119/4024/4129 2152/4022/4127
f 2149/3855/3966 2152/4022/4127 2119/4024/4129
f 2026/4025/4130 2059/4408/4239 2083/4026/4131
f 1895/4028/4133 1928/4135/4133 1927/4029/4134
f 2153/4031/4135 2155/4403/4136 2122/3968/4136
f 2028/4033/4138 2061/4146/4082 2087/3732/3863
f 1974/4074/4185 1970/3676/4282 1971/4075/4186
f 2024/4005/4192 2045/4409/4553 2078/4081/4193
f 1890/3817/3937 1862/3926/4037 1869/4085/4198
f 1778/4086/4199 1787/3628/4554 1806/4087/4200
f 2065/3802/4202 2064/4288/4424 2082/4089/4203
f 1874/3923/4035 1872/3918/4031 1871/3938/4050
f 1908/4046/4153 1904/3927/4156 1905/3939/4150
f 2019/4091/4205 2020/4194/4315 2000/3655/4206
f 1995/4096/4211 1996/4188/4211 2003/4097/4211
f 2032/4098/4212 2049/4269/4399 2046/4099/4213
f 1924/4051/4159 1902/4053/4162 1903/4101/4215
f 2151/4103/4218 2152/4379/4521 2132/4104/4219
f 1847/4012/4221 1845/4410/4221 1878/4105/4221
f 2118/4021/4222 2151/4023/4222 2150/3877/3985
f 2090/3622/4224 2111/4197/4555 2144/4107/4225
f 1956/4109/4227 1923/4411/4227 1924/4110/4227
f 2096/4014/4228 2129/4015/4556 2137/3997/4103
f 1873/4112/4229 1840/4412/4229 1841/4113/4229
f 1999/3977/4089 2000/3984/4093 1967/3983/4093
f 2066/4116/4230 2033/4413/4230 2032/4117/4231
f 2066/4119/4230 2067/3838/3954 2034/3840/3954
f 1932/4121/4232 1899/4238/4232 1905/4122/4233
f 2002/3832/3950 2003/3982/4092 1970/3981/4092
f 1933/4125/4235 1934/4329/4236 1901/4126/4236
f 1938/4123/4234 1905/4122/4233 1904/4128/4237
f 2025/4016/4238 2051/3747/3876 2084/3746/3875
f 1854/4131/4240 1851/4226/4351 1884/4132/4241
f 1897/4133/4242 1907/4414/4557 1940/4134/4243
f 1895/4028/4245 1923/4411/4558 1956/4109/4246
f 2043/3826/4248 2041/4007/4248 2074/4006/4248
f 1892/3820/4249 1925/3821/3975 1942/4001/4250
f 2115/4138/4252 2148/4415/4252 2147/4139/4252
f 1912/4140/4253 1916/4397/4253 1949/3822/4253
f 1893/4142/4254 1919/4258/4386 1952/4143/4255
f 2146/3849/4257 2148/4415/4257 2115/4138/4257
f 2094/4145/4258 2127/4416/4049 2153/4031/4135
f 2061/4146/4259 2028/4033/4259 2029/3970/4259
f 2052/3745/4260 2053/4149/4262 2086/4147/4261
f 2053/4149/4262 2050/4027/4132 2083/4026/4131
f 1894/4030/4263 1927/4029/4559 1951/3876/3983
f 1924/4110/4265 1922/3869/3978 1955/3868/3977
f 1933/3947/4303 1932/4059/4174 1950/4063/4173
f 1990/4168/4285 1968/4170/4288 1969/3678/4312
f 2112/4196/4318 2145/4250/4318 2144/4107/4318
f 1893/4142/4319 1926/4144/3941 1948/3785/4320
f 1960/4199/4322 1961/4317/4322 1994/4200/4322
f 2127/4204/4326 2128/4383/4326 2135/4205/4326
f 2126/4207/4327 2133/3759/4327 2132/4104/4327
f 1777/4209/4328 1778/4086/4199 1797/4088/4201
f 1862/4211/4330 1829/4227/4330 1830/4212/4330
f 2005/4214/4331 1997/4093/4332 2004/4178/4332
f 1886/3935/4046 1887/3933/4042 1867/3934/4043
f 1862/3926/4336 1863/3922/4336 1870/3921/4336
f 1867/3934/4337 1860/3932/4337 1861/3815/4337
f 2016/4181/4302 1992/4180/4301 1999/4092/4338
f 2038/4218/4339 2036/3689/4407 2037/4202/4340
f 1825/4221/4344 1858/4251/4373 1875/4003/4345
f 1826/4223/4347 1859/4257/4378 1881/4224/4348
f 1827/3881/4350 1860/3880/4384 1884/4132/4241
f 1829/4227/4352 1862/4211/4392 1888/4228/4353
f 1791/3957/4355 1810/3959/4560 1809/3610/4356
f 1831/4231/4358 1864/4417/4561 1872/4232/4359
f 2100/4234/4361 2099/4328/4362 2132/4235/4362
f 2064/4237/4363 2065/4118/4231 2032/4117/4231
f 1933/4125/4235 1900/4127/4235 1899/4238/4232
f 1966/4155/4270 1983/4157/4272 1980/4160/4275
f 2069/4239/4096 2070/3990/4097 2037/3992/4099
f 2135/4240/4364 2102/4418/4364 2101/4241/4365
f 1908/4243/4366 1906/3825/3945 1939/3824/3944
f 1830/4212/4367 1840/4412/4562 1873/4112/4368
f 1940/4134/4370 1907/4414/4370 1908/4243/4370
f 1831/4245/4371 1843/3976/4563 1876/3975/4372
f 1977/4247/4374 2010/4314/4374 2009/4248/4374
f 2112/4196/4375 2110/3865/4375 2143/3864/4375
f 1825/4221/4376 1846/4407/4564 1879/4011/4377
f 1914/3773/4379 1912/4140/4379 1945/4141/4379
f 1850/4252/4380 1848/4225/4380 1881/4224/4380
f 1878/4105/4381 1845/4410/4381 1849/4254/4381
f 1826/4223/4382 1852/4347/4482 1885/4256/4383
f 1920/3734/4385 1953/3736/4385 1952/4143/4255
f 2040/3782/4387 2038/4000/4108 2071/3999/4107
f 1990/4259/4388 1988/4342/4474 2021/4260/4389
f 1828/3879/4390 1856/4419/4565 1889/4262/4391
f 2022/4264/4393 1989/4420/4393 1990/4259/4393
f 1941/4070/4182 1939/4068/4177 1938/4060/4179
f 1962/4302/4435 1963/4348/4435 1996/4303/4435
f 2120/4306/4439 2100/3639/4503 2101/4307/4440
f 2103/4309/4442 2102/4418/4364 2135/4240/4364
f 1834/3661/4012 1854/3901/4014 1853/3903/4018
f 1777/4209/4328 1796/4210/4329 1808/3958/4443
f 1833/3886/3992 1850/3888/3994 1847/3891/3997
f 1824/3722/3853 1819/3724/3855 1820/3725/3856
f 1977/4247/4446 1975/4363/4446 2008/4313/4446
f 1889/4262/4447 1856/4419/4447 1857/4315/4447
f 1961/4317/4449 1989/4420/4566 2022/4264/4450
f 1882/4255/4452 1849/4254/4452 1850/4252/4452
f 1964/4318/4453 1997/4341/4485 2005/3852/3964
f 2049/3858/4455 2047/4018/4455 2080/4017/4455
f 1775/4320/4456 1798/4421/4456 1799/3717/4456
f 1936/4321/4094 1937/4129/4237 1904/4128/4237
f 2101/4323/4365 2100/4234/4361 2133/4236/4361
f 2098/4325/4457 2097/4422/4458 2130/4326/4458
f 2130/4326/4458 2097/4422/4458 2103/4309/4442
f 2099/4328/4362 2098/4325/4457 2131/4327/4457
f 1935/3987/4095 1902/3986/4095 1901/4126/4236
f 1959/4330/4459 1992/4344/3804 2014/4010/4460
f 1987/4332/4462 1984/4334/4465 2017/4333/4463
f 1960/4199/4464 1993/4201/4479 2017/4333/4463
f 1820/4335/4466 1819/3673/4466 1780/4336/4466
f 2006/4338/4467 1973/4423/4467 1974/3851/4467
f 1967/3766/4289 1987/4171/4291 1986/4173/4295
f 1794/3640/4468 1792/4343/4468 1811/4339/4468
f 1964/4318/4469 1976/4249/4567 2009/4248/4470
f 2078/4081/4472 2045/4409/4472 2046/3860/4472
f 1962/4302/4473 1995/4304/4451 2021/4260/4389
f 1776/3609/3761 1795/3611/3763 1811/4339/4475
f 1857/4315/4477 1855/4229/4354 1888/4228/4353
f 1959/4330/4478 1985/3965/4079 2018/3964/4078
f 2094/4345/4480 2095/3742/4480 2128/3744/4480
f 1853/3649/4481 1886/3651/4481 1885/4256/4383
f 1963/4348/4483 1973/4423/4568 2006/4338/4484
f 1958/4362/4499 1991/4424/4471 2008/4313/4500
f 1841/4113/4523 1839/4233/4360 1872/4232/4359
f 2033/4280/4412 2053/4282/4414 2052/4284/4418
f 1784/3643/4530 1803/3645/4530 1802/3647/4530
f 1782/3756/4531 1801/3755/4531 1804/3644/4531
f 2203/4425/4569 2213/4426/4569 2204/4427/4569
f 2207/4428/4570 2213/4429/4571 2215/4430/4572
f 2157/4431/4573 2174/4432/4573 2175/4433/4573
f 2210/4434/4574 2198/4435/4575 2196/4436/4576
f 2202/4437/4577 2214/4438/4578 2203/4425/4579
f 2204/4427/4580 2212/4439/4581 2205/4440/4580
f 2175/4433/4582 2172/4441/4582 2173/4442/4582
f 2165/4443/4583 2166/4444/4583 2164/4445/4583
f 2169/4446/4584 2166/4444/4584 2167/4447/4584
f 2161/4448/4585 2162/4449/4586 2160/4450/4586
f 2163/4451/4587 2164/4452/4587 2162/4449/4587
f 2171/4453/4588 2168/4454/4588 2169/4446/4588
f 2182/4455/4589 2171/4453/4589 2169/4446/4589
f 2173/4442/4590 2170/4456/4591 2171/4453/4592
f 2157/4431/4593 2158/4457/4593 2156/4458/4593
f 2193/4459/4594 2204/4427/4594 2194/4460/4594
f 2183/4461/4595 2173/4442/4590 2171/4453/4592
f 2191/4462/4596 2202/4437/4596 2192/4463/4596
f 2163/4451/4597 2180/4464/4597 2165/4465/4597
f 2157/4431/4598 2176/4466/4598 2159/4467/4598
f 2181/4468/4599 2169/4446/4599 2167/4447/4599
f 2195/4469/4600 2177/4470/4601 2185/4471/4602
f 2177/4470/4603 2186/4472/4604 2176/4466/4605
f 2175/4433/4606 2177/4470/4606 2157/4431/4606
f 2176/4466/4607 2188/4473/4608 2178/4474/4609
f 2194/4460/4610 2185/4471/4611 2184/4475/4612
f 2161/4448/4585 2179/4476/4613 2163/4451/4614
f 2201/4477/4615 2215/4478/4615 2202/4437/4615
f 2208/4479/4616 2200/4480/4617 2199/4481/4617
f 2200/4482/4618 2191/4462/4618 2190/4483/4618
f 2209/4484/4619 2199/4481/4619 2198/4435/4619
f 2158/4485/4620 2170/4486/4620 2174/4487/4620
f 2178/4474/4621 2189/4488/4622 2179/4476/4623
f 2197/4489/4624 2186/4472/4625 2187/4490/4626
f 2180/4491/4627 2167/4447/4627 2165/4443/4627
f 2207/4492/4628 2201/4477/4629 2200/4482/4629
f 2211/4493/4630 2196/4436/4631 2197/4489/4632
f 2180/4491/4633 2191/4462/4634 2181/4468/4635
f 2159/4467/4636 2178/4474/4636 2161/4448/4636
f 2192/4463/4637 2203/4425/4637 2193/4459/4637
f 2194/4460/4638 2205/4440/4638 2195/4469/4638
f 2195/4469/4639 2197/4489/4639 2187/4490/4639
f 2191/4462/4640 2182/4455/4641 2181/4468/4642
f 2184/4475/4643 2175/4433/4643 2173/4442/4643
f 2205/4440/4644 2211/4493/4645 2197/4489/4644
f 2161/4448/4646 2158/4457/4646 2159/4467/4646
f 2198/4435/4647 2189/4488/4622 2188/4473/4648
f 2193/4459/4649 2184/4475/4650 2183/4461/4651
f 2196/4436/4576 2188/4473/4652 2186/4472/4653
f 2192/4463/4654 2183/4461/4655 2182/4455/4656
f 2199/4481/4657 2190/4494/4657 2189/4488/4657
f 2179/4476/4658 2190/4494/4659 2180/4464/4658
f 2174/4487/4620 2156/4495/4620 2158/4485/4620
f 2158/4485/4620 2160/4496/4620 2162/4497/4620
f 2162/4497/4620 2164/4498/4620 2166/4499/4620
f 2166/4499/4620 2168/4500/4620 2170/4486/4620
f 2170/4486/4620 2172/4501/4620 2174/4487/4620
f 2162/4497/4620 2166/4499/4620 2170/4486/4620
f 2215/4430/4572 2206/4502/4660 2207/4428/4570
f 2207/4428/4570 2208/4503/4661 2209/4504/4662
f 2209/4504/4662 2210/4505/4663 2211/4506/4664
f 2211/4506/4664 2212/4507/4665 2213/4429/4571
f 2213/4429/4571 2214/4508/4666 2215/4430/4572
f 2209/4504/4662 2211/4506/4664 2213/4429/4571
f 2203/4425/4569 2214/4438/4667 2213/4426/4569
f 2207/4428/4570 2209/4504/4662 2213/4429/4571
f 2157/4431/4573 2156/4458/4573 2174/4432/4573
f 2210/4434/4574 2209/4484/4668 2198/4435/4575
f 2202/4437/4577 2215/4478/4578 2214/4438/4578
f 2204/4427/4580 2213/4426/4581 2212/4439/4581
f 2175/4433/4582 2174/4432/4582 2172/4441/4582
f 2165/4443/4583 2167/4447/4583 2166/4444/4583
f 2169/4446/4584 2168/4454/4584 2166/4444/4584
f 2161/4448/4585 2163/4451/4614 2162/4449/4586
f 2163/4451/4587 2165/4465/4587 2164/4452/4587
f 2171/4453/4588 2170/4456/4588 2168/4454/4588
f 2182/4455/4669 2183/4461/4669 2171/4453/4669
f 2173/4442/4590 2172/4441/4591 2170/4456/4591
f 2157/4431/4593 2159/4467/4593 2158/4457/4593
f 2193/4459/4670 2203/4425/4670 2204/4427/4670
f 2183/4461/4671 2184/4475/4671 2173/4442/4671
f 2191/4462/4672 2201/4477/4672 2202/4437/4672
f 2163/4451/4673 2179/4476/4673 2180/4464/4673
f 2157/4431/4674 2177/4470/4674 2176/4466/4674
f 2181/4468/4675 2182/4455/4675 2169/4446/4675
f 2195/4469/4600 2187/4490/4676 2177/4470/4601
f 2177/4470/4603 2187/4490/4677 2186/4472/4604
f 2175/4433/4678 2185/4471/4678 2177/4470/4678
f 2176/4466/4607 2186/4472/4679 2188/4473/4608
f 2194/4460/4610 2195/4469/4680 2185/4471/4611
f 2161/4448/4681 2178/4474/4681 2179/4476/4681
f 2201/4477/4615 2206/4509/4682 2215/4478/4615
f 2208/4479/4616 2207/4510/4616 2200/4480/4617
f 2200/4482/4683 2201/4477/4683 2191/4462/4683
f 2209/4484/4619 2208/4479/4619 2199/4481/4619
f 2158/4485/4620 2162/4497/4620 2170/4486/4620
f 2178/4474/4621 2188/4473/4648 2189/4488/4622
f 2197/4489/4624 2196/4436/4684 2186/4472/4625
f 2180/4491/4685 2181/4468/4685 2167/4447/4685
f 2207/4492/4628 2206/4509/4686 2201/4477/4629
f 2211/4493/4630 2210/4434/4687 2196/4436/4631
f 2180/4491/4633 2190/4483/4688 2191/4462/4634
f 2159/4467/4689 2176/4466/4689 2178/4474/4689
f 2192/4463/4690 2202/4437/4577 2203/4425/4579
f 2194/4460/4691 2204/4427/4691 2205/4440/4691
f 2195/4469/4692 2205/4440/4692 2197/4489/4692
f 2191/4462/4640 2192/4463/4693 2182/4455/4641
f 2184/4475/4694 2185/4471/4694 2175/4433/4694
f 2205/4440/4644 2212/4439/4695 2211/4493/4645
f 2161/4448/4696 2160/4450/4696 2158/4457/4696
f 2198/4435/4697 2199/4481/4697 2189/4488/4697
f 2193/4459/4649 2194/4460/4698 2184/4475/4650
f 2196/4436/4576 2198/4435/4575 2188/4473/4652
f 2192/4463/4654 2193/4459/4699 2183/4461/4655
f 2199/4481/4700 2200/4480/4700 2190/4494/4700
f 2179/4476/4658 2189/4488/4659 2190/4494/4659
o ThirdPine.005
v 41.036961 11.546294 -30.018921
v 41.034088 11.552279 -30.008610
v 41.054008 11.556809 -30.000023
v 41.011837 9.471740 -29.737040
v 40.241318 9.953945 -28.900373
v 40.668983 10.222149 -28.436224
v 41.354534 10.222417 -28.436739
v 41.781593 9.954818 -28.901081
v 41.629124 9.620856 -29.479559
v 41.679512 9.737670 -29.279001
v 41.738483 9.866852 -29.055250
v 41.670593 9.926680 -29.198860
v 41.661427 9.818253 -29.281921
v 41.266582 10.221737 -28.438993
v 40.898392 10.221737 -28.438993
v 41.066246 10.346862 -28.599939
v 40.367233 9.684414 -29.368906
v 40.541973 9.586617 -29.539145
v 40.480766 9.849367 -29.541191
v 41.036160 9.479974 -29.724901
v 41.163818 9.510713 -29.671659
v 41.076298 9.556019 -29.716667
v 41.011684 9.469062 -29.760349
v 40.220654 9.965024 -28.901318
v 40.659645 10.240261 -28.424593
v 41.363728 10.240261 -28.424593
v 41.802719 9.965024 -28.901318
v 41.646046 9.621808 -29.495787
v 41.701000 9.742192 -29.287273
v 41.759968 9.871374 -29.063524
v 41.692078 9.931202 -29.207134
v 41.682915 9.822775 -29.290195
v 41.266582 10.240261 -28.424593
v 40.898392 10.240261 -28.424593
v 41.066246 10.365385 -28.585539
v 40.346199 9.689999 -29.377676
v 40.532536 9.584436 -29.560514
v 40.463989 9.851325 -29.557476
v 41.045685 9.477249 -29.746168
v 41.173344 9.507988 -29.692928
v 41.085823 9.553293 -29.737936
v 41.047829 11.543525 -30.023520
v 41.041679 11.556945 -30.000185
v 41.061749 11.551914 -30.008356
v 41.058956 11.545982 -30.018848
v 41.053543 11.151779 -29.787243
v 41.055450 11.155781 -29.780132
v 41.050201 11.159098 -29.774490
v 41.041862 11.159195 -29.774628
v 41.036755 11.156057 -29.780333
v 41.038467 11.152070 -29.787523
v 41.046017 11.150147 -29.790392
v 42.475555 8.703855 -28.468592
v 41.984436 8.172637 -29.388689
v 40.847584 8.033413 -29.629831
v 39.921070 8.391022 -29.010435
v 39.902576 8.976176 -27.996918
v 40.806034 9.348244 -27.352478
v 41.951115 9.227049 -27.562393
v 41.036316 10.483754 -29.461866
v 41.016964 10.462821 -29.498125
v 40.972164 10.457335 -29.507627
v 40.935654 10.471427 -29.483219
v 40.934925 10.494486 -29.443279
v 40.970528 10.509147 -29.417887
v 41.015652 10.504371 -29.426157
v 41.789955 9.243535 -27.536472
v 40.972977 9.330004 -27.386705
v 41.158112 9.383348 -27.612741
v 42.159584 9.016479 -27.929745
v 42.067253 9.108590 -27.770205
v 41.924488 9.243073 -28.182592
v 42.268024 8.484509 -28.851145
v 42.306446 8.526068 -28.779163
v 42.078617 8.763973 -28.900187
v 42.081985 8.283283 -29.199678
v 42.152061 8.359077 -29.068399
v 42.058163 8.379279 -29.167431
v 41.158577 8.074363 -29.561539
v 41.711979 8.142135 -29.444155
v 41.505379 8.215395 -29.471642
v 41.321930 8.156798 -29.516541
v 39.909607 8.860837 -28.199326
v 39.917992 8.595567 -28.658787
v 40.006329 8.794023 -28.544237
v 42.498180 8.724808 -28.480276
v 41.998825 8.184677 -29.415810
v 40.842899 8.043118 -29.660999
v 39.900841 8.406726 -29.031210
v 39.882038 9.001698 -28.000689
v 40.800648 9.380007 -27.345436
v 41.964943 9.256779 -27.558874
v 41.065300 10.500673 -29.471106
v 41.035393 10.468323 -29.527138
v 40.966160 10.459845 -29.541822
v 40.909740 10.481623 -29.504103
v 40.908611 10.517257 -29.442383
v 40.963631 10.539914 -29.403137
v 41.033363 10.532534 -29.415922
v 41.794868 9.274780 -27.527697
v 40.977890 9.361248 -27.377930
v 41.163029 9.414594 -27.603966
v 42.180805 9.041430 -27.931870
v 42.088474 9.133541 -27.772329
v 41.945709 9.268023 -28.184715
v 42.289570 8.499163 -28.871105
v 42.327991 8.540721 -28.799124
v 42.100163 8.778625 -28.920147
v 42.103535 8.297935 -29.219639
v 42.173607 8.373731 -29.088360
v 42.079708 8.393933 -29.187391
v 41.164223 8.082468 -29.592840
v 41.717625 8.150240 -29.475456
v 41.511028 8.223500 -29.502945
v 41.327576 8.164903 -29.547844
v 39.885876 8.880282 -28.210985
v 39.894257 8.615012 -28.670448
v 39.982594 8.813468 -28.555897
v 41.447392 9.965543 -28.590584
v 40.941776 3.902853 -27.823162
v 39.650002 4.213895 -27.284420
v 39.330959 4.912803 -26.073877
v 40.224895 5.473283 -25.103096
v 41.658657 5.473283 -25.103096
v 42.552593 4.912803 -26.073877
v 42.233551 4.213895 -27.284420
v 40.966709 6.453967 -27.466429
v 40.856220 6.480571 -27.420349
v 40.828930 6.540350 -27.316807
v 40.905392 6.588289 -27.233774
v 41.028027 6.588289 -27.233774
v 41.104485 6.540350 -27.316807
v 41.077198 6.480571 -27.420349
v 42.274418 4.313752 -27.114607
v 42.501945 4.812182 -26.251299
v 42.291359 4.869321 -26.542233
v 41.710899 4.091625 -27.499342
v 41.938225 4.146362 -27.404533
v 41.586075 4.578701 -27.445848
v 40.405594 4.035536 -27.596491
v 40.506607 4.011213 -27.638618
v 40.528332 4.433177 -27.560482
v 39.916477 4.153309 -27.392502
v 40.100708 4.108948 -27.469337
v 40.009895 4.238217 -27.409538
v 39.422382 4.722861 -26.406008
v 39.577621 4.382792 -26.995028
v 39.597321 4.590984 -26.823450
v 39.517395 4.673935 -26.610483
v 41.373005 5.472647 -25.107342
v 40.723312 5.472647 -25.107342
v 40.964539 5.538167 -25.274481
v 40.941776 3.914134 -27.860844
v 39.628899 4.230258 -27.313301
v 39.304646 4.940583 -26.082981
v 40.213184 5.510220 -25.096340
v 41.670368 5.510220 -25.096340
v 42.578911 4.940583 -26.082981
v 42.254654 4.230258 -27.313301
v 40.966709 6.459805 -27.558794
v 40.795959 6.500918 -27.487585
v 40.753792 6.593300 -27.327574
v 40.871952 6.667384 -27.199255
v 41.061466 6.667384 -27.199255
v 41.179626 6.593300 -27.327574
v 41.137455 6.500918 -27.487585
v 42.302021 4.334018 -27.133583
v 42.529549 4.832449 -26.270275
v 42.318966 4.889588 -26.561207
v 41.723186 4.102287 -27.534952
v 41.950512 4.157024 -27.440145
v 41.598358 4.589363 -27.481459
v 40.393311 4.046198 -27.632101
v 40.494324 4.021874 -27.674231
v 40.516045 4.443839 -27.596094
v 39.904194 4.163971 -27.428114
v 40.088425 4.119610 -27.504948
v 39.997608 4.248878 -27.445150
v 39.394779 4.743128 -26.424984
v 39.550018 4.403058 -27.014004
v 39.569717 4.611251 -26.842426
v 39.489792 4.694201 -26.629457
v 41.373005 5.510220 -25.096340
v 40.723312 5.510220 -25.096340
v 40.964539 5.575741 -25.263479
v 41.644848 6.637611 -25.650826
v 42.529926 6.131624 -26.527222
v 42.290565 5.470155 -27.672920
v 41.107014 5.151305 -28.225185
v 39.870506 5.415174 -27.768148
v 39.512161 6.063065 -26.645971
v 40.301819 6.607100 -25.703674
v 41.013878 7.700624 -27.870247
v 41.082432 7.661432 -27.938128
v 41.063892 7.610198 -28.026867
v 40.972218 7.585502 -28.069643
v 40.876446 7.605940 -28.034243
v 40.848690 7.656122 -27.947327
v 40.909855 7.698260 -27.874340
v 40.193745 6.530810 -25.838631
v 39.630981 6.143092 -26.510180
v 39.894634 6.358827 -26.501869
v 40.843658 6.618836 -25.686167
v 40.607475 6.613470 -25.695461
v 40.844616 6.791574 -26.127377
v 42.010761 6.426922 -26.018572
v 41.941597 6.466463 -25.950085
v 41.820381 6.615228 -26.304050
v 42.345654 6.235467 -26.350182
v 42.219513 6.307580 -26.225277
v 42.254959 6.307296 -26.379541
v 42.352741 5.653273 -27.358570
v 42.469128 5.974906 -26.801485
v 42.359207 5.946341 -27.028088
v 42.344994 5.806176 -27.205929
v 40.118526 5.365419 -27.857149
v 40.678448 5.245932 -28.064106
v 40.511745 5.452417 -27.969419
v 41.654362 6.671001 -25.644367
v 42.553284 6.157099 -26.534472
v 42.310181 5.485283 -27.698092
v 41.108116 5.161447 -28.258993
v 39.852268 5.429443 -27.794809
v 39.488316 6.087467 -26.655077
v 40.290321 6.640013 -25.698040
v 41.039566 7.768399 -27.839874
v 41.145508 7.707834 -27.944775
v 41.116856 7.628658 -28.081911
v 40.975189 7.590493 -28.148016
v 40.827183 7.622077 -28.093311
v 40.784290 7.699627 -27.958990
v 40.878811 7.764747 -27.846199
v 40.173172 6.559300 -25.837839
v 39.610405 6.171582 -26.509386
v 39.874062 6.387317 -26.501078
v 40.842503 6.652557 -25.676313
v 40.606319 6.647192 -25.685606
v 40.843464 6.825296 -26.117521
v 42.029896 6.456314 -26.016216
v 41.960732 6.495854 -25.947731
v 41.839512 6.644619 -26.301695
v 42.364788 6.264858 -26.347826
v 42.238647 6.336972 -26.222921
v 42.274094 6.336687 -26.377188
v 42.377758 5.672034 -27.374630
v 42.494144 5.993668 -26.817543
v 42.384220 5.965101 -27.044146
v 42.370007 5.824937 -27.221987
v 40.108547 5.374753 -27.889534
v 40.668468 5.255266 -28.096493
v 40.501766 5.461752 -28.001806
v 39.850018 7.367062 -26.530973
v 40.993961 7.599553 -26.128286
v 42.070736 7.297323 -26.651766
v 42.269508 6.687957 -27.707218
v 41.440598 6.230320 -28.499868
v 40.208191 6.269023 -28.432833
v 39.500317 6.774921 -27.556593
v 40.890221 8.623674 -28.415901
v 40.973637 8.640627 -28.386539
v 41.052151 8.618588 -28.424709
v 41.066643 8.574155 -28.501671
v 41.006203 8.540786 -28.559467
v 40.916340 8.543608 -28.554581
v 40.864723 8.580497 -28.490686
v 39.602436 6.706140 -27.678450
v 40.107315 6.345316 -28.303415
v 40.086456 6.622542 -28.159084
v 39.644653 7.014390 -27.144545
v 39.583107 6.910174 -27.325050
v 39.901890 7.265141 -27.390820
v 40.327667 7.463449 -26.366753
v 40.238201 7.445267 -26.398245
v 40.403545 7.601224 -26.690340
v 40.760853 7.551488 -26.214262
v 40.597691 7.518327 -26.271700
v 40.724525 7.574866 -26.315119
v 41.773651 7.379903 -26.511457
v 41.249664 7.526976 -26.256720
v 41.399597 7.518137 -26.434845
v 41.590042 7.452496 -26.488852
v 41.603149 6.323825 -28.340639
v 41.978802 6.531219 -27.981421
v 41.767826 6.591256 -28.119150
v 39.832672 7.396399 -26.529772
v 40.995426 7.632713 -26.120464
v 42.089912 7.325512 -26.652552
v 42.291950 6.706125 -27.725361
v 41.449409 6.240963 -28.531046
v 40.196735 6.280302 -28.462910
v 39.477219 6.794519 -27.572258
v 40.848278 8.675248 -28.401815
v 40.977180 8.701447 -28.356438
v 41.098518 8.667390 -28.415426
v 41.120918 8.598722 -28.534361
v 41.027512 8.547154 -28.623680
v 40.888638 8.551516 -28.616125
v 40.808872 8.608522 -28.517385
v 39.582321 6.719406 -27.702358
v 40.087200 6.358582 -28.327322
v 40.066341 6.635808 -28.182993
v 39.621109 7.038168 -27.150246
v 39.559563 6.933953 -27.330753
v 39.878345 7.288920 -27.396523
v 40.318424 7.495122 -26.358778
v 40.228958 7.476939 -26.390272
v 40.394302 7.632898 -26.682367
v 40.751610 7.583161 -26.206291
v 40.588448 7.550000 -26.263727
v 40.715282 7.606539 -26.307148
v 41.785667 7.410908 -26.504641
v 41.261681 7.557981 -26.249903
v 41.411617 7.549143 -26.428026
v 41.602058 7.483502 -26.482037
v 41.621346 6.335888 -28.366631
v 41.996998 6.543283 -28.007414
v 41.786022 6.603319 -28.145142
v 41.076614 7.005690 -29.275503
v 39.905434 7.219013 -28.906017
v 39.508781 7.809849 -27.882658
v 40.185341 8.333288 -26.976036
v 41.425652 8.395168 -26.868856
v 42.295734 7.948894 -27.641827
v 42.140396 7.330518 -28.712885
v 40.974659 9.502566 -29.017103
v 40.905701 9.515127 -28.995348
v 40.882347 9.549914 -28.935093
v 40.922180 9.580734 -28.881712
v 40.995209 9.584377 -28.875401
v 41.046440 9.558102 -28.920914
v 41.037292 9.521692 -28.983976
v 42.158943 7.418770 -28.562634
v 42.269642 7.859443 -27.799366
v 42.106876 7.900478 -28.067007
v 41.709614 7.202046 -28.938009
v 41.896679 7.259167 -28.839075
v 41.588203 7.617167 -28.936472
v 40.589977 7.097219 -29.119577
v 40.681492 7.080550 -29.148449
v 40.676235 7.447459 -29.079983
v 40.146854 7.177931 -28.979780
v 40.313763 7.147530 -29.032436
v 40.225216 7.255661 -28.987705
v 39.620811 7.649309 -28.163328
v 39.813667 7.362036 -28.660900
v 39.808903 7.543206 -28.511314
v 39.720325 7.611335 -28.333115
v 41.178593 8.382306 -26.893740
v 40.616978 8.354287 -26.942270
v 40.835163 8.421850 -27.069033
v 41.078835 7.015101 -29.306654
v 39.889408 7.231748 -28.931410
v 39.486572 7.831791 -27.892105
v 40.173676 8.363386 -26.971355
v 41.433315 8.426230 -26.862505
v 42.316952 7.973001 -27.647520
v 42.159195 7.344989 -28.735270
v 40.979240 9.506173 -29.072184
v 40.872673 9.525584 -29.038563
v 40.836578 9.579345 -28.945446
v 40.898140 9.626973 -28.862953
v 41.010998 9.632604 -28.853201
v 41.090168 9.591996 -28.923532
v 41.076035 9.535729 -29.020990
v 42.182240 7.436726 -28.576378
v 42.292938 7.877398 -27.813110
v 42.130169 7.918433 -28.080751
v 41.721851 7.211447 -28.966574
v 41.908916 7.268567 -28.867638
v 41.600441 7.626566 -28.965034
v 40.581940 7.105608 -29.149893
v 40.673458 7.088938 -29.178764
v 40.668198 7.455847 -29.110298
v 40.138817 7.186319 -29.010096
v 40.305725 7.155918 -29.062752
v 40.217178 7.264050 -29.018021
v 39.598553 7.664991 -28.181011
v 39.791412 7.377718 -28.678581
v 39.786644 7.558888 -28.528996
v 39.698067 7.627017 -28.350796
v 41.176262 8.413406 -26.884718
v 40.614647 8.385386 -26.933250
v 40.832832 8.452949 -27.060011
v 40.966709 1.800712 -25.051308
v 40.966709 7.576313 -28.148293
v 41.188591 1.836760 -24.988873
v 41.081078 7.594893 -28.116110
v 41.325722 1.914464 -24.854286
v 41.151760 7.631138 -28.053331
v 41.325722 2.047782 -24.623371
v 41.151760 7.703663 -27.927713
v 41.188591 2.142155 -24.459913
v 41.081078 7.752307 -27.843460
v 40.966709 2.178202 -24.397478
v 40.966709 7.770888 -27.811277
v 40.744823 2.142155 -24.459913
v 40.852341 7.752307 -27.843460
v 40.607693 2.047782 -24.623371
v 40.781654 7.703663 -27.927713
v 40.607693 1.931131 -24.825417
v 40.781654 7.643537 -28.031857
v 40.744823 1.836760 -24.988873
v 40.852341 7.594893 -28.116110
v 41.043530 9.359509 -28.890493
v 40.970192 9.356672 -28.918829
v 41.086983 9.375026 -28.825975
v 41.083946 9.397299 -28.749920
v 41.035580 9.417818 -28.691376
v 40.960361 9.428745 -28.672705
v 40.887020 9.425909 -28.701038
v 40.843571 9.410391 -28.765556
v 40.846607 9.388119 -28.841612
v 40.894970 9.367599 -28.900158
v 41.048141 10.332733 -29.477646
v 41.002598 10.330176 -29.495173
v 41.075020 10.344010 -29.438084
v 41.072964 10.359701 -29.391596
v 41.042763 10.373813 -29.355940
v 40.995949 10.380953 -29.344736
v 40.950405 10.378396 -29.362263
v 40.923527 10.367118 -29.401825
v 40.925583 10.351427 -29.448313
v 40.955784 10.337317 -29.483969
v 41.060036 10.918738 -29.711014
v 41.038189 10.912247 -29.717443
v 41.072441 10.934227 -29.697420
v 41.070663 10.952796 -29.681856
v 41.055382 10.967353 -29.670265
v 41.032436 10.972339 -29.667076
v 41.010590 10.965846 -29.673508
v 40.998188 10.950358 -29.687099
v 40.999966 10.931788 -29.702665
v 41.015244 10.917233 -29.714254
v 41.047565 11.506172 -29.984797
v 41.048859 11.506012 -29.985048
v 41.049702 11.505553 -29.985895
v 41.049786 11.504978 -29.986990
v 41.049099 11.504505 -29.987913
v 41.047916 11.504309 -29.988333
v 41.046673 11.504457 -29.988106
v 41.045818 11.504900 -29.987307
v 41.045681 11.505474 -29.986217
v 41.046345 11.505963 -29.985250
vn 0.0091 -0.9909 0.1344
vn -0.1656 -0.9714 0.1704
vn -0.0005 -0.9935 0.1141
vn -0.9036 0.2067 -0.3751
vn -0.9076 0.2126 -0.3620
vn -0.9054 0.2056 -0.3716
vn -0.0023 0.7649 0.6442
vn 0.0039 0.7649 0.6441
vn -0.0115 0.7665 0.6421
vn 0.0052 -0.8223 -0.5690
vn -0.0036 -0.8223 -0.5690
vn -0.0003 -0.8185 -0.5745
vn 0.0211 -0.8167 -0.5767
vn 0.3964 -0.8869 -0.2372
vn 0.3646 -0.9191 -0.1494
vn 0.3637 -0.9199 -0.1469
vn 0.0022 0.7650 0.6440
vn 0.0128 0.7667 0.6419
vn 0.7720 -0.3902 0.5018
vn 0.7720 -0.3901 0.5018
vn -0.6621 0.7246 0.1913
vn 0.5199 -0.3990 0.7554
vn -0.7132 -0.4302 0.5534
vn -0.7132 -0.4302 0.5533
vn 0.7270 -0.6686 -0.1565
vn -0.4273 -0.9009 -0.0759
vn 0.3962 -0.5792 0.7124
vn 0.3701 -0.7594 0.5352
vn 0.3381 -0.8547 0.3940
vn 0.3724 -0.7578 0.5357
vn 0.3387 -0.9239 -0.1781
vn 0.4077 -0.8991 -0.1592
vn -0.6290 -0.7205 -0.2921
vn 0.4078 0.0639 -0.9108
vn -0.3932 0.0383 0.9187
vn -0.4187 0.0379 0.9074
vn -0.3917 0.0382 0.9193
vn 0.5356 -0.0700 0.8416
vn 0.3508 -0.1200 0.9287
vn 0.3581 -0.1414 0.9229
vn 0.3634 -0.1218 0.9236
vn 0.5717 -0.3139 0.7581
vn 0.5273 -0.3976 0.7509
vn 0.5735 -0.3101 0.7582
vn 0.0030 -0.8221 -0.5693
vn 0.0114 -0.8190 -0.5736
vn -0.8915 -0.2667 0.3661
vn -0.8880 -0.2555 0.3824
vn -0.8880 -0.2568 0.3816
vn -0.0000 0.7673 0.6412
vn 0.8297 -0.3259 0.4531
vn 0.8578 0.2492 0.4495
vn 0.3605 0.0248 0.9324
vn 0.2650 0.0691 0.9618
vn 0.3577 0.0346 0.9332
vn 0.8662 0.4858 -0.1173
vn -0.8369 -0.1865 0.5146
vn -0.8935 -0.2822 0.3494
vn 0.0554 0.0362 0.9978
vn -0.3476 0.0365 0.9370
vn -0.0084 -0.8181 -0.5751
vn -0.8905 0.1887 -0.4140
vn -0.9056 0.2050 -0.3713
vn 0.0139 0.8693 -0.4941
vn 0.0140 0.8710 -0.4911
vn 0.0155 0.8684 -0.4956
vn 0.0196 0.8671 -0.4978
vn 0.0162 0.8677 -0.4969
vn 0.0160 0.8685 -0.4954
vn 0.0148 0.8683 -0.4958
vn 0.8808 -0.2980 0.3680
vn 0.9017 -0.3342 0.2743
vn 0.8807 -0.2976 0.3686
vn -0.4112 -0.1059 -0.9054
vn -0.4282 -0.0998 -0.8981
vn -0.4111 -0.1059 -0.9054
vn 0.4069 -0.1219 -0.9053
vn 0.4053 -0.1221 -0.9060
vn -0.0010 0.8808 0.4735
vn -0.0056 0.8711 0.4910
vn 0.0056 0.8711 0.4910
vn 0.4098 -0.1219 -0.9040
vn 0.3925 0.0212 0.9195
vn 0.3598 0.0223 0.9327
vn 0.9195 0.1871 -0.3456
vn 0.9186 0.1854 -0.3491
vn 0.9188 0.1851 -0.3486
vn 0.9187 0.1847 -0.3492
vn 0.9179 0.1836 -0.3517
vn 0.9227 0.1930 -0.3337
vn -0.8901 -0.2594 0.3747
vn -0.8806 -0.2437 0.4064
vn -0.0266 -0.8681 0.4956
vn -0.0179 -0.8691 0.4943
vn -0.0182 -0.8692 0.4941
vn -0.0197 -0.8702 0.4924
vn -0.0130 -0.8744 0.4850
vn -0.0241 -0.8707 0.4912
vn -0.4121 0.0364 0.9104
vn -0.3891 0.0387 0.9204
vn 0.4088 -0.1218 -0.9044
vn 0.7381 -0.6375 0.2209
vn 0.6456 -0.7578 0.0945
vn -0.6215 -0.7803 0.0707
vn -0.5938 -0.8046 0.0045
vn 0.0115 -0.9101 -0.4143
vn 0.8042 -0.3958 0.4435
vn 0.8035 -0.4021 0.4390
vn 0.8055 -0.3979 0.4392
vn -0.6013 -0.6460 -0.4702
vn 0.7495 -0.6151 0.2445
vn 0.6912 -0.6709 0.2687
vn 0.7560 -0.6083 0.2416
vn 0.6912 -0.4002 0.6017
vn 0.5363 -0.3705 0.7584
vn 0.5311 -0.3731 0.7607
vn 0.7549 0.3347 -0.5639
vn 0.7653 0.2912 -0.5741
vn 0.7648 0.2874 -0.5766
vn -0.7056 0.1586 -0.6906
vn -0.7153 0.1722 -0.6773
vn -0.7170 0.1685 -0.6764
vn 0.2961 -0.9195 0.2587
vn 0.3402 -0.8474 0.4076
vn 0.3362 -0.8481 0.4095
vn -0.1204 0.8386 0.5313
vn -0.0879 0.8435 0.5298
vn -0.0879 0.8426 0.5314
vn -0.6532 -0.1157 0.7483
vn -0.6671 -0.0937 0.7390
vn -0.6806 -0.1412 0.7189
vn -0.7303 0.6008 0.3251
vn -0.7300 0.6010 0.3253
vn -0.7301 0.6010 0.3252
vn -0.6854 -0.5980 -0.4155
vn 0.1724 -0.6173 0.7676
vn -0.0131 -0.6061 0.7953
vn -0.0155 -0.6137 0.7894
vn -0.4036 -0.0806 0.9114
vn 0.8666 0.3728 -0.3317
vn 0.8564 0.3366 -0.3914
vn 0.8632 0.3860 -0.3255
vn -0.9463 -0.0111 0.3231
vn 0.6566 0.1069 -0.7466
vn 0.6717 0.0808 -0.7364
vn 0.6610 0.0747 -0.7467
vn 0.9177 0.1826 -0.3527
vn -0.4095 -0.1064 -0.9061
vn 0.7027 -0.6598 -0.2662
vn -0.8049 -0.3205 0.4993
vn 0.5714 -0.7109 -0.4100
vn 0.8780 -0.2938 0.3780
vn -0.7759 -0.6271 -0.0689
vn -0.7637 -0.6393 -0.0899
vn -0.7628 -0.6453 -0.0417
vn 0.1512 -0.9701 0.1901
vn 0.2977 -0.9196 0.2565
vn -0.8595 -0.4958 0.1244
vn 0.1730 -0.6136 0.7704
vn 0.5957 -0.3233 0.7352
vn 0.4208 0.8218 0.3842
vn 0.4177 0.8184 0.3946
vn 0.4235 0.8165 0.3924
vn 0.7594 0.6506 -0.0116
vn 0.6987 0.7153 -0.0086
vn 0.7615 0.6468 0.0424
vn 0.5666 -0.7368 -0.3690
vn -0.0558 -0.0503 -0.9972
vn 0.2839 -0.0823 0.9553
vn 0.2544 -0.1110 0.9607
vn 0.2886 -0.0807 0.9540
vn -0.8547 -0.3865 0.3465
vn -0.8608 -0.3939 0.3223
vn -0.8564 -0.3832 0.3461
vn -0.8821 0.4220 -0.2094
vn -0.7815 0.5341 -0.3226
vn -0.8863 0.3934 -0.2445
vn 0.7627 -0.4601 -0.4546
vn -0.3296 -0.9057 -0.2666
vn -0.3081 -0.9343 -0.1790
vn -0.3306 -0.9041 -0.2707
vn -0.7937 -0.6010 0.0939
vn 0.7365 -0.6509 0.1840
vn 0.7054 -0.6084 0.3637
vn 0.7010 -0.6122 0.3658
vn -0.0282 0.2066 0.9780
vn 0.4950 0.8452 -0.2016
vn 0.5025 0.6050 -0.6176
vn 0.4950 0.8452 -0.2015
vn 0.4167 0.9034 -0.1007
vn -0.0251 0.9977 0.0626
vn 0.1147 0.9920 0.0527
vn -0.3520 0.9349 -0.0463
vn -0.5310 0.7996 -0.2806
vn -0.2085 0.9776 0.0278
vn -0.5536 0.7168 -0.4239
vn -0.5536 0.7168 -0.4240
vn 0.1317 0.4523 -0.8821
vn -0.3383 0.5021 -0.7959
vn -0.2585 -0.9214 -0.2901
vn -0.2274 -0.9506 -0.2113
vn -0.2245 -0.9528 -0.2041
vn -0.7141 -0.5285 0.4591
vn -0.6527 -0.4804 0.5858
vn -0.7190 -0.6852 0.1164
vn -0.5916 -0.8059 0.0244
vn -0.5906 -0.8064 0.0282
vn -0.6446 0.3659 0.6712
vn 0.3703 -0.1237 0.9206
vn 0.3703 -0.1237 0.9207
vn -0.9328 -0.1962 -0.3023
vn -0.2364 -0.9508 -0.2004
vn 0.3280 -0.9067 -0.2651
vn 0.2920 -0.9377 -0.1883
vn 0.3306 -0.9041 -0.2707
vn -0.0010 -0.1873 0.9823
vn -0.2132 -0.2703 0.9389
vn -0.2097 -0.2747 0.9384
vn -0.6399 -0.3541 0.6820
vn 0.7007 -0.5865 0.4063
vn 0.7026 -0.5387 0.4650
vn -0.5930 -0.8052 0.0025
vn -0.6266 -0.7756 0.0767
vn -0.7188 -0.6851 0.1177
vn -0.7138 -0.6015 0.3587
vn -0.7223 -0.6821 0.1138
vn -0.4656 -0.8624 -0.1985
vn -0.7186 -0.6905 -0.0826
vn -0.6976 -0.7164 0.0066
vn -0.7035 -0.7105 0.0118
vn -0.7625 -0.6467 0.0160
vn -0.7739 -0.2850 0.5655
vn -0.7687 -0.3192 0.5542
vn -0.7575 -0.3359 0.5599
vn -0.7155 -0.3755 0.5891
vn -0.7094 -0.3763 0.5959
vn -0.7505 -0.3031 0.5873
vn -0.7095 -0.3763 0.5959
vn -0.7227 -0.2992 0.6230
vn -0.7667 -0.2752 0.5800
vn -0.7082 -0.3733 0.5993
vn -0.2040 -0.8454 -0.4937
vn -0.1738 -0.9171 -0.3588
vn -0.2433 -0.8616 -0.4454
vn -0.1815 -0.8487 -0.4967
vn 0.8807 -0.3736 0.2913
vn 0.7925 -0.5177 0.3225
vn 0.8872 -0.3917 0.2436
vn 0.7853 -0.5322 0.3164
vn 0.8823 -0.4237 0.2049
vn 0.9002 -0.3740 0.2229
vn -0.2069 -0.0336 0.9778
vn -0.2204 -0.0471 0.9743
vn -0.2225 -0.0447 0.9739
vn -0.1939 -0.1453 0.9702
vn -0.1743 -0.0448 0.9837
vn -0.2004 -0.0320 0.9792
vn -0.1968 -0.0394 0.9797
vn -0.1815 -0.1470 0.9723
vn 0.7204 0.6889 0.0805
vn 0.7639 0.6391 0.0896
vn 0.7758 0.6272 0.0693
vn 0.8176 0.5755 -0.0148
vn 0.7095 0.3763 -0.5959
vn 0.7649 0.3166 -0.5609
vn -0.2858 0.0741 -0.9554
vn -0.2573 0.1076 -0.9603
vn -0.2626 0.0884 -0.9608
vn 0.7250 0.3016 -0.6191
vn 0.7523 0.3049 -0.5841
vn 0.1606 0.8501 0.5015
vn 0.1806 0.8506 0.4938
vn 0.1906 0.8416 0.5053
vn 0.2343 0.8647 0.4442
vn 0.1992 0.8471 0.4927
vn 0.1619 0.9225 0.3503
vn -0.8794 0.3792 -0.2878
vn -0.6591 -0.7286 -0.1862
vn -0.9004 0.3735 -0.2233
vn 0.1859 0.1607 -0.9693
vn 0.2157 0.0479 -0.9753
vn 0.2197 0.0456 -0.9745
vn 0.2065 0.0334 -0.9779
vn 0.2009 0.0320 -0.9791
vn 0.1793 0.0478 -0.9826
vn 0.1996 0.0412 -0.9790
vn -0.0751 -0.1858 0.9797
vn -0.0618 -0.2778 0.9587
vn -0.0757 -0.1818 0.9804
vn 0.1741 0.8439 0.5075
vn -0.3516 -0.1065 0.9301
vn -0.3685 -0.1116 0.9229
vn -0.3418 -0.1255 0.9314
vn 0.8999 -0.3659 0.2374
vn -0.3386 0.0362 -0.9402
vn -0.3382 0.0111 -0.9410
vn -0.3504 0.0136 -0.9365
vn -0.1801 -0.8507 -0.4938
vn -0.1525 -0.8496 -0.5049
vn -0.8125 0.3874 -0.4356
vn -0.8151 0.3800 -0.4372
vn -0.8165 0.3820 -0.4329
vn 0.3128 0.1311 -0.9407
vn 0.3391 0.1881 -0.9217
vn 0.3440 0.1090 -0.9326
vn 0.6533 -0.7362 -0.1766
vn 0.6677 0.7167 0.2011
vn 0.3549 -0.7985 -0.4862
vn 0.0944 -0.7507 -0.6539
vn 0.3683 -0.7989 -0.4755
vn 0.0271 0.8833 0.4680
vn -0.0000 0.9310 0.3650
vn 0.8019 -0.3325 0.4964
vn 0.8024 -0.3233 0.5017
vn 0.7934 -0.3227 0.5162
vn -0.2601 -0.3064 0.9157
vn 0.5291 -0.8350 -0.1514
vn 0.6207 -0.7828 0.0446
vn 0.6199 -0.7831 0.0507
vn 0.5624 -0.8187 -0.1160
vn 0.5095 -0.8591 -0.0485
vn 0.5648 -0.8166 -0.1191
vn 0.5375 -0.1975 0.8198
vn -0.6199 -0.7833 -0.0459
vn -0.5822 -0.8127 0.0222
vn -0.6243 -0.7793 -0.0544
vn 0.4143 -0.8275 -0.3788
vn 0.6696 -0.6060 -0.4294
vn -0.5336 0.6474 -0.5442
vn -0.2173 0.4666 -0.8574
vn 0.2626 0.4775 -0.8385
vn 0.5448 0.6719 -0.5017
vn -0.4481 0.8838 -0.1348
vn -0.2402 0.4718 -0.8484
vn 0.2402 0.4718 -0.8484
vn 0.2710 0.9626 0.0017
vn 0.5464 0.7657 -0.3392
vn 0.4104 0.5354 -0.7382
vn 0.5464 0.7658 -0.3392
vn -0.7264 -0.4576 0.5128
vn -0.6644 -0.5178 0.5389
vn -0.7308 -0.4530 0.5107
vn 0.7006 -0.5738 0.4241
vn 0.6900 -0.4815 0.5404
vn 0.6965 -0.5777 0.4256
vn -0.6175 -0.7851 -0.0484
vn -0.4655 -0.8788 -0.1048
vn -0.4626 -0.8810 -0.0997
vn 0.9086 0.1921 0.3710
vn 0.9086 0.1921 0.3709
vn -0.4316 0.4344 0.7906
vn -0.7292 -0.4549 0.5112
vn -0.6657 -0.5286 0.5268
vn -0.6637 -0.5307 0.5272
vn 0.8161 -0.5464 0.1885
vn -0.2467 0.0832 0.9655
vn -0.2593 -0.6235 -0.7376
vn 0.3944 -0.8886 -0.2342
vn 0.3536 -0.9216 -0.1600
vn 0.3971 -0.8860 -0.2393
vn -0.2860 -0.2152 0.9338
vn -0.2737 -0.3008 0.9136
vn -0.2724 -0.3089 0.9113
vn 0.7520 -0.4995 0.4300
vn 0.7520 -0.4996 0.4300
vn -0.5857 -0.8103 0.0186
vn -0.5513 -0.8331 -0.0449
vn -0.5857 -0.8103 0.0187
vn -0.5503 -0.8337 -0.0467
vn 0.3708 -0.2337 0.8988
vn 0.1824 -0.2748 0.9441
vn 0.1836 -0.2784 0.9427
vn -0.5957 -0.3233 0.7352
vn -0.5957 -0.3234 0.7352
vn -0.2792 -0.2828 0.9176
vn -0.4619 -0.2789 0.8420
vn -0.2753 -0.2868 0.9176
vn 0.5618 -0.8196 -0.1127
vn 0.6413 -0.7613 0.0956
vn -0.3778 -0.1499 0.9137
vn -0.3414 -0.1886 0.9208
vn -0.3340 -0.1837 0.9245
vn -0.3137 -0.1413 0.9389
vn 0.3335 -0.1341 0.9332
vn 0.3321 -0.1463 0.9318
vn 0.3338 -0.1817 0.9250
vn 0.3391 -0.1881 0.9217
vn 0.3774 -0.1578 0.9125
vn 0.3434 -0.1881 0.9202
vn -0.8180 -0.3826 0.4296
vn -0.8160 -0.3907 0.4261
vn -0.8182 -0.3928 0.4199
vn -0.8105 -0.3753 0.4496
vn -0.7663 -0.4399 0.4683
vn -0.7918 -0.3815 0.4770
vn -0.8160 -0.3760 0.4391
vn 0.0291 -0.8902 -0.4547
vn 0.0077 -0.9244 -0.3813
vn 0.0009 -0.8885 -0.4590
vn -0.0043 -0.9289 -0.3704
vn -0.0269 -0.8909 -0.4534
vn -0.0052 -0.8814 -0.4723
vn 0.7984 -0.3960 0.4536
vn 0.7992 -0.3945 0.4535
vn 0.7703 -0.4386 0.4629
vn 0.8039 -0.4120 0.4289
vn 0.7711 -0.4468 0.4536
vn 0.3858 0.1374 -0.9123
vn 0.3761 0.0889 -0.9223
vn 0.3553 0.0827 -0.9311
vn -0.3391 0.1881 -0.9217
vn -0.3397 0.1203 -0.9328
vn -0.3347 0.1349 -0.9326
vn -0.3622 0.1076 -0.9259
vn -0.3842 0.1468 -0.9115
vn -0.3593 0.1243 -0.9249
vn 0.8268 0.3760 -0.4184
vn 0.8223 0.3715 -0.4312
vn 0.8293 0.3660 -0.4222
vn 0.8272 0.3585 -0.4328
vn 0.7976 0.3738 -0.4734
vn 0.8206 0.3617 -0.4424
vn 0.7620 0.4533 -0.4625
vn -0.0285 0.8839 0.4669
vn 0.6763 -0.7138 -0.1821
vn 0.6946 -0.6995 -0.1683
vn 0.7008 -0.6968 -0.1531
vn -0.7620 0.4533 -0.4625
vn -0.8080 0.3841 -0.4469
vn -0.8086 0.3809 -0.4485
vn -0.8119 0.3997 -0.4254
vn -0.2855 -0.2122 0.9346
vn -0.2543 -0.3001 0.9194
vn -0.2869 -0.2080 0.9351
vn 0.0267 -0.8877 -0.4597
vn 0.0494 -0.8875 -0.4581
vn 0.0201 -0.8995 -0.4364
vn -0.9000 0.3660 -0.2368
vn -0.1809 -0.5977 0.7810
vn 0.0079 -0.6095 0.7927
vn -0.1828 -0.5961 0.7818
vn -0.3213 0.8517 0.4140
vn -0.3358 0.8668 0.3686
vn -0.3389 0.8568 0.3885
vn 0.8277 0.3918 -0.4018
vn 0.8327 0.3883 -0.3948
vn 0.8320 0.3850 -0.3993
vn 0.0137 0.9079 0.4191
vn -0.0355 0.9306 0.3643
vn -0.0193 0.8937 0.4482
vn -0.8381 0.3117 -0.4476
vn 0.3281 -0.8508 -0.4106
vn 0.3041 -0.8692 -0.3899
vn 0.3103 -0.8537 -0.4183
vn 0.0053 -0.8814 -0.4723
vn -0.3689 0.0500 -0.9281
vn -0.3068 0.1808 -0.9344
vn -0.8043 0.3260 -0.4967
vn -0.8067 0.3164 -0.4991
vn -0.8089 0.3187 -0.4941
vn 0.4357 0.4337 0.7887
vn -0.7280 -0.4478 0.5192
vn -0.7107 -0.6063 0.3568
vn -0.2602 -0.9203 -0.2922
vn -0.2445 -0.9482 -0.2028
vn -0.2608 -0.9188 -0.2962
vn 0.5955 -0.2257 0.7710
vn 0.7497 -0.6137 0.2477
vn 0.7739 -0.2812 0.5675
vn -0.4536 0.5625 -0.6912
vn -0.0347 0.4449 -0.8949
vn -0.0000 0.9980 0.0631
vn -0.4328 0.8938 -0.1174
vn -0.4328 0.8938 -0.1175
vn 0.4328 0.8938 -0.1174
vn 0.5397 0.6596 -0.5231
vn -0.5397 0.6596 -0.5231
vn 0.3716 -0.2348 0.8982
vn 0.3730 -0.2287 0.8992
vn 0.4097 -0.8983 -0.1586
vn 0.3314 -0.9255 -0.1833
vn 0.7360 -0.6525 0.1806
vn 0.6778 -0.7050 0.2089
vn 0.7428 -0.6456 0.1770
vn 0.0003 -0.1842 0.9829
vn 0.0074 -0.2762 0.9611
vn -0.0000 -0.1799 0.9837
vn -0.3006 -0.4933 -0.8163
vn 0.3300 -0.9050 -0.2684
vn 0.3046 -0.9357 -0.1783
vn 0.3038 -0.9364 -0.1756
vn -0.7680 -0.6399 0.0265
vn -0.2997 -0.9374 -0.1773
vn -0.7390 -0.6490 0.1807
vn -0.7094 -0.5658 0.4202
vn -0.7428 -0.6456 0.1770
vn 0.6391 -0.6808 -0.3578
vn -0.0761 -0.1889 0.9790
vn -0.0478 -0.9411 -0.3347
vn 0.1734 -0.2751 0.9457
vn 0.1033 -0.2516 0.9623
vn 0.1012 -0.2509 0.9627
vn -0.7392 -0.6491 0.1793
vn -0.6252 -0.7763 0.0804
vn -0.4010 -0.2574 0.8792
vn 0.0743 -0.9057 -0.4174
vn 0.0379 -0.9305 -0.3642
vn 0.0292 -0.9296 -0.3673
vn -0.0119 -0.9112 -0.4119
vn -0.6215 -0.7566 -0.2033
vn -0.6009 -0.7745 -0.1976
vn -0.5953 -0.7818 -0.1852
vn -0.5859 -0.7978 -0.1419
vn -0.5883 -0.7975 -0.1337
vn -0.6215 -0.7635 -0.1755
vn -0.6353 -0.7586 -0.1447
vn -0.6327 -0.7498 -0.1938
vn -0.5916 -0.7954 -0.1317
vn 0.6939 -0.7023 -0.1587
vn 0.6320 -0.7685 -0.1001
vn 0.6435 -0.7435 -0.1819
vn 0.6867 -0.7045 -0.1791
vn 0.3017 -0.0485 0.9522
vn 0.3041 -0.1631 0.9386
vn 0.3361 -0.0491 0.9406
vn 0.3120 -0.1762 0.9336
vn 0.3667 -0.0634 0.9282
vn 0.3469 -0.0308 0.9374
vn -0.8239 -0.4012 0.4003
vn -0.8213 -0.4134 0.3932
vn -0.8226 -0.4123 0.3916
vn -0.7793 -0.4621 0.4233
vn -0.8134 -0.3978 0.4244
vn -0.8232 -0.3979 0.4050
vn -0.8197 -0.4015 0.4085
vn -0.7754 -0.4587 0.4340
vn -0.0782 0.9006 0.4276
vn -0.0515 0.8784 0.4751
vn -0.0255 0.8786 0.4769
vn 0.5883 0.7975 0.1337
vn 0.6084 0.7669 0.2043
vn 0.5997 0.7769 0.1919
vn -0.3583 0.1095 -0.9272
vn 0.6321 0.7476 0.2038
vn 0.6413 0.7524 0.1504
vn 0.6250 0.7576 0.1881
vn -0.6941 0.6973 0.1791
vn -0.6482 0.7383 0.1862
vn -0.6853 0.7029 0.1906
vn -0.6326 0.7698 0.0857
vn -0.3052 0.0382 -0.9515
vn 0.3349 -0.0284 0.9418
vn 0.7691 0.4707 -0.4324
vn 0.8281 0.4019 -0.3908
vn 0.8300 0.4015 -0.3871
vn 0.8203 0.3894 -0.4188
vn 0.7691 0.4706 -0.4324
vn -0.9689 -0.0588 0.2406
vn -0.3277 -0.9070 -0.2646
vn -0.2913 -0.9377 -0.1895
vn -0.2877 -0.9402 -0.1822
vn 0.3614 -0.8963 -0.2571
vn 0.8196 -0.5719 0.0335
vn 0.8273 -0.5589 0.0569
vn 0.8003 -0.5977 0.0469
vn 0.6322 0.7147 0.2990
vn -0.7309 0.6628 0.1628
vn -0.4175 -0.7349 0.5344
vn -0.4183 -0.7345 0.5343
vn -0.4844 -0.2668 0.8332
vn -0.7039 0.6901 0.1682
vn -0.6925 0.6995 0.1765
vn -0.7711 0.6360 -0.0291
vn -0.7496 0.6509 -0.1202
vn -0.8052 0.5915 -0.0415
vn -0.5670 0.7360 0.3700
vn -0.5360 0.0688 -0.8414
vn 0.6283 0.7507 0.2042
vn 0.6969 -0.1661 0.6977
vn 0.7099 -0.1834 0.6800
vn 0.7036 -0.1754 0.6886
vn 0.6235 0.0984 -0.7756
vn 0.5793 0.2779 -0.7663
vn 0.6796 -0.3922 0.6199
vn 0.6173 -0.4673 0.6329
vn 0.6153 -0.4695 0.6332
vn 0.6876 -0.7242 0.0524
vn 0.6377 -0.7616 0.1152
vn 0.6326 -0.7649 0.1213
vn 0.1809 -0.9328 -0.3118
vn 0.3285 -0.9271 -0.1808
vn -0.7568 -0.5725 0.3155
vn -0.6745 -0.7212 0.1577
vn -0.6719 -0.7226 0.1626
vn -0.7064 -0.1878 0.6824
vn -0.8801 -0.2033 0.4291
vn -0.8878 -0.2036 0.4128
vn 0.1543 -0.1986 0.9679
vn -0.0221 -0.2610 0.9651
vn -0.0220 -0.2672 0.9634
vn 0.2885 0.4850 -0.8256
vn 0.5493 0.6867 -0.4761
vn 0.4103 0.5354 -0.7382
vn -0.5248 0.6331 -0.5690
vn -0.1895 0.4611 -0.8669
vn 0.7092 -0.5163 0.4801
vn 0.1583 -0.1986 0.9672
vn 0.1613 -0.2787 0.9467
vn 0.1578 -0.1882 0.9694
vn 0.3386 -0.8463 -0.4113
vn 0.6776 -0.3960 0.6197
vn 0.6275 -0.4707 0.6202
vn 0.6812 -0.3902 0.6195
vn 0.8890 -0.1001 0.4468
vn 0.9332 -0.1957 -0.3015
vn 0.6888 -0.7233 0.0495
vn 0.6270 -0.7724 0.1013
vn 0.6916 -0.7207 0.0469
vn 0.8929 -0.2412 -0.3802
vn 0.7014 -0.0644 0.7099
vn 0.6269 -0.7712 0.1106
vn 0.1796 -0.9332 -0.3113
vn -0.0699 -0.9616 -0.2655
vn 0.1813 -0.9309 -0.3171
vn -0.7019 -0.4122 0.5808
vn -0.7066 -0.5709 0.4181
vn -0.3592 -0.9109 -0.2033
vn 0.1205 -0.9434 -0.3090
vn -0.0702 -0.9629 -0.2604
vn -0.7590 -0.5696 0.3154
vn -0.6943 -0.6249 0.3569
vn -0.7619 -0.5669 0.3134
vn -0.7655 -0.6414 0.0510
vn 0.8073 -0.5784 0.1173
vn 0.7503 -0.6497 0.1223
vn 0.7496 -0.6522 0.1130
vn 0.7678 -0.6399 0.0322
vn 0.3415 -0.8601 -0.3789
vn 0.3359 -0.8696 -0.3619
vn 0.3023 -0.8989 -0.3172
vn 0.2943 -0.9023 -0.3151
vn 0.2625 -0.8839 -0.3869
vn 0.2904 -0.9027 -0.3176
vn 0.7251 -0.1877 0.6626
vn 0.6520 -0.3110 0.6915
vn 0.7301 -0.2431 0.6386
vn 0.7120 -0.1805 0.6785
vn -0.5926 -0.2650 0.7606
vn -0.5791 -0.2711 0.7689
vn -0.6185 -0.1074 0.7784
vn -0.6564 -0.0876 0.7493
vn -0.4142 -0.8252 -0.3840
vn -0.3984 -0.8345 -0.3807
vn -0.3976 -0.8335 -0.3836
vn -0.3825 -0.8758 -0.2945
vn -0.4368 -0.8249 -0.3588
vn -0.4204 -0.8232 -0.3817
vn -0.4205 -0.8265 -0.3744
vn -0.3921 -0.8741 -0.2867
vn -0.8127 0.5715 -0.1137
vn -0.8349 0.5482 -0.0494
vn -0.8266 0.5623 -0.0243
vn -0.2943 0.9023 0.3151
vn -0.3177 0.8511 0.4180
vn -0.2637 0.8805 0.3940
vn -0.3105 0.8633 0.3978
vn -0.7304 0.2366 -0.6407
vn -0.7274 0.1757 -0.6634
vn -0.6404 0.3162 -0.6999
vn 0.6816 0.1331 -0.7195
vn 0.3826 0.8810 0.2783
vn 0.4039 0.8285 0.3879
vn 0.4011 0.8280 0.3919
vn 0.4365 0.8213 0.3675
vn -0.7344 -0.6624 0.1479
vn -0.4371 -0.1042 0.8934
vn -0.4422 -0.1058 0.8907
vn -0.4342 -0.1099 0.8941
vn 0.1243 -0.8427 -0.5238
vn 0.0880 -0.8480 -0.5226
vn 0.0967 -0.8470 -0.5227
vn -0.4650 0.8714 -0.1561
vn -0.3843 -0.8411 0.3807
vn -0.3824 -0.8416 0.3814
vn -0.0540 0.8377 0.5435
vn -0.9994 -0.0301 -0.0140
vn -0.5642 -0.2098 0.7986
vn -0.5642 -0.2098 0.7985
vn -0.2983 -0.9127 -0.2792
vn -0.2790 -0.9412 -0.1905
vn -0.2991 -0.9113 -0.2831
vn 0.2318 -0.8865 -0.4006
vn -0.6124 -0.3465 0.7106
vn -0.6487 -0.4847 0.5867
vn -0.9102 -0.3290 0.2516
vn 0.7370 0.5828 0.3422
vn 0.3964 0.9144 -0.0817
vn -0.0550 0.9966 0.0607
vn 0.5695 -0.3159 0.7589
vn 0.5165 -0.3878 0.7634
vn 0.5115 -0.3942 0.7636
vn 0.7025 -0.5373 0.4667
vn 0.7024 -0.5902 0.3979
vn 0.7465 -0.6316 0.2093
vn 0.7001 -0.5934 0.3972
vn -0.7126 -0.6405 -0.2863
vn -0.0055 -0.0318 0.9995
vn 0.7869 -0.4599 0.4114
vn -0.0337 -0.1865 0.9819
vn -0.0210 -0.2741 0.9615
vn -0.0346 -0.1803 0.9830
vn 0.8385 0.1104 0.5336
vn -0.2964 -0.9140 -0.2769
vn -0.0726 -0.9641 -0.2555
vn 0.2037 -0.9635 0.1739
vn 0.2137 -0.9523 0.2178
vn -0.6263 -0.7792 -0.0247
vn 0.7458 -0.6326 0.2087
vn 0.7498 -0.6287 0.2063
vn 0.5456 -0.2949 0.7844
vn -0.2857 -0.9139 -0.2882
vn -0.0656 -0.9631 -0.2612
vn -0.6105 -0.3447 0.7130
vn -0.5561 -0.4079 0.7241
vn -0.6167 -0.3371 0.7114
vn -0.4464 -0.1183 0.8870
vn -0.4346 -0.1304 0.8911
vn -0.4272 -0.1245 0.8955
vn -0.4223 -0.1118 0.8995
vn 0.2564 -0.0930 0.9621
vn 0.2620 -0.1672 0.9505
vn 0.2675 -0.1730 0.9479
vn 0.2899 -0.1006 0.9518
vn 0.3217 -0.1239 0.9387
vn 0.2717 -0.1728 0.9467
vn -0.8545 -0.3715 0.3631
vn -0.7807 -0.4791 0.4013
vn -0.8276 -0.3821 0.4111
vn -0.0346 -0.1827 0.9826
vn -0.0357 -0.2788 0.9597
vn -0.0357 -0.2814 0.9589
vn 0.0539 -0.8425 -0.5360
vn 0.0870 -0.8472 -0.5241
vn 0.7926 -0.3254 0.5156
vn 0.7481 -0.4015 0.5283
vn 0.8042 -0.3476 0.4822
vn 0.8047 -0.3258 0.4963
vn 0.7500 -0.4093 0.5196
vn 0.4407 0.1016 -0.8919
vn 0.4296 0.0971 -0.8978
vn 0.4410 0.1002 -0.8919
vn -0.2675 0.1730 -0.9479
vn -0.2900 0.0722 -0.9543
vn -0.3217 0.1188 -0.9394
vn -0.2883 0.0939 -0.9529
vn 0.8588 0.3798 -0.3438
vn 0.8648 0.3642 -0.3456
vn 0.8546 0.3525 -0.3813
vn -0.7410 0.4159 -0.5273
vn -0.7969 0.3219 -0.5111
vn -0.7971 0.3180 -0.5133
vn -0.8058 0.3418 -0.4836
vn -0.1689 -0.2418 0.9555
vn -0.0374 0.8429 0.5368
vn 0.0361 -0.8472 -0.5301
vn 0.0822 -0.8481 -0.5234
vn 0.4192 0.0953 -0.9029
vn 0.4484 0.1122 -0.8868
vn 0.4323 0.1297 -0.8923
vn 0.0388 -0.9158 -0.3998
vn 0.3370 0.1095 0.9351
vn -0.1650 -0.9712 0.1720
vn 0.3325 -0.8562 0.3955
vn -0.4564 0.0376 0.8890
vn 0.5249 -0.4018 0.7503
vn -0.8861 -0.2500 0.3904
vn 0.6830 -0.6780 0.2718
vn -0.4047 -0.1081 -0.9080
vn 0.8718 -0.2852 0.3984
vn 0.1504 -0.9699 0.1917
vn -0.8576 -0.3903 0.3351
vn -0.3069 -0.9357 -0.1743
vn 0.7428 -0.6457 0.1770
vn 0.2889 -0.9400 -0.1818
vn -0.0612 -0.2823 0.9574
vn -0.1672 -0.8504 -0.4989
vn 0.0781 -0.7453 -0.6621
vn 0.5066 -0.8610 -0.0450
vn -0.5765 -0.8165 0.0320
vn -0.6589 -0.5227 0.5409
vn 0.3502 -0.9239 -0.1540
vn -0.2869 -0.2079 0.9351
vn -0.2526 -0.3049 0.9183
vn 0.0084 -0.6137 0.7895
vn -0.2436 -0.9494 -0.1981
vn 0.7560 -0.6084 0.2416
vn 0.6691 -0.7121 0.2128
vn 0.0078 -0.2810 0.9597
vn -0.7428 -0.6457 0.1770
vn -0.6954 -0.1865 0.6940
vn 0.1578 -0.1881 0.9694
vn 0.1616 -0.2904 0.9432
vn 0.6229 -0.4770 0.6200
vn 0.6234 -0.7749 0.1041
vn -0.6907 -0.6277 0.3591
vn -0.2780 -0.9424 -0.1860
vn -0.0199 -0.2811 0.9595
vn -0.5485 -0.4162 0.7252
vn -0.9913 0.0145 -0.1305
vn 0.0198 0.8857 -0.4638
vn 0.0234 0.8844 -0.4662
vn 0.0237 0.8862 -0.4627
vn -0.3089 -0.4495 -0.8382
vn 0.8331 -0.2236 -0.5060
vn 0.8334 -0.2237 -0.5054
vn 0.8345 -0.2196 -0.5053
vn -0.8505 0.3033 0.4298
vn -0.8503 0.3042 0.4295
vn -0.8506 0.3047 0.4286
vn -0.7276 -0.2576 -0.6358
vn -0.7272 -0.2578 -0.6362
vn -0.8087 -0.2690 -0.5231
vn 0.3089 0.4955 0.8118
vn -0.3089 0.4955 0.8118
vn 0.9997 0.0228 -0.0132
vn 0.9996 0.0230 -0.0133
vn 0.8088 0.3150 0.4966
vn -0.8088 0.3150 0.4966
vn -0.8089 0.2813 0.5162
vn -0.9996 0.0229 -0.0133
vn -0.9996 0.0230 -0.0133
vn -0.9996 0.0257 -0.0148
vn 0.3089 -0.4495 -0.8382
vn -0.9927 0.0941 -0.0756
vn -0.9995 0.0283 -0.0163
vn -0.3403 0.4672 0.8160
vn 0.8090 0.2841 0.5146
vn 0.3071 -0.3769 -0.8738
vn -0.3087 0.4376 0.8445
vn -0.2754 -0.4831 -0.8312
vn -0.2738 -0.4833 -0.8315
vn -0.2764 -0.4829 -0.8309
vn 0.3354 -0.4881 -0.8058
vn 0.3326 -0.4885 -0.8067
vn 0.3308 -0.4886 -0.8073
vn -0.3071 -0.3775 -0.8736
vn 0.8265 -0.2936 -0.4802
vn 0.8249 -0.2947 -0.4824
vn 0.8238 -0.2954 -0.4838
vn -0.7853 -0.2825 -0.5509
vn -0.7847 -0.2829 -0.5516
vn -0.7859 -0.2822 -0.5503
vn 0.9993 0.0313 -0.0180
vn 0.9996 0.0231 -0.0133
vn -0.3761 0.4817 0.7915
vn 0.7516 0.3396 0.5655
vn 0.7520 0.3394 0.5651
vn 0.2721 0.4458 0.8528
vn 0.9973 0.0607 0.0416
vn -0.0000 -0.8660 0.5000
vn 0.9989 0.0327 0.0323
vn 0.9991 0.0314 0.0295
vn 0.9990 0.0318 0.0306
vn 0.3549 -0.3523 -0.8660
vn 0.3573 -0.3519 -0.8652
vn 0.3533 -0.3525 -0.8666
vn 0.3087 0.4382 0.8442
vn 0.2236 0.4938 0.8403
vn 0.2240 0.4937 0.8403
vn 0.3663 -0.3921 -0.8439
vn 0.3646 -0.3924 -0.8444
vn 0.3651 -0.3923 -0.8443
vn 0.2736 0.5477 0.7907
vn 0.2749 0.5475 0.7904
vn 0.2757 0.5474 0.7902
vn 0.7125 -0.2619 -0.6510
vn -0.8216 0.3319 0.4635
vn -0.7834 -0.1583 -0.6010
vn -0.2670 -0.3295 -0.9056
vn -0.3206 0.5542 0.7681
vn -0.3239 0.5539 0.7670
vn -0.3185 0.5545 0.7688
vn -0.8064 -0.2240 -0.5472
vn -0.2114 -0.4038 -0.8901
vn -0.2100 -0.4039 -0.8904
vn 0.7157 -0.3230 -0.6193
vn 0.9991 0.0207 0.0372
vn 0.9989 0.0325 0.0333
vn -0.9974 0.0467 -0.0553
vn -0.9973 0.0454 -0.0575
vn -0.9974 0.0476 -0.0538
vn 0.8331 -0.2194 -0.5077
vn 0.8350 -0.2181 -0.5051
vn -0.8109 0.3693 0.4539
vn -0.8132 0.3678 0.4510
vn -0.8093 0.3704 0.4559
vn 0.7845 0.2750 0.5557
vn 0.7781 0.3546 0.5185
vn 0.7780 0.3547 0.5186
vn 0.0196 0.8870 -0.4613
vn 0.0186 0.8852 -0.4648
vn 0.0191 0.8842 -0.4668
vn 0.0186 0.8849 -0.4655
vn 0.0191 0.8841 -0.4669
vn 0.0199 0.8849 -0.4654
vn 0.0260 0.8849 -0.4651
vn -0.9914 0.0144 -0.1301
vn 0.8330 -0.2237 -0.5061
vn -0.8273 0.2715 0.4919
vn -0.9851 0.0449 -0.1661
vn -0.9989 0.0164 -0.0447
vn -0.3740 0.4615 0.8044
vn 0.7848 0.2958 0.5446
vn 0.3469 -0.3731 -0.8605
vn -0.3391 0.4346 0.8344
vn -0.2728 -0.4834 -0.8318
vn 0.3372 -0.4879 -0.8051
vn -0.2746 -0.3834 -0.8818
vn 0.8277 -0.2928 -0.4788
vn -0.7842 -0.2832 -0.5522
vn 0.9985 0.0485 0.0257
vn -0.3763 0.4817 0.7915
vn 0.2190 0.4565 0.8623
vn 0.3590 -0.3516 -0.8646
vn 0.2761 0.4440 0.8524
vn 0.2237 0.4938 0.8403
vn 0.3662 -0.3921 -0.8439
vn 0.2728 0.5478 0.7909
vn 0.8338 -0.2069 -0.5118
vn -0.8514 0.3110 0.4224
vn -0.7081 -0.2053 -0.6756
vn -0.2021 -0.3435 -0.9172
vn -0.3260 0.5537 0.7663
vn -0.7883 -0.2329 -0.5695
vn -0.2099 -0.4039 -0.8904
vn 0.7495 -0.3058 -0.5871
vn 0.9969 0.0376 0.0690
vn -0.9973 0.0445 -0.0591
vn -0.8148 0.3667 0.4490
vn 0.7417 0.3015 0.5991
vt 0.956497 0.448875
vt 0.959598 0.402314
vt 0.959598 0.448875
vt 0.906141 0.059388
vt 0.916250 0.042369
vt 0.972597 0.089800
vt 0.973454 0.089312
vt 0.951171 0.028372
vt 0.955262 0.019217
vt 0.498409 0.446578
vt 0.480071 0.493221
vt 0.494573 0.437310
vt 0.491731 0.436102
vt 0.985614 0.236465
vt 0.983558 0.188977
vt 0.985614 0.188977
vt 0.972991 0.089491
vt 0.943153 0.023730
vt 0.959598 0.171054
vt 0.956497 0.205640
vt 0.956497 0.171054
vt 0.780771 0.100300
vt 0.764315 0.017569
vt 0.786308 0.097301
vt 0.989840 0.075992
vt 0.988611 0.094825
vt 0.988611 0.075992
vt 0.956497 0.133620
vt 0.575514 0.757526
vt 0.548471 0.837656
vt 0.546274 0.836311
vt 0.956497 0.463030
vt 0.959598 0.477219
vt 0.956497 0.477219
vt 0.956497 0.605793
vt 0.959598 0.587864
vt 0.959598 0.605793
vt 0.956497 0.642129
vt 0.959598 0.617587
vt 0.959598 0.642129
vt 0.998214 0.288646
vt 0.997042 0.297402
vt 0.997042 0.288646
vt 0.546438 0.846124
vt 0.534735 0.929167
vt 0.543877 0.846408
vt 0.429347 0.766068
vt 0.350638 0.783587
vt 0.426872 0.761442
vt 0.480671 0.494134
vt 0.537046 0.510338
vt 0.480539 0.494394
vt 0.459699 0.839741
vt 0.524121 0.822196
vt 0.526393 0.855078
vt 0.489348 0.675591
vt 0.559255 0.684700
vt 0.489213 0.679749
vt 0.989840 0.001503
vt 0.988611 0.028831
vt 0.988611 0.001503
vt 0.480387 0.493355
vt 0.506563 0.442174
vt 0.512493 0.541828
vt 0.480313 0.494582
vt 0.972925 0.089521
vt 0.935300 0.026644
vt 0.807678 0.528202
vt 0.887144 0.509076
vt 0.809381 0.531226
vt 0.985614 0.161540
vt 0.530642 0.486604
vt 0.538918 0.491203
vt 0.480118 0.493240
vt 0.888040 0.363623
vt 0.848012 0.437650
vt 0.883314 0.362388
vt 0.973394 0.089334
vt 0.517167 0.534619
vt 0.512529 0.535871
vt 0.847644 0.806542
vt 0.909974 0.861786
vt 0.846205 0.809356
vt 0.534086 0.510994
vt 0.514051 0.445132
vt 0.911886 0.066865
vt 0.972378 0.090170
vt 0.376333 0.001502
vt 0.384830 0.001502
vt 0.390022 0.008060
vt 0.388293 0.016343
vt 0.380712 0.020103
vt 0.373003 0.016505
vt 0.371031 0.008194
vt 0.537671 0.480560
vt 0.480688 0.493843
vt 0.902547 0.069363
vt 0.958453 0.018023
vt 0.973518 0.089268
vt 0.972347 0.091016
vt 0.902540 0.112120
vt 0.899884 0.093906
vt 0.789303 0.023449
vt 0.792606 0.097294
vt 0.901739 0.090588
vt 0.537577 0.509495
vt 0.906467 0.119843
vt 0.972540 0.091404
vt 0.913738 0.134139
vt 0.910682 0.128131
vt 0.909361 0.119663
vt 0.526259 0.530736
vt 0.519749 0.535940
vt 0.505651 0.021372
vt 0.498231 0.017967
vt 0.496286 0.009979
vt 0.501373 0.003509
vt 0.509558 0.003499
vt 0.514633 0.009839
vt 0.513033 0.017922
vt 0.534706 0.514745
vt 0.899166 0.088987
vt 0.994044 0.089058
vt 0.992847 0.113564
vt 0.992847 0.089058
vt 0.938436 0.321533
vt 0.940599 0.310611
vt 0.940599 0.321533
vt 0.992847 0.072542
vt 0.487331 0.671953
vt 0.561130 0.641100
vt 0.983558 0.130931
vt 0.985614 0.130931
vt 0.985614 0.044306
vt 0.983558 0.056223
vt 0.983558 0.044306
vt 0.994044 0.524533
vt 0.992847 0.509676
vt 0.994044 0.509676
vt 0.862965 0.701891
vt 0.906100 0.653872
vt 0.907683 0.655027
vt 0.795383 0.331812
vt 0.877488 0.349957
vt 0.877471 0.354842
vt 0.956497 0.545318
vt 0.959598 0.577042
vt 0.956497 0.577042
vt 0.898669 0.023991
vt 0.892710 0.105263
vt 0.888732 0.105441
vt 0.890021 0.870329
vt 0.938436 0.555160
vt 0.940599 0.585833
vt 0.938436 0.585833
vt 0.956497 0.121498
vt 0.959598 0.133620
vt 0.807975 0.537817
vt 0.888639 0.553912
vt 0.868992 0.594197
vt 0.884347 0.118254
vt 0.842344 0.180846
vt 0.819415 0.172704
vt 0.940599 0.453242
vt 0.938436 0.429671
vt 0.940599 0.429671
vt 0.833967 0.418986
vt 0.879569 0.359253
vt 0.913093 0.122686
vt 0.972292 0.090587
vt 0.480586 0.493566
vt 0.530928 0.462288
vt 0.992847 0.184784
vt 0.994044 0.204759
vt 0.992847 0.204759
vt 0.938436 0.378927
vt 0.940599 0.371939
vt 0.940599 0.378927
vt 0.898975 0.087676
vt 0.456879 0.841931
vt 0.458162 0.841732
vt 0.465708 0.897293
vt 0.959598 0.545318
vt 0.840606 0.811926
vt 0.875584 0.888283
vt 0.833133 0.897059
vt 0.956497 0.688298
vt 0.959598 0.688298
vt 0.938436 0.717279
vt 0.940599 0.673351
vt 0.940599 0.717279
vt 0.871074 0.263622
vt 0.888689 0.342482
vt 0.883824 0.342925
vt 0.913864 0.722183
vt 0.906332 0.721310
vt 0.902307 0.709415
vt 0.457927 0.836544
vt 0.507992 0.793385
vt 0.458975 0.837312
vt 0.814175 0.409330
vt 0.549777 0.839877
vt 0.631943 0.829355
vt 0.549826 0.842453
vt 0.548597 0.844717
vt 0.609752 0.903699
vt 0.842041 0.636420
vt 0.847237 0.626208
vt 0.853287 0.623207
vt 0.989840 0.052745
vt 0.988611 0.052745
vt 0.938436 0.480165
vt 0.940599 0.480165
vt 0.940599 0.388193
vt 0.938436 0.604031
vt 0.940599 0.615387
vt 0.938436 0.615387
vt 0.994044 0.290622
vt 0.992847 0.259911
vt 0.994044 0.259911
vt 0.833071 0.209618
vt 0.839154 0.203092
vt 0.839154 0.209618
vt 0.814541 0.219186
vt 0.820807 0.232016
vt 0.814541 0.232016
vt 0.833071 0.222072
vt 0.839154 0.224650
vt 0.833071 0.224650
vt 0.830078 0.203282
vt 0.823805 0.215095
vt 0.823805 0.203282
vt 0.833071 0.229953
vt 0.839154 0.229953
vt 0.833071 0.190638
vt 0.839154 0.183498
vt 0.839154 0.190638
vt 0.833071 0.231133
vt 0.839154 0.231133
vt 0.985614 0.361735
vt 0.983558 0.345203
vt 0.985614 0.345203
vt 0.989840 0.414729
vt 0.988611 0.440866
vt 0.988611 0.414729
vt 0.985614 0.440235
vt 0.983558 0.418220
vt 0.985614 0.418220
vt 0.992847 0.457794
vt 0.994044 0.467072
vt 0.992847 0.467072
vt 0.994044 0.416265
vt 0.992847 0.439208
vt 0.992847 0.416265
vt 0.985614 0.328874
vt 0.983558 0.310226
vt 0.985614 0.310226
vt 0.940599 0.604031
vt 0.938436 0.147499
vt 0.940599 0.163492
vt 0.938436 0.163492
vt 0.983558 0.483042
vt 0.985614 0.483042
vt 0.989840 0.162481
vt 0.988611 0.173154
vt 0.988611 0.162481
vt 0.938436 0.310611
vt 0.940599 0.297954
vt 0.983558 0.380963
vt 0.983558 0.361735
vt 0.998214 0.374825
vt 0.997042 0.332524
vt 0.998214 0.332524
vt 0.487295 0.905673
vt 0.467863 0.908720
vt 0.461946 0.909590
vt 0.454549 0.910756
vt 0.459187 0.840934
vt 0.513374 0.885370
vt 0.505211 0.888585
vt 0.508005 0.889464
vt 0.504308 0.892365
vt 0.492061 0.889773
vt 0.498188 0.897171
vt 0.496073 0.898803
vt 0.469570 0.777541
vt 0.476643 0.773078
vt 0.481395 0.773917
vt 0.511162 0.799132
vt 0.512223 0.809338
vt 0.518516 0.812205
vt 0.459610 0.838445
vt 0.519168 0.867262
vt 0.522756 0.863354
vt 0.516077 0.871895
vt 0.516421 0.878106
vt 0.900545 0.720634
vt 0.881229 0.718119
vt 0.909628 0.655270
vt 0.911510 0.685009
vt 0.860264 0.702834
vt 0.854729 0.698777
vt 0.883027 0.110661
vt 0.801744 0.095631
vt 0.799524 0.083884
vt 0.875835 0.702651
vt 0.872187 0.711586
vt 0.870079 0.710059
vt 0.863959 0.705552
vt 0.910142 0.580943
vt 0.914808 0.579903
vt 0.911966 0.617044
vt 0.907779 0.647183
vt 0.882795 0.587053
vt 0.894704 0.590043
vt 0.887649 0.585927
vt 0.853977 0.613210
vt 0.857077 0.607295
vt 0.483240 0.685114
vt 0.454347 0.765538
vt 0.479085 0.684913
vt 0.905340 0.650137
vt 0.844701 0.677371
vt 0.840853 0.669127
vt 0.848326 0.681072
vt 0.905268 0.652096
vt 0.851487 0.685498
vt 0.851341 0.691572
vt 0.983558 0.510847
vt 0.909692 0.646756
vt 0.486956 0.683243
vt 0.542379 0.720516
vt 0.839154 0.222072
vt 0.355628 0.760523
vt 0.426778 0.756197
vt 0.456650 0.836307
vt 0.453437 0.768798
vt 0.709825 0.066942
vt 0.777404 0.105622
vt 0.716613 0.172934
vt 0.711319 0.163044
vt 0.722380 0.148115
vt 0.509098 0.588915
vt 0.550845 0.613868
vt 0.805767 0.202381
vt 0.785403 0.120872
vt 0.791685 0.121308
vt 0.833071 0.203092
vt 0.956497 0.366601
vt 0.959598 0.331703
vt 0.959598 0.366601
vt 0.781267 0.017510
vt 0.622720 0.804629
vt 0.620196 0.797690
vt 0.994044 0.457794
vt 0.988611 0.147426
vt 0.989840 0.147426
vt 0.994044 0.044846
vt 0.992847 0.044846
vt 0.985614 0.527418
vt 0.985614 0.510847
vt 0.994044 0.172923
vt 0.992847 0.172923
vt 0.985614 0.076265
vt 0.985614 0.056223
vt 0.998214 0.051172
vt 0.997042 0.019990
vt 0.998214 0.019990
vt 0.814541 0.261258
vt 0.820807 0.271874
vt 0.814541 0.271874
vt 0.814541 0.181699
vt 0.820807 0.195634
vt 0.814541 0.195634
vt 0.820807 0.255568
vt 0.814541 0.255568
vt 0.344431 0.489332
vt 0.338824 0.475509
vt 0.344431 0.475509
vt 0.830078 0.215095
vt 0.823805 0.236875
vt 0.830078 0.249719
vt 0.823805 0.253391
vt 0.823805 0.249719
vt 0.814541 0.177502
vt 0.820807 0.181699
vt 0.994044 0.241692
vt 0.992847 0.241692
vt 0.983558 0.101212
vt 0.985614 0.101212
vt 0.992847 0.230324
vt 0.994044 0.230324
vt 0.940599 0.527421
vt 0.940599 0.555160
vt 0.997042 0.079372
vt 0.997042 0.051172
vt 0.994044 0.365709
vt 0.992847 0.318396
vt 0.994044 0.318396
vt 0.989840 0.104226
vt 0.988611 0.104226
vt 0.988611 0.111315
vt 0.997042 0.154766
vt 0.998214 0.178729
vt 0.997042 0.178729
vt 0.985614 0.112635
vt 0.983558 0.112635
vt 0.994044 0.490529
vt 0.992847 0.474069
vt 0.994044 0.474069
vt 0.992847 0.001498
vt 0.994044 0.001498
vt 0.985614 0.395871
vt 0.983558 0.405505
vt 0.983558 0.395871
vt 0.985614 0.405505
vt 0.994044 0.569434
vt 0.992847 0.547508
vt 0.994044 0.547508
vt 0.938436 0.232126
vt 0.940599 0.276054
vt 0.938436 0.276054
vt 0.983558 0.552006
vt 0.985614 0.552006
vt 0.994044 0.129574
vt 0.994044 0.113564
vt 0.572850 0.705069
vt 0.557045 0.729412
vt 0.552327 0.736665
vt 0.546402 0.745999
vt 0.574434 0.656408
vt 0.570360 0.668702
vt 0.573996 0.666367
vt 0.573780 0.673299
vt 0.573424 0.684773
vt 0.573292 0.688624
vt 0.540254 0.748962
vt 0.513493 0.753006
vt 0.509246 0.764588
vt 0.502926 0.767887
vt 0.460453 0.587573
vt 0.470138 0.587944
vt 0.483834 0.594384
vt 0.492194 0.588540
vt 0.483760 0.669819
vt 0.558526 0.633311
vt 0.557213 0.625595
vt 0.568694 0.646295
vt 0.707302 0.155531
vt 0.693906 0.130013
vt 0.777151 0.111915
vt 0.780095 0.117481
vt 0.695426 0.091701
vt 0.695846 0.081556
vt 0.698813 0.094240
vt 0.708507 0.110670
vt 0.694516 0.113521
vt 0.694660 0.109720
vt 0.695140 0.098485
vt 0.722573 0.176743
vt 0.757461 0.199025
vt 0.748243 0.183372
vt 0.751235 0.195080
vt 0.802884 0.017501
vt 0.812766 0.017514
vt 0.848389 0.468645
vt 0.804748 0.526339
vt 0.832541 0.449409
vt 0.714535 0.052001
vt 0.721737 0.040629
vt 0.712815 0.059472
vt 0.702135 0.071595
vt 0.992847 0.392664
vt 0.992847 0.365709
vt 0.801281 0.526159
vt 0.808734 0.460806
vt 0.906239 0.648396
vt 0.956497 0.236298
vt 0.959598 0.205640
vt 0.959598 0.236298
vt 0.845007 0.270604
vt 0.852777 0.261653
vt 0.395597 0.834283
vt 0.433722 0.768963
vt 0.404745 0.672131
vt 0.414941 0.670593
vt 0.424464 0.684772
vt 0.349840 0.739042
vt 0.429050 0.751469
vt 0.843604 0.798828
vt 0.888547 0.741754
vt 0.846240 0.800572
vt 0.479602 0.669704
vt 0.350303 0.768008
vt 0.812672 0.070785
vt 0.885238 0.107350
vt 0.997042 0.202024
vt 0.985614 0.380963
vt 0.983558 0.263526
vt 0.983558 0.236465
vt 0.940599 0.204463
vt 0.938436 0.187967
vt 0.940599 0.187967
vt 0.997042 0.515180
vt 0.998214 0.535461
vt 0.997042 0.535461
vt 0.820807 0.261258
vt 0.830078 0.268325
vt 0.823805 0.263148
vt 0.830078 0.263148
vt 0.830078 0.181503
vt 0.823805 0.181503
vt 0.344431 0.432586
vt 0.338824 0.427678
vt 0.344431 0.427678
vt 0.820807 0.219186
vt 0.344431 0.444066
vt 0.338824 0.450327
vt 0.338824 0.444066
vt 0.338824 0.412680
vt 0.344431 0.412680
vt 0.992847 0.490529
vt 0.998214 0.297402
vt 0.997042 0.310268
vt 0.938436 0.673351
vt 0.940599 0.661502
vt 0.940599 0.232126
vt 0.992847 0.290622
vt 0.938436 0.527421
vt 0.985614 0.338183
vt 0.983558 0.328874
vt 0.938436 0.406756
vt 0.940599 0.406756
vt 0.938436 0.355497
vt 0.940599 0.336372
vt 0.940599 0.355497
vt 0.985614 0.563010
vt 0.992847 0.129574
vt 0.992847 0.534836
vt 0.992847 0.524533
vt 0.994044 0.534836
vt 0.938436 0.297954
vt 0.782382 0.443599
vt 0.809089 0.445014
vt 0.817094 0.445470
vt 0.827279 0.445943
vt 0.805128 0.539803
vt 0.832230 0.619852
vt 0.820534 0.617448
vt 0.823059 0.620524
vt 0.816697 0.621070
vt 0.804710 0.609009
vt 0.806165 0.621977
vt 0.787495 0.623594
vt 0.801668 0.540093
vt 0.802601 0.622266
vt 0.859557 0.466558
vt 0.865152 0.470021
vt 0.887363 0.518013
vt 0.882230 0.530972
vt 0.888061 0.538336
vt 0.809496 0.534696
vt 0.851902 0.603091
vt 0.858845 0.601157
vt 0.845014 0.606217
vt 0.840968 0.613636
vt 0.422730 0.669424
vt 0.448968 0.665758
vt 0.438435 0.747569
vt 0.433243 0.748316
vt 0.418077 0.848082
vt 0.408769 0.847402
vt 0.420510 0.845044
vt 0.438955 0.769336
vt 0.453258 0.850573
vt 0.435890 0.836619
vt 0.438122 0.849554
vt 0.434609 0.849315
vt 0.424301 0.848544
vt 0.369114 0.698919
vt 0.385555 0.695992
vt 0.374509 0.694819
vt 0.349968 0.748125
vt 0.381956 0.829668
vt 0.371643 0.822831
vt 0.388790 0.831391
vt 0.399731 0.841437
vt 0.985614 0.287206
vt 0.985614 0.263526
vt 0.938436 0.371939
vt 0.989840 0.208226
vt 0.988611 0.252399
vt 0.988611 0.208226
vt 0.847689 0.803381
vt 0.908884 0.771437
vt 0.893222 0.204475
vt 0.887505 0.120678
vt 0.891411 0.121448
vt 0.863206 0.025615
vt 0.824207 0.046919
vt 0.956497 0.282477
vt 0.959598 0.282477
vt 0.997042 0.460841
vt 0.998214 0.503142
vt 0.997042 0.503142
vt 0.399546 0.676036
vt 0.795409 0.325376
vt 0.800062 0.316291
vt 0.816960 0.316827
vt 0.930138 0.785829
vt 0.930323 0.779751
vt 0.836127 0.427818
vt 0.998214 0.127404
vt 0.998214 0.079372
vt 0.998214 0.254126
vt 0.997042 0.237420
vt 0.998214 0.237420
vt 0.998214 0.310268
vt 0.998214 0.460841
vt 0.997042 0.444592
vt 0.998214 0.444592
vt 0.956497 0.402314
vt 0.998214 0.571249
vt 0.997042 0.559712
vt 0.998214 0.559712
vt 0.352772 0.401906
vt 0.347433 0.426827
vt 0.347433 0.401906
vt 0.830078 0.253391
vt 0.338824 0.432586
vt 0.830078 0.236875
vt 0.347433 0.461342
vt 0.352772 0.486262
vt 0.347433 0.486262
vt 0.938436 0.641552
vt 0.940599 0.641552
vt 0.998214 0.001498
vt 0.997042 0.001498
vt 0.989840 0.501996
vt 0.988611 0.470877
vt 0.989840 0.470877
vt 0.983558 0.287206
vt 0.997042 0.127404
vt 0.998214 0.230316
vt 0.997042 0.230316
vt 0.998214 0.220896
vt 0.997042 0.220896
vt 0.997042 0.273561
vt 0.997042 0.254126
vt 0.938436 0.336372
vt 0.989840 0.297212
vt 0.988611 0.322044
vt 0.988611 0.297212
vt 0.997042 0.402940
vt 0.997042 0.374825
vt 0.988611 0.280477
vt 0.910362 0.741023
vt 0.922244 0.764002
vt 0.925785 0.771006
vt 0.874118 0.717038
vt 0.881555 0.725865
vt 0.881477 0.722014
vt 0.886642 0.725405
vt 0.895199 0.731016
vt 0.898115 0.732964
vt 0.922376 0.808671
vt 0.929738 0.816838
vt 0.929710 0.823191
vt 0.903097 0.867010
vt 0.887505 0.879066
vt 0.843701 0.811285
vt 0.840453 0.798581
vt 0.830888 0.713658
vt 0.849121 0.717493
vt 0.842736 0.714681
vt 0.856195 0.719381
vt 0.863780 0.716321
vt 0.803660 0.309285
vt 0.815992 0.286140
vt 0.879758 0.345632
vt 0.845074 0.266753
vt 0.838042 0.286504
vt 0.828444 0.277747
vt 0.831372 0.275778
vt 0.839919 0.270152
vt 0.795253 0.369538
vt 0.802724 0.354793
vt 0.795221 0.362831
vt 0.821034 0.415143
vt 0.884470 0.258749
vt 0.896668 0.257651
vt 0.878123 0.261646
vt 0.863450 0.260659
vt 0.989840 0.338282
vt 0.988611 0.382455
vt 0.988611 0.338282
vt 0.609863 0.877780
vt 0.540493 0.754532
vt 0.543707 0.836087
vt 0.531806 0.753679
vt 0.352772 0.446818
vt 0.347433 0.446818
vt 0.956497 0.331703
vt 0.886420 0.029915
vt 0.988611 0.530137
vt 0.988611 0.501996
vt 0.998214 0.419709
vt 0.997042 0.419709
vt 0.989840 0.252399
vt 0.989840 0.452401
vt 0.989840 0.440866
vt 0.972851 0.091708
vt 0.344431 0.387498
vt 0.338824 0.387498
vt 0.352772 0.395500
vt 0.347433 0.395500
vt 0.352772 0.432435
vt 0.347433 0.443369
vt 0.347433 0.432435
vt 0.352772 0.426827
vt 0.344431 0.450327
vt 0.989840 0.128009
vt 0.989840 0.111315
vt 0.989840 0.173154
vt 0.988611 0.185994
vt 0.989840 0.185994
vt 0.480030 0.494664
vt 0.507556 0.545916
vt 0.484511 0.552790
vt 0.988611 0.394489
vt 0.959598 0.451717
vt 0.959598 0.463030
vt 0.988611 0.452401
vt 0.989840 0.322044
vt 0.956497 0.451717
vt 0.988611 0.128009
vt 0.985614 0.001499
vt 0.983558 0.001499
vt 0.998214 0.273561
vt 0.989840 0.382455
vt 0.635835 0.861955
vt 0.623297 0.884856
vt 0.619619 0.891626
vt 0.614958 0.900422
vt 0.635018 0.818110
vt 0.635098 0.827088
vt 0.635233 0.833319
vt 0.622738 0.844246
vt 0.635461 0.843636
vt 0.635514 0.847153
vt 0.586260 0.910035
vt 0.583575 0.920796
vt 0.578226 0.924356
vt 0.989840 0.578095
vt 0.989840 0.530137
vt 0.552476 0.760978
vt 0.612825 0.780386
vt 0.618835 0.790787
vt 0.629632 0.809132
vt 0.814268 0.168748
vt 0.810005 0.159378
vt 0.798739 0.093169
vt 0.882699 0.114629
vt 0.795861 0.128274
vt 0.809974 0.111084
vt 0.797039 0.113174
vt 0.797316 0.109657
vt 0.798207 0.099376
vt 0.844251 0.191771
vt 0.817338 0.057186
vt 0.815589 0.064001
vt 0.805514 0.074884
vt 0.878746 0.024894
vt 0.560349 0.756276
vt 0.849621 0.195885
vt 0.820700 0.146244
vt 0.806800 0.152355
vt 0.956497 0.617587
vt 0.956497 0.587864
vt 0.989840 0.094825
vt 0.989840 0.028831
vt 0.983558 0.161540
vt 0.890642 0.448789
vt 0.994044 0.072542
vt 0.907729 0.023586
vt 0.959598 0.121498
vt 0.938436 0.453242
vt 0.994044 0.184784
vt 0.938436 0.388193
vt 0.833071 0.183498
vt 0.983558 0.440235
vt 0.994044 0.439208
vt 0.940599 0.147499
vt 0.448909 0.767879
vt 0.983558 0.527418
vt 0.983558 0.076265
vt 0.338824 0.489332
vt 0.820807 0.177502
vt 0.998214 0.154766
vt 0.992847 0.569434
vt 0.994044 0.392664
vt 0.998214 0.202024
vt 0.938436 0.204463
vt 0.998214 0.515180
vt 0.823805 0.268325
vt 0.938436 0.661502
vt 0.983558 0.338183
vt 0.983558 0.563010
vt 0.997042 0.571249
vt 0.352772 0.461342
vt 0.998214 0.402940
vt 0.989840 0.280477
vt 0.931281 0.151530
vt 0.352772 0.443369
vt 0.989840 0.394489
vt 0.988611 0.578095
vt 0.189220 0.928127
vt 0.178403 0.985624
vt 0.178403 0.928127
vt 0.366955 0.001517
vt 0.365862 0.002909
vt 0.365872 0.001845
vt 0.156839 0.593586
vt 0.167611 0.001502
vt 0.167611 0.593586
vt 0.146053 0.985624
vt 0.136201 0.928127
vt 0.146053 0.928127
vt 0.200032 0.928127
vt 0.189220 0.985624
vt 0.167611 0.985624
vt 0.167611 0.928127
vt 0.178403 0.001502
vt 0.178403 0.593586
vt 0.221592 0.593586
vt 0.210818 0.001502
vt 0.221592 0.001502
vt 0.200032 0.593586
vt 0.210818 0.593586
vt 0.136201 0.593586
vt 0.124146 0.001502
vt 0.136201 0.001502
vt 0.124146 0.593586
vt 0.113353 0.001502
vt 0.189220 0.593586
vt 0.200032 0.001502
vt 0.200032 0.765657
vt 0.189220 0.001502
vt 0.146053 0.001502
vt 0.156839 0.001502
vt 0.189220 0.869469
vt 0.178403 0.869469
vt 0.189220 0.765657
vt 0.210818 0.869469
vt 0.200032 0.869469
vt 0.113353 0.765657
vt 0.113353 0.593586
vt 0.146053 0.765657
vt 0.146053 0.593586
vt 0.210818 0.765657
vt 0.167611 0.869469
vt 0.156839 0.765657
vt 0.167611 0.765657
vt 0.146053 0.869469
vt 0.136201 0.869469
vt 0.136201 0.765657
vt 0.178403 0.765657
vt 0.124146 0.765657
vt 0.210818 0.928127
vt 0.200032 0.985624
vt 0.124146 0.985624
vt 0.113353 0.928127
vt 0.124146 0.928127
vt 0.221592 0.928127
vt 0.221592 0.869469
vt 0.136201 0.985624
vt 0.362745 0.002303
vt 0.361212 0.001805
vt 0.362159 0.001498
vt 0.124146 0.869469
vt 0.156839 0.928127
vt 0.156839 0.869469
vt 0.221592 0.765657
vt 0.221592 0.985624
vt 0.156839 0.985624
vt 0.113353 0.869469
vt 0.362583 0.001805
vt 0.362643 0.002757
vt 0.362159 0.003109
vt 0.361636 0.003109
vt 0.361212 0.002801
vt 0.361050 0.002303
vt 0.361636 0.001498
vt 0.366360 0.001510
vt 0.367417 0.001859
vt 0.367570 0.002393
vt 0.367368 0.002913
vt 0.366895 0.003228
vt 0.366324 0.003228
vt 0.365685 0.002383
vt 0.210818 0.985624
vt 0.113353 0.985624
s 1
f 2219/4511/4701 2252/4512/4702 2238/4513/4703
f 2251/4514/4704 2239/4515/4705 2217/4516/4706
f 2218/4517/4707 2250/4518/4708 2248/4519/4709
f 2231/4520/4710 2263/4521/4711 2229/4522/4712
f 2263/4521/4711 2222/4523/4713 2229/4522/4712
f 2533/4524/4714 2583/4525/4715 2550/4526/4716
f 2258/4527/4717 2249/4528/4718 2250/4518/4708
f 2250/4529/4719 2230/4530/4720 2231/4531/4719
f 2377/4532/4721 2371/4533/4721 2378/4534/4721
f 2421/4535/4722 2458/4536/4722 2454/4537/4722
f 2229/4538/4723 2250/4529/4724 2231/4531/4724
f 2536/4539/4725 2542/4540/4725 2543/4541/4725
f 2237/4542/4726 2255/4543/4726 2236/4544/4726
f 2227/4545/4727 2247/4546/4727 2246/4547/4727
f 2223/4548/4728 2245/4549/4729 2242/4550/4730
f 2296/4551/4731 2330/4552/4732 2329/4553/4731
f 2545/4554/4733 2537/4555/4733 2544/4556/4733
f 2443/4557/4734 2437/4558/4734 2444/4559/4734
f 2267/4560/4735 2235/4561/4736 2261/4562/4737
f 2277/4563/4738 2271/4564/4738 2270/4565/4738
f 2343/4566/4739 2357/4567/4740 2342/4568/4741
f 2401/4569/4742 2455/4570/4743 2434/4571/4744
f 2264/4572/4745 2231/4520/4710 2230/4573/4746
f 2226/4574/4747 2262/4575/4748 2261/4562/4749
f 2249/4528/4718 2258/4576/4717 2240/4577/4750
f 2413/4578/4751 2405/4579/4751 2412/4580/4751
f 2583/4525/4752 2552/4581/4752 2550/4526/4752
f 2267/4560/4753 2234/4582/4754 2233/4583/4755
f 2264/4572/4745 2263/4584/4711 2231/4520/4710
f 2509/4585/4756 2503/4586/4756 2510/4587/4756
f 2218/4588/4707 2258/4527/4717 2250/4518/4708
f 2228/4589/4757 2227/4590/4758 2261/4562/4749
f 2479/4591/4759 2471/4592/4759 2478/4593/4759
f 2237/4594/4760 2261/4562/4737 2235/4561/4736
f 2221/4595/4761 2264/4572/4745 2230/4573/4746
f 2253/4596/4762 2251/4514/4704 2217/4516/4706
f 2216/4597/4763 2253/4596/4762 2217/4516/4706
f 2260/4598/4764 2257/4599/4765 2216/4600/4766
f 2216/4600/4766 2217/4601/4767 2258/4602/4768
f 2258/4602/4768 2218/4603/4769 2259/4604/4770
f 2232/4605/4771 2234/4582/4772 2266/4606/4773
f 2252/4607/4774 2253/4596/4775 2216/4597/4776
f 2248/4519/4709 2241/4608/4750 2218/4609/4707
f 2260/4610/4777 2243/4611/4777 2255/4612/4778
f 2400/4613/4779 2379/4614/4780 2378/4534/4781
f 2260/4610/4777 2255/4612/4778 2256/4615/4782
f 2233/4583/4755 2219/4616/4783 2267/4560/4753
f 2267/4560/4753 2266/4606/4784 2234/4582/4754
f 2244/4617/4785 2243/4611/4786 2260/4610/4787
f 2259/4618/4788 2242/4619/4786 2245/4620/4789
f 2247/4621/4790 2244/4617/4785 2260/4610/4787
f 2261/4562/4749 2224/4622/4791 2225/4623/4792
f 2261/4562/4749 2225/4623/4792 2228/4589/4757
f 2267/4624/4793 2261/4625/4794 2262/4626/4795
f 2263/4627/4796 2264/4628/4795 2265/4629/4797
f 2263/4627/4796 2265/4629/4797 2266/4630/4798
f 2236/4631/4799 2224/4622/4800 2261/4562/4737
f 2237/4594/4760 2236/4631/4799 2261/4562/4737
f 2260/4610/4777 2256/4615/4782 2254/4632/4801
f 2499/4633/4802 2530/4634/4803 2532/4635/4802
f 2363/4636/4804 2397/4637/4805 2396/4638/4804
f 2531/4639/4806 2499/4633/4806 2532/4635/4806
f 2344/4640/4807 2363/4641/4808 2343/4566/4809
f 2552/4581/4810 2584/4642/4810 2551/4643/4810
f 2538/4644/4811 2581/4645/4812 2571/4646/4813
f 2495/4647/4814 2527/4648/4815 2494/4649/4816
f 2326/4650/4817 2309/4651/4818 2308/4652/4819
f 2514/4653/4820 2513/4654/4821 2512/4655/4822
f 2224/4656/4823 2244/4657/4824 2225/4658/4825
f 2596/4659/4826 2577/4660/4827 2576/4661/4828
f 2499/4662/4829 2478/4593/4830 2471/4592/4831
f 2217/4516/4832 2240/4577/4833 2258/4576/4834
f 2354/4663/4835 2386/4664/4835 2353/4665/4835
f 2222/4666/4836 2248/4667/4837 2229/4538/4838
f 2410/4668/4839 2404/4669/4839 2403/4670/4839
f 2579/4671/4840 2582/4672/4841 2580/4673/4842
f 2389/4674/4843 2357/4675/4843 2390/4676/4843
f 2532/4677/4844 2511/4678/4845 2510/4587/4846
f 2246/4679/4847 2260/4610/4787 2259/4618/4788
f 2257/4680/4848 2252/4607/4774 2216/4597/4776
f 2265/4681/4849 2221/4595/4849 2220/4682/4849
f 2515/4683/4850 2483/4684/4850 2516/4685/4850
f 2360/4686/4851 2391/4687/4851 2393/4688/4851
f 2257/4680/4777 2254/4632/4801 2238/4689/4777
f 2265/4681/4852 2232/4605/4771 2266/4606/4773
f 2281/4690/4853 2275/4691/4854 2287/4692/4855
f 2224/4656/4823 2255/4543/4856 2243/4693/4857
f 2476/4694/4858 2470/4695/4858 2469/4696/4858
f 2222/4697/4836 2242/4550/4730 2241/4698/4859
f 2339/4699/4860 2373/4700/4860 2372/4701/4860
f 2528/4702/4861 2509/4703/4862 2508/4704/4863
f 2307/4705/4864 2319/4706/4865 2320/4707/4866
f 2280/4708/4867 2272/4709/4867 2279/4710/4867
f 2504/4711/4868 2512/4655/4868 2511/4678/4868
f 2541/4712/4869 2558/4713/4870 2540/4714/4871
f 2546/4715/4872 2547/4716/4873 2545/4554/4874
f 2304/4717/4875 2332/4718/4876 2333/4719/4877
f 2455/4570/4878 2423/4720/4878 2456/4721/4878
f 2335/4722/4879 2389/4674/4880 2368/4723/4881
f 2392/4724/4882 2360/4686/4882 2393/4688/4882
f 2341/4725/4883 2382/4726/4884 2349/4727/4885
f 2486/4728/4886 2518/4729/4886 2485/4730/4886
f 2311/4731/4887 2279/4732/4888 2278/4733/4889
f 2445/4734/4890 2411/4735/4891 2444/4736/4891
f 2310/4737/4892 2276/4738/4893 2309/4739/4893
f 2510/4740/4894 2478/4741/4895 2477/4742/4894
f 2308/4743/4896 2276/4738/4893 2275/4744/4897
f 2313/4745/4898 2281/4746/4899 2280/4747/4898
f 2314/4748/4899 2275/4744/4897 2281/4749/4899
f 2534/4750/4900 2589/4751/4901 2556/4752/4902
f 2417/4753/4903 2448/4754/4904 2450/4755/4903
f 2216/4600/4766 2259/4604/4770 2260/4598/4764
f 2535/4756/4905 2592/4757/4906 2559/4758/4907
f 2423/4720/4908 2454/4537/4908 2456/4721/4908
f 2524/4759/4909 2492/4760/4910 2525/4761/4910
f 2489/4762/4911 2520/4763/4911 2522/4764/4911
f 2557/4765/4912 2586/4766/4912 2553/4767/4912
f 2341/4725/4913 2386/4664/4914 2374/4768/4915
f 2339/4769/4916 2398/4770/4917 2365/4771/4918
f 2569/4772/4919 2535/4756/4919 2536/4773/4919
f 2429/4774/4920 2463/4775/4921 2462/4776/4920
f 2364/4777/4922 2394/4778/4923 2397/4637/4805
f 2534/4750/4924 2593/4779/4925 2567/4780/4926
f 2271/4781/4927 2303/4782/4927 2270/4783/4927
f 2275/4691/4854 2268/4784/4928 2287/4692/4855
f 2268/4784/4928 2285/4785/4929 2287/4692/4855
f 2287/4692/4855 2286/4786/4930 2274/4787/4931
f 2274/4787/4931 2281/4690/4853 2287/4692/4855
f 2276/4788/4932 2269/4789/4933 2293/4790/4934
f 2269/4789/4933 2291/4791/4935 2293/4790/4934
f 2293/4790/4934 2292/4792/4936 2290/4793/4937
f 2292/4792/4936 2288/4794/4938 2290/4793/4937
f 2268/4784/4939 2275/4691/4940 2290/4793/4937
f 2290/4793/4937 2289/4795/4941 2268/4784/4939
f 2284/4796/4942 2283/4797/4943 2273/4798/4944
f 2273/4798/4944 2280/4708/4945 2284/4796/4942
f 2272/4709/4946 2298/4799/4947 2300/4800/4948
f 2300/4800/4948 2299/4801/4949 2271/4564/4950
f 2271/4564/4950 2278/4802/4951 2300/4800/4948
f 2277/4563/4952 2270/4565/4953 2297/4803/4954
f 2270/4565/4953 2294/4804/4955 2297/4803/4954
f 2269/4789/4956 2276/4788/4957 2296/4805/4958
f 2296/4805/4958 2295/4806/4959 2269/4789/4956
f 2318/4807/4865 2301/4808/4960 2320/4707/4866
f 2301/4808/4960 2308/4652/4961 2320/4707/4866
f 2308/4652/4961 2314/4809/4962 2320/4707/4866
f 2334/4810/4963 2320/4707/4866 2314/4809/4962
f 2324/4811/4964 2302/4812/4965 2326/4650/4817
f 2574/4813/4966 2591/4814/4967 2567/4815/4968
f 2308/4652/4819 2301/4808/4969 2323/4816/4970
f 2301/4808/4969 2322/4817/4964 2323/4816/4970
f 2323/4816/4970 2321/4818/4964 2325/4819/4964
f 2323/4816/4970 2325/4819/4964 2326/4650/4817
f 2315/4820/4971 2307/4821/4972 2334/4822/4972
f 2313/4823/4973 2306/4824/4974 2317/4825/4975
f 2306/4824/4974 2316/4826/4976 2317/4825/4975
f 2331/4827/4876 2305/4828/4977 2333/4719/4877
f 2347/4829/4978 2339/4830/4978 2346/4831/4978
f 2311/4832/4979 2304/4717/4875 2333/4719/4877
f 2327/4833/4980 2303/4834/4981 2330/4835/4982
f 2303/4834/4981 2310/4836/4983 2330/4835/4982
f 2309/4651/4984 2302/4812/4985 2329/4837/4986
f 2302/4812/4985 2328/4838/4980 2329/4837/4986
f 2536/4773/4987 2597/4839/4988 2569/4772/4989
f 2315/4820/4971 2334/4822/4972 2314/4840/4990
f 2348/4841/4991 2342/4568/4992 2354/4842/4993
f 2300/4800/4948 2279/4710/4994 2272/4709/4946
f 2310/4737/4892 2278/4733/4889 2277/4843/4892
f 2466/4844/4995 2445/4845/4996 2444/4559/4997
f 2281/4846/4998 2282/4847/4999 2280/4708/4945
f 2396/4848/5000 2377/4532/5001 2376/4849/5002
f 2374/4850/5003 2386/4851/5004 2387/4852/5005
f 2344/4640/5006 2338/4853/5006 2337/4854/5006
f 2372/4855/5007 2380/4856/5007 2379/4857/5007
f 2312/4858/4888 2280/4747/4898 2279/4732/4888
f 2234/4859/5008 2251/4860/5009 2253/4861/5010
f 2371/4533/5011 2399/4862/5012 2400/4613/4779
f 2561/4863/5013 2542/4540/5014 2562/4864/5015
f 2520/4763/5016 2491/4865/5016 2524/4759/5016
f 2429/4774/5017 2461/4866/5018 2428/4867/5019
f 2470/4868/5020 2531/4639/5021 2503/4869/5022
f 2565/4870/5023 2597/4839/5023 2564/4871/5023
f 2472/4872/5024 2515/4683/5025 2505/4873/5026
f 2549/4874/5027 2581/4645/5027 2548/4875/5027
f 2287/4876/5028 2319/4877/5028 2286/4878/5028
f 2442/4879/5029 2408/4880/5030 2441/4881/5030
f 2447/4882/5031 2413/4883/5032 2446/4884/5032
f 2444/4736/4891 2410/4885/5033 2443/4886/5033
f 2379/4887/5034 2345/4888/5035 2378/4889/5035
f 2511/4890/4895 2479/4891/5036 2478/4741/4895
f 2513/4892/5037 2474/4893/5038 2480/4894/5039
f 2441/4895/5030 2414/4896/5031 2447/4882/5031
f 2473/4897/5040 2518/4729/5041 2506/4898/5042
f 2580/4899/5043 2549/4874/5044 2547/4900/5045
f 2473/4897/5046 2514/4901/5047 2481/4902/5048
f 2354/4663/5049 2385/4903/5050 2387/4904/5049
f 2287/4876/5051 2318/4905/5051 2320/4906/5051
f 2467/4907/5052 2517/4908/5053 2484/4909/5054
f 2458/4536/5055 2426/4910/5055 2459/4911/5055
f 2426/4910/5056 2457/4912/5056 2459/4911/5056
f 2322/4913/5057 2290/4914/5057 2323/4915/5057
f 2539/4916/5058 2584/4642/5059 2572/4917/5060
f 2468/4918/5061 2523/4919/5062 2490/4920/5063
f 2470/4868/5064 2502/4921/5065 2469/4922/5065
f 2561/4923/5066 2595/4924/5067 2594/4925/5068
f 2592/4757/4906 2562/4926/5069 2559/4758/4907
f 2469/4927/5070 2526/4928/5071 2493/4929/5072
f 2338/4930/5073 2370/4931/5074 2337/4932/5074
f 2596/4933/5075 2565/4870/5076 2563/4934/5077
f 2471/4935/5078 2530/4634/4803 2497/4936/5079
f 2342/4568/4992 2335/4937/5080 2354/4842/4993
f 2335/4937/5080 2352/4938/5081 2354/4842/4993
f 2354/4842/4993 2353/4939/5082 2341/4940/5083
f 2341/4940/5083 2348/4841/4991 2354/4842/4993
f 2343/4566/4739 2336/4941/5084 2360/4942/5085
f 2336/4941/5084 2358/4943/5086 2360/4942/5085
f 2360/4942/5085 2359/4944/5087 2357/4567/4740
f 2359/4944/5087 2355/4945/5087 2357/4567/4740
f 2335/4937/5088 2342/4568/4741 2357/4567/4740
f 2357/4567/4740 2356/4946/5089 2335/4937/5088
f 2348/4841/5090 2341/4940/5091 2349/4947/5092
f 2351/4948/5093 2350/4949/5094 2340/4950/5095
f 2340/4950/5095 2347/4829/5096 2351/4948/5093
f 2339/4951/5097 2365/4952/5098 2367/4953/5099
f 2367/4953/5099 2366/4954/5100 2338/4853/5101
f 2338/4853/5101 2345/4955/5102 2367/4953/5099
f 2344/4640/4807 2337/4854/5103 2364/4956/5104
f 2337/4854/5103 2361/4957/5105 2364/4956/5104
f 2336/4941/5106 2343/4566/4809 2363/4641/4808
f 2363/4641/4808 2362/4958/5107 2336/4941/5106
f 2385/4959/5004 2368/4960/5108 2387/4852/5005
f 2368/4960/5108 2375/4961/5109 2387/4852/5005
f 2375/4961/5109 2381/4962/5110 2387/4852/5005
f 2381/4962/5110 2374/4850/5003 2387/4852/5005
f 2391/4963/5111 2369/4964/5112 2393/4965/5113
f 2375/4961/5114 2368/4960/5115 2390/4966/5116
f 2368/4960/5115 2389/4967/5111 2390/4966/5116
f 2390/4966/5116 2388/4968/5111 2392/4969/5111
f 2390/4966/5116 2392/4969/5111 2393/4965/5113
f 2382/4970/5117 2374/4850/5118 2381/4962/5119
f 2380/4856/5120 2373/4971/5121 2384/4972/5122
f 2373/4971/5121 2383/4973/5123 2384/4972/5122
f 2398/4974/5012 2372/4975/5124 2400/4613/4779
f 2417/4976/5125 2414/4977/5126 2415/4978/5127
f 2378/4534/4781 2371/4533/5011 2400/4613/4779
f 2394/4979/5128 2370/4980/5129 2397/4981/5130
f 2370/4980/5129 2377/4532/5001 2397/4981/5130
f 2376/4849/5002 2369/4964/5131 2396/4848/5000
f 2369/4964/5131 2395/4982/5128 2396/4848/5000
f 2467/4907/5132 2521/4983/5133 2500/4984/5134
f 2414/4977/5135 2408/4985/5136 2420/4986/5137
f 2333/4719/4877 2312/4987/5138 2311/4832/4979
f 2221/4988/5139 2249/4989/5140 2240/4990/5141
f 2508/4704/5142 2525/4991/5143 2501/4992/5144
f 2317/4825/4975 2314/4840/4990 2313/4823/4973
f 2351/4948/5093 2348/4841/5090 2349/4947/5092
f 2462/4993/5145 2443/4557/5146 2442/4994/5147
f 2440/4995/5148 2452/4996/5149 2453/4997/5150
f 2438/4998/5151 2446/4999/5151 2445/4845/5151
f 2475/5000/5152 2489/5001/5153 2474/5002/5154
f 2367/4953/5099 2346/5003/5155 2339/4951/5097
f 2437/4558/5156 2465/5004/5157 2466/4844/4995
f 2594/5005/5158 2575/5006/5159 2574/4813/5160
f 2290/4914/5161 2321/5007/5161 2323/4915/5161
f 2561/4923/5162 2593/4779/4925 2560/5008/5163
f 2533/4524/5164 2587/5009/5165 2566/5010/5166
f 2399/5011/5167 2367/5012/5167 2400/5013/5167
f 2539/4916/5168 2580/4899/5043 2547/4900/5045
f 2316/5014/5169 2284/5015/5169 2317/5016/5169
f 2442/4879/5029 2410/4885/5033 2409/5017/5029
f 2509/5018/5170 2475/5019/5171 2508/5020/5171
f 2509/5021/5170 2477/4742/4894 2476/5022/5170
f 2375/5023/5172 2348/5024/5173 2381/5025/5174
f 2445/4734/4890 2413/4883/5032 2412/5026/4890
f 2376/5027/5175 2344/5028/5176 2343/5029/5175
f 2381/5025/5174 2347/5030/5177 2380/5031/5177
f 2468/4918/5178 2527/4648/4815 2501/5032/5179
f 2297/5033/5180 2327/5034/5181 2330/4552/4732
f 2340/5035/5182 2383/5036/5183 2373/4700/5184
f 2338/4930/5185 2399/5011/5186 2371/5037/5187
f 2486/4728/5188 2517/4908/5188 2519/5038/5188
f 2335/4722/5189 2385/4903/5190 2352/5039/5191
f 2558/5040/5192 2590/5041/5192 2557/4765/5192
f 2355/5042/5193 2392/4724/5193 2388/5043/5193
f 2336/5044/5194 2395/5045/5195 2369/5046/5196
f 2589/4751/5197 2558/5040/5197 2556/4752/5197
f 2537/5047/5198 2596/4933/5075 2563/4934/5077
f 2504/5048/5199 2472/4872/5199 2505/4873/5199
f 2495/4647/5200 2529/5049/5201 2528/5050/5200
f 2496/5051/5202 2526/4928/5071 2529/5049/5201
f 2337/4932/5203 2394/4778/4923 2361/5052/5204
f 2367/5012/5205 2398/4770/4917 2400/5013/5205
f 2408/4985/5136 2401/5053/5206 2420/4986/5137
f 2401/5053/5206 2418/5054/5207 2420/4986/5137
f 2420/4986/5137 2419/5055/5208 2407/5056/5209
f 2407/5056/5209 2414/4977/5135 2420/4986/5137
f 2409/5057/5210 2402/5058/5211 2426/5059/5212
f 2402/5058/5211 2424/5060/5213 2426/5059/5212
f 2426/5059/5212 2425/5061/5214 2423/5062/5215
f 2425/5061/5214 2421/5063/5214 2423/5062/5215
f 2401/5064/5216 2408/5065/5217 2423/5062/5215
f 2423/5062/5215 2422/5066/5218 2401/5064/5216
f 2414/4977/5126 2407/5056/5219 2415/4978/5127
f 2417/4976/5125 2416/5067/5220 2406/5068/5221
f 2406/5068/5221 2413/4578/5222 2417/4976/5125
f 2405/4579/5223 2431/5069/5224 2433/5070/5225
f 2433/5070/5225 2432/5071/5226 2404/4669/5227
f 2404/4669/5227 2411/5072/5228 2433/5070/5225
f 2410/4668/5229 2403/4670/5230 2430/5073/5231
f 2403/4670/5230 2427/5074/5232 2430/5073/5231
f 2402/5058/5233 2409/5057/5234 2429/5075/5235
f 2429/5075/5235 2428/5076/5236 2402/5058/5233
f 2451/5077/5149 2434/5078/5237 2453/4997/5150
f 2434/5078/5237 2441/5079/5238 2453/4997/5150
f 2441/5079/5238 2447/5080/5239 2453/4997/5150
f 2447/5080/5239 2440/4995/5148 2453/4997/5150
f 2457/5081/5240 2435/5082/5241 2459/5083/5242
f 2376/4849/5243 2393/4965/5113 2369/4964/5112
f 2441/5084/5244 2434/5085/5245 2456/5086/5246
f 2434/5085/5245 2455/5087/5240 2456/5086/5246
f 2456/5086/5246 2454/5088/5240 2458/5089/5240
f 2456/5086/5246 2458/5089/5240 2459/5083/5242
f 2446/4999/5247 2439/5090/5248 2450/5091/5249
f 2439/5090/5248 2449/5092/5250 2450/5091/5249
f 2464/5093/5157 2438/4998/5251 2466/4844/4995
f 2433/5070/5225 2412/4580/5252 2405/4579/5223
f 2444/4559/4997 2437/4558/5156 2466/4844/4995
f 2460/5094/5253 2436/5095/5254 2463/5096/5255
f 2436/5095/5254 2443/4557/5146 2463/5096/5255
f 2442/4994/5147 2435/5082/5256 2462/4993/5145
f 2435/5082/5256 2461/5097/5257 2462/4993/5145
f 2555/5098/5258 2587/5009/5258 2554/5099/5258
f 2336/5044/5259 2391/4687/5260 2358/5100/5261
f 2403/5101/5262 2437/5102/5262 2436/5103/5262
f 2480/5104/5263 2474/5002/5264 2486/5105/5265
f 2570/5106/5266 2578/5107/5266 2577/5108/5266
f 2569/5109/5267 2575/5006/5267 2568/5110/5267
f 2220/5111/5268 2240/4990/5141 2239/5112/5269
f 2305/5113/5270 2273/5114/5270 2306/5115/5270
f 2448/5116/5271 2447/5080/5272 2446/4999/5247
f 2329/4837/4986 2310/4836/4983 2309/4651/4984
f 2506/5117/5273 2518/5118/5274 2519/5119/5275
f 2305/4828/5276 2313/4823/5276 2312/4987/5276
f 2310/4836/5277 2304/4717/5277 2311/4832/5277
f 2459/5083/5242 2442/4994/5278 2441/5084/5244
f 2481/5120/5279 2480/5104/5280 2473/5121/5281
f 2503/4586/5282 2531/5122/5283 2532/4677/4844
f 2268/5123/5284 2318/4905/5285 2285/5124/5286
f 2269/5125/5287 2324/5126/5288 2291/5127/5289
f 2270/4783/5290 2327/5034/5181 2294/5128/5291
f 2272/5129/5292 2331/5130/5293 2298/5131/5294
f 2234/4859/5295 2252/4512/5296 2233/5132/5297
f 2274/5133/5298 2315/5134/5299 2282/5135/5300
f 2543/5136/5301 2575/5137/5302 2576/5138/5301
f 2507/5139/5303 2475/5019/5171 2474/4893/5038
f 2376/5027/5175 2342/5140/5172 2375/5023/5172
f 2409/5057/5210 2423/5062/5215 2408/5065/5217
f 2512/5141/5036 2480/4894/5039 2479/4891/5036
f 2578/5142/5304 2544/5143/5305 2577/5144/5305
f 2351/5145/5306 2382/4726/4884 2384/5146/5306
f 2273/5114/5307 2316/5014/5308 2306/5115/5309
f 2383/5036/5310 2351/5145/5310 2384/5146/5310
f 2274/5147/5311 2319/4877/5312 2307/5148/5313
f 2420/5149/5314 2452/5150/5314 2419/5151/5314
f 2555/5098/5315 2586/4766/5315 2588/5152/5315
f 2268/5123/5316 2322/4913/5317 2301/5153/5318
f 2357/4675/5319 2388/5043/5319 2390/4676/5319
f 2293/5154/5320 2324/5126/5320 2326/5155/5320
f 2321/5007/5321 2292/5156/5321 2325/5157/5321
f 2269/5125/5322 2328/5158/5323 2302/5159/5324
f 2363/4636/5325 2395/5045/5195 2362/5160/5326
f 2483/4684/5327 2514/4901/5047 2516/4685/5327
f 2433/5161/5328 2464/5162/5329 2466/5163/5328
f 2271/4781/5330 2332/5164/5331 2304/5165/5332
f 2465/5166/5333 2433/5161/5333 2466/5163/5333
f 2474/5002/5264 2467/5167/5334 2486/5105/5265
f 2467/5167/5334 2484/5168/5335 2486/5105/5265
f 2486/5105/5265 2485/5169/5336 2473/5121/5337
f 2473/5121/5337 2480/5104/5263 2486/5105/5265
f 2475/5000/5152 2468/5170/5338 2492/5171/5339
f 2468/5170/5338 2490/5172/5340 2492/5171/5339
f 2492/5171/5339 2491/5173/5341 2489/5001/5153
f 2491/5173/5341 2487/5174/5341 2489/5001/5153
f 2467/5167/5342 2474/5002/5154 2489/5001/5153
f 2489/5001/5153 2488/5175/5343 2467/5167/5342
f 2483/5176/5344 2482/5177/5345 2472/5178/5346
f 2472/5178/5346 2479/4591/5347 2483/5176/5344
f 2471/4592/4831 2497/5179/5348 2499/4662/4829
f 2499/4662/4829 2498/5180/5349 2470/4695/5350
f 2470/4695/5350 2477/5181/5351 2499/4662/4829
f 2476/5182/5352 2469/5183/5353 2496/5184/5354
f 2469/5183/5353 2493/5185/5355 2496/5184/5354
f 2468/5170/5356 2475/5000/5357 2495/5186/5358
f 2495/5186/5358 2494/5187/5359 2468/5170/5356
f 2517/5188/5274 2500/5189/5360 2519/5119/5275
f 2500/5189/5360 2507/5190/5361 2519/5119/5275
f 2507/5190/5361 2513/4654/5362 2519/5119/5275
f 2513/4654/5362 2506/5117/5273 2519/5119/5275
f 2523/5191/5363 2501/4992/5144 2525/4991/5143
f 2507/5190/5364 2500/5189/5365 2522/5192/5366
f 2500/5189/5365 2521/5193/5363 2522/5192/5366
f 2522/5192/5366 2520/5194/5363 2524/5195/5363
f 2522/5192/5366 2524/5195/5363 2525/4991/5143
f 2384/4972/5122 2381/4962/5119 2380/4856/5120
f 2512/4655/4822 2505/5196/5367 2516/5197/5368
f 2505/5196/5367 2515/5198/5369 2516/5197/5368
f 2530/5199/5283 2504/4711/5370 2532/4677/4844
f 2510/4587/4846 2503/4586/5282 2532/4677/4844
f 2526/5200/5371 2502/5201/5372 2529/5202/5373
f 2502/5201/5372 2509/4703/4862 2529/5202/5373
f 2508/4704/4863 2501/4992/5374 2528/4702/4861
f 2501/4992/5374 2527/5203/5371 2528/4702/4861
f 2405/5204/5375 2439/5205/5375 2438/5206/5375
f 2546/4715/5376 2540/4714/5377 2552/5207/5378
f 2563/5208/5379 2544/5209/5380 2537/5210/5381
f 2546/5211/5382 2578/5142/5304 2579/5212/5382
f 2277/4563/4952 2296/4805/4958 2276/4788/4957
f 2220/5111/5268 2251/4860/5383 2232/5213/5384
f 2276/4788/4932 2290/4793/4937 2275/4691/4940
f 2576/4661/4828 2598/5214/5385 2596/4659/4826
f 2267/4624/4793 2263/4627/4796 2266/4630/4798
f 2420/5149/5386 2451/5215/5386 2453/5216/5386
f 2332/5164/5387 2300/5217/5387 2333/5218/5388
f 2404/5219/5389 2465/5166/5390 2437/5102/5391
f 2325/5157/5392 2293/5154/5392 2326/5155/5392
f 2407/5220/5393 2448/4754/4904 2415/5221/5394
f 2492/4760/5395 2523/4919/5395 2525/4761/5395
f 2218/5222/5396 2242/4619/5396 2259/4618/5396
f 2379/5223/5034 2347/5030/5177 2346/5224/5034
f 2544/5225/5305 2576/5138/5301 2577/5226/5305
f 2541/5227/5397 2573/5228/5398 2574/5229/5397
f 2573/5228/5398 2546/5211/5382 2579/5212/5382
f 2542/5230/5302 2574/5229/5397 2575/5137/5302
f 2378/4889/5035 2344/5028/5176 2377/5231/5176
f 2402/5232/5399 2457/4912/5400 2424/5233/5401
f 2430/5234/5402 2460/5235/5403 2463/4775/4921
f 2403/5101/5404 2460/5235/5403 2427/5236/5405
f 2263/5237/5406 2223/5238/5406 2222/5239/5406
f 2449/5240/5407 2417/4753/5407 2450/4755/5407
f 2410/4668/5229 2429/5075/5235 2409/5057/5234
f 2237/4542/5408 2254/5241/5408 2256/5242/5408
f 2407/5220/5409 2452/5150/5410 2440/5243/5411
f 2521/4983/5412 2489/4762/5412 2522/4764/5412
f 2405/5204/5413 2464/5162/5329 2431/5244/5414
f 2219/4511/4701 2254/5241/5415 2235/5245/5416
f 2300/5217/5417 2331/5130/5293 2333/5218/5417
f 2402/5232/5418 2461/4866/5018 2435/5246/5419
f 2537/5247/5420 2571/4646/5420 2570/5248/5420
f 2296/4551/5421 2328/5158/5323 2295/5249/5422
f 2406/5250/5423 2449/5240/5424 2439/5205/5425
f 2540/4714/5377 2533/5251/5426 2552/5207/5378
f 2533/5251/5426 2550/5252/5427 2552/5207/5378
f 2552/5207/5378 2551/5253/5428 2539/5254/5429
f 2539/5254/5429 2546/4715/5376 2552/5207/5378
f 2534/5255/5430 2556/5256/5431 2558/4713/4870
f 2558/4713/4870 2557/5257/5432 2555/5258/5433
f 2557/5257/5432 2553/5259/5432 2555/5258/5433
f 2533/5251/5434 2540/4714/4871 2555/5258/5433
f 2555/5258/5433 2554/5260/5435 2533/5251/5434
f 2549/5261/5436 2548/5262/5437 2538/5263/5438
f 2538/5263/5438 2545/4554/4874 2549/5261/5436
f 2401/5264/5439 2451/5215/5440 2418/5265/5441
f 2563/5208/5379 2565/5266/5442 2543/4541/5443
f 2542/4540/5014 2535/5267/5444 2562/4864/5015
f 2535/5267/5444 2559/5268/5445 2562/4864/5015
f 2534/5255/5446 2541/4712/5447 2561/4863/5013
f 2561/4863/5013 2560/5269/5448 2534/5255/5446
f 2572/5270/5449 2584/5271/5450 2579/4671/5451
f 2589/5272/5452 2567/4815/4968 2591/4814/4967
f 2573/5273/5453 2566/5274/5454 2588/5275/5455
f 2566/5274/5454 2587/5276/5452 2588/5275/5455
f 2588/5275/5455 2586/5277/5452 2590/5278/5452
f 2588/5275/5455 2590/5278/5452 2591/4814/4967
f 2580/4673/4842 2572/5270/5456 2579/4671/4840
f 2582/4672/4841 2578/5107/5457 2581/5279/5458
f 2592/5280/5459 2568/5110/5460 2595/5281/5461
f 2568/5110/5460 2575/5006/5159 2595/5281/5461
f 2574/4813/5160 2567/4815/5462 2594/5005/5158
f 2567/4815/5462 2593/5282/5459 2594/5005/5158
f 2284/5015/5463 2315/5134/5299 2317/5016/5463
f 2476/5182/5352 2495/5186/5358 2475/5000/5357
f 2597/5283/5464 2598/5214/5385 2576/4661/4828
f 2569/5109/4827 2597/5283/5464 2576/4661/4828
f 2564/5284/5465 2536/4539/5466 2543/4541/5443
f 2565/5266/5442 2564/5284/5465 2543/4541/5443
f 2578/5107/5457 2571/5285/5456 2581/5279/5458
f 2584/5271/5450 2585/5286/5467 2579/4671/5451
f 2566/5274/5468 2579/4671/5451 2585/5286/5467
f 2585/5286/5467 2583/5287/5469 2566/5274/5468
f 2566/5274/5468 2573/5273/5449 2579/4671/5451
f 2227/4545/5470 2245/4549/5470 2226/5288/5470
f 2375/4961/5114 2390/4966/5116 2393/4965/5113
f 2259/4618/4788 2245/4620/4789 2246/4679/4847
f 2261/4562/4749 2227/4590/4758 2226/4574/4747
f 2507/5190/5364 2522/5192/5366 2525/4991/5143
f 2282/4847/4999 2284/4796/4942 2280/4708/4945
f 2334/4810/4963 2307/4705/4864 2320/4707/4866
f 2446/4999/5247 2450/5091/5249 2448/5116/5271
f 2573/5273/5453 2588/5275/5455 2591/4814/4967
f 2558/4713/4870 2555/5258/5433 2540/4714/4871
f 2547/4716/4873 2549/5261/5436 2545/4554/4874
f 2441/5084/5244 2456/5086/5246 2459/5083/5242
f 2512/4655/4822 2516/5197/5368 2514/4653/4820
f 2481/5120/5279 2483/5176/5344 2479/4591/5347
f 2308/4652/4819 2323/4816/4970 2326/4650/4817
f 2225/4658/5471 2247/4546/5471 2228/5289/5471
f 2219/4511/4701 2233/5132/5472 2252/4512/4702
f 2533/4524/4714 2566/5010/5060 2583/4525/4715
f 2250/4529/4719 2249/4989/4720 2230/4530/4720
f 2377/4532/4721 2370/4980/4721 2371/4533/4721
f 2421/4535/4722 2425/5290/4722 2458/4536/4722
f 2229/4538/4723 2248/4667/4723 2250/4529/4724
f 2536/4539/4725 2535/5267/4725 2542/4540/4725
f 2237/4542/4726 2256/5242/4726 2255/4543/4726
f 2227/4545/4727 2228/5289/4727 2247/4546/4727
f 2223/4548/4728 2226/5288/5473 2245/4549/4729
f 2296/4551/4731 2297/5033/5180 2330/4552/4732
f 2545/4554/4733 2538/5263/4733 2537/4555/4733
f 2443/4557/4734 2436/5095/4734 2437/4558/4734
f 2267/4560/4735 2219/4616/5474 2235/4561/4736
f 2277/4563/4738 2278/4802/4738 2271/4564/4738
f 2343/4566/4739 2360/4942/5085 2357/4567/4740
f 2401/4569/4742 2422/5291/5475 2455/4570/4743
f 2226/4574/4747 2223/5238/5476 2262/4575/4748
f 2413/4578/4751 2406/5068/4751 2405/4579/4751
f 2583/4525/4752 2585/5292/4752 2552/4581/4752
f 2509/4585/4756 2502/5293/4756 2503/4586/4756
f 2479/4591/4759 2472/5178/4759 2471/4592/4759
f 2400/4613/4779 2372/4975/5124 2379/4614/4780
f 2499/4633/4802 2497/4936/5079 2530/4634/4803
f 2363/4636/4804 2364/4777/4922 2397/4637/4805
f 2531/4639/4806 2498/5294/4806 2499/4633/4806
f 2344/4640/4807 2364/4956/5104 2363/4641/4808
f 2552/4581/4810 2585/5292/4810 2584/4642/4810
f 2538/4644/4811 2548/4875/5477 2581/4645/4812
f 2495/4647/4814 2528/5050/4814 2527/4648/4815
f 2326/4650/4817 2302/4812/4965 2309/4651/4818
f 2514/4653/4820 2506/5117/4821 2513/4654/4821
f 2224/4656/4823 2243/4693/4857 2244/4657/4824
f 2596/4659/4826 2570/5295/4827 2577/4660/4827
f 2499/4662/4829 2477/5181/5351 2478/4593/4830
f 2217/4516/4832 2239/4515/4833 2240/4577/4833
f 2354/4663/4835 2387/4904/4835 2386/4664/4835
f 2222/4666/4836 2241/5296/4859 2248/4667/4837
f 2410/4668/4839 2411/5072/4839 2404/4669/4839
f 2579/4671/4840 2578/5107/5457 2582/4672/4841
f 2389/4674/4843 2356/5297/4843 2357/4675/4843
f 2532/4677/4844 2504/4711/5370 2511/4678/4845
f 2246/4679/4847 2247/4621/4790 2260/4610/4787
f 2257/4680/4848 2238/4689/5478 2252/4607/4774
f 2265/4681/4849 2264/4572/4849 2221/4595/4849
f 2515/4683/4850 2482/5298/4850 2483/4684/4850
f 2360/4686/4851 2358/5100/4851 2391/4687/4851
f 2257/4680/4777 2260/4610/4777 2254/4632/4801
f 2265/4681/4852 2220/4682/5479 2232/4605/4771
f 2224/4656/4823 2236/4544/5480 2255/4543/4856
f 2476/4694/4858 2477/5181/4858 2470/4695/4858
f 2222/4697/4836 2223/4548/4728 2242/4550/4730
f 2339/4699/4860 2340/5035/4860 2373/4700/4860
f 2528/4702/4861 2529/5202/5373 2509/4703/4862
f 2280/4708/4867 2273/4798/4867 2272/4709/4867
f 2504/4711/4868 2505/5196/4868 2512/4655/4868
f 2541/4712/4869 2534/5255/5430 2558/4713/4870
f 2546/4715/4872 2539/5254/5481 2547/4716/4873
f 2455/4570/4878 2422/5291/4878 2423/4720/4878
f 2335/4722/4879 2356/5297/5482 2389/4674/4880
f 2392/4724/4882 2359/5299/4882 2360/4686/4882
f 2341/4725/4883 2374/4768/5483 2382/4726/4884
f 2486/4728/4886 2519/5038/4886 2518/4729/4886
f 2311/4731/4887 2312/4858/4888 2279/4732/4888
f 2445/4734/4890 2412/5026/4890 2411/4735/4891
f 2310/4737/4892 2277/4843/4892 2276/4738/4893
f 2510/4740/4894 2511/4890/4895 2478/4741/4895
f 2308/4743/4896 2309/4739/4893 2276/4738/4893
f 2313/4745/4898 2314/5300/4899 2281/4746/4899
f 2314/4748/4899 2308/4743/4896 2275/4744/4897
f 2534/4750/4900 2567/4780/5166 2589/4751/4901
f 2417/4753/4903 2415/5221/5394 2448/4754/4904
f 2216/4600/4766 2258/4602/4768 2259/4604/4770
f 2535/4756/4905 2568/5301/4926 2592/4757/4906
f 2423/4720/4908 2421/4535/4908 2454/4537/4908
f 2524/4759/4909 2491/4865/4909 2492/4760/4910
f 2489/4762/4911 2487/5302/4911 2520/4763/4911
f 2557/4765/4912 2590/5041/4912 2586/4766/4912
f 2341/4725/4913 2353/4665/5484 2386/4664/4914
f 2339/4769/4916 2372/5303/5187 2398/4770/4917
f 2569/4772/4919 2568/5301/4919 2535/4756/4919
f 2429/4774/4920 2430/5234/5402 2463/4775/4921
f 2364/4777/4922 2361/5052/5204 2394/4778/4923
f 2534/4750/4924 2560/5008/5163 2593/4779/4925
f 2271/4781/4927 2304/5165/4927 2303/4782/4927
f 2574/4813/4966 2573/5273/5453 2591/4814/4967
f 2347/4829/4978 2340/4950/4978 2339/4830/4978
f 2536/4773/4987 2564/4871/5485 2597/4839/4988
f 2300/4800/4948 2278/4802/4951 2279/4710/4994
f 2310/4737/4892 2311/4731/4887 2278/4733/4889
f 2466/4844/4995 2438/4998/5251 2445/4845/4996
f 2281/4846/4998 2274/5304/5486 2282/4847/4999
f 2396/4848/5000 2397/4981/5130 2377/4532/5001
f 2344/4640/5006 2345/4955/5006 2338/4853/5006
f 2372/4855/5007 2373/4971/5007 2380/4856/5007
f 2312/4858/4888 2313/4745/4898 2280/4747/4898
f 2234/4859/5008 2232/5213/5487 2251/4860/5009
f 2561/4863/5013 2541/4712/5447 2542/4540/5014
f 2520/4763/5016 2487/5302/5016 2491/4865/5016
f 2429/4774/5017 2462/4776/5017 2461/4866/5018
f 2470/4868/5020 2498/5294/5488 2531/4639/5021
f 2565/4870/5023 2598/5305/5023 2597/4839/5023
f 2472/4872/5024 2482/5298/5489 2515/4683/5025
f 2549/4874/5027 2582/5306/5027 2581/4645/5027
f 2287/4876/5028 2320/4906/5028 2319/4877/5028
f 2442/4879/5029 2409/5017/5029 2408/4880/5030
f 2447/4882/5031 2414/4896/5031 2413/4883/5032
f 2444/4736/4891 2411/4735/4891 2410/4885/5033
f 2379/4887/5034 2346/5307/5034 2345/4888/5035
f 2511/4890/4895 2512/5141/5036 2479/4891/5036
f 2513/4892/5037 2507/5139/5303 2474/4893/5038
f 2441/4895/5030 2408/5308/5030 2414/4896/5031
f 2473/4897/5040 2485/4730/5490 2518/4729/5041
f 2580/4899/5043 2582/5306/5044 2549/4874/5044
f 2473/4897/5046 2506/4898/5026 2514/4901/5047
f 2354/4663/5049 2352/5039/5050 2385/4903/5050
f 2287/4876/5051 2285/5124/5051 2318/4905/5051
f 2467/4907/5052 2500/4984/5042 2517/4908/5053
f 2458/4536/5055 2425/5290/5055 2426/4910/5055
f 2426/4910/5056 2424/5233/5056 2457/4912/5056
f 2322/4913/5057 2289/5309/5057 2290/4914/5057
f 2539/4916/5058 2551/4643/5491 2584/4642/5059
f 2468/4918/5061 2501/5032/5492 2523/4919/5062
f 2470/4868/5064 2503/4869/5064 2502/4921/5065
f 2561/4923/5066 2562/4926/5069 2595/4924/5067
f 2592/4757/4906 2595/4924/5067 2562/4926/5069
f 2469/4927/5070 2502/5310/5179 2526/4928/5071
f 2338/4930/5073 2371/5037/5073 2370/4931/5074
f 2596/4933/5075 2598/5305/5076 2565/4870/5076
f 2471/4935/5078 2504/5048/5022 2530/4634/4803
f 2417/4976/5125 2413/4578/5222 2414/4977/5126
f 2467/4907/5132 2488/5311/5493 2521/4983/5133
f 2333/4719/4877 2305/4828/4977 2312/4987/5138
f 2221/4988/5139 2230/4530/5494 2249/4989/5140
f 2508/4704/5142 2507/5190/5364 2525/4991/5143
f 2317/4825/4975 2315/4820/4971 2314/4840/4990
f 2351/4948/5093 2347/4829/5096 2348/4841/5090
f 2462/4993/5145 2463/5096/5255 2443/4557/5146
f 2438/4998/5151 2439/5090/5151 2446/4999/5151
f 2475/5000/5152 2492/5171/5339 2489/5001/5153
f 2367/4953/5099 2345/4955/5102 2346/5003/5155
f 2594/5005/5158 2595/5281/5461 2575/5006/5159
f 2290/4914/5161 2288/5312/5161 2321/5007/5161
f 2561/4923/5162 2594/4925/5162 2593/4779/4925
f 2533/4524/5164 2554/5099/5495 2587/5009/5165
f 2399/5011/5167 2366/5313/5167 2367/5012/5167
f 2539/4916/5168 2572/4917/5496 2580/4899/5043
f 2316/5014/5169 2283/5314/5169 2284/5015/5169
f 2442/4879/5029 2443/4886/5033 2410/4885/5033
f 2509/5018/5170 2476/5315/5170 2475/5019/5171
f 2509/5021/5170 2510/4740/4894 2477/4742/4894
f 2375/5023/5172 2342/5140/5172 2348/5024/5173
f 2445/4734/4890 2446/4884/5032 2413/4883/5032
f 2376/5027/5175 2377/5231/5176 2344/5028/5176
f 2381/5025/5174 2348/5024/5173 2347/5030/5177
f 2468/4918/5178 2494/4649/4816 2527/4648/4815
f 2297/5033/5180 2294/5128/5291 2327/5034/5181
f 2340/5035/5182 2350/5316/5497 2383/5036/5183
f 2338/4930/5185 2366/5313/5498 2399/5011/5186
f 2486/4728/5188 2484/4909/5188 2517/4908/5188
f 2335/4722/5189 2368/4723/4915 2385/4903/5190
f 2558/5040/5192 2591/5317/5192 2590/5041/5192
f 2355/5042/5193 2359/5299/5193 2392/4724/5193
f 2336/5044/5194 2362/5160/5326 2395/5045/5195
f 2589/4751/5197 2591/5317/5197 2558/5040/5197
f 2537/5047/5198 2570/5318/4989 2596/4933/5075
f 2504/5048/5199 2471/4935/5199 2472/4872/5199
f 2495/4647/5200 2496/5051/5202 2529/5049/5201
f 2496/5051/5202 2493/4929/5072 2526/4928/5071
f 2337/4932/5203 2370/4931/5499 2394/4778/4923
f 2367/5012/5205 2365/4771/4918 2398/4770/4917
f 2376/4849/5243 2375/4961/5114 2393/4965/5113
f 2433/5070/5225 2411/5072/5228 2412/4580/5252
f 2555/5098/5258 2588/5152/5258 2587/5009/5258
f 2336/5044/5259 2369/5046/4881 2391/4687/5260
f 2403/5101/5262 2404/5219/5262 2437/5102/5262
f 2570/5106/5266 2571/5285/5266 2578/5107/5266
f 2569/5109/5267 2576/4661/5267 2575/5006/5267
f 2220/5111/5268 2221/4988/5139 2240/4990/5141
f 2305/5113/5270 2272/5129/5270 2273/5114/5270
f 2448/5116/5271 2440/4995/5272 2447/5080/5272
f 2329/4837/4986 2330/4835/4982 2310/4836/4983
f 2305/4828/5276 2306/4824/5276 2313/4823/5276
f 2310/4836/5277 2303/4834/5277 2304/4717/5277
f 2459/5083/5242 2435/5082/5241 2442/4994/5278
f 2481/5120/5279 2479/4591/5347 2480/5104/5280
f 2268/5123/5284 2301/5153/5313 2318/4905/5285
f 2269/5125/5287 2302/5159/5318 2324/5126/5288
f 2270/4783/5290 2303/4782/5324 2327/5034/5181
f 2272/5129/5292 2305/5113/5332 2331/5130/5293
f 2234/4859/5295 2253/4861/5500 2252/4512/5296
f 2274/5133/5298 2307/5319/5501 2315/5134/5299
f 2543/5136/5301 2542/5230/5302 2575/5137/5302
f 2507/5139/5303 2508/5020/5171 2475/5019/5171
f 2376/5027/5175 2343/5029/5175 2342/5140/5172
f 2409/5057/5210 2426/5059/5212 2423/5062/5215
f 2512/5141/5036 2513/4892/5037 2480/4894/5039
f 2578/5142/5304 2545/5320/5304 2544/5143/5305
f 2351/5145/5306 2349/4727/4885 2382/4726/4884
f 2273/5114/5307 2283/5314/5502 2316/5014/5308
f 2383/5036/5310 2350/5316/5310 2351/5145/5310
f 2274/5147/5311 2286/4878/5503 2319/4877/5312
f 2420/5149/5314 2453/5216/5314 2452/5150/5314
f 2555/5098/5315 2553/4767/5315 2586/4766/5315
f 2268/5123/5316 2289/5309/5504 2322/4913/5317
f 2357/4675/5319 2355/5042/5319 2388/5043/5319
f 2293/5154/5320 2291/5127/5320 2324/5126/5320
f 2321/5007/5321 2288/5312/5321 2292/5156/5321
f 2269/5125/5322 2295/5249/5422 2328/5158/5323
f 2363/4636/5325 2396/4638/5325 2395/5045/5195
f 2483/4684/5327 2481/4902/5048 2514/4901/5047
f 2433/5161/5328 2431/5244/5414 2464/5162/5329
f 2271/4781/5330 2299/5321/5505 2332/5164/5331
f 2465/5166/5333 2432/5322/5333 2433/5161/5333
f 2384/4972/5122 2382/4970/5117 2381/4962/5119
f 2405/5204/5375 2406/5250/5375 2439/5205/5375
f 2563/5208/5379 2543/4541/5443 2544/5209/5380
f 2546/5211/5382 2545/5320/5304 2578/5142/5304
f 2277/4563/4952 2297/4803/4954 2296/4805/4958
f 2220/5111/5268 2239/5112/5269 2251/4860/5383
f 2276/4788/4932 2293/4790/4934 2290/4793/4937
f 2267/4624/4793 2262/4626/4795 2263/4627/4796
f 2420/5149/5386 2418/5265/5386 2451/5215/5386
f 2332/5164/5387 2299/5321/5387 2300/5217/5387
f 2404/5219/5389 2432/5322/5506 2465/5166/5390
f 2325/5157/5392 2292/5156/5392 2293/5154/5392
f 2407/5220/5393 2440/5243/5425 2448/4754/4904
f 2492/4760/5395 2490/4920/5395 2523/4919/5395
f 2218/5222/5396 2241/5323/5396 2242/4619/5396
f 2379/5223/5034 2380/5031/5177 2347/5030/5177
f 2544/5225/5305 2543/5136/5301 2576/5138/5301
f 2541/5227/5397 2540/5324/5398 2573/5228/5398
f 2573/5228/5398 2540/5324/5398 2546/5211/5382
f 2542/5230/5302 2541/5227/5397 2574/5229/5397
f 2378/4889/5035 2345/4888/5035 2344/5028/5176
f 2402/5232/5399 2435/5246/4744 2457/4912/5400
f 2430/5234/5402 2427/5236/5405 2460/5235/5403
f 2403/5101/5404 2436/5103/5419 2460/5235/5403
f 2263/5237/5406 2262/4575/5406 2223/5238/5406
f 2449/5240/5407 2416/5325/5407 2417/4753/5407
f 2410/4668/5229 2430/5073/5231 2429/5075/5235
f 2237/4542/5408 2235/5245/5408 2254/5241/5408
f 2407/5220/5409 2419/5151/5507 2452/5150/5410
f 2521/4983/5412 2488/5311/5412 2489/4762/5412
f 2405/5204/5413 2438/5206/5391 2464/5162/5329
f 2219/4511/4701 2238/4513/4703 2254/5241/5415
f 2300/5217/5417 2298/5131/5294 2331/5130/5293
f 2402/5232/5418 2428/4867/5019 2461/4866/5018
f 2537/5247/5420 2538/4644/5420 2571/4646/5420
f 2296/4551/5421 2329/4553/5421 2328/5158/5323
f 2406/5250/5423 2416/5325/5508 2449/5240/5424
f 2401/5264/5439 2434/5326/5411 2451/5215/5440
f 2284/5015/5463 2282/5135/5300 2315/5134/5299
f 2476/5182/5352 2496/5184/5354 2495/5186/5358
f 2227/4545/5470 2246/4547/5470 2245/4549/5470
f 2225/4658/5471 2244/4657/5471 2247/4546/5471
f 2646/5327/5509 2656/5328/5509 2647/5329/5509
f 2650/5330/5510 2656/5331/5511 2658/5332/5512
f 2600/5333/5513 2617/5334/5513 2618/5335/5513
f 2653/5336/5514 2641/5337/5515 2639/5338/5516
f 2645/5339/5517 2657/5340/5518 2646/5327/5519
f 2647/5329/5520 2655/5341/5521 2648/5342/5520
f 2618/5335/5522 2615/5343/5522 2616/5344/5522
f 2608/5345/5523 2609/5346/5523 2607/5347/5523
f 2612/5348/5524 2609/5346/5524 2610/5349/5524
f 2604/5350/5525 2605/5351/5526 2603/5352/5526
f 2606/5353/5527 2607/5354/5527 2605/5351/5527
f 2614/5355/5528 2611/5356/5528 2612/5348/5528
f 2625/5357/5529 2614/5355/5529 2612/5348/5529
f 2616/5344/5530 2613/5358/5531 2614/5355/5532
f 2600/5333/5533 2601/5359/5533 2599/5360/5533
f 2636/5361/5534 2647/5329/5534 2637/5362/5534
f 2626/5363/5535 2616/5344/5530 2614/5355/5532
f 2634/5364/5536 2645/5339/5536 2635/5365/5536
f 2606/5353/5537 2623/5366/5537 2608/5367/5537
f 2600/5333/5538 2619/5368/5538 2602/5369/5538
f 2624/5370/5539 2612/5348/5539 2610/5349/5539
f 2638/5371/5540 2620/5372/5541 2628/5373/5542
f 2620/5372/5543 2629/5374/5544 2619/5368/5545
f 2618/5335/5546 2620/5372/5546 2600/5333/5546
f 2619/5368/5547 2631/5375/5548 2621/5376/5549
f 2637/5362/5550 2628/5373/5551 2627/5377/5552
f 2604/5350/5525 2622/5378/5553 2606/5353/5554
f 2644/5379/5555 2658/5380/5555 2645/5339/5555
f 2651/5381/5556 2643/5382/5557 2642/5383/5557
f 2643/5384/5558 2634/5364/5558 2633/5385/5558
f 2652/5386/5559 2642/5383/5559 2641/5337/5559
f 2601/5387/5560 2613/5388/5560 2617/5389/5560
f 2621/5376/5561 2632/5390/5562 2622/5378/5563
f 2640/5391/5564 2629/5374/5565 2630/5392/5566
f 2623/5393/5567 2610/5349/5567 2608/5345/5567
f 2650/5394/5568 2644/5379/5569 2643/5384/5569
f 2654/5395/5570 2639/5338/5571 2640/5391/5572
f 2623/5393/5573 2634/5364/5574 2624/5370/5575
f 2602/5369/5576 2621/5376/5576 2604/5350/5576
f 2635/5365/5577 2646/5327/5577 2636/5361/5577
f 2637/5362/5578 2648/5342/5578 2638/5371/5578
f 2638/5371/5579 2640/5391/5579 2630/5392/5579
f 2634/5364/5580 2625/5357/5581 2624/5370/5582
f 2627/5377/5583 2618/5335/5583 2616/5344/5583
f 2648/5342/5584 2654/5395/5585 2640/5391/5584
f 2604/5350/5586 2601/5359/5586 2602/5369/5586
f 2641/5337/5587 2632/5390/5562 2631/5375/5588
f 2636/5361/5589 2627/5377/5590 2626/5363/5591
f 2639/5338/5516 2631/5375/5592 2629/5374/5593
f 2635/5365/5594 2626/5363/5595 2625/5357/5596
f 2642/5383/5597 2633/5396/5597 2632/5390/5597
f 2622/5378/5598 2633/5396/5599 2623/5366/5598
f 2617/5389/5560 2599/5397/5560 2601/5387/5560
f 2601/5387/5560 2603/5398/5560 2605/5399/5560
f 2605/5399/5560 2607/5400/5560 2609/5401/5560
f 2609/5401/5560 2611/5402/5560 2613/5388/5560
f 2613/5388/5560 2615/5403/5560 2617/5389/5560
f 2605/5399/5560 2609/5401/5560 2613/5388/5560
f 2658/5332/5512 2649/5404/5600 2650/5330/5510
f 2650/5330/5510 2651/5405/5601 2652/5406/5602
f 2652/5406/5602 2653/5407/5603 2654/5408/5604
f 2654/5408/5604 2655/5409/5605 2656/5331/5511
f 2656/5331/5511 2657/5410/5606 2658/5332/5512
f 2652/5406/5602 2654/5408/5604 2656/5331/5511
f 2646/5327/5509 2657/5340/5607 2656/5328/5509
f 2650/5330/5510 2652/5406/5602 2656/5331/5511
f 2600/5333/5513 2599/5360/5513 2617/5334/5513
f 2653/5336/5514 2652/5386/5608 2641/5337/5515
f 2645/5339/5517 2658/5380/5518 2657/5340/5518
f 2647/5329/5520 2656/5328/5521 2655/5341/5521
f 2618/5335/5522 2617/5334/5522 2615/5343/5522
f 2608/5345/5523 2610/5349/5523 2609/5346/5523
f 2612/5348/5524 2611/5356/5524 2609/5346/5524
f 2604/5350/5525 2606/5353/5554 2605/5351/5526
f 2606/5353/5527 2608/5367/5527 2607/5354/5527
f 2614/5355/5528 2613/5358/5528 2611/5356/5528
f 2625/5357/5609 2626/5363/5609 2614/5355/5609
f 2616/5344/5530 2615/5343/5531 2613/5358/5531
f 2600/5333/5533 2602/5369/5533 2601/5359/5533
f 2636/5361/5610 2646/5327/5610 2647/5329/5610
f 2626/5363/5611 2627/5377/5611 2616/5344/5611
f 2634/5364/5612 2644/5379/5612 2645/5339/5612
f 2606/5353/5613 2622/5378/5613 2623/5366/5613
f 2600/5333/5614 2620/5372/5614 2619/5368/5614
f 2624/5370/5615 2625/5357/5615 2612/5348/5615
f 2638/5371/5540 2630/5392/5616 2620/5372/5541
f 2620/5372/5543 2630/5392/5617 2629/5374/5544
f 2618/5335/5618 2628/5373/5618 2620/5372/5618
f 2619/5368/5547 2629/5374/5619 2631/5375/5548
f 2637/5362/5550 2638/5371/5620 2628/5373/5551
f 2604/5350/5621 2621/5376/5621 2622/5378/5621
f 2644/5379/5555 2649/5411/5622 2658/5380/5555
f 2651/5381/5556 2650/5412/5556 2643/5382/5557
f 2643/5384/5623 2644/5379/5623 2634/5364/5623
f 2652/5386/5559 2651/5381/5559 2642/5383/5559
f 2601/5387/5560 2605/5399/5560 2613/5388/5560
f 2621/5376/5561 2631/5375/5588 2632/5390/5562
f 2640/5391/5564 2639/5338/5624 2629/5374/5565
f 2623/5393/5625 2624/5370/5625 2610/5349/5625
f 2650/5394/5568 2649/5411/5626 2644/5379/5569
f 2654/5395/5570 2653/5336/5627 2639/5338/5571
f 2623/5393/5573 2633/5385/5628 2634/5364/5574
f 2602/5369/5629 2619/5368/5629 2621/5376/5629
f 2635/5365/5630 2645/5339/5517 2646/5327/5519
f 2637/5362/5631 2647/5329/5631 2648/5342/5631
f 2638/5371/5632 2648/5342/5632 2640/5391/5632
f 2634/5364/5580 2635/5365/5633 2625/5357/5581
f 2627/5377/5634 2628/5373/5634 2618/5335/5634
f 2648/5342/5584 2655/5341/5635 2654/5395/5585
f 2604/5350/5636 2603/5352/5636 2601/5359/5636
f 2641/5337/5637 2642/5383/5637 2632/5390/5637
f 2636/5361/5589 2637/5362/5638 2627/5377/5590
f 2639/5338/5516 2641/5337/5515 2631/5375/5592
f 2635/5365/5594 2636/5361/5639 2626/5363/5595
f 2642/5383/5640 2643/5382/5640 2633/5396/5640
f 2622/5378/5598 2632/5390/5599 2633/5396/5599
o ThirdPine.006
v 34.196064 11.546294 -26.542398
v 34.193192 11.552279 -26.532087
v 34.213112 11.556809 -26.523500
v 34.170940 9.471740 -26.260517
v 33.400421 9.953945 -25.423851
v 33.828087 10.222149 -24.959702
v 34.513638 10.222417 -24.960217
v 34.940697 9.954818 -25.424559
v 34.788227 9.620856 -26.003036
v 34.838615 9.737670 -25.802479
v 34.897587 9.866852 -25.578728
v 34.829697 9.926680 -25.722338
v 34.820530 9.818253 -25.805399
v 34.425686 10.221737 -24.962471
v 34.057495 10.221737 -24.962471
v 34.225349 10.346862 -25.123417
v 33.526337 9.684414 -25.892384
v 33.701077 9.586617 -26.062622
v 33.639870 9.849367 -26.064669
v 34.195263 9.479974 -26.248379
v 34.322922 9.510713 -26.195137
v 34.235401 9.556019 -26.240145
v 34.170788 9.469062 -26.283827
v 33.379757 9.965024 -25.424795
v 33.818748 10.240261 -24.948071
v 34.522831 10.240261 -24.948071
v 34.961823 9.965024 -25.424795
v 34.805149 9.621808 -26.019264
v 34.860104 9.742192 -25.810751
v 34.919071 9.871374 -25.587002
v 34.851181 9.931202 -25.730610
v 34.842018 9.822775 -25.813673
v 34.425686 10.240261 -24.948071
v 34.057495 10.240261 -24.948071
v 34.225349 10.365385 -25.109016
v 33.505302 9.689999 -25.901154
v 33.691639 9.584436 -26.083992
v 33.623093 9.851325 -26.080956
v 34.204788 9.477249 -26.269646
v 34.332447 9.507988 -26.216406
v 34.244926 9.553293 -26.261414
v 34.206932 11.543525 -26.546997
v 34.200783 11.556945 -26.523663
v 34.220852 11.551914 -26.531834
v 34.218060 11.545982 -26.542328
v 34.212646 11.151779 -26.310720
v 34.214554 11.155781 -26.303610
v 34.209305 11.159098 -26.297968
v 34.200966 11.159195 -26.298103
v 34.195858 11.156057 -26.303810
v 34.197571 11.152070 -26.311001
v 34.205120 11.150147 -26.313869
v 35.634659 8.703855 -24.992069
v 35.143539 8.172637 -25.912167
v 34.006687 8.033413 -26.153309
v 33.080173 8.391022 -25.533913
v 33.061680 8.976176 -24.520395
v 33.965137 9.348244 -23.875956
v 35.110218 9.227049 -24.085871
v 34.195419 10.483754 -25.985344
v 34.176067 10.462821 -26.021603
v 34.131268 10.457335 -26.031105
v 34.094757 10.471427 -26.006697
v 34.094028 10.494486 -25.966757
v 34.129631 10.509147 -25.941364
v 34.174755 10.504371 -25.949635
v 34.949059 9.243535 -24.059950
v 34.132080 9.330004 -23.910183
v 34.317215 9.383348 -24.136219
v 35.318687 9.016479 -24.453222
v 35.226357 9.108590 -24.293682
v 35.083591 9.243073 -24.706070
v 35.427128 8.484509 -25.374622
v 35.465549 8.526068 -25.302641
v 35.237720 8.763973 -25.423664
v 35.241089 8.283283 -25.723156
v 35.311165 8.359077 -25.591877
v 35.217266 8.379279 -25.690908
v 34.317680 8.074363 -26.085016
v 34.871082 8.142135 -25.967632
v 34.664482 8.215395 -25.995119
v 34.481033 8.156798 -26.040018
v 33.068710 8.860837 -24.722803
v 33.077095 8.595567 -25.182264
v 33.165432 8.794023 -25.067715
v 35.657284 8.724808 -25.003754
v 35.157928 8.184677 -25.939287
v 34.002003 8.043118 -26.184475
v 33.059944 8.406726 -25.554688
v 33.041142 9.001698 -24.524166
v 33.959751 9.380007 -23.868914
v 35.124046 9.256779 -24.082352
v 34.224403 10.500673 -25.994583
v 34.194496 10.468323 -26.050615
v 34.125263 10.459845 -26.065300
v 34.068844 10.481623 -26.027580
v 34.067715 10.517257 -25.965860
v 34.122734 10.539914 -25.926615
v 34.192467 10.532534 -25.939400
v 34.953972 9.274780 -24.051174
v 34.136993 9.361248 -23.901405
v 34.322132 9.414594 -24.127443
v 35.339909 9.041430 -24.455347
v 35.247578 9.133541 -24.295807
v 35.104813 9.268023 -24.708193
v 35.448673 8.499163 -25.394583
v 35.487095 8.540721 -25.322601
v 35.259266 8.778625 -25.443624
v 35.262638 8.297935 -25.743116
v 35.332710 8.373731 -25.611837
v 35.238811 8.393933 -25.710869
v 34.323326 8.082468 -26.116318
v 34.876728 8.150240 -25.998934
v 34.670132 8.223500 -26.026421
v 34.486679 8.164903 -26.071321
v 33.044979 8.880282 -24.734463
v 33.053360 8.615012 -25.193924
v 33.141697 8.813468 -25.079374
v 34.606495 9.965543 -25.114061
v 34.100880 3.902853 -24.346640
v 32.809105 4.213895 -23.807898
v 32.490063 4.912803 -22.597355
v 33.383999 5.473283 -21.626574
v 34.817760 5.473283 -21.626574
v 35.711697 4.912803 -22.597355
v 35.392654 4.213895 -23.807898
v 34.125813 6.453967 -23.989906
v 34.015324 6.480571 -23.943825
v 33.988033 6.540350 -23.840284
v 34.064495 6.588289 -23.757252
v 34.187130 6.588289 -23.757252
v 34.263588 6.540350 -23.840284
v 34.236301 6.480571 -23.943825
v 35.433521 4.313752 -23.638084
v 35.661049 4.812182 -22.774776
v 35.450462 4.869321 -23.065710
v 34.870003 4.091625 -24.022820
v 35.097328 4.146362 -23.928011
v 34.745178 4.578701 -23.969326
v 33.564697 4.035536 -24.119968
v 33.665710 4.011213 -24.162096
v 33.687435 4.433177 -24.083960
v 33.075581 4.153309 -23.915979
v 33.259811 4.108948 -23.992815
v 33.168999 4.238217 -23.933016
v 32.581486 4.722861 -22.929485
v 32.736725 4.382792 -23.518505
v 32.756424 4.590984 -23.346928
v 32.676498 4.673935 -23.133961
v 34.532108 5.472647 -21.630819
v 33.882416 5.472647 -21.630819
v 34.123642 5.538167 -21.797958
v 34.100880 3.914134 -24.384321
v 32.788002 4.230258 -23.836779
v 32.463749 4.940583 -22.606459
v 33.372288 5.510220 -21.619818
v 34.829472 5.510220 -21.619818
v 35.738014 4.940583 -22.606459
v 35.413757 4.230258 -23.836779
v 34.125813 6.459805 -24.082272
v 33.955063 6.500918 -24.011063
v 33.912895 6.593300 -23.851051
v 34.031055 6.667384 -23.722733
v 34.220570 6.667384 -23.722733
v 34.338730 6.593300 -23.851051
v 34.296558 6.500918 -24.011063
v 35.461124 4.334018 -23.657061
v 35.688652 4.832449 -22.793753
v 35.478069 4.889588 -23.084684
v 34.882290 4.102287 -24.058430
v 35.109615 4.157024 -23.963623
v 34.757462 4.589363 -24.004936
v 33.552414 4.046198 -24.155579
v 33.653427 4.021874 -24.197708
v 33.675148 4.443839 -24.119572
v 33.063297 4.163971 -23.951591
v 33.247528 4.119610 -24.028425
v 33.156712 4.248878 -23.968628
v 32.553883 4.743128 -22.948462
v 32.709122 4.403058 -23.537481
v 32.728821 4.611251 -23.365904
v 32.648895 4.694201 -23.152935
v 34.532108 5.510220 -21.619818
v 33.882416 5.510220 -21.619818
v 34.123642 5.575741 -21.786957
v 34.803951 6.637611 -22.174303
v 35.689030 6.131624 -23.050699
v 35.449669 5.470155 -24.196398
v 34.266117 5.151305 -24.748661
v 33.029610 5.415174 -24.291626
v 32.671265 6.063065 -23.169449
v 33.460922 6.607100 -22.227150
v 34.172981 7.700624 -24.393724
v 34.241535 7.661432 -24.461605
v 34.222996 7.610198 -24.550344
v 34.131321 7.585502 -24.593121
v 34.035549 7.605940 -24.557720
v 34.007793 7.656122 -24.470804
v 34.068958 7.698260 -24.397818
v 33.352848 6.530810 -22.362108
v 32.790085 6.143092 -23.033657
v 33.053738 6.358827 -23.025347
v 34.002762 6.618836 -22.209644
v 33.766579 6.613470 -22.218937
v 34.003719 6.791574 -22.650854
v 35.169865 6.426922 -22.542049
v 35.100700 6.466463 -22.473562
v 34.979485 6.615228 -22.827528
v 35.504757 6.235467 -22.873659
v 35.378616 6.307580 -22.748755
v 35.414062 6.307296 -22.903019
v 35.511845 5.653273 -23.882048
v 35.628231 5.974906 -23.324963
v 35.518311 5.946341 -23.551565
v 35.504097 5.806176 -23.729406
v 33.277630 5.365419 -24.380627
v 33.837551 5.245932 -24.587584
v 33.670849 5.452417 -24.492897
v 34.813465 6.671001 -22.167843
v 35.712387 6.157099 -23.057949
v 35.469284 5.485283 -24.221569
v 34.267220 5.161447 -24.782471
v 33.011372 5.429443 -24.318287
v 32.647419 6.087467 -23.178555
v 33.449425 6.640013 -22.221518
v 34.198669 7.768399 -24.363352
v 34.304611 7.707834 -24.468252
v 34.275959 7.628658 -24.605389
v 34.134293 7.590493 -24.671494
v 33.986286 7.622077 -24.616789
v 33.943394 7.699627 -24.482468
v 34.037914 7.764747 -24.369677
v 33.332275 6.559300 -22.361317
v 32.769508 6.171582 -23.032864
v 33.033165 6.387317 -23.024555
v 34.001606 6.652557 -22.199791
v 33.765423 6.647192 -22.209084
v 34.002567 6.825296 -22.640999
v 35.188999 6.456314 -22.539694
v 35.119835 6.495854 -22.471207
v 34.998615 6.644619 -22.825172
v 35.523891 6.264858 -22.871304
v 35.397751 6.336972 -22.746399
v 35.433197 6.336687 -22.900665
v 35.536861 5.672034 -23.898106
v 35.653248 5.993668 -23.341021
v 35.543324 5.965101 -23.567623
v 35.529110 5.824937 -23.745464
v 33.267651 5.374753 -24.413012
v 33.827572 5.255266 -24.619970
v 33.660870 5.461752 -24.525284
v 33.009121 7.367062 -23.054451
v 34.153065 7.599553 -22.651764
v 35.229839 7.297323 -23.175243
v 35.428612 6.687957 -24.230696
v 34.599701 6.230320 -25.023346
v 33.367294 6.269023 -24.956310
v 32.659420 6.774921 -24.080070
v 34.049324 8.623674 -24.939379
v 34.132740 8.640627 -24.910017
v 34.211254 8.618588 -24.948187
v 34.225746 8.574155 -25.025148
v 34.165306 8.540786 -25.082945
v 34.075443 8.543608 -25.078058
v 34.023827 8.580497 -25.014164
v 32.761539 6.706140 -24.201927
v 33.266418 6.345316 -24.826893
v 33.245560 6.622542 -24.682562
v 32.803757 7.014390 -23.668022
v 32.742210 6.910174 -23.848528
v 33.060993 7.265141 -23.914297
v 33.486771 7.463449 -22.890230
v 33.397305 7.445267 -22.921722
v 33.562649 7.601224 -23.213818
v 33.919956 7.551488 -22.737740
v 33.756794 7.518327 -22.795177
v 33.883629 7.574866 -22.838596
v 34.932755 7.379903 -23.034935
v 34.408768 7.526976 -22.780197
v 34.558701 7.518137 -22.958323
v 34.749146 7.452496 -23.012329
v 34.762253 6.323825 -24.864117
v 35.137905 6.531219 -24.504898
v 34.926929 6.591256 -24.642628
v 32.991776 7.396399 -23.053249
v 34.154530 7.632713 -22.643940
v 35.249016 7.325512 -23.176029
v 35.451054 6.706125 -24.248838
v 34.608513 6.240963 -25.054523
v 33.355839 6.280302 -24.986387
v 32.636322 6.794519 -24.095736
v 34.007381 8.675248 -24.925293
v 34.136284 8.701447 -24.879915
v 34.257622 8.667390 -24.938904
v 34.280022 8.598722 -25.057838
v 34.186615 8.547154 -25.147158
v 34.047741 8.551516 -25.139603
v 33.967976 8.608522 -25.040863
v 32.741425 6.719406 -24.225836
v 33.246304 6.358582 -24.850800
v 33.225445 6.635808 -24.706470
v 32.780212 7.038168 -23.673723
v 32.718666 6.933953 -23.854231
v 33.037449 7.288920 -23.919998
v 33.477528 7.495122 -22.882256
v 33.388062 7.476939 -22.913750
v 33.553406 7.632898 -23.205845
v 33.910713 7.583161 -22.729767
v 33.747551 7.550000 -22.787205
v 33.874386 7.606539 -22.830626
v 34.944771 7.410908 -23.028118
v 34.420784 7.557981 -22.773380
v 34.570721 7.549143 -22.951504
v 34.761162 7.483502 -23.005514
v 34.780449 6.335888 -24.890108
v 35.156101 6.543283 -24.530891
v 34.945126 6.603319 -24.668619
v 34.235718 7.005690 -25.798981
v 33.064537 7.219013 -25.429495
v 32.667885 7.809849 -24.406136
v 33.344444 8.333288 -23.499514
v 34.584755 8.395168 -23.392334
v 35.454838 7.948894 -24.165304
v 35.299500 7.330518 -25.236362
v 34.133762 9.502566 -25.540581
v 34.064804 9.515127 -25.518826
v 34.041451 9.549914 -25.458570
v 34.081284 9.580734 -25.405190
v 34.154312 9.584377 -25.398880
v 34.205544 9.558102 -25.444391
v 34.196396 9.521692 -25.507454
v 35.318047 7.418770 -25.086111
v 35.428745 7.859443 -24.322844
v 35.265980 7.900478 -24.590485
v 34.868717 7.202046 -25.461487
v 35.055782 7.259167 -25.362553
v 34.747307 7.617167 -25.459949
v 33.749081 7.097219 -25.643055
v 33.840595 7.080550 -25.671926
v 33.835339 7.447459 -25.603460
v 33.305958 7.177931 -25.503258
v 33.472866 7.147530 -25.555914
v 33.384319 7.255661 -25.511183
v 32.779915 7.649309 -24.686806
v 32.972771 7.362036 -25.184378
v 32.968006 7.543206 -25.034792
v 32.879429 7.611335 -24.856592
v 34.337696 8.382306 -23.417217
v 33.776081 8.354287 -23.465748
v 33.994267 8.421850 -23.592510
v 34.237938 7.015101 -25.830132
v 33.048512 7.231748 -25.454887
v 32.645676 7.831791 -24.415583
v 33.332779 8.363386 -23.494833
v 34.592419 8.426230 -23.385983
v 35.476055 7.973001 -24.170998
v 35.318298 7.344989 -25.258747
v 34.138344 9.506173 -25.595661
v 34.031776 9.525584 -25.562040
v 33.995682 9.579345 -25.468924
v 34.057243 9.626973 -25.386429
v 34.170101 9.632604 -25.376678
v 34.249271 9.591996 -25.447010
v 34.235138 9.535729 -25.544468
v 35.341343 7.436726 -25.099855
v 35.452042 7.877398 -24.336588
v 35.289272 7.918433 -24.604229
v 34.880955 7.211447 -25.490051
v 35.068020 7.268567 -25.391115
v 34.759544 7.626566 -25.488512
v 33.741043 7.105608 -25.673370
v 33.832561 7.088938 -25.702242
v 33.827301 7.455847 -25.633776
v 33.297920 7.186319 -25.533573
v 33.464828 7.155918 -25.586229
v 33.376282 7.264050 -25.541498
v 32.757656 7.664991 -24.704489
v 32.950516 7.377718 -25.202059
v 32.945747 7.558888 -25.052473
v 32.857170 7.627017 -24.874273
v 34.335365 8.413406 -23.408195
v 33.773750 8.385386 -23.456726
v 33.991936 8.452949 -23.583488
v 34.125813 1.800712 -21.574785
v 34.125813 7.576313 -24.671770
v 34.347694 1.836760 -21.512350
v 34.240181 7.594893 -24.639587
v 34.484825 1.914464 -21.377764
v 34.310863 7.631138 -24.576809
v 34.484825 2.047782 -21.146849
v 34.310863 7.703663 -24.451191
v 34.347694 2.142155 -20.983391
v 34.240181 7.752307 -24.366938
v 34.125813 2.178202 -20.920956
v 34.125813 7.770888 -24.334755
v 33.903927 2.142155 -20.983391
v 34.011444 7.752307 -24.366938
v 33.766796 2.047782 -21.146849
v 33.940758 7.703663 -24.451191
v 33.766796 1.931131 -21.348894
v 33.940758 7.643537 -24.555334
v 33.903927 1.836760 -21.512350
v 34.011444 7.594893 -24.639587
v 34.202633 9.359509 -25.413971
v 34.129295 9.356672 -25.442307
v 34.246086 9.375026 -25.349453
v 34.243050 9.397299 -25.273397
v 34.194683 9.417818 -25.214853
v 34.119465 9.428745 -25.196182
v 34.046124 9.425909 -25.224516
v 34.002674 9.410391 -25.289034
v 34.005711 9.388119 -25.365089
v 34.054073 9.367599 -25.423635
v 34.207245 10.332733 -26.001123
v 34.161701 10.330176 -26.018650
v 34.234123 10.344010 -25.961561
v 34.232067 10.359701 -25.915073
v 34.201866 10.373813 -25.879417
v 34.155052 10.380953 -25.868214
v 34.109509 10.378396 -25.885740
v 34.082630 10.367118 -25.925303
v 34.084686 10.351427 -25.971790
v 34.114887 10.337317 -26.007446
v 34.219139 10.918738 -26.234491
v 34.197292 10.912247 -26.240921
v 34.231544 10.934227 -26.220898
v 34.229767 10.952796 -26.205334
v 34.214485 10.967353 -26.193743
v 34.191540 10.972339 -26.190554
v 34.169693 10.965846 -26.196983
v 34.157291 10.950358 -26.210577
v 34.159069 10.931788 -26.226143
v 34.174347 10.917233 -26.237732
v 34.206669 11.506172 -26.508274
v 34.207962 11.506012 -26.508526
v 34.208805 11.505553 -26.509373
v 34.208889 11.504978 -26.510468
v 34.208202 11.504505 -26.511391
v 34.207020 11.504309 -26.511810
v 34.205776 11.504457 -26.511583
v 34.204922 11.504900 -26.510784
v 34.204784 11.505474 -26.509695
v 34.205448 11.505963 -26.508728
vn 0.0091 -0.9909 0.1344
vn -0.1656 -0.9714 0.1704
vn -0.0005 -0.9935 0.1141
vn -0.9036 0.2067 -0.3751
vn -0.9076 0.2126 -0.3620
vn -0.9054 0.2056 -0.3716
vn -0.0023 0.7649 0.6442
vn 0.0039 0.7649 0.6441
vn -0.0115 0.7665 0.6421
vn 0.0052 -0.8223 -0.5690
vn -0.0036 -0.8223 -0.5690
vn -0.0003 -0.8185 -0.5745
vn 0.0211 -0.8167 -0.5767
vn 0.3964 -0.8869 -0.2372
vn 0.3646 -0.9191 -0.1494
vn 0.3637 -0.9199 -0.1469
vn 0.0022 0.7650 0.6440
vn 0.0128 0.7667 0.6419
vn 0.7720 -0.3902 0.5018
vn 0.7720 -0.3901 0.5018
vn -0.6621 0.7246 0.1913
vn 0.5199 -0.3990 0.7554
vn -0.7132 -0.4302 0.5534
vn -0.7132 -0.4302 0.5533
vn 0.7270 -0.6686 -0.1565
vn -0.4273 -0.9009 -0.0759
vn 0.3962 -0.5792 0.7124
vn 0.3701 -0.7594 0.5352
vn 0.3381 -0.8547 0.3940
vn 0.3724 -0.7578 0.5357
vn 0.3387 -0.9239 -0.1781
vn 0.4077 -0.8991 -0.1592
vn -0.6290 -0.7205 -0.2921
vn 0.4078 0.0639 -0.9108
vn -0.3932 0.0383 0.9187
vn -0.4187 0.0379 0.9074
vn -0.3917 0.0382 0.9193
vn 0.5356 -0.0700 0.8416
vn 0.3508 -0.1200 0.9287
vn 0.3581 -0.1414 0.9229
vn 0.3634 -0.1218 0.9236
vn 0.5717 -0.3139 0.7581
vn 0.5273 -0.3976 0.7509
vn 0.5735 -0.3101 0.7582
vn 0.0030 -0.8221 -0.5693
vn 0.0114 -0.8190 -0.5736
vn -0.8915 -0.2667 0.3661
vn -0.8880 -0.2555 0.3824
vn -0.8880 -0.2568 0.3816
vn -0.0000 0.7673 0.6412
vn 0.8297 -0.3259 0.4531
vn 0.8578 0.2492 0.4495
vn 0.3605 0.0248 0.9324
vn 0.2650 0.0691 0.9618
vn 0.3577 0.0346 0.9332
vn 0.8662 0.4858 -0.1173
vn -0.8369 -0.1865 0.5146
vn -0.8935 -0.2822 0.3494
vn 0.0554 0.0362 0.9978
vn -0.3476 0.0365 0.9370
vn -0.0084 -0.8181 -0.5751
vn -0.8905 0.1887 -0.4140
vn -0.9056 0.2050 -0.3713
vn 0.0139 0.8693 -0.4941
vn 0.0140 0.8710 -0.4911
vn 0.0155 0.8684 -0.4956
vn 0.0196 0.8671 -0.4978
vn 0.0162 0.8677 -0.4969
vn 0.0160 0.8685 -0.4954
vn 0.0148 0.8683 -0.4958
vn 0.8808 -0.2980 0.3680
vn 0.9017 -0.3342 0.2743
vn 0.8807 -0.2976 0.3686
vn -0.4112 -0.1059 -0.9054
vn -0.4282 -0.0998 -0.8981
vn -0.4111 -0.1059 -0.9054
vn 0.4069 -0.1219 -0.9053
vn 0.4053 -0.1221 -0.9060
vn -0.0010 0.8808 0.4735
vn -0.0056 0.8711 0.4910
vn 0.0056 0.8711 0.4910
vn 0.4098 -0.1219 -0.9040
vn 0.3925 0.0212 0.9195
vn 0.3598 0.0223 0.9327
vn 0.9195 0.1871 -0.3456
vn 0.9186 0.1854 -0.3491
vn 0.9188 0.1851 -0.3486
vn 0.9187 0.1847 -0.3492
vn 0.9179 0.1836 -0.3517
vn 0.9227 0.1930 -0.3337
vn -0.8901 -0.2594 0.3747
vn -0.8806 -0.2437 0.4064
vn -0.0266 -0.8681 0.4956
vn -0.0179 -0.8691 0.4943
vn -0.0182 -0.8692 0.4941
vn -0.0197 -0.8702 0.4924
vn -0.0130 -0.8744 0.4850
vn -0.0241 -0.8707 0.4912
vn -0.4121 0.0364 0.9104
vn -0.3891 0.0387 0.9204
vn 0.4088 -0.1218 -0.9044
vn 0.7381 -0.6375 0.2209
vn 0.6456 -0.7578 0.0945
vn -0.6215 -0.7803 0.0707
vn -0.5938 -0.8046 0.0045
vn 0.0115 -0.9101 -0.4143
vn 0.8042 -0.3958 0.4435
vn 0.8035 -0.4021 0.4390
vn 0.8055 -0.3979 0.4392
vn -0.6013 -0.6460 -0.4702
vn 0.7495 -0.6151 0.2445
vn 0.6912 -0.6709 0.2687
vn 0.7560 -0.6083 0.2416
vn 0.6912 -0.4002 0.6017
vn 0.5363 -0.3705 0.7584
vn 0.5311 -0.3731 0.7607
vn 0.7549 0.3347 -0.5639
vn 0.7653 0.2912 -0.5741
vn 0.7648 0.2874 -0.5766
vn -0.7056 0.1586 -0.6906
vn -0.7153 0.1722 -0.6773
vn -0.7170 0.1685 -0.6764
vn 0.2961 -0.9195 0.2587
vn 0.3402 -0.8474 0.4076
vn 0.3362 -0.8481 0.4095
vn -0.1204 0.8386 0.5313
vn -0.0879 0.8435 0.5298
vn -0.0879 0.8426 0.5314
vn -0.6532 -0.1157 0.7483
vn -0.6671 -0.0937 0.7390
vn -0.6806 -0.1412 0.7189
vn -0.7303 0.6008 0.3251
vn -0.7300 0.6010 0.3253
vn -0.7301 0.6010 0.3252
vn -0.6854 -0.5980 -0.4155
vn 0.1724 -0.6173 0.7676
vn -0.0131 -0.6061 0.7953
vn -0.0155 -0.6137 0.7894
vn -0.4036 -0.0806 0.9114
vn 0.8666 0.3728 -0.3317
vn 0.8564 0.3366 -0.3914
vn 0.8632 0.3860 -0.3255
vn -0.9463 -0.0111 0.3231
vn 0.6566 0.1069 -0.7466
vn 0.6717 0.0808 -0.7364
vn 0.6610 0.0747 -0.7467
vn 0.9177 0.1826 -0.3527
vn -0.4095 -0.1064 -0.9061
vn 0.7027 -0.6598 -0.2662
vn -0.8049 -0.3205 0.4993
vn 0.5714 -0.7109 -0.4100
vn 0.8780 -0.2938 0.3780
vn -0.7759 -0.6271 -0.0689
vn -0.7637 -0.6393 -0.0899
vn -0.7628 -0.6453 -0.0417
vn 0.1512 -0.9701 0.1901
vn 0.2977 -0.9196 0.2565
vn -0.8595 -0.4958 0.1244
vn 0.1730 -0.6136 0.7704
vn 0.5957 -0.3233 0.7352
vn 0.4208 0.8218 0.3842
vn 0.4177 0.8184 0.3946
vn 0.4235 0.8165 0.3924
vn 0.7594 0.6506 -0.0116
vn 0.6987 0.7153 -0.0086
vn 0.7615 0.6468 0.0424
vn 0.5666 -0.7368 -0.3690
vn -0.0558 -0.0503 -0.9972
vn 0.2839 -0.0823 0.9553
vn 0.2544 -0.1110 0.9607
vn 0.2886 -0.0807 0.9540
vn -0.8547 -0.3865 0.3465
vn -0.8608 -0.3939 0.3223
vn -0.8564 -0.3832 0.3461
vn -0.8821 0.4220 -0.2094
vn -0.7815 0.5341 -0.3226
vn -0.8863 0.3934 -0.2445
vn 0.7627 -0.4601 -0.4546
vn -0.3296 -0.9057 -0.2666
vn -0.3081 -0.9343 -0.1790
vn -0.3306 -0.9041 -0.2707
vn -0.7937 -0.6010 0.0939
vn 0.7365 -0.6509 0.1840
vn 0.7054 -0.6084 0.3637
vn 0.7010 -0.6122 0.3658
vn -0.0282 0.2066 0.9780
vn 0.4950 0.8452 -0.2016
vn 0.5025 0.6050 -0.6176
vn 0.4950 0.8452 -0.2015
vn 0.4167 0.9034 -0.1007
vn -0.0251 0.9977 0.0626
vn 0.1147 0.9920 0.0527
vn -0.3520 0.9349 -0.0463
vn -0.5310 0.7996 -0.2806
vn -0.2085 0.9776 0.0278
vn -0.5536 0.7168 -0.4239
vn -0.5536 0.7168 -0.4240
vn 0.1317 0.4523 -0.8821
vn -0.3383 0.5021 -0.7959
vn -0.2585 -0.9214 -0.2901
vn -0.2274 -0.9506 -0.2113
vn -0.2245 -0.9528 -0.2041
vn -0.7141 -0.5285 0.4591
vn -0.6527 -0.4804 0.5858
vn -0.7190 -0.6852 0.1164
vn -0.5916 -0.8059 0.0244
vn -0.5906 -0.8064 0.0282
vn -0.6446 0.3659 0.6712
vn 0.3703 -0.1237 0.9206
vn 0.3703 -0.1237 0.9207
vn -0.9328 -0.1962 -0.3023
vn -0.2364 -0.9508 -0.2004
vn 0.3280 -0.9067 -0.2651
vn 0.2920 -0.9377 -0.1883
vn 0.3306 -0.9041 -0.2707
vn -0.0010 -0.1873 0.9823
vn -0.2132 -0.2703 0.9389
vn -0.2097 -0.2747 0.9384
vn -0.6399 -0.3541 0.6820
vn 0.7007 -0.5865 0.4063
vn 0.7026 -0.5387 0.4650
vn -0.5930 -0.8052 0.0025
vn -0.6266 -0.7756 0.0767
vn -0.7188 -0.6851 0.1177
vn -0.7138 -0.6015 0.3587
vn -0.7223 -0.6821 0.1138
vn -0.4656 -0.8624 -0.1985
vn -0.7186 -0.6905 -0.0826
vn -0.6976 -0.7164 0.0066
vn -0.7035 -0.7105 0.0118
vn -0.7625 -0.6467 0.0160
vn -0.7739 -0.2850 0.5655
vn -0.7687 -0.3192 0.5542
vn -0.7575 -0.3359 0.5599
vn -0.7155 -0.3755 0.5891
vn -0.7094 -0.3763 0.5959
vn -0.7505 -0.3031 0.5873
vn -0.7095 -0.3763 0.5959
vn -0.7227 -0.2992 0.6230
vn -0.7667 -0.2752 0.5800
vn -0.7082 -0.3733 0.5993
vn -0.2040 -0.8454 -0.4937
vn -0.1738 -0.9171 -0.3588
vn -0.2433 -0.8616 -0.4454
vn -0.1815 -0.8487 -0.4967
vn 0.8807 -0.3736 0.2913
vn 0.7925 -0.5177 0.3225
vn 0.8872 -0.3917 0.2436
vn 0.7853 -0.5322 0.3164
vn 0.8823 -0.4237 0.2049
vn 0.9002 -0.3740 0.2229
vn -0.2069 -0.0336 0.9778
vn -0.2204 -0.0471 0.9743
vn -0.2225 -0.0447 0.9739
vn -0.1939 -0.1453 0.9702
vn -0.1743 -0.0448 0.9837
vn -0.2004 -0.0320 0.9792
vn -0.1968 -0.0394 0.9797
vn -0.1815 -0.1470 0.9723
vn 0.7204 0.6889 0.0805
vn 0.7639 0.6391 0.0896
vn 0.7758 0.6272 0.0693
vn 0.8176 0.5755 -0.0148
vn 0.7095 0.3763 -0.5959
vn 0.7649 0.3166 -0.5609
vn -0.2858 0.0741 -0.9554
vn -0.2573 0.1076 -0.9603
vn -0.2626 0.0884 -0.9608
vn 0.7250 0.3016 -0.6191
vn 0.7523 0.3049 -0.5841
vn 0.1606 0.8501 0.5015
vn 0.1806 0.8506 0.4938
vn 0.1906 0.8416 0.5053
vn 0.2343 0.8647 0.4442
vn 0.1992 0.8471 0.4927
vn 0.1619 0.9225 0.3503
vn -0.8794 0.3792 -0.2878
vn -0.6591 -0.7286 -0.1862
vn -0.9004 0.3735 -0.2233
vn 0.1859 0.1607 -0.9693
vn 0.2157 0.0479 -0.9753
vn 0.2197 0.0456 -0.9745
vn 0.2065 0.0334 -0.9779
vn 0.2009 0.0320 -0.9791
vn 0.1793 0.0478 -0.9826
vn 0.1996 0.0412 -0.9790
vn -0.0751 -0.1858 0.9797
vn -0.0618 -0.2778 0.9587
vn -0.0757 -0.1818 0.9804
vn 0.1741 0.8439 0.5075
vn -0.3516 -0.1065 0.9301
vn -0.3685 -0.1116 0.9229
vn -0.3418 -0.1255 0.9314
vn 0.8999 -0.3659 0.2374
vn -0.3386 0.0362 -0.9402
vn -0.3382 0.0111 -0.9410
vn -0.3504 0.0136 -0.9365
vn -0.1801 -0.8507 -0.4938
vn -0.1525 -0.8496 -0.5049
vn -0.8125 0.3874 -0.4356
vn -0.8151 0.3800 -0.4372
vn -0.8165 0.3820 -0.4329
vn 0.3128 0.1311 -0.9407
vn 0.3391 0.1881 -0.9217
vn 0.3440 0.1090 -0.9326
vn 0.6533 -0.7362 -0.1766
vn 0.6677 0.7167 0.2011
vn 0.3549 -0.7985 -0.4862
vn 0.0944 -0.7507 -0.6539
vn 0.3683 -0.7989 -0.4755
vn 0.0271 0.8833 0.4680
vn -0.0000 0.9310 0.3650
vn 0.8019 -0.3325 0.4964
vn 0.8024 -0.3233 0.5017
vn 0.7934 -0.3227 0.5162
vn -0.2601 -0.3064 0.9157
vn 0.5291 -0.8350 -0.1514
vn 0.6207 -0.7828 0.0446
vn 0.6199 -0.7831 0.0507
vn 0.5624 -0.8187 -0.1160
vn 0.5095 -0.8591 -0.0485
vn 0.5648 -0.8166 -0.1191
vn 0.5375 -0.1975 0.8198
vn -0.6199 -0.7833 -0.0459
vn -0.5822 -0.8127 0.0222
vn -0.6243 -0.7793 -0.0544
vn 0.4143 -0.8275 -0.3788
vn 0.6696 -0.6060 -0.4294
vn -0.5336 0.6474 -0.5442
vn -0.2173 0.4666 -0.8574
vn 0.2626 0.4775 -0.8385
vn 0.5448 0.6719 -0.5017
vn -0.4481 0.8838 -0.1348
vn -0.2402 0.4718 -0.8484
vn 0.2402 0.4718 -0.8484
vn 0.2710 0.9626 0.0017
vn 0.5464 0.7657 -0.3392
vn 0.4104 0.5354 -0.7382
vn 0.5464 0.7658 -0.3392
vn -0.7264 -0.4576 0.5128
vn -0.6644 -0.5178 0.5389
vn -0.7308 -0.4530 0.5107
vn 0.7006 -0.5738 0.4241
vn 0.6900 -0.4815 0.5404
vn 0.6965 -0.5777 0.4256
vn -0.6175 -0.7851 -0.0484
vn -0.4655 -0.8788 -0.1048
vn -0.4626 -0.8810 -0.0997
vn 0.9086 0.1921 0.3710
vn 0.9086 0.1921 0.3709
vn -0.4316 0.4344 0.7906
vn -0.7292 -0.4549 0.5112
vn -0.6657 -0.5286 0.5268
vn -0.6637 -0.5307 0.5272
vn 0.8161 -0.5464 0.1885
vn -0.2467 0.0832 0.9655
vn -0.2593 -0.6235 -0.7376
vn 0.3944 -0.8886 -0.2342
vn 0.3536 -0.9216 -0.1600
vn 0.3971 -0.8860 -0.2393
vn -0.2860 -0.2152 0.9338
vn -0.2737 -0.3008 0.9136
vn -0.2724 -0.3089 0.9113
vn 0.7520 -0.4995 0.4300
vn 0.7520 -0.4996 0.4300
vn -0.5857 -0.8103 0.0186
vn -0.5513 -0.8331 -0.0449
vn -0.5857 -0.8103 0.0187
vn -0.5503 -0.8337 -0.0467
vn 0.3708 -0.2337 0.8988
vn 0.1824 -0.2748 0.9441
vn 0.1836 -0.2784 0.9427
vn -0.5957 -0.3233 0.7352
vn -0.5957 -0.3234 0.7352
vn -0.2792 -0.2828 0.9176
vn -0.4619 -0.2789 0.8420
vn -0.2753 -0.2868 0.9176
vn 0.5618 -0.8196 -0.1127
vn 0.6413 -0.7613 0.0956
vn -0.3778 -0.1499 0.9137
vn -0.3414 -0.1886 0.9208
vn -0.3340 -0.1837 0.9245
vn -0.3137 -0.1413 0.9389
vn 0.3335 -0.1341 0.9332
vn 0.3321 -0.1463 0.9318
vn 0.3338 -0.1817 0.9250
vn 0.3391 -0.1881 0.9217
vn 0.3774 -0.1578 0.9125
vn 0.3434 -0.1881 0.9202
vn -0.8180 -0.3826 0.4296
vn -0.8160 -0.3907 0.4261
vn -0.8182 -0.3928 0.4199
vn -0.8105 -0.3753 0.4496
vn -0.7663 -0.4399 0.4683
vn -0.7918 -0.3815 0.4770
vn -0.8160 -0.3760 0.4391
vn 0.0291 -0.8902 -0.4547
vn 0.0077 -0.9244 -0.3813
vn 0.0009 -0.8885 -0.4590
vn -0.0043 -0.9289 -0.3704
vn -0.0269 -0.8909 -0.4534
vn -0.0052 -0.8814 -0.4723
vn 0.7984 -0.3960 0.4536
vn 0.7992 -0.3945 0.4535
vn 0.7703 -0.4386 0.4629
vn 0.8039 -0.4120 0.4289
vn 0.7711 -0.4468 0.4536
vn 0.3858 0.1374 -0.9123
vn 0.3761 0.0889 -0.9223
vn 0.3553 0.0827 -0.9311
vn -0.3391 0.1881 -0.9217
vn -0.3397 0.1203 -0.9328
vn -0.3347 0.1349 -0.9326
vn -0.3622 0.1076 -0.9259
vn -0.3842 0.1468 -0.9115
vn -0.3593 0.1243 -0.9249
vn 0.8268 0.3760 -0.4184
vn 0.8223 0.3715 -0.4312
vn 0.8293 0.3660 -0.4222
vn 0.8272 0.3585 -0.4328
vn 0.7976 0.3738 -0.4734
vn 0.8206 0.3617 -0.4424
vn 0.7620 0.4533 -0.4625
vn -0.0285 0.8839 0.4669
vn 0.6763 -0.7138 -0.1821
vn 0.6946 -0.6995 -0.1683
vn 0.7008 -0.6968 -0.1531
vn -0.7620 0.4533 -0.4625
vn -0.8080 0.3841 -0.4469
vn -0.8086 0.3809 -0.4485
vn -0.8119 0.3997 -0.4254
vn -0.2855 -0.2122 0.9346
vn -0.2543 -0.3001 0.9194
vn -0.2869 -0.2080 0.9351
vn 0.0267 -0.8877 -0.4597
vn 0.0494 -0.8875 -0.4581
vn 0.0201 -0.8995 -0.4364
vn -0.9000 0.3660 -0.2368
vn -0.1809 -0.5977 0.7810
vn 0.0079 -0.6095 0.7927
vn -0.1828 -0.5961 0.7818
vn -0.3213 0.8517 0.4140
vn -0.3358 0.8668 0.3686
vn -0.3389 0.8568 0.3885
vn 0.8277 0.3918 -0.4018
vn 0.8327 0.3883 -0.3948
vn 0.8320 0.3850 -0.3993
vn 0.0137 0.9079 0.4191
vn -0.0355 0.9306 0.3643
vn -0.0193 0.8937 0.4482
vn -0.8381 0.3117 -0.4476
vn 0.3281 -0.8508 -0.4106
vn 0.3041 -0.8692 -0.3899
vn 0.3103 -0.8537 -0.4183
vn 0.0053 -0.8814 -0.4723
vn -0.3689 0.0500 -0.9281
vn -0.3068 0.1808 -0.9344
vn -0.8043 0.3260 -0.4967
vn -0.8067 0.3164 -0.4991
vn -0.8089 0.3187 -0.4941
vn 0.4357 0.4337 0.7887
vn -0.7280 -0.4478 0.5192
vn -0.7107 -0.6063 0.3568
vn -0.2602 -0.9203 -0.2922
vn -0.2445 -0.9482 -0.2028
vn -0.2608 -0.9188 -0.2962
vn 0.5955 -0.2257 0.7710
vn 0.7497 -0.6137 0.2477
vn 0.7739 -0.2812 0.5675
vn -0.4536 0.5625 -0.6912
vn -0.0347 0.4449 -0.8949
vn -0.0000 0.9980 0.0631
vn -0.4328 0.8938 -0.1174
vn -0.4328 0.8938 -0.1175
vn 0.4328 0.8938 -0.1174
vn 0.5397 0.6596 -0.5231
vn -0.5397 0.6596 -0.5231
vn 0.3716 -0.2348 0.8982
vn 0.3730 -0.2287 0.8992
vn 0.4097 -0.8983 -0.1586
vn 0.3314 -0.9255 -0.1833
vn 0.7360 -0.6525 0.1806
vn 0.6778 -0.7050 0.2089
vn 0.7428 -0.6456 0.1770
vn 0.0003 -0.1842 0.9829
vn 0.0074 -0.2762 0.9611
vn -0.0000 -0.1799 0.9837
vn -0.3006 -0.4933 -0.8163
vn 0.3300 -0.9050 -0.2684
vn 0.3046 -0.9357 -0.1783
vn 0.3038 -0.9364 -0.1756
vn -0.7680 -0.6399 0.0265
vn -0.2997 -0.9374 -0.1773
vn -0.7390 -0.6490 0.1807
vn -0.7094 -0.5658 0.4202
vn -0.7428 -0.6456 0.1770
vn 0.6391 -0.6808 -0.3578
vn -0.0761 -0.1889 0.9790
vn -0.0478 -0.9411 -0.3347
vn 0.1734 -0.2751 0.9457
vn 0.1033 -0.2516 0.9623
vn 0.1012 -0.2509 0.9627
vn -0.7392 -0.6491 0.1793
vn -0.6252 -0.7763 0.0804
vn -0.4010 -0.2574 0.8792
vn 0.0743 -0.9057 -0.4174
vn 0.0379 -0.9305 -0.3642
vn 0.0292 -0.9296 -0.3673
vn -0.0119 -0.9112 -0.4119
vn -0.6215 -0.7566 -0.2033
vn -0.6009 -0.7745 -0.1976
vn -0.5953 -0.7818 -0.1852
vn -0.5859 -0.7978 -0.1419
vn -0.5883 -0.7975 -0.1337
vn -0.6215 -0.7635 -0.1755
vn -0.6353 -0.7586 -0.1447
vn -0.6327 -0.7498 -0.1938
vn -0.5916 -0.7954 -0.1317
vn 0.6939 -0.7023 -0.1587
vn 0.6320 -0.7685 -0.1001
vn 0.6435 -0.7435 -0.1819
vn 0.6867 -0.7045 -0.1791
vn 0.3017 -0.0485 0.9522
vn 0.3041 -0.1631 0.9386
vn 0.3361 -0.0491 0.9406
vn 0.3120 -0.1762 0.9336
vn 0.3667 -0.0634 0.9282
vn 0.3469 -0.0308 0.9374
vn -0.8239 -0.4012 0.4003
vn -0.8213 -0.4134 0.3932
vn -0.8226 -0.4123 0.3916
vn -0.7793 -0.4621 0.4233
vn -0.8134 -0.3978 0.4244
vn -0.8232 -0.3979 0.4050
vn -0.8197 -0.4015 0.4085
vn -0.7754 -0.4587 0.4340
vn -0.0782 0.9006 0.4276
vn -0.0515 0.8784 0.4751
vn -0.0255 0.8786 0.4769
vn 0.5883 0.7975 0.1337
vn 0.6084 0.7669 0.2043
vn 0.5997 0.7769 0.1919
vn -0.3583 0.1095 -0.9272
vn 0.6321 0.7476 0.2038
vn 0.6413 0.7524 0.1504
vn 0.6250 0.7576 0.1881
vn -0.6941 0.6973 0.1791
vn -0.6482 0.7383 0.1862
vn -0.6853 0.7029 0.1906
vn -0.6326 0.7698 0.0857
vn -0.3052 0.0382 -0.9515
vn 0.3349 -0.0284 0.9418
vn 0.7691 0.4707 -0.4324
vn 0.8281 0.4019 -0.3908
vn 0.8300 0.4015 -0.3871
vn 0.8203 0.3894 -0.4188
vn 0.7691 0.4706 -0.4324
vn -0.9689 -0.0588 0.2406
vn -0.3277 -0.9070 -0.2646
vn -0.2913 -0.9377 -0.1895
vn -0.2877 -0.9402 -0.1822
vn 0.3614 -0.8963 -0.2571
vn 0.8196 -0.5719 0.0335
vn 0.8273 -0.5589 0.0569
vn 0.8003 -0.5977 0.0469
vn 0.6322 0.7147 0.2990
vn -0.7309 0.6628 0.1628
vn -0.4175 -0.7349 0.5344
vn -0.4183 -0.7345 0.5343
vn -0.4844 -0.2668 0.8332
vn -0.7039 0.6901 0.1682
vn -0.6925 0.6995 0.1765
vn -0.7711 0.6360 -0.0291
vn -0.7496 0.6509 -0.1202
vn -0.8052 0.5915 -0.0415
vn -0.5670 0.7360 0.3700
vn -0.5360 0.0688 -0.8414
vn 0.6283 0.7507 0.2042
vn 0.6969 -0.1661 0.6977
vn 0.7099 -0.1834 0.6800
vn 0.7036 -0.1754 0.6886
vn 0.6235 0.0984 -0.7756
vn 0.5793 0.2779 -0.7663
vn 0.6796 -0.3922 0.6199
vn 0.6173 -0.4673 0.6329
vn 0.6153 -0.4695 0.6332
vn 0.6876 -0.7242 0.0524
vn 0.6377 -0.7616 0.1152
vn 0.6326 -0.7649 0.1213
vn 0.1809 -0.9328 -0.3118
vn 0.3285 -0.9271 -0.1808
vn -0.7568 -0.5725 0.3155
vn -0.6745 -0.7212 0.1577
vn -0.6719 -0.7226 0.1626
vn -0.7064 -0.1878 0.6824
vn -0.8801 -0.2033 0.4291
vn -0.8878 -0.2036 0.4128
vn 0.1543 -0.1986 0.9679
vn -0.0221 -0.2610 0.9651
vn -0.0220 -0.2672 0.9634
vn 0.2885 0.4850 -0.8256
vn 0.5493 0.6867 -0.4761
vn 0.4103 0.5354 -0.7382
vn -0.5248 0.6331 -0.5690
vn -0.1895 0.4611 -0.8669
vn 0.7092 -0.5163 0.4801
vn 0.1583 -0.1986 0.9672
vn 0.1613 -0.2787 0.9467
vn 0.1578 -0.1882 0.9694
vn 0.3386 -0.8463 -0.4113
vn 0.6776 -0.3960 0.6197
vn 0.6275 -0.4707 0.6202
vn 0.6812 -0.3902 0.6195
vn 0.8890 -0.1001 0.4468
vn 0.9332 -0.1957 -0.3015
vn 0.6888 -0.7233 0.0495
vn 0.6270 -0.7724 0.1013
vn 0.6916 -0.7207 0.0469
vn 0.8929 -0.2412 -0.3802
vn 0.7014 -0.0644 0.7099
vn 0.6269 -0.7712 0.1106
vn 0.1796 -0.9332 -0.3113
vn -0.0699 -0.9616 -0.2655
vn 0.1813 -0.9309 -0.3171
vn -0.7019 -0.4122 0.5808
vn -0.7066 -0.5709 0.4181
vn -0.3592 -0.9109 -0.2033
vn 0.1205 -0.9434 -0.3090
vn -0.0702 -0.9629 -0.2604
vn -0.7590 -0.5696 0.3154
vn -0.6943 -0.6249 0.3569
vn -0.7619 -0.5669 0.3134
vn -0.7655 -0.6414 0.0510
vn 0.8073 -0.5784 0.1173
vn 0.7503 -0.6497 0.1223
vn 0.7496 -0.6522 0.1130
vn 0.7678 -0.6399 0.0322
vn 0.3415 -0.8601 -0.3789
vn 0.3359 -0.8696 -0.3619
vn 0.3023 -0.8989 -0.3172
vn 0.2943 -0.9023 -0.3151
vn 0.2625 -0.8839 -0.3869
vn 0.2904 -0.9027 -0.3176
vn 0.7251 -0.1877 0.6626
vn 0.6520 -0.3110 0.6915
vn 0.7301 -0.2431 0.6386
vn 0.7120 -0.1805 0.6785
vn -0.5926 -0.2650 0.7606
vn -0.5791 -0.2711 0.7689
vn -0.6185 -0.1074 0.7784
vn -0.6564 -0.0876 0.7493
vn -0.4142 -0.8252 -0.3840
vn -0.3984 -0.8345 -0.3807
vn -0.3976 -0.8335 -0.3836
vn -0.3825 -0.8758 -0.2945
vn -0.4368 -0.8249 -0.3588
vn -0.4204 -0.8232 -0.3817
vn -0.4205 -0.8265 -0.3744
vn -0.3921 -0.8741 -0.2867
vn -0.8127 0.5715 -0.1137
vn -0.8349 0.5482 -0.0494
vn -0.8266 0.5623 -0.0243
vn -0.2943 0.9023 0.3151
vn -0.3177 0.8511 0.4180
vn -0.2637 0.8805 0.3940
vn -0.3105 0.8633 0.3978
vn -0.7304 0.2366 -0.6407
vn -0.7274 0.1757 -0.6634
vn -0.6404 0.3162 -0.6999
vn 0.6816 0.1331 -0.7195
vn 0.3826 0.8810 0.2783
vn 0.4039 0.8285 0.3879
vn 0.4011 0.8280 0.3919
vn 0.4365 0.8213 0.3675
vn -0.7344 -0.6624 0.1479
vn -0.4371 -0.1042 0.8934
vn -0.4422 -0.1058 0.8907
vn -0.4342 -0.1099 0.8941
vn 0.1243 -0.8427 -0.5238
vn 0.0880 -0.8480 -0.5226
vn 0.0967 -0.8470 -0.5227
vn -0.4650 0.8714 -0.1561
vn -0.3843 -0.8411 0.3807
vn -0.3824 -0.8416 0.3814
vn -0.0540 0.8377 0.5435
vn -0.9994 -0.0301 -0.0140
vn -0.5642 -0.2098 0.7986
vn -0.5642 -0.2098 0.7985
vn -0.2983 -0.9127 -0.2792
vn -0.2790 -0.9412 -0.1905
vn -0.2991 -0.9113 -0.2831
vn 0.2318 -0.8865 -0.4006
vn -0.6124 -0.3465 0.7106
vn -0.6487 -0.4847 0.5867
vn -0.9102 -0.3290 0.2516
vn 0.7370 0.5828 0.3422
vn 0.3964 0.9144 -0.0817
vn -0.0550 0.9966 0.0607
vn 0.5695 -0.3159 0.7589
vn 0.5165 -0.3878 0.7634
vn 0.5115 -0.3942 0.7636
vn 0.7025 -0.5373 0.4667
vn 0.7024 -0.5902 0.3979
vn 0.7465 -0.6316 0.2093
vn 0.7001 -0.5934 0.3972
vn -0.7126 -0.6405 -0.2863
vn -0.0055 -0.0318 0.9995
vn 0.7869 -0.4599 0.4114
vn -0.0337 -0.1865 0.9819
vn -0.0210 -0.2741 0.9615
vn -0.0346 -0.1803 0.9830
vn 0.8385 0.1104 0.5336
vn -0.2964 -0.9140 -0.2769
vn -0.0726 -0.9641 -0.2555
vn 0.2037 -0.9635 0.1739
vn 0.2137 -0.9523 0.2178
vn -0.6263 -0.7792 -0.0247
vn 0.7458 -0.6326 0.2087
vn 0.7498 -0.6287 0.2063
vn 0.5456 -0.2949 0.7844
vn -0.2857 -0.9139 -0.2882
vn -0.0656 -0.9631 -0.2612
vn -0.6105 -0.3447 0.7130
vn -0.5561 -0.4079 0.7241
vn -0.6167 -0.3371 0.7114
vn -0.4464 -0.1183 0.8870
vn -0.4346 -0.1304 0.8911
vn -0.4272 -0.1245 0.8955
vn -0.4223 -0.1118 0.8995
vn 0.2564 -0.0930 0.9621
vn 0.2620 -0.1672 0.9505
vn 0.2675 -0.1730 0.9479
vn 0.2899 -0.1006 0.9518
vn 0.3217 -0.1239 0.9387
vn 0.2717 -0.1728 0.9467
vn -0.8545 -0.3715 0.3631
vn -0.7807 -0.4791 0.4013
vn -0.8276 -0.3821 0.4111
vn -0.0346 -0.1827 0.9826
vn -0.0357 -0.2788 0.9597
vn -0.0357 -0.2814 0.9589
vn 0.0539 -0.8425 -0.5360
vn 0.0870 -0.8472 -0.5241
vn 0.7926 -0.3254 0.5156
vn 0.7481 -0.4015 0.5283
vn 0.8042 -0.3476 0.4822
vn 0.8047 -0.3258 0.4963
vn 0.7500 -0.4093 0.5196
vn 0.4407 0.1016 -0.8919
vn 0.4296 0.0971 -0.8978
vn 0.4410 0.1002 -0.8919
vn -0.2675 0.1730 -0.9479
vn -0.2900 0.0722 -0.9543
vn -0.3217 0.1188 -0.9394
vn -0.2883 0.0939 -0.9529
vn 0.8588 0.3798 -0.3438
vn 0.8648 0.3642 -0.3456
vn 0.8546 0.3525 -0.3813
vn -0.7410 0.4159 -0.5273
vn -0.7969 0.3219 -0.5111
vn -0.7971 0.3180 -0.5133
vn -0.8058 0.3418 -0.4836
vn -0.1689 -0.2418 0.9555
vn -0.0374 0.8429 0.5368
vn 0.0361 -0.8472 -0.5301
vn 0.0822 -0.8481 -0.5234
vn 0.4192 0.0953 -0.9029
vn 0.4484 0.1122 -0.8868
vn 0.4323 0.1297 -0.8923
vn 0.0388 -0.9158 -0.3998
vn 0.3370 0.1095 0.9351
vn -0.1650 -0.9712 0.1720
vn 0.3325 -0.8562 0.3955
vn -0.4564 0.0376 0.8890
vn 0.5249 -0.4018 0.7503
vn -0.8861 -0.2500 0.3904
vn 0.6830 -0.6780 0.2718
vn -0.4047 -0.1081 -0.9080
vn 0.8718 -0.2852 0.3984
vn 0.1504 -0.9699 0.1917
vn -0.8576 -0.3903 0.3351
vn -0.3069 -0.9357 -0.1743
vn 0.7428 -0.6457 0.1770
vn 0.2889 -0.9400 -0.1818
vn -0.0612 -0.2823 0.9574
vn -0.1672 -0.8504 -0.4989
vn 0.0781 -0.7453 -0.6621
vn 0.5066 -0.8610 -0.0450
vn -0.5765 -0.8165 0.0320
vn -0.6589 -0.5227 0.5409
vn 0.3502 -0.9239 -0.1540
vn -0.2869 -0.2079 0.9351
vn -0.2526 -0.3049 0.9183
vn 0.0084 -0.6137 0.7895
vn -0.2436 -0.9494 -0.1981
vn 0.7560 -0.6084 0.2416
vn 0.6691 -0.7121 0.2128
vn 0.0078 -0.2810 0.9597
vn -0.7428 -0.6457 0.1770
vn -0.6954 -0.1865 0.6940
vn 0.1578 -0.1881 0.9694
vn 0.1616 -0.2904 0.9432
vn 0.6229 -0.4770 0.6200
vn 0.6234 -0.7749 0.1041
vn -0.6907 -0.6277 0.3591
vn -0.2780 -0.9424 -0.1860
vn -0.0199 -0.2811 0.9595
vn -0.5485 -0.4162 0.7252
vn -0.9913 0.0145 -0.1305
vn 0.0198 0.8857 -0.4638
vn 0.0234 0.8844 -0.4662
vn 0.0237 0.8862 -0.4627
vn -0.3089 -0.4495 -0.8382
vn 0.8331 -0.2236 -0.5060
vn 0.8334 -0.2237 -0.5054
vn 0.8345 -0.2196 -0.5053
vn -0.8505 0.3033 0.4298
vn -0.8503 0.3042 0.4295
vn -0.8506 0.3047 0.4286
vn -0.7276 -0.2576 -0.6358
vn -0.7272 -0.2578 -0.6362
vn -0.8087 -0.2690 -0.5231
vn 0.3089 0.4955 0.8118
vn -0.3089 0.4955 0.8118
vn 0.9997 0.0228 -0.0132
vn 0.9996 0.0230 -0.0133
vn 0.8088 0.3150 0.4966
vn -0.8088 0.3150 0.4966
vn -0.8089 0.2813 0.5162
vn -0.9996 0.0229 -0.0133
vn -0.9996 0.0230 -0.0133
vn -0.9996 0.0257 -0.0148
vn 0.3089 -0.4495 -0.8382
vn -0.9927 0.0941 -0.0756
vn -0.9995 0.0283 -0.0163
vn -0.3403 0.4672 0.8160
vn 0.8090 0.2841 0.5146
vn 0.3071 -0.3769 -0.8738
vn -0.3087 0.4376 0.8445
vn -0.2754 -0.4831 -0.8312
vn -0.2738 -0.4833 -0.8315
vn -0.2764 -0.4829 -0.8309
vn 0.3354 -0.4881 -0.8058
vn 0.3326 -0.4885 -0.8067
vn 0.3308 -0.4886 -0.8073
vn -0.3071 -0.3775 -0.8736
vn 0.8265 -0.2936 -0.4802
vn 0.8249 -0.2947 -0.4824
vn 0.8238 -0.2954 -0.4838
vn -0.7853 -0.2825 -0.5509
vn -0.7847 -0.2829 -0.5516
vn -0.7859 -0.2822 -0.5503
vn 0.9993 0.0313 -0.0180
vn 0.9996 0.0231 -0.0133
vn -0.3761 0.4817 0.7915
vn 0.7516 0.3396 0.5655
vn 0.7520 0.3394 0.5651
vn 0.2721 0.4458 0.8528
vn 0.9973 0.0607 0.0416
vn -0.0000 -0.8660 0.5000
vn 0.9989 0.0327 0.0323
vn 0.9991 0.0314 0.0295
vn 0.9990 0.0318 0.0306
vn 0.3549 -0.3523 -0.8660
vn 0.3573 -0.3519 -0.8652
vn 0.3533 -0.3525 -0.8666
vn 0.3087 0.4382 0.8442
vn 0.2236 0.4938 0.8403
vn 0.2240 0.4937 0.8403
vn 0.3663 -0.3921 -0.8439
vn 0.3646 -0.3924 -0.8444
vn 0.3651 -0.3923 -0.8443
vn 0.2736 0.5477 0.7907
vn 0.2749 0.5475 0.7904
vn 0.2757 0.5474 0.7902
vn 0.7125 -0.2619 -0.6510
vn -0.8216 0.3319 0.4635
vn -0.7834 -0.1583 -0.6010
vn -0.2670 -0.3295 -0.9056
vn -0.3206 0.5542 0.7681
vn -0.3239 0.5539 0.7670
vn -0.3185 0.5545 0.7688
vn -0.8064 -0.2240 -0.5472
vn -0.2114 -0.4038 -0.8901
vn -0.2100 -0.4039 -0.8904
vn 0.7157 -0.3230 -0.6193
vn 0.9991 0.0207 0.0372
vn 0.9989 0.0325 0.0333
vn -0.9974 0.0467 -0.0553
vn -0.9973 0.0454 -0.0575
vn -0.9974 0.0476 -0.0538
vn 0.8331 -0.2194 -0.5077
vn 0.8350 -0.2181 -0.5051
vn -0.8109 0.3693 0.4539
vn -0.8132 0.3678 0.4510
vn -0.8093 0.3704 0.4559
vn 0.7845 0.2750 0.5557
vn 0.7781 0.3546 0.5185
vn 0.7780 0.3547 0.5186
vn 0.0196 0.8870 -0.4613
vn 0.0186 0.8852 -0.4648
vn 0.0191 0.8842 -0.4668
vn 0.0186 0.8849 -0.4655
vn 0.0191 0.8841 -0.4669
vn 0.0199 0.8849 -0.4654
vn 0.0260 0.8849 -0.4651
vn -0.9914 0.0144 -0.1301
vn 0.8330 -0.2237 -0.5061
vn -0.8273 0.2715 0.4919
vn -0.9851 0.0449 -0.1661
vn -0.9989 0.0164 -0.0447
vn -0.3740 0.4615 0.8044
vn 0.7848 0.2958 0.5446
vn 0.3469 -0.3731 -0.8605
vn -0.3391 0.4346 0.8344
vn -0.2728 -0.4834 -0.8318
vn 0.3372 -0.4879 -0.8051
vn -0.2746 -0.3834 -0.8818
vn 0.8277 -0.2928 -0.4788
vn -0.7842 -0.2832 -0.5522
vn 0.9985 0.0485 0.0257
vn -0.3763 0.4817 0.7915
vn 0.2190 0.4565 0.8623
vn 0.3590 -0.3516 -0.8646
vn 0.2761 0.4440 0.8524
vn 0.2237 0.4938 0.8403
vn 0.3662 -0.3921 -0.8439
vn 0.2728 0.5478 0.7909
vn 0.8338 -0.2069 -0.5118
vn -0.8514 0.3110 0.4224
vn -0.7081 -0.2053 -0.6756
vn -0.2021 -0.3435 -0.9172
vn -0.3260 0.5537 0.7663
vn -0.7883 -0.2329 -0.5695
vn -0.2099 -0.4039 -0.8904
vn 0.7495 -0.3058 -0.5871
vn 0.9969 0.0376 0.0690
vn -0.9973 0.0445 -0.0591
vn -0.8148 0.3667 0.4490
vn 0.7417 0.3015 0.5991
vt 0.956497 0.448875
vt 0.959598 0.402314
vt 0.959598 0.448875
vt 0.906141 0.059388
vt 0.916250 0.042369
vt 0.972597 0.089800
vt 0.973454 0.089312
vt 0.951171 0.028372
vt 0.955262 0.019217
vt 0.498409 0.446578
vt 0.480071 0.493221
vt 0.494573 0.437310
vt 0.491731 0.436102
vt 0.985614 0.236465
vt 0.983558 0.188977
vt 0.985614 0.188977
vt 0.972991 0.089491
vt 0.943153 0.023730
vt 0.959598 0.171054
vt 0.956497 0.205640
vt 0.956497 0.171054
vt 0.780771 0.100300
vt 0.764315 0.017569
vt 0.786308 0.097301
vt 0.989840 0.075992
vt 0.988611 0.094825
vt 0.988611 0.075992
vt 0.956497 0.133620
vt 0.575514 0.757526
vt 0.548471 0.837656
vt 0.546274 0.836311
vt 0.956497 0.463030
vt 0.959598 0.477219
vt 0.956497 0.477219
vt 0.956497 0.605793
vt 0.959598 0.587864
vt 0.959598 0.605793
vt 0.956497 0.642129
vt 0.959598 0.617587
vt 0.959598 0.642129
vt 0.998214 0.288646
vt 0.997042 0.297402
vt 0.997042 0.288646
vt 0.546438 0.846124
vt 0.534735 0.929167
vt 0.543877 0.846408
vt 0.429347 0.766068
vt 0.350638 0.783587
vt 0.426872 0.761442
vt 0.480671 0.494134
vt 0.537046 0.510338
vt 0.480539 0.494394
vt 0.459699 0.839741
vt 0.524121 0.822196
vt 0.526393 0.855078
vt 0.489348 0.675591
vt 0.559255 0.684700
vt 0.489213 0.679749
vt 0.989840 0.001503
vt 0.988611 0.028831
vt 0.988611 0.001503
vt 0.480387 0.493355
vt 0.506563 0.442174
vt 0.512493 0.541828
vt 0.480313 0.494582
vt 0.972925 0.089521
vt 0.935300 0.026644
vt 0.807678 0.528202
vt 0.887144 0.509076
vt 0.809381 0.531226
vt 0.985614 0.161540
vt 0.530642 0.486604
vt 0.538918 0.491203
vt 0.480118 0.493240
vt 0.888040 0.363623
vt 0.848012 0.437650
vt 0.883314 0.362388
vt 0.973394 0.089334
vt 0.517167 0.534619
vt 0.512529 0.535871
vt 0.847644 0.806542
vt 0.909974 0.861786
vt 0.846205 0.809356
vt 0.534086 0.510994
vt 0.514051 0.445132
vt 0.911886 0.066865
vt 0.972378 0.090170
vt 0.376333 0.001502
vt 0.384830 0.001502
vt 0.390022 0.008060
vt 0.388293 0.016343
vt 0.380712 0.020103
vt 0.373003 0.016505
vt 0.371031 0.008194
vt 0.537671 0.480560
vt 0.480688 0.493843
vt 0.902547 0.069363
vt 0.958453 0.018023
vt 0.973518 0.089268
vt 0.972347 0.091016
vt 0.902540 0.112120
vt 0.899884 0.093906
vt 0.789303 0.023449
vt 0.792606 0.097294
vt 0.901739 0.090588
vt 0.537577 0.509495
vt 0.906467 0.119843
vt 0.972540 0.091404
vt 0.913738 0.134139
vt 0.910682 0.128131
vt 0.909361 0.119663
vt 0.526259 0.530736
vt 0.519749 0.535940
vt 0.505651 0.021372
vt 0.498231 0.017967
vt 0.496286 0.009979
vt 0.501373 0.003509
vt 0.509558 0.003499
vt 0.514633 0.009839
vt 0.513033 0.017922
vt 0.534706 0.514745
vt 0.899166 0.088987
vt 0.994044 0.089058
vt 0.992847 0.113564
vt 0.992847 0.089058
vt 0.938436 0.321533
vt 0.940599 0.310611
vt 0.940599 0.321533
vt 0.992847 0.072542
vt 0.487331 0.671953
vt 0.561130 0.641100
vt 0.983558 0.130931
vt 0.985614 0.130931
vt 0.985614 0.044306
vt 0.983558 0.056223
vt 0.983558 0.044306
vt 0.994044 0.524533
vt 0.992847 0.509676
vt 0.994044 0.509676
vt 0.862965 0.701891
vt 0.906100 0.653872
vt 0.907683 0.655027
vt 0.795383 0.331812
vt 0.877488 0.349957
vt 0.877471 0.354842
vt 0.956497 0.545318
vt 0.959598 0.577042
vt 0.956497 0.577042
vt 0.898669 0.023991
vt 0.892710 0.105263
vt 0.888732 0.105441
vt 0.890021 0.870329
vt 0.938436 0.555160
vt 0.940599 0.585833
vt 0.938436 0.585833
vt 0.956497 0.121498
vt 0.959598 0.133620
vt 0.807975 0.537817
vt 0.888639 0.553912
vt 0.868992 0.594197
vt 0.884347 0.118254
vt 0.842344 0.180846
vt 0.819415 0.172704
vt 0.940599 0.453242
vt 0.938436 0.429671
vt 0.940599 0.429671
vt 0.833967 0.418986
vt 0.879569 0.359253
vt 0.913093 0.122686
vt 0.972292 0.090587
vt 0.480586 0.493566
vt 0.530928 0.462288
vt 0.992847 0.184784
vt 0.994044 0.204759
vt 0.992847 0.204759
vt 0.938436 0.378927
vt 0.940599 0.371939
vt 0.940599 0.378927
vt 0.898975 0.087676
vt 0.456879 0.841931
vt 0.458162 0.841732
vt 0.465708 0.897293
vt 0.959598 0.545318
vt 0.840606 0.811926
vt 0.875584 0.888283
vt 0.833133 0.897059
vt 0.956497 0.688298
vt 0.959598 0.688298
vt 0.938436 0.717279
vt 0.940599 0.673351
vt 0.940599 0.717279
vt 0.871074 0.263622
vt 0.888689 0.342482
vt 0.883824 0.342925
vt 0.913864 0.722183
vt 0.906332 0.721310
vt 0.902307 0.709415
vt 0.457927 0.836544
vt 0.507992 0.793385
vt 0.458975 0.837312
vt 0.814175 0.409330
vt 0.549777 0.839877
vt 0.631943 0.829355
vt 0.549826 0.842453
vt 0.548597 0.844717
vt 0.609752 0.903699
vt 0.842041 0.636420
vt 0.847237 0.626208
vt 0.853287 0.623207
vt 0.989840 0.052745
vt 0.988611 0.052745
vt 0.938436 0.480165
vt 0.940599 0.480165
vt 0.940599 0.388193
vt 0.938436 0.604031
vt 0.940599 0.615387
vt 0.938436 0.615387
vt 0.994044 0.290622
vt 0.992847 0.259911
vt 0.994044 0.259911
vt 0.833071 0.209618
vt 0.839154 0.203092
vt 0.839154 0.209618
vt 0.814541 0.219186
vt 0.820807 0.232016
vt 0.814541 0.232016
vt 0.833071 0.222072
vt 0.839154 0.224650
vt 0.833071 0.224650
vt 0.830078 0.203282
vt 0.823805 0.215095
vt 0.823805 0.203282
vt 0.833071 0.229953
vt 0.839154 0.229953
vt 0.833071 0.190638
vt 0.839154 0.183498
vt 0.839154 0.190638
vt 0.833071 0.231133
vt 0.839154 0.231133
vt 0.985614 0.361735
vt 0.983558 0.345203
vt 0.985614 0.345203
vt 0.989840 0.414729
vt 0.988611 0.440866
vt 0.988611 0.414729
vt 0.985614 0.440235
vt 0.983558 0.418220
vt 0.985614 0.418220
vt 0.992847 0.457794
vt 0.994044 0.467072
vt 0.992847 0.467072
vt 0.994044 0.416265
vt 0.992847 0.439208
vt 0.992847 0.416265
vt 0.985614 0.328874
vt 0.983558 0.310226
vt 0.985614 0.310226
vt 0.940599 0.604031
vt 0.938436 0.147499
vt 0.940599 0.163492
vt 0.938436 0.163492
vt 0.983558 0.483042
vt 0.985614 0.483042
vt 0.989840 0.162481
vt 0.988611 0.173154
vt 0.988611 0.162481
vt 0.938436 0.310611
vt 0.940599 0.297954
vt 0.983558 0.380963
vt 0.983558 0.361735
vt 0.998214 0.374825
vt 0.997042 0.332524
vt 0.998214 0.332524
vt 0.487295 0.905673
vt 0.467863 0.908720
vt 0.461946 0.909590
vt 0.454549 0.910756
vt 0.459187 0.840934
vt 0.513374 0.885370
vt 0.505211 0.888585
vt 0.508005 0.889464
vt 0.504308 0.892365
vt 0.492061 0.889773
vt 0.498188 0.897171
vt 0.496073 0.898803
vt 0.469570 0.777541
vt 0.476643 0.773078
vt 0.481395 0.773917
vt 0.511162 0.799132
vt 0.512223 0.809338
vt 0.518516 0.812205
vt 0.459610 0.838445
vt 0.519168 0.867262
vt 0.522756 0.863354
vt 0.516077 0.871895
vt 0.516421 0.878106
vt 0.900545 0.720634
vt 0.881229 0.718119
vt 0.909628 0.655270
vt 0.911510 0.685009
vt 0.860264 0.702834
vt 0.854729 0.698777
vt 0.883027 0.110661
vt 0.801744 0.095631
vt 0.799524 0.083884
vt 0.875835 0.702651
vt 0.872187 0.711586
vt 0.870079 0.710059
vt 0.863959 0.705552
vt 0.910142 0.580943
vt 0.914808 0.579903
vt 0.911966 0.617044
vt 0.907779 0.647183
vt 0.882795 0.587053
vt 0.894704 0.590043
vt 0.887649 0.585927
vt 0.853977 0.613210
vt 0.857077 0.607295
vt 0.483240 0.685114
vt 0.454347 0.765538
vt 0.479085 0.684913
vt 0.905340 0.650137
vt 0.844701 0.677371
vt 0.840853 0.669127
vt 0.848326 0.681072
vt 0.905268 0.652096
vt 0.851487 0.685498
vt 0.851341 0.691572
vt 0.983558 0.510847
vt 0.909692 0.646756
vt 0.486956 0.683243
vt 0.542379 0.720516
vt 0.839154 0.222072
vt 0.355628 0.760523
vt 0.426778 0.756197
vt 0.456650 0.836307
vt 0.453437 0.768798
vt 0.709825 0.066942
vt 0.777404 0.105622
vt 0.716613 0.172934
vt 0.711319 0.163044
vt 0.722380 0.148115
vt 0.509098 0.588915
vt 0.550845 0.613868
vt 0.805767 0.202381
vt 0.785403 0.120872
vt 0.791685 0.121308
vt 0.833071 0.203092
vt 0.956497 0.366601
vt 0.959598 0.331703
vt 0.959598 0.366601
vt 0.781267 0.017510
vt 0.622720 0.804629
vt 0.620196 0.797690
vt 0.994044 0.457794
vt 0.988611 0.147426
vt 0.989840 0.147426
vt 0.994044 0.044846
vt 0.992847 0.044846
vt 0.985614 0.527418
vt 0.985614 0.510847
vt 0.994044 0.172923
vt 0.992847 0.172923
vt 0.985614 0.076265
vt 0.985614 0.056223
vt 0.998214 0.051172
vt 0.997042 0.019990
vt 0.998214 0.019990
vt 0.814541 0.261258
vt 0.820807 0.271874
vt 0.814541 0.271874
vt 0.814541 0.181699
vt 0.820807 0.195634
vt 0.814541 0.195634
vt 0.820807 0.255568
vt 0.814541 0.255568
vt 0.344431 0.489332
vt 0.338824 0.475509
vt 0.344431 0.475509
vt 0.830078 0.215095
vt 0.823805 0.236875
vt 0.830078 0.249719
vt 0.823805 0.253391
vt 0.823805 0.249719
vt 0.814541 0.177502
vt 0.820807 0.181699
vt 0.994044 0.241692
vt 0.992847 0.241692
vt 0.983558 0.101212
vt 0.985614 0.101212
vt 0.992847 0.230324
vt 0.994044 0.230324
vt 0.940599 0.527421
vt 0.940599 0.555160
vt 0.997042 0.079372
vt 0.997042 0.051172
vt 0.994044 0.365709
vt 0.992847 0.318396
vt 0.994044 0.318396
vt 0.989840 0.104226
vt 0.988611 0.104226
vt 0.988611 0.111315
vt 0.997042 0.154766
vt 0.998214 0.178729
vt 0.997042 0.178729
vt 0.985614 0.112635
vt 0.983558 0.112635
vt 0.994044 0.490529
vt 0.992847 0.474069
vt 0.994044 0.474069
vt 0.992847 0.001498
vt 0.994044 0.001498
vt 0.985614 0.395871
vt 0.983558 0.405505
vt 0.983558 0.395871
vt 0.985614 0.405505
vt 0.994044 0.569434
vt 0.992847 0.547508
vt 0.994044 0.547508
vt 0.938436 0.232126
vt 0.940599 0.276054
vt 0.938436 0.276054
vt 0.983558 0.552006
vt 0.985614 0.552006
vt 0.994044 0.129574
vt 0.994044 0.113564
vt 0.572850 0.705069
vt 0.557045 0.729412
vt 0.552327 0.736665
vt 0.546402 0.745999
vt 0.574434 0.656408
vt 0.570360 0.668702
vt 0.573996 0.666367
vt 0.573780 0.673299
vt 0.573424 0.684773
vt 0.573292 0.688624
vt 0.540254 0.748962
vt 0.513493 0.753006
vt 0.509246 0.764588
vt 0.502926 0.767887
vt 0.460453 0.587573
vt 0.470138 0.587944
vt 0.483834 0.594384
vt 0.492194 0.588540
vt 0.483760 0.669819
vt 0.558526 0.633311
vt 0.557213 0.625595
vt 0.568694 0.646295
vt 0.707302 0.155531
vt 0.693906 0.130013
vt 0.777151 0.111915
vt 0.780095 0.117481
vt 0.695426 0.091701
vt 0.695846 0.081556
vt 0.698813 0.094240
vt 0.708507 0.110670
vt 0.694516 0.113521
vt 0.694660 0.109720
vt 0.695140 0.098485
vt 0.722573 0.176743
vt 0.757461 0.199025
vt 0.748243 0.183372
vt 0.751235 0.195080
vt 0.802884 0.017501
vt 0.812766 0.017514
vt 0.848389 0.468645
vt 0.804748 0.526339
vt 0.832541 0.449409
vt 0.714535 0.052001
vt 0.721737 0.040629
vt 0.712815 0.059472
vt 0.702135 0.071595
vt 0.992847 0.392664
vt 0.992847 0.365709
vt 0.801281 0.526159
vt 0.808734 0.460806
vt 0.906239 0.648396
vt 0.956497 0.236298
vt 0.959598 0.205640
vt 0.959598 0.236298
vt 0.845007 0.270604
vt 0.852777 0.261653
vt 0.395597 0.834283
vt 0.433722 0.768963
vt 0.404745 0.672131
vt 0.414941 0.670593
vt 0.424464 0.684772
vt 0.349840 0.739042
vt 0.429050 0.751469
vt 0.843604 0.798828
vt 0.888547 0.741754
vt 0.846240 0.800572
vt 0.479602 0.669704
vt 0.350303 0.768008
vt 0.812672 0.070785
vt 0.885238 0.107350
vt 0.997042 0.202024
vt 0.985614 0.380963
vt 0.983558 0.263526
vt 0.983558 0.236465
vt 0.940599 0.204463
vt 0.938436 0.187967
vt 0.940599 0.187967
vt 0.997042 0.515180
vt 0.998214 0.535461
vt 0.997042 0.535461
vt 0.820807 0.261258
vt 0.830078 0.268325
vt 0.823805 0.263148
vt 0.830078 0.263148
vt 0.830078 0.181503
vt 0.823805 0.181503
vt 0.344431 0.432586
vt 0.338824 0.427678
vt 0.344431 0.427678
vt 0.820807 0.219186
vt 0.344431 0.444066
vt 0.338824 0.450327
vt 0.338824 0.444066
vt 0.338824 0.412680
vt 0.344431 0.412680
vt 0.992847 0.490529
vt 0.998214 0.297402
vt 0.997042 0.310268
vt 0.938436 0.673351
vt 0.940599 0.661502
vt 0.940599 0.232126
vt 0.992847 0.290622
vt 0.938436 0.527421
vt 0.985614 0.338183
vt 0.983558 0.328874
vt 0.938436 0.406756
vt 0.940599 0.406756
vt 0.938436 0.355497
vt 0.940599 0.336372
vt 0.940599 0.355497
vt 0.985614 0.563010
vt 0.992847 0.129574
vt 0.992847 0.534836
vt 0.992847 0.524533
vt 0.994044 0.534836
vt 0.938436 0.297954
vt 0.782382 0.443599
vt 0.809089 0.445014
vt 0.817094 0.445470
vt 0.827279 0.445943
vt 0.805128 0.539803
vt 0.832230 0.619852
vt 0.820534 0.617448
vt 0.823059 0.620524
vt 0.816697 0.621070
vt 0.804710 0.609009
vt 0.806165 0.621977
vt 0.787495 0.623594
vt 0.801668 0.540093
vt 0.802601 0.622266
vt 0.859557 0.466558
vt 0.865152 0.470021
vt 0.887363 0.518013
vt 0.882230 0.530972
vt 0.888061 0.538336
vt 0.809496 0.534696
vt 0.851902 0.603091
vt 0.858845 0.601157
vt 0.845014 0.606217
vt 0.840968 0.613636
vt 0.422730 0.669424
vt 0.448968 0.665758
vt 0.438435 0.747569
vt 0.433243 0.748316
vt 0.418077 0.848082
vt 0.408769 0.847402
vt 0.420510 0.845044
vt 0.438955 0.769336
vt 0.453258 0.850573
vt 0.435890 0.836619
vt 0.438122 0.849554
vt 0.434609 0.849315
vt 0.424301 0.848544
vt 0.369114 0.698919
vt 0.385555 0.695992
vt 0.374509 0.694819
vt 0.349968 0.748125
vt 0.381956 0.829668
vt 0.371643 0.822831
vt 0.388790 0.831391
vt 0.399731 0.841437
vt 0.985614 0.287206
vt 0.985614 0.263526
vt 0.938436 0.371939
vt 0.989840 0.208226
vt 0.988611 0.252399
vt 0.988611 0.208226
vt 0.847689 0.803381
vt 0.908884 0.771437
vt 0.893222 0.204475
vt 0.887505 0.120678
vt 0.891411 0.121448
vt 0.863206 0.025615
vt 0.824207 0.046919
vt 0.956497 0.282477
vt 0.959598 0.282477
vt 0.997042 0.460841
vt 0.998214 0.503142
vt 0.997042 0.503142
vt 0.399546 0.676036
vt 0.795409 0.325376
vt 0.800062 0.316291
vt 0.816960 0.316827
vt 0.930138 0.785829
vt 0.930323 0.779751
vt 0.836127 0.427818
vt 0.998214 0.127404
vt 0.998214 0.079372
vt 0.998214 0.254126
vt 0.997042 0.237420
vt 0.998214 0.237420
vt 0.998214 0.310268
vt 0.998214 0.460841
vt 0.997042 0.444592
vt 0.998214 0.444592
vt 0.956497 0.402314
vt 0.998214 0.571249
vt 0.997042 0.559712
vt 0.998214 0.559712
vt 0.352772 0.401906
vt 0.347433 0.426827
vt 0.347433 0.401906
vt 0.830078 0.253391
vt 0.338824 0.432586
vt 0.830078 0.236875
vt 0.347433 0.461342
vt 0.352772 0.486262
vt 0.347433 0.486262
vt 0.938436 0.641552
vt 0.940599 0.641552
vt 0.998214 0.001498
vt 0.997042 0.001498
vt 0.989840 0.501996
vt 0.988611 0.470877
vt 0.989840 0.470877
vt 0.983558 0.287206
vt 0.997042 0.127404
vt 0.998214 0.230316
vt 0.997042 0.230316
vt 0.998214 0.220896
vt 0.997042 0.220896
vt 0.997042 0.273561
vt 0.997042 0.254126
vt 0.938436 0.336372
vt 0.989840 0.297212
vt 0.988611 0.322044
vt 0.988611 0.297212
vt 0.997042 0.402940
vt 0.997042 0.374825
vt 0.988611 0.280477
vt 0.910362 0.741023
vt 0.922244 0.764002
vt 0.925785 0.771006
vt 0.874118 0.717038
vt 0.881555 0.725865
vt 0.881477 0.722014
vt 0.886642 0.725405
vt 0.895199 0.731016
vt 0.898115 0.732964
vt 0.922376 0.808671
vt 0.929738 0.816838
vt 0.929710 0.823191
vt 0.903097 0.867010
vt 0.887505 0.879066
vt 0.843701 0.811285
vt 0.840453 0.798581
vt 0.830888 0.713658
vt 0.849121 0.717493
vt 0.842736 0.714681
vt 0.856195 0.719381
vt 0.863780 0.716321
vt 0.803660 0.309285
vt 0.815992 0.286140
vt 0.879758 0.345632
vt 0.845074 0.266753
vt 0.838042 0.286504
vt 0.828444 0.277747
vt 0.831372 0.275778
vt 0.839919 0.270152
vt 0.795253 0.369538
vt 0.802724 0.354793
vt 0.795221 0.362831
vt 0.821034 0.415143
vt 0.884470 0.258749
vt 0.896668 0.257651
vt 0.878123 0.261646
vt 0.863450 0.260659
vt 0.989840 0.338282
vt 0.988611 0.382455
vt 0.988611 0.338282
vt 0.609863 0.877780
vt 0.540493 0.754532
vt 0.543707 0.836087
vt 0.531806 0.753679
vt 0.352772 0.446818
vt 0.347433 0.446818
vt 0.956497 0.331703
vt 0.886420 0.029915
vt 0.988611 0.530137
vt 0.988611 0.501996
vt 0.998214 0.419709
vt 0.997042 0.419709
vt 0.989840 0.252399
vt 0.989840 0.452401
vt 0.989840 0.440866
vt 0.972851 0.091708
vt 0.344431 0.387498
vt 0.338824 0.387498
vt 0.352772 0.395500
vt 0.347433 0.395500
vt 0.352772 0.432435
vt 0.347433 0.443369
vt 0.347433 0.432435
vt 0.352772 0.426827
vt 0.344431 0.450327
vt 0.989840 0.128009
vt 0.989840 0.111315
vt 0.989840 0.173154
vt 0.988611 0.185994
vt 0.989840 0.185994
vt 0.480030 0.494664
vt 0.507556 0.545916
vt 0.484511 0.552790
vt 0.988611 0.394489
vt 0.959598 0.451717
vt 0.959598 0.463030
vt 0.988611 0.452401
vt 0.989840 0.322044
vt 0.956497 0.451717
vt 0.988611 0.128009
vt 0.985614 0.001499
vt 0.983558 0.001499
vt 0.998214 0.273561
vt 0.989840 0.382455
vt 0.635835 0.861955
vt 0.623297 0.884856
vt 0.619619 0.891626
vt 0.614958 0.900422
vt 0.635018 0.818110
vt 0.635098 0.827088
vt 0.635233 0.833319
vt 0.622738 0.844246
vt 0.635461 0.843636
vt 0.635514 0.847153
vt 0.586260 0.910035
vt 0.583575 0.920796
vt 0.578226 0.924356
vt 0.989840 0.578095
vt 0.989840 0.530137
vt 0.552476 0.760978
vt 0.612825 0.780386
vt 0.618835 0.790787
vt 0.629632 0.809132
vt 0.814268 0.168748
vt 0.810005 0.159378
vt 0.798739 0.093169
vt 0.882699 0.114629
vt 0.795861 0.128274
vt 0.809974 0.111084
vt 0.797039 0.113174
vt 0.797316 0.109657
vt 0.798207 0.099376
vt 0.844251 0.191771
vt 0.817338 0.057186
vt 0.815589 0.064001
vt 0.805514 0.074884
vt 0.878746 0.024894
vt 0.560349 0.756276
vt 0.849621 0.195885
vt 0.820700 0.146244
vt 0.806800 0.152355
vt 0.956497 0.617587
vt 0.956497 0.587864
vt 0.989840 0.094825
vt 0.989840 0.028831
vt 0.983558 0.161540
vt 0.890642 0.448789
vt 0.994044 0.072542
vt 0.907729 0.023586
vt 0.959598 0.121498
vt 0.938436 0.453242
vt 0.994044 0.184784
vt 0.938436 0.388193
vt 0.833071 0.183498
vt 0.983558 0.440235
vt 0.994044 0.439208
vt 0.940599 0.147499
vt 0.448909 0.767879
vt 0.983558 0.527418
vt 0.983558 0.076265
vt 0.338824 0.489332
vt 0.820807 0.177502
vt 0.998214 0.154766
vt 0.992847 0.569434
vt 0.994044 0.392664
vt 0.998214 0.202024
vt 0.938436 0.204463
vt 0.998214 0.515180
vt 0.823805 0.268325
vt 0.938436 0.661502
vt 0.983558 0.338183
vt 0.983558 0.563010
vt 0.997042 0.571249
vt 0.352772 0.461342
vt 0.998214 0.402940
vt 0.989840 0.280477
vt 0.931281 0.151530
vt 0.352772 0.443369
vt 0.989840 0.394489
vt 0.988611 0.578095
vt 0.189220 0.928127
vt 0.178403 0.985624
vt 0.178403 0.928127
vt 0.366955 0.001517
vt 0.365862 0.002909
vt 0.365872 0.001845
vt 0.156839 0.593586
vt 0.167611 0.001502
vt 0.167611 0.593586
vt 0.146053 0.985624
vt 0.136201 0.928127
vt 0.146053 0.928127
vt 0.200032 0.928127
vt 0.189220 0.985624
vt 0.167611 0.985624
vt 0.167611 0.928127
vt 0.178403 0.001502
vt 0.178403 0.593586
vt 0.221592 0.593586
vt 0.210818 0.001502
vt 0.221592 0.001502
vt 0.200032 0.593586
vt 0.210818 0.593586
vt 0.136201 0.593586
vt 0.124146 0.001502
vt 0.136201 0.001502
vt 0.124146 0.593586
vt 0.113353 0.001502
vt 0.189220 0.593586
vt 0.200032 0.001502
vt 0.200032 0.765657
vt 0.189220 0.001502
vt 0.146053 0.001502
vt 0.156839 0.001502
vt 0.189220 0.869469
vt 0.178403 0.869469
vt 0.189220 0.765657
vt 0.210818 0.869469
vt 0.200032 0.869469
vt 0.113353 0.765657
vt 0.113353 0.593586
vt 0.146053 0.765657
vt 0.146053 0.593586
vt 0.210818 0.765657
vt 0.167611 0.869469
vt 0.156839 0.765657
vt 0.167611 0.765657
vt 0.146053 0.869469
vt 0.136201 0.869469
vt 0.136201 0.765657
vt 0.178403 0.765657
vt 0.124146 0.765657
vt 0.210818 0.928127
vt 0.200032 0.985624
vt 0.124146 0.985624
vt 0.113353 0.928127
vt 0.124146 0.928127
vt 0.221592 0.928127
vt 0.221592 0.869469
vt 0.136201 0.985624
vt 0.362745 0.002303
vt 0.361212 0.001805
vt 0.362159 0.001498
vt 0.124146 0.869469
vt 0.156839 0.928127
vt 0.156839 0.869469
vt 0.221592 0.765657
vt 0.221592 0.985624
vt 0.156839 0.985624
vt 0.113353 0.869469
vt 0.362583 0.001805
vt 0.362643 0.002757
vt 0.362159 0.003109
vt 0.361636 0.003109
vt 0.361212 0.002801
vt 0.361050 0.002303
vt 0.361636 0.001498
vt 0.366360 0.001510
vt 0.367417 0.001859
vt 0.367570 0.002393
vt 0.367368 0.002913
vt 0.366895 0.003228
vt 0.366324 0.003228
vt 0.365685 0.002383
vt 0.210818 0.985624
vt 0.113353 0.985624
s 1
f 2662/5413/5641 2695/5414/5642 2681/5415/5643
f 2694/5416/5644 2682/5417/5645 2660/5418/5646
f 2661/5419/5647 2693/5420/5648 2691/5421/5649
f 2674/5422/5650 2706/5423/5651 2672/5424/5652
f 2706/5423/5651 2665/5425/5653 2672/5424/5652
f 2976/5426/5654 3026/5427/5655 2993/5428/5656
f 2701/5429/5657 2692/5430/5658 2693/5420/5648
f 2693/5431/5659 2673/5432/5660 2674/5433/5659
f 2820/5434/5661 2814/5435/5661 2821/5436/5661
f 2864/5437/5662 2901/5438/5662 2897/5439/5662
f 2672/5440/5663 2693/5431/5664 2674/5433/5664
f 2979/5441/5665 2985/5442/5665 2986/5443/5665
f 2680/5444/5666 2698/5445/5666 2679/5446/5666
f 2670/5447/5667 2690/5448/5667 2689/5449/5667
f 2666/5450/5668 2688/5451/5669 2685/5452/5670
f 2739/5453/5671 2773/5454/5672 2772/5455/5671
f 2988/5456/5673 2980/5457/5673 2987/5458/5673
f 2886/5459/5674 2880/5460/5674 2887/5461/5674
f 2710/5462/5675 2678/5463/5676 2704/5464/5677
f 2720/5465/5678 2714/5466/5678 2713/5467/5678
f 2786/5468/5679 2800/5469/5680 2785/5470/5681
f 2844/5471/5682 2898/5472/5683 2877/5473/5684
f 2707/5474/5685 2674/5422/5650 2673/5475/5686
f 2669/5476/5687 2705/5477/5688 2704/5464/5689
f 2692/5430/5658 2701/5478/5657 2683/5479/5690
f 2856/5480/5691 2848/5481/5691 2855/5482/5691
f 3026/5427/5692 2995/5483/5692 2993/5428/5692
f 2710/5462/5693 2677/5484/5694 2676/5485/5695
f 2707/5474/5685 2706/5486/5651 2674/5422/5650
f 2952/5487/5696 2946/5488/5696 2953/5489/5696
f 2661/5490/5647 2701/5429/5657 2693/5420/5648
f 2671/5491/5697 2670/5492/5698 2704/5464/5689
f 2922/5493/5699 2914/5494/5699 2921/5495/5699
f 2680/5496/5700 2704/5464/5677 2678/5463/5676
f 2664/5497/5701 2707/5474/5685 2673/5475/5686
f 2696/5498/5702 2694/5416/5644 2660/5418/5646
f 2659/5499/5703 2696/5498/5702 2660/5418/5646
f 2703/5500/5704 2700/5501/5705 2659/5502/5706
f 2659/5502/5706 2660/5503/5707 2701/5504/5708
f 2701/5504/5708 2661/5505/5709 2702/5506/5710
f 2675/5507/5711 2677/5484/5712 2709/5508/5713
f 2695/5509/5714 2696/5498/5715 2659/5499/5716
f 2691/5421/5649 2684/5510/5690 2661/5511/5647
f 2703/5512/5717 2686/5513/5717 2698/5514/5718
f 2843/5515/5719 2822/5516/5720 2821/5436/5721
f 2703/5512/5717 2698/5514/5718 2699/5517/5722
f 2676/5485/5695 2662/5518/5723 2710/5462/5693
f 2710/5462/5693 2709/5508/5724 2677/5484/5694
f 2687/5519/5725 2686/5513/5726 2703/5512/5727
f 2702/5520/5728 2685/5521/5726 2688/5522/5729
f 2690/5523/5730 2687/5519/5725 2703/5512/5727
f 2704/5464/5689 2667/5524/5731 2668/5525/5732
f 2704/5464/5689 2668/5525/5732 2671/5491/5697
f 2710/5526/5733 2704/5527/5734 2705/5528/5735
f 2706/5529/5736 2707/5530/5735 2708/5531/5737
f 2706/5529/5736 2708/5531/5737 2709/5532/5738
f 2679/5533/5739 2667/5524/5740 2704/5464/5677
f 2680/5496/5700 2679/5533/5739 2704/5464/5677
f 2703/5512/5717 2699/5517/5722 2697/5534/5741
f 2942/5535/5742 2973/5536/5743 2975/5537/5742
f 2806/5538/5744 2840/5539/5745 2839/5540/5744
f 2974/5541/5746 2942/5535/5746 2975/5537/5746
f 2787/5542/5747 2806/5543/5748 2786/5468/5749
f 2995/5483/5750 3027/5544/5750 2994/5545/5750
f 2981/5546/5751 3024/5547/5752 3014/5548/5753
f 2938/5549/5754 2970/5550/5755 2937/5551/5756
f 2769/5552/5757 2752/5553/5758 2751/5554/5759
f 2957/5555/5760 2956/5556/5761 2955/5557/5762
f 2667/5558/5763 2687/5559/5764 2668/5560/5765
f 3039/5561/5766 3020/5562/5767 3019/5563/5768
f 2942/5564/5769 2921/5495/5770 2914/5494/5771
f 2660/5418/5772 2683/5479/5773 2701/5478/5774
f 2797/5565/5775 2829/5566/5775 2796/5567/5775
f 2665/5568/5776 2691/5569/5777 2672/5440/5778
f 2853/5570/5779 2847/5571/5779 2846/5572/5779
f 3022/5573/5780 3025/5574/5781 3023/5575/5782
f 2832/5576/5783 2800/5577/5783 2833/5578/5783
f 2975/5579/5784 2954/5580/5785 2953/5489/5786
f 2689/5581/5787 2703/5512/5727 2702/5520/5728
f 2700/5582/5788 2695/5509/5714 2659/5499/5716
f 2708/5583/5789 2664/5497/5789 2663/5584/5789
f 2958/5585/5790 2926/5586/5790 2959/5587/5790
f 2803/5588/5791 2834/5589/5791 2836/5590/5791
f 2700/5582/5717 2697/5534/5741 2681/5591/5717
f 2708/5583/5792 2675/5507/5711 2709/5508/5713
f 2724/5592/5793 2718/5593/5794 2730/5594/5795
f 2667/5558/5763 2698/5445/5796 2686/5595/5797
f 2919/5596/5798 2913/5597/5798 2912/5598/5798
f 2665/5599/5776 2685/5452/5670 2684/5600/5799
f 2782/5601/5800 2816/5602/5800 2815/5603/5800
f 2971/5604/5801 2952/5605/5802 2951/5606/5803
f 2750/5607/5804 2762/5608/5805 2763/5609/5806
f 2723/5610/5807 2715/5611/5807 2722/5612/5807
f 2947/5613/5808 2955/5557/5808 2954/5580/5808
f 2984/5614/5809 3001/5615/5810 2983/5616/5811
f 2989/5617/5812 2990/5618/5813 2988/5456/5814
f 2747/5619/5815 2775/5620/5816 2776/5621/5817
f 2898/5472/5818 2866/5622/5818 2899/5623/5818
f 2778/5624/5819 2832/5576/5820 2811/5625/5821
f 2835/5626/5822 2803/5588/5822 2836/5590/5822
f 2784/5627/5823 2825/5628/5824 2792/5629/5825
f 2929/5630/5826 2961/5631/5826 2928/5632/5826
f 2754/5633/5827 2722/5634/5828 2721/5635/5829
f 2888/5636/5830 2854/5637/5831 2887/5638/5831
f 2753/5639/5832 2719/5640/5833 2752/5641/5833
f 2953/5642/5834 2921/5643/5835 2920/5644/5834
f 2751/5645/5836 2719/5640/5833 2718/5646/5837
f 2756/5647/5838 2724/5648/5839 2723/5649/5838
f 2757/5650/5839 2718/5646/5837 2724/5651/5839
f 2977/5652/5840 3032/5653/5841 2999/5654/5842
f 2860/5655/5843 2891/5656/5844 2893/5657/5843
f 2659/5502/5706 2702/5506/5710 2703/5500/5704
f 2978/5658/5845 3035/5659/5846 3002/5660/5847
f 2866/5622/5848 2897/5439/5848 2899/5623/5848
f 2967/5661/5849 2935/5662/5850 2968/5663/5850
f 2932/5664/5851 2963/5665/5851 2965/5666/5851
f 3000/5667/5852 3029/5668/5852 2996/5669/5852
f 2784/5627/5853 2829/5566/5854 2817/5670/5855
f 2782/5671/5856 2841/5672/5857 2808/5673/5858
f 3012/5674/5859 2978/5658/5859 2979/5675/5859
f 2872/5676/5860 2906/5677/5861 2905/5678/5860
f 2807/5679/5862 2837/5680/5863 2840/5539/5745
f 2977/5652/5864 3036/5681/5865 3010/5682/5866
f 2714/5683/5867 2746/5684/5867 2713/5685/5867
f 2718/5593/5794 2711/5686/5868 2730/5594/5795
f 2711/5686/5868 2728/5687/5869 2730/5594/5795
f 2730/5594/5795 2729/5688/5870 2717/5689/5871
f 2717/5689/5871 2724/5592/5793 2730/5594/5795
f 2719/5690/5872 2712/5691/5873 2736/5692/5874
f 2712/5691/5873 2734/5693/5875 2736/5692/5874
f 2736/5692/5874 2735/5694/5876 2733/5695/5877
f 2735/5694/5876 2731/5696/5878 2733/5695/5877
f 2711/5686/5879 2718/5593/5880 2733/5695/5877
f 2733/5695/5877 2732/5697/5881 2711/5686/5879
f 2727/5698/5882 2726/5699/5883 2716/5700/5884
f 2716/5700/5884 2723/5610/5885 2727/5698/5882
f 2715/5611/5886 2741/5701/5887 2743/5702/5888
f 2743/5702/5888 2742/5703/5889 2714/5466/5890
f 2714/5466/5890 2721/5704/5891 2743/5702/5888
f 2720/5465/5892 2713/5467/5893 2740/5705/5894
f 2713/5467/5893 2737/5706/5895 2740/5705/5894
f 2712/5691/5896 2719/5690/5897 2739/5707/5898
f 2739/5707/5898 2738/5708/5899 2712/5691/5896
f 2761/5709/5805 2744/5710/5900 2763/5609/5806
f 2744/5710/5900 2751/5554/5901 2763/5609/5806
f 2751/5554/5901 2757/5711/5902 2763/5609/5806
f 2777/5712/5903 2763/5609/5806 2757/5711/5902
f 2767/5713/5904 2745/5714/5905 2769/5552/5757
f 3017/5715/5906 3034/5716/5907 3010/5717/5908
f 2751/5554/5759 2744/5710/5909 2766/5718/5910
f 2744/5710/5909 2765/5719/5904 2766/5718/5910
f 2766/5718/5910 2764/5720/5904 2768/5721/5904
f 2766/5718/5910 2768/5721/5904 2769/5552/5757
f 2758/5722/5911 2750/5723/5912 2777/5724/5912
f 2756/5725/5913 2749/5726/5914 2760/5727/5915
f 2749/5726/5914 2759/5728/5916 2760/5727/5915
f 2774/5729/5816 2748/5730/5917 2776/5621/5817
f 2790/5731/5918 2782/5732/5918 2789/5733/5918
f 2754/5734/5919 2747/5619/5815 2776/5621/5817
f 2770/5735/5920 2746/5736/5921 2773/5737/5922
f 2746/5736/5921 2753/5738/5923 2773/5737/5922
f 2752/5553/5924 2745/5714/5925 2772/5739/5926
f 2745/5714/5925 2771/5740/5920 2772/5739/5926
f 2979/5675/5927 3040/5741/5928 3012/5674/5929
f 2758/5722/5911 2777/5724/5912 2757/5742/5930
f 2791/5743/5931 2785/5470/5932 2797/5744/5933
f 2743/5702/5888 2722/5612/5934 2715/5611/5886
f 2753/5639/5832 2721/5635/5829 2720/5745/5832
f 2909/5746/5935 2888/5747/5936 2887/5461/5937
f 2724/5748/5938 2725/5749/5939 2723/5610/5885
f 2839/5750/5940 2820/5434/5941 2819/5751/5942
f 2817/5752/5943 2829/5753/5944 2830/5754/5945
f 2787/5542/5946 2781/5755/5946 2780/5756/5946
f 2815/5757/5947 2823/5758/5947 2822/5759/5947
f 2755/5760/5828 2723/5649/5838 2722/5634/5828
f 2677/5761/5948 2694/5762/5949 2696/5763/5950
f 2814/5435/5951 2842/5764/5952 2843/5515/5719
f 3004/5765/5953 2985/5442/5954 3005/5766/5955
f 2963/5665/5956 2934/5767/5956 2967/5661/5956
f 2872/5676/5957 2904/5768/5958 2871/5769/5959
f 2913/5770/5960 2974/5541/5961 2946/5771/5962
f 3008/5772/5963 3040/5741/5963 3007/5773/5963
f 2915/5774/5964 2958/5585/5965 2948/5775/5966
f 2992/5776/5967 3024/5547/5967 2991/5777/5967
f 2730/5778/5968 2762/5779/5968 2729/5780/5968
f 2885/5781/5969 2851/5782/5970 2884/5783/5970
f 2890/5784/5971 2856/5785/5972 2889/5786/5972
f 2887/5638/5831 2853/5787/5973 2886/5788/5973
f 2822/5789/5974 2788/5790/5975 2821/5791/5975
f 2954/5792/5835 2922/5793/5976 2921/5643/5835
f 2956/5794/5977 2917/5795/5978 2923/5796/5979
f 2884/5797/5970 2857/5798/5971 2890/5784/5971
f 2916/5799/5980 2961/5631/5981 2949/5800/5982
f 3023/5801/5983 2992/5776/5984 2990/5802/5985
f 2916/5799/5986 2957/5803/5987 2924/5804/5988
f 2797/5565/5989 2828/5805/5990 2830/5806/5989
f 2730/5778/5991 2761/5807/5991 2763/5808/5991
f 2910/5809/5992 2960/5810/5993 2927/5811/5994
f 2901/5438/5995 2869/5812/5995 2902/5813/5995
f 2869/5812/5996 2900/5814/5996 2902/5813/5996
f 2765/5815/5997 2733/5816/5997 2766/5817/5997
f 2982/5818/5998 3027/5544/5999 3015/5819/6000
f 2911/5820/6001 2966/5821/6002 2933/5822/6003
f 2913/5770/6004 2945/5823/6005 2912/5824/6005
f 3004/5825/6006 3038/5826/6007 3037/5827/6008
f 3035/5659/5846 3005/5828/6009 3002/5660/5847
f 2912/5829/6010 2969/5830/6011 2936/5831/6012
f 2781/5832/6013 2813/5833/6014 2780/5834/6014
f 3039/5835/6015 3008/5772/6016 3006/5836/6017
f 2914/5837/6018 2973/5536/5743 2940/5838/6019
f 2785/5470/5932 2778/5839/6020 2797/5744/5933
f 2778/5839/6020 2795/5840/6021 2797/5744/5933
f 2797/5744/5933 2796/5841/6022 2784/5842/6023
f 2784/5842/6023 2791/5743/5931 2797/5744/5933
f 2786/5468/5679 2779/5843/6024 2803/5844/6025
f 2779/5843/6024 2801/5845/6026 2803/5844/6025
f 2803/5844/6025 2802/5846/6027 2800/5469/5680
f 2802/5846/6027 2798/5847/6027 2800/5469/5680
f 2778/5839/6028 2785/5470/5681 2800/5469/5680
f 2800/5469/5680 2799/5848/6029 2778/5839/6028
f 2791/5743/6030 2784/5842/6031 2792/5849/6032
f 2794/5850/6033 2793/5851/6034 2783/5852/6035
f 2783/5852/6035 2790/5731/6036 2794/5850/6033
f 2782/5853/6037 2808/5854/6038 2810/5855/6039
f 2810/5855/6039 2809/5856/6040 2781/5755/6041
f 2781/5755/6041 2788/5857/6042 2810/5855/6039
f 2787/5542/5747 2780/5756/6043 2807/5858/6044
f 2780/5756/6043 2804/5859/6045 2807/5858/6044
f 2779/5843/6046 2786/5468/5749 2806/5543/5748
f 2806/5543/5748 2805/5860/6047 2779/5843/6046
f 2828/5861/5944 2811/5862/6048 2830/5754/5945
f 2811/5862/6048 2818/5863/6049 2830/5754/5945
f 2818/5863/6049 2824/5864/6050 2830/5754/5945
f 2824/5864/6050 2817/5752/5943 2830/5754/5945
f 2834/5865/6051 2812/5866/6052 2836/5867/6053
f 2818/5863/6054 2811/5862/6055 2833/5868/6056
f 2811/5862/6055 2832/5869/6051 2833/5868/6056
f 2833/5868/6056 2831/5870/6051 2835/5871/6051
f 2833/5868/6056 2835/5871/6051 2836/5867/6053
f 2825/5872/6057 2817/5752/6058 2824/5864/6059
f 2823/5758/6060 2816/5873/6061 2827/5874/6062
f 2816/5873/6061 2826/5875/6063 2827/5874/6062
f 2841/5876/5952 2815/5877/6064 2843/5515/5719
f 2860/5878/6065 2857/5879/6066 2858/5880/6067
f 2821/5436/5721 2814/5435/5951 2843/5515/5719
f 2837/5881/6068 2813/5882/6069 2840/5883/6070
f 2813/5882/6069 2820/5434/5941 2840/5883/6070
f 2819/5751/5942 2812/5866/6071 2839/5750/5940
f 2812/5866/6071 2838/5884/6068 2839/5750/5940
f 2910/5809/6072 2964/5885/6073 2943/5886/6074
f 2857/5879/6075 2851/5887/6076 2863/5888/6077
f 2776/5621/5817 2755/5889/6078 2754/5734/5919
f 2664/5890/6079 2692/5891/6080 2683/5892/6081
f 2951/5606/6082 2968/5893/6083 2944/5894/6084
f 2760/5727/5915 2757/5742/5930 2756/5725/5913
f 2794/5850/6033 2791/5743/6030 2792/5849/6032
f 2905/5895/6085 2886/5459/6086 2885/5896/6087
f 2883/5897/6088 2895/5898/6089 2896/5899/6090
f 2881/5900/6091 2889/5901/6091 2888/5747/6091
f 2918/5902/6092 2932/5903/6093 2917/5904/6094
f 2810/5855/6039 2789/5905/6095 2782/5853/6037
f 2880/5460/6096 2908/5906/6097 2909/5746/5935
f 3037/5907/6098 3018/5908/6099 3017/5715/6100
f 2733/5816/6101 2764/5909/6101 2766/5817/6101
f 3004/5825/6102 3036/5681/5865 3003/5910/6103
f 2976/5426/6104 3030/5911/6105 3009/5912/6106
f 2842/5913/6107 2810/5914/6107 2843/5915/6107
f 2982/5818/6108 3023/5801/5983 2990/5802/5985
f 2759/5916/6109 2727/5917/6109 2760/5918/6109
f 2885/5781/5969 2853/5787/5973 2852/5919/5969
f 2952/5920/6110 2918/5921/6111 2951/5922/6111
f 2952/5923/6110 2920/5644/5834 2919/5924/6110
f 2818/5925/6112 2791/5926/6113 2824/5927/6114
f 2888/5636/5830 2856/5785/5972 2855/5928/5830
f 2819/5929/6115 2787/5930/6116 2786/5931/6115
f 2824/5927/6114 2790/5932/6117 2823/5933/6117
f 2911/5820/6118 2970/5550/5755 2944/5934/6119
f 2740/5935/6120 2770/5936/6121 2773/5454/5672
f 2783/5937/6122 2826/5938/6123 2816/5602/6124
f 2781/5832/6125 2842/5913/6126 2814/5939/6127
f 2929/5630/6128 2960/5810/6128 2962/5940/6128
f 2778/5624/6129 2828/5805/6130 2795/5941/6131
f 3001/5942/6132 3033/5943/6132 3000/5667/6132
f 2798/5944/6133 2835/5626/6133 2831/5945/6133
f 2779/5946/6134 2838/5947/6135 2812/5948/6136
f 3032/5653/6137 3001/5942/6137 2999/5654/6137
f 2980/5949/6138 3039/5835/6015 3006/5836/6017
f 2947/5950/6139 2915/5774/6139 2948/5775/6139
f 2938/5549/6140 2972/5951/6141 2971/5952/6140
f 2939/5953/6142 2969/5830/6011 2972/5951/6141
f 2780/5834/6143 2837/5680/5863 2804/5954/6144
f 2810/5914/6145 2841/5672/5857 2843/5915/6145
f 2851/5887/6076 2844/5955/6146 2863/5888/6077
f 2844/5955/6146 2861/5956/6147 2863/5888/6077
f 2863/5888/6077 2862/5957/6148 2850/5958/6149
f 2850/5958/6149 2857/5879/6075 2863/5888/6077
f 2852/5959/6150 2845/5960/6151 2869/5961/6152
f 2845/5960/6151 2867/5962/6153 2869/5961/6152
f 2869/5961/6152 2868/5963/6154 2866/5964/6155
f 2868/5963/6154 2864/5965/6154 2866/5964/6155
f 2844/5966/6156 2851/5967/6157 2866/5964/6155
f 2866/5964/6155 2865/5968/6158 2844/5966/6156
f 2857/5879/6066 2850/5958/6159 2858/5880/6067
f 2860/5878/6065 2859/5969/6160 2849/5970/6161
f 2849/5970/6161 2856/5480/6162 2860/5878/6065
f 2848/5481/6163 2874/5971/6164 2876/5972/6165
f 2876/5972/6165 2875/5973/6166 2847/5571/6167
f 2847/5571/6167 2854/5974/6168 2876/5972/6165
f 2853/5570/6169 2846/5572/6170 2873/5975/6171
f 2846/5572/6170 2870/5976/6172 2873/5975/6171
f 2845/5960/6173 2852/5959/6174 2872/5977/6175
f 2872/5977/6175 2871/5978/6176 2845/5960/6173
f 2894/5979/6089 2877/5980/6177 2896/5899/6090
f 2877/5980/6177 2884/5981/6178 2896/5899/6090
f 2884/5981/6178 2890/5982/6179 2896/5899/6090
f 2890/5982/6179 2883/5897/6088 2896/5899/6090
f 2900/5983/6180 2878/5984/6181 2902/5985/6182
f 2819/5751/6183 2836/5867/6053 2812/5866/6052
f 2884/5986/6184 2877/5987/6185 2899/5988/6186
f 2877/5987/6185 2898/5989/6180 2899/5988/6186
f 2899/5988/6186 2897/5990/6180 2901/5991/6180
f 2899/5988/6186 2901/5991/6180 2902/5985/6182
f 2889/5901/6187 2882/5992/6188 2893/5993/6189
f 2882/5992/6188 2892/5994/6190 2893/5993/6189
f 2907/5995/6097 2881/5900/6191 2909/5746/5935
f 2876/5972/6165 2855/5482/6192 2848/5481/6163
f 2887/5461/5937 2880/5460/6096 2909/5746/5935
f 2903/5996/6193 2879/5997/6194 2906/5998/6195
f 2879/5997/6194 2886/5459/6086 2906/5998/6195
f 2885/5896/6087 2878/5984/6196 2905/5895/6085
f 2878/5984/6196 2904/5999/6197 2905/5895/6085
f 2998/6000/6198 3030/5911/6198 2997/6001/6198
f 2779/5946/6199 2834/5589/6200 2801/6002/6201
f 2846/6003/6202 2880/6004/6202 2879/6005/6202
f 2923/6006/6203 2917/5904/6204 2929/6007/6205
f 3013/6008/6206 3021/6009/6206 3020/6010/6206
f 3012/6011/6207 3018/5908/6207 3011/6012/6207
f 2663/6013/6208 2683/5892/6081 2682/6014/6209
f 2748/6015/6210 2716/6016/6210 2749/6017/6210
f 2891/6018/6211 2890/5982/6212 2889/5901/6187
f 2772/5739/5926 2753/5738/5923 2752/5553/5924
f 2949/6019/6213 2961/6020/6214 2962/6021/6215
f 2748/5730/6216 2756/5725/6216 2755/5889/6216
f 2753/5738/6217 2747/5619/6217 2754/5734/6217
f 2902/5985/6182 2885/5896/6218 2884/5986/6184
f 2924/6022/6219 2923/6006/6220 2916/6023/6221
f 2946/5488/6222 2974/6024/6223 2975/5579/5784
f 2711/6025/6224 2761/5807/6225 2728/6026/6226
f 2712/6027/6227 2767/6028/6228 2734/6029/6229
f 2713/5685/6230 2770/5936/6121 2737/6030/6231
f 2715/6031/6232 2774/6032/6233 2741/6033/6234
f 2677/5761/6235 2695/5414/6236 2676/6034/6237
f 2717/6035/6238 2758/6036/6239 2725/6037/6240
f 2986/6038/6241 3018/6039/6242 3019/6040/6241
f 2950/6041/6243 2918/5921/6111 2917/5795/5978
f 2819/5929/6115 2785/6042/6112 2818/5925/6112
f 2852/5959/6150 2866/5964/6155 2851/5967/6157
f 2955/6043/5976 2923/5796/5979 2922/5793/5976
f 3021/6044/6244 2987/6045/6245 3020/6046/6245
f 2794/6047/6246 2825/5628/5824 2827/6048/6246
f 2716/6016/6247 2759/5916/6248 2749/6017/6249
f 2826/5938/6250 2794/6047/6250 2827/6048/6250
f 2717/6049/6251 2762/5779/6252 2750/6050/6253
f 2863/6051/6254 2895/6052/6254 2862/6053/6254
f 2998/6000/6255 3029/5668/6255 3031/6054/6255
f 2711/6025/6256 2765/5815/6257 2744/6055/6258
f 2800/5577/6259 2831/5945/6259 2833/5578/6259
f 2736/6056/6260 2767/6028/6260 2769/6057/6260
f 2764/5909/6261 2735/6058/6261 2768/6059/6261
f 2712/6027/6262 2771/6060/6263 2745/6061/6264
f 2806/5538/6265 2838/5947/6135 2805/6062/6266
f 2926/5586/6267 2957/5803/5987 2959/5587/6267
f 2876/6063/6268 2907/6064/6269 2909/6065/6268
f 2714/5683/6270 2775/6066/6271 2747/6067/6272
f 2908/6068/6273 2876/6063/6273 2909/6065/6273
f 2917/5904/6204 2910/6069/6274 2929/6007/6205
f 2910/6069/6274 2927/6070/6275 2929/6007/6205
f 2929/6007/6205 2928/6071/6276 2916/6023/6277
f 2916/6023/6277 2923/6006/6203 2929/6007/6205
f 2918/5902/6092 2911/6072/6278 2935/6073/6279
f 2911/6072/6278 2933/6074/6280 2935/6073/6279
f 2935/6073/6279 2934/6075/6281 2932/5903/6093
f 2934/6075/6281 2930/6076/6281 2932/5903/6093
f 2910/6069/6282 2917/5904/6094 2932/5903/6093
f 2932/5903/6093 2931/6077/6283 2910/6069/6282
f 2926/6078/6284 2925/6079/6285 2915/6080/6286
f 2915/6080/6286 2922/5493/6287 2926/6078/6284
f 2914/5494/5771 2940/6081/6288 2942/5564/5769
f 2942/5564/5769 2941/6082/6289 2913/5597/6290
f 2913/5597/6290 2920/6083/6291 2942/5564/5769
f 2919/6084/6292 2912/6085/6293 2939/6086/6294
f 2912/6085/6293 2936/6087/6295 2939/6086/6294
f 2911/6072/6296 2918/5902/6297 2938/6088/6298
f 2938/6088/6298 2937/6089/6299 2911/6072/6296
f 2960/6090/6214 2943/6091/6300 2962/6021/6215
f 2943/6091/6300 2950/6092/6301 2962/6021/6215
f 2950/6092/6301 2956/5556/6302 2962/6021/6215
f 2956/5556/6302 2949/6019/6213 2962/6021/6215
f 2966/6093/6303 2944/5894/6084 2968/5893/6083
f 2950/6092/6304 2943/6091/6305 2965/6094/6306
f 2943/6091/6305 2964/6095/6303 2965/6094/6306
f 2965/6094/6306 2963/6096/6303 2967/6097/6303
f 2965/6094/6306 2967/6097/6303 2968/5893/6083
f 2827/5874/6062 2824/5864/6059 2823/5758/6060
f 2955/5557/5762 2948/6098/6307 2959/6099/6308
f 2948/6098/6307 2958/6100/6309 2959/6099/6308
f 2973/6101/6223 2947/5613/6310 2975/5579/5784
f 2953/5489/5786 2946/5488/6222 2975/5579/5784
f 2969/6102/6311 2945/6103/6312 2972/6104/6313
f 2945/6103/6312 2952/5605/5802 2972/6104/6313
f 2951/5606/5803 2944/5894/6314 2971/5604/5801
f 2944/5894/6314 2970/6105/6311 2971/5604/5801
f 2848/6106/6315 2882/6107/6315 2881/6108/6315
f 2989/5617/6316 2983/5616/6317 2995/6109/6318
f 3006/6110/6319 2987/6111/6320 2980/6112/6321
f 2989/6113/6322 3021/6044/6244 3022/6114/6322
f 2720/5465/5892 2739/5707/5898 2719/5690/5897
f 2663/6013/6208 2694/5762/6323 2675/6115/6324
f 2719/5690/5872 2733/5695/5877 2718/5593/5880
f 3019/5563/5768 3041/6116/6325 3039/5561/5766
f 2710/5526/5733 2706/5529/5736 2709/5532/5738
f 2863/6051/6326 2894/6117/6326 2896/6118/6326
f 2775/6066/6327 2743/6119/6327 2776/6120/6328
f 2847/6121/6329 2908/6068/6330 2880/6004/6331
f 2768/6059/6332 2736/6056/6332 2769/6057/6332
f 2850/6122/6333 2891/5656/5844 2858/6123/6334
f 2935/5662/6335 2966/5821/6335 2968/5663/6335
f 2661/6124/6336 2685/5521/6336 2702/5520/6336
f 2822/6125/5974 2790/5932/6117 2789/6126/5974
f 2987/6127/6245 3019/6040/6241 3020/6128/6245
f 2984/6129/6337 3016/6130/6338 3017/6131/6337
f 3016/6130/6338 2989/6113/6322 3022/6114/6322
f 2985/6132/6242 3017/6131/6337 3018/6039/6242
f 2821/5791/5975 2787/5930/6116 2820/6133/6116
f 2845/6134/6339 2900/5814/6340 2867/6135/6341
f 2873/6136/6342 2903/6137/6343 2906/5677/5861
f 2846/6003/6344 2903/6137/6343 2870/6138/6345
f 2706/6139/6346 2666/6140/6346 2665/6141/6346
f 2892/6142/6347 2860/5655/6347 2893/5657/6347
f 2853/5570/6169 2872/5977/6175 2852/5959/6174
f 2680/5444/6348 2697/6143/6348 2699/6144/6348
f 2850/6122/6349 2895/6052/6350 2883/6145/6351
f 2964/5885/6352 2932/5664/6352 2965/5666/6352
f 2848/6106/6353 2907/6064/6269 2874/6146/6354
f 2662/5413/5641 2697/6143/6355 2678/6147/6356
f 2743/6119/6357 2774/6032/6233 2776/6120/6357
f 2845/6134/6358 2904/5768/5958 2878/6148/6359
f 2980/6149/6360 3014/5548/6360 3013/6150/6360
f 2739/5453/6361 2771/6060/6263 2738/6151/6362
f 2849/6152/6363 2892/6142/6364 2882/6107/6365
f 2983/5616/6317 2976/6153/6366 2995/6109/6318
f 2976/6153/6366 2993/6154/6367 2995/6109/6318
f 2995/6109/6318 2994/6155/6368 2982/6156/6369
f 2982/6156/6369 2989/5617/6316 2995/6109/6318
f 2977/6157/6370 2999/6158/6371 3001/5615/5810
f 3001/5615/5810 3000/6159/6372 2998/6160/6373
f 3000/6159/6372 2996/6161/6372 2998/6160/6373
f 2976/6153/6374 2983/5616/5811 2998/6160/6373
f 2998/6160/6373 2997/6162/6375 2976/6153/6374
f 2992/6163/6376 2991/6164/6377 2981/6165/6378
f 2981/6165/6378 2988/5456/5814 2992/6163/6376
f 2844/6166/6379 2894/6117/6380 2861/6167/6381
f 3006/6110/6319 3008/6168/6382 2986/5443/6383
f 2985/5442/5954 2978/6169/6384 3005/5766/5955
f 2978/6169/6384 3002/6170/6385 3005/5766/5955
f 2977/6157/6386 2984/5614/6387 3004/5765/5953
f 3004/5765/5953 3003/6171/6388 2977/6157/6386
f 3015/6172/6389 3027/6173/6390 3022/5573/6391
f 3032/6174/6392 3010/5717/5908 3034/5716/5907
f 3016/6175/6393 3009/6176/6394 3031/6177/6395
f 3009/6176/6394 3030/6178/6392 3031/6177/6395
f 3031/6177/6395 3029/6179/6392 3033/6180/6392
f 3031/6177/6395 3033/6180/6392 3034/5716/5907
f 3023/5575/5782 3015/6172/6396 3022/5573/5780
f 3025/5574/5781 3021/6009/6397 3024/6181/6398
f 3035/6182/6399 3011/6012/6400 3038/6183/6401
f 3011/6012/6400 3018/5908/6099 3038/6183/6401
f 3017/5715/6100 3010/5717/6402 3037/5907/6098
f 3010/5717/6402 3036/6184/6399 3037/5907/6098
f 2727/5917/6403 2758/6036/6239 2760/5918/6403
f 2919/6084/6292 2938/6088/6298 2918/5902/6297
f 3040/6185/6404 3041/6116/6325 3019/5563/5768
f 3012/6011/5767 3040/6185/6404 3019/5563/5768
f 3007/6186/6405 2979/5441/6406 2986/5443/6383
f 3008/6168/6382 3007/6186/6405 2986/5443/6383
f 3021/6009/6397 3014/6187/6396 3024/6181/6398
f 3027/6173/6390 3028/6188/6407 3022/5573/6391
f 3009/6176/6408 3022/5573/6391 3028/6188/6407
f 3028/6188/6407 3026/6189/6409 3009/6176/6408
f 3009/6176/6408 3016/6175/6389 3022/5573/6391
f 2670/5447/6410 2688/5451/6410 2669/6190/6410
f 2818/5863/6054 2833/5868/6056 2836/5867/6053
f 2702/5520/5728 2688/5522/5729 2689/5581/5787
f 2704/5464/5689 2670/5492/5698 2669/5476/5687
f 2950/6092/6304 2965/6094/6306 2968/5893/6083
f 2725/5749/5939 2727/5698/5882 2723/5610/5885
f 2777/5712/5903 2750/5607/5804 2763/5609/5806
f 2889/5901/6187 2893/5993/6189 2891/6018/6211
f 3016/6175/6393 3031/6177/6395 3034/5716/5907
f 3001/5615/5810 2998/6160/6373 2983/5616/5811
f 2990/5618/5813 2992/6163/6376 2988/5456/5814
f 2884/5986/6184 2899/5988/6186 2902/5985/6182
f 2955/5557/5762 2959/6099/6308 2957/5555/5760
f 2924/6022/6219 2926/6078/6284 2922/5493/6287
f 2751/5554/5759 2766/5718/5910 2769/5552/5757
f 2668/5560/6411 2690/5448/6411 2671/6191/6411
f 2662/5413/5641 2676/6034/6412 2695/5414/5642
f 2976/5426/5654 3009/5912/6000 3026/5427/5655
f 2693/5431/5659 2692/5891/5660 2673/5432/5660
f 2820/5434/5661 2813/5882/5661 2814/5435/5661
f 2864/5437/5662 2868/6192/5662 2901/5438/5662
f 2672/5440/5663 2691/5569/5663 2693/5431/5664
f 2979/5441/5665 2978/6169/5665 2985/5442/5665
f 2680/5444/5666 2699/6144/5666 2698/5445/5666
f 2670/5447/5667 2671/6191/5667 2690/5448/5667
f 2666/5450/5668 2669/6190/6413 2688/5451/5669
f 2739/5453/5671 2740/5935/6120 2773/5454/5672
f 2988/5456/5673 2981/6165/5673 2980/5457/5673
f 2886/5459/5674 2879/5997/5674 2880/5460/5674
f 2710/5462/5675 2662/5518/6414 2678/5463/5676
f 2720/5465/5678 2721/5704/5678 2714/5466/5678
f 2786/5468/5679 2803/5844/6025 2800/5469/5680
f 2844/5471/5682 2865/6193/6415 2898/5472/5683
f 2669/5476/5687 2666/6140/6416 2705/5477/5688
f 2856/5480/5691 2849/5970/5691 2848/5481/5691
f 3026/5427/5692 3028/6194/5692 2995/5483/5692
f 2952/5487/5696 2945/6195/5696 2946/5488/5696
f 2922/5493/5699 2915/6080/5699 2914/5494/5699
f 2843/5515/5719 2815/5877/6064 2822/5516/5720
f 2942/5535/5742 2940/5838/6019 2973/5536/5743
f 2806/5538/5744 2807/5679/5862 2840/5539/5745
f 2974/5541/5746 2941/6196/5746 2942/5535/5746
f 2787/5542/5747 2807/5858/6044 2806/5543/5748
f 2995/5483/5750 3028/6194/5750 3027/5544/5750
f 2981/5546/5751 2991/5777/6417 3024/5547/5752
f 2938/5549/5754 2971/5952/5754 2970/5550/5755
f 2769/5552/5757 2745/5714/5905 2752/5553/5758
f 2957/5555/5760 2949/6019/5761 2956/5556/5761
f 2667/5558/5763 2686/5595/5797 2687/5559/5764
f 3039/5561/5766 3013/6197/5767 3020/5562/5767
f 2942/5564/5769 2920/6083/6291 2921/5495/5770
f 2660/5418/5772 2682/5417/5773 2683/5479/5773
f 2797/5565/5775 2830/5806/5775 2829/5566/5775
f 2665/5568/5776 2684/6198/5799 2691/5569/5777
f 2853/5570/5779 2854/5974/5779 2847/5571/5779
f 3022/5573/5780 3021/6009/6397 3025/5574/5781
f 2832/5576/5783 2799/6199/5783 2800/5577/5783
f 2975/5579/5784 2947/5613/6310 2954/5580/5785
f 2689/5581/5787 2690/5523/5730 2703/5512/5727
f 2700/5582/5788 2681/5591/6418 2695/5509/5714
f 2708/5583/5789 2707/5474/5789 2664/5497/5789
f 2958/5585/5790 2925/6200/5790 2926/5586/5790
f 2803/5588/5791 2801/6002/5791 2834/5589/5791
f 2700/5582/5717 2703/5512/5717 2697/5534/5741
f 2708/5583/5792 2663/5584/6419 2675/5507/5711
f 2667/5558/5763 2679/5446/6420 2698/5445/5796
f 2919/5596/5798 2920/6083/5798 2913/5597/5798
f 2665/5599/5776 2666/5450/5668 2685/5452/5670
f 2782/5601/5800 2783/5937/5800 2816/5602/5800
f 2971/5604/5801 2972/6104/6313 2952/5605/5802
f 2723/5610/5807 2716/5700/5807 2715/5611/5807
f 2947/5613/5808 2948/6098/5808 2955/5557/5808
f 2984/5614/5809 2977/6157/6370 3001/5615/5810
f 2989/5617/5812 2982/6156/6421 2990/5618/5813
f 2898/5472/5818 2865/6193/5818 2866/5622/5818
f 2778/5624/5819 2799/6199/6422 2832/5576/5820
f 2835/5626/5822 2802/6201/5822 2803/5588/5822
f 2784/5627/5823 2817/5670/6423 2825/5628/5824
f 2929/5630/5826 2962/5940/5826 2961/5631/5826
f 2754/5633/5827 2755/5760/5828 2722/5634/5828
f 2888/5636/5830 2855/5928/5830 2854/5637/5831
f 2753/5639/5832 2720/5745/5832 2719/5640/5833
f 2953/5642/5834 2954/5792/5835 2921/5643/5835
f 2751/5645/5836 2752/5641/5833 2719/5640/5833
f 2756/5647/5838 2757/6202/5839 2724/5648/5839
f 2757/5650/5839 2751/5645/5836 2718/5646/5837
f 2977/5652/5840 3010/5682/6106 3032/5653/5841
f 2860/5655/5843 2858/6123/6334 2891/5656/5844
f 2659/5502/5706 2701/5504/5708 2702/5506/5710
f 2978/5658/5845 3011/6203/5866 3035/5659/5846
f 2866/5622/5848 2864/5437/5848 2897/5439/5848
f 2967/5661/5849 2934/5767/5849 2935/5662/5850
f 2932/5664/5851 2930/6204/5851 2963/5665/5851
f 3000/5667/5852 3033/5943/5852 3029/5668/5852
f 2784/5627/5853 2796/5567/6424 2829/5566/5854
f 2782/5671/5856 2815/6205/6127 2841/5672/5857
f 3012/5674/5859 3011/6203/5859 2978/5658/5859
f 2872/5676/5860 2873/6136/6342 2906/5677/5861
f 2807/5679/5862 2804/5954/6144 2837/5680/5863
f 2977/5652/5864 3003/5910/6103 3036/5681/5865
f 2714/5683/5867 2747/6067/5867 2746/5684/5867
f 3017/5715/5906 3016/6175/6393 3034/5716/5907
f 2790/5731/5918 2783/5852/5918 2782/5732/5918
f 2979/5675/5927 3007/5773/6425 3040/5741/5928
f 2743/5702/5888 2721/5704/5891 2722/5612/5934
f 2753/5639/5832 2754/5633/5827 2721/5635/5829
f 2909/5746/5935 2881/5900/6191 2888/5747/5936
f 2724/5748/5938 2717/6206/6426 2725/5749/5939
f 2839/5750/5940 2840/5883/6070 2820/5434/5941
f 2787/5542/5946 2788/5857/5946 2781/5755/5946
f 2815/5757/5947 2816/5873/5947 2823/5758/5947
f 2755/5760/5828 2756/5647/5838 2723/5649/5838
f 2677/5761/5948 2675/6115/6427 2694/5762/5949
f 3004/5765/5953 2984/5614/6387 2985/5442/5954
f 2963/5665/5956 2930/6204/5956 2934/5767/5956
f 2872/5676/5957 2905/5678/5957 2904/5768/5958
f 2913/5770/5960 2941/6196/6428 2974/5541/5961
f 3008/5772/5963 3041/6207/5963 3040/5741/5963
f 2915/5774/5964 2925/6200/6429 2958/5585/5965
f 2992/5776/5967 3025/6208/5967 3024/5547/5967
f 2730/5778/5968 2763/5808/5968 2762/5779/5968
f 2885/5781/5969 2852/5919/5969 2851/5782/5970
f 2890/5784/5971 2857/5798/5971 2856/5785/5972
f 2887/5638/5831 2854/5637/5831 2853/5787/5973
f 2822/5789/5974 2789/6209/5974 2788/5790/5975
f 2954/5792/5835 2955/6043/5976 2922/5793/5976
f 2956/5794/5977 2950/6041/6243 2917/5795/5978
f 2884/5797/5970 2851/6210/5970 2857/5798/5971
f 2916/5799/5980 2928/5632/6430 2961/5631/5981
f 3023/5801/5983 3025/6208/5984 2992/5776/5984
f 2916/5799/5986 2949/5800/5966 2957/5803/5987
f 2797/5565/5989 2795/5941/5990 2828/5805/5990
f 2730/5778/5991 2728/6026/5991 2761/5807/5991
f 2910/5809/5992 2943/5886/5982 2960/5810/5993
f 2901/5438/5995 2868/6192/5995 2869/5812/5995
f 2869/5812/5996 2867/6135/5996 2900/5814/5996
f 2765/5815/5997 2732/6211/5997 2733/5816/5997
f 2982/5818/5998 2994/5545/6431 3027/5544/5999
f 2911/5820/6001 2944/5934/6432 2966/5821/6002
f 2913/5770/6004 2946/5771/6004 2945/5823/6005
f 3004/5825/6006 3005/5828/6009 3038/5826/6007
f 3035/5659/5846 3038/5826/6007 3005/5828/6009
f 2912/5829/6010 2945/6212/6119 2969/5830/6011
f 2781/5832/6013 2814/5939/6013 2813/5833/6014
f 3039/5835/6015 3041/6207/6016 3008/5772/6016
f 2914/5837/6018 2947/5950/5962 2973/5536/5743
f 2860/5878/6065 2856/5480/6162 2857/5879/6066
f 2910/5809/6072 2931/6213/6433 2964/5885/6073
f 2776/5621/5817 2748/5730/5917 2755/5889/6078
f 2664/5890/6079 2673/5432/6434 2692/5891/6080
f 2951/5606/6082 2950/6092/6304 2968/5893/6083
f 2760/5727/5915 2758/5722/5911 2757/5742/5930
f 2794/5850/6033 2790/5731/6036 2791/5743/6030
f 2905/5895/6085 2906/5998/6195 2886/5459/6086
f 2881/5900/6091 2882/5992/6091 2889/5901/6091
f 2918/5902/6092 2935/6073/6279 2932/5903/6093
f 2810/5855/6039 2788/5857/6042 2789/5905/6095
f 3037/5907/6098 3038/6183/6401 3018/5908/6099
f 2733/5816/6101 2731/6214/6101 2764/5909/6101
f 3004/5825/6102 3037/5827/6102 3036/5681/5865
f 2976/5426/6104 2997/6001/6435 3030/5911/6105
f 2842/5913/6107 2809/6215/6107 2810/5914/6107
f 2982/5818/6108 3015/5819/6436 3023/5801/5983
f 2759/5916/6109 2726/6216/6109 2727/5917/6109
f 2885/5781/5969 2886/5788/5973 2853/5787/5973
f 2952/5920/6110 2919/6217/6110 2918/5921/6111
f 2952/5923/6110 2953/5642/5834 2920/5644/5834
f 2818/5925/6112 2785/6042/6112 2791/5926/6113
f 2888/5636/5830 2889/5786/5972 2856/5785/5972
f 2819/5929/6115 2820/6133/6116 2787/5930/6116
f 2824/5927/6114 2791/5926/6113 2790/5932/6117
f 2911/5820/6118 2937/5551/5756 2970/5550/5755
f 2740/5935/6120 2737/6030/6231 2770/5936/6121
f 2783/5937/6122 2793/6218/6437 2826/5938/6123
f 2781/5832/6125 2809/6215/6438 2842/5913/6126
f 2929/5630/6128 2927/5811/6128 2960/5810/6128
f 2778/5624/6129 2811/5625/5855 2828/5805/6130
f 3001/5942/6132 3034/6219/6132 3033/5943/6132
f 2798/5944/6133 2802/6201/6133 2835/5626/6133
f 2779/5946/6134 2805/6062/6266 2838/5947/6135
f 3032/5653/6137 3034/6219/6137 3001/5942/6137
f 2980/5949/6138 3013/6220/5929 3039/5835/6015
f 2947/5950/6139 2914/5837/6139 2915/5774/6139
f 2938/5549/6140 2939/5953/6142 2972/5951/6141
f 2939/5953/6142 2936/5831/6012 2969/5830/6011
f 2780/5834/6143 2813/5833/6439 2837/5680/5863
f 2810/5914/6145 2808/5673/5858 2841/5672/5857
f 2819/5751/6183 2818/5863/6054 2836/5867/6053
f 2876/5972/6165 2854/5974/6168 2855/5482/6192
f 2998/6000/6198 3031/6054/6198 3030/5911/6198
f 2779/5946/6199 2812/5948/5821 2834/5589/6200
f 2846/6003/6202 2847/6121/6202 2880/6004/6202
f 3013/6008/6206 3014/6187/6206 3021/6009/6206
f 3012/6011/6207 3019/5563/6207 3018/5908/6207
f 2663/6013/6208 2664/5890/6079 2683/5892/6081
f 2748/6015/6210 2715/6031/6210 2716/6016/6210
f 2891/6018/6211 2883/5897/6212 2890/5982/6212
f 2772/5739/5926 2773/5737/5922 2753/5738/5923
f 2748/5730/6216 2749/5726/6216 2756/5725/6216
f 2753/5738/6217 2746/5736/6217 2747/5619/6217
f 2902/5985/6182 2878/5984/6181 2885/5896/6218
f 2924/6022/6219 2922/5493/6287 2923/6006/6220
f 2711/6025/6224 2744/6055/6253 2761/5807/6225
f 2712/6027/6227 2745/6061/6258 2767/6028/6228
f 2713/5685/6230 2746/5684/6264 2770/5936/6121
f 2715/6031/6232 2748/6015/6272 2774/6032/6233
f 2677/5761/6235 2696/5763/6440 2695/5414/6236
f 2717/6035/6238 2750/6221/6441 2758/6036/6239
f 2986/6038/6241 2985/6132/6242 3018/6039/6242
f 2950/6041/6243 2951/5922/6111 2918/5921/6111
f 2819/5929/6115 2786/5931/6115 2785/6042/6112
f 2852/5959/6150 2869/5961/6152 2866/5964/6155
f 2955/6043/5976 2956/5794/5977 2923/5796/5979
f 3021/6044/6244 2988/6222/6244 2987/6045/6245
f 2794/6047/6246 2792/5629/5825 2825/5628/5824
f 2716/6016/6247 2726/6216/6442 2759/5916/6248
f 2826/5938/6250 2793/6218/6250 2794/6047/6250
f 2717/6049/6251 2729/5780/6443 2762/5779/6252
f 2863/6051/6254 2896/6118/6254 2895/6052/6254
f 2998/6000/6255 2996/5669/6255 3029/5668/6255
f 2711/6025/6256 2732/6211/6444 2765/5815/6257
f 2800/5577/6259 2798/5944/6259 2831/5945/6259
f 2736/6056/6260 2734/6029/6260 2767/6028/6260
f 2764/5909/6261 2731/6214/6261 2735/6058/6261
f 2712/6027/6262 2738/6151/6362 2771/6060/6263
f 2806/5538/6265 2839/5540/6265 2838/5947/6135
f 2926/5586/6267 2924/5804/5988 2957/5803/5987
f 2876/6063/6268 2874/6146/6354 2907/6064/6269
f 2714/5683/6270 2742/6223/6445 2775/6066/6271
f 2908/6068/6273 2875/6224/6273 2876/6063/6273
f 2827/5874/6062 2825/5872/6057 2824/5864/6059
f 2848/6106/6315 2849/6152/6315 2882/6107/6315
f 3006/6110/6319 2986/5443/6383 2987/6111/6320
f 2989/6113/6322 2988/6222/6244 3021/6044/6244
f 2720/5465/5892 2740/5705/5894 2739/5707/5898
f 2663/6013/6208 2682/6014/6209 2694/5762/6323
f 2719/5690/5872 2736/5692/5874 2733/5695/5877
f 2710/5526/5733 2705/5528/5735 2706/5529/5736
f 2863/6051/6326 2861/6167/6326 2894/6117/6326
f 2775/6066/6327 2742/6223/6327 2743/6119/6327
f 2847/6121/6329 2875/6224/6446 2908/6068/6330
f 2768/6059/6332 2735/6058/6332 2736/6056/6332
f 2850/6122/6333 2883/6145/6365 2891/5656/5844
f 2935/5662/6335 2933/5822/6335 2966/5821/6335
f 2661/6124/6336 2684/6225/6336 2685/5521/6336
f 2822/6125/5974 2823/5933/6117 2790/5932/6117
f 2987/6127/6245 2986/6038/6241 3019/6040/6241
f 2984/6129/6337 2983/6226/6338 3016/6130/6338
f 3016/6130/6338 2983/6226/6338 2989/6113/6322
f 2985/6132/6242 2984/6129/6337 3017/6131/6337
f 2821/5791/5975 2788/5790/5975 2787/5930/6116
f 2845/6134/6339 2878/6148/5684 2900/5814/6340
f 2873/6136/6342 2870/6138/6345 2903/6137/6343
f 2846/6003/6344 2879/6005/6359 2903/6137/6343
f 2706/6139/6346 2705/5477/6346 2666/6140/6346
f 2892/6142/6347 2859/6227/6347 2860/5655/6347
f 2853/5570/6169 2873/5975/6171 2872/5977/6175
f 2680/5444/6348 2678/6147/6348 2697/6143/6348
f 2850/6122/6349 2862/6053/6447 2895/6052/6350
f 2964/5885/6352 2931/6213/6352 2932/5664/6352
f 2848/6106/6353 2881/6108/6331 2907/6064/6269
f 2662/5413/5641 2681/5415/5643 2697/6143/6355
f 2743/6119/6357 2741/6033/6234 2774/6032/6233
f 2845/6134/6358 2871/5769/5959 2904/5768/5958
f 2980/6149/6360 2981/5546/6360 3014/5548/6360
f 2739/5453/6361 2772/5455/6361 2771/6060/6263
f 2849/6152/6363 2859/6227/6448 2892/6142/6364
f 2844/6166/6379 2877/6228/6351 2894/6117/6380
f 2727/5917/6403 2725/6037/6240 2758/6036/6239
f 2919/6084/6292 2939/6086/6294 2938/6088/6298
f 2670/5447/6410 2689/5449/6410 2688/5451/6410
f 2668/5560/6411 2687/5559/6411 2690/5448/6411
f 3089/6229/6449 3099/6230/6449 3090/6231/6449
f 3093/6232/6450 3099/6233/6451 3101/6234/6452
f 3043/6235/6453 3060/6236/6453 3061/6237/6453
f 3096/6238/6454 3084/6239/6455 3082/6240/6456
f 3088/6241/6457 3100/6242/6458 3089/6229/6459
f 3090/6231/6460 3098/6243/6461 3091/6244/6460
f 3061/6237/6462 3058/6245/6462 3059/6246/6462
f 3051/6247/6463 3052/6248/6463 3050/6249/6463
f 3055/6250/6464 3052/6248/6464 3053/6251/6464
f 3047/6252/6465 3048/6253/6466 3046/6254/6466
f 3049/6255/6467 3050/6256/6467 3048/6253/6467
f 3057/6257/6468 3054/6258/6468 3055/6250/6468
f 3068/6259/6469 3057/6257/6469 3055/6250/6469
f 3059/6246/6470 3056/6260/6471 3057/6257/6472
f 3043/6235/6473 3044/6261/6473 3042/6262/6473
f 3079/6263/6474 3090/6231/6474 3080/6264/6474
f 3069/6265/6475 3059/6246/6470 3057/6257/6472
f 3077/6266/6476 3088/6241/6476 3078/6267/6476
f 3049/6255/6477 3066/6268/6477 3051/6269/6477
f 3043/6235/6478 3062/6270/6478 3045/6271/6478
f 3067/6272/6479 3055/6250/6479 3053/6251/6479
f 3081/6273/6480 3063/6274/6481 3071/6275/6482
f 3063/6274/6483 3072/6276/6484 3062/6270/6485
f 3061/6237/6486 3063/6274/6486 3043/6235/6486
f 3062/6270/6487 3074/6277/6488 3064/6278/6489
f 3080/6264/6490 3071/6275/6491 3070/6279/6492
f 3047/6252/6465 3065/6280/6493 3049/6255/6494
f 3087/6281/6495 3101/6282/6495 3088/6241/6495
f 3094/6283/6496 3086/6284/6497 3085/6285/6497
f 3086/6286/6498 3077/6266/6498 3076/6287/6498
f 3095/6288/6499 3085/6285/6499 3084/6239/6499
f 3044/6289/6500 3056/6290/6500 3060/6291/6500
f 3064/6278/6501 3075/6292/6502 3065/6280/6503
f 3083/6293/6504 3072/6276/6505 3073/6294/6506
f 3066/6295/6507 3053/6251/6507 3051/6247/6507
f 3093/6296/6508 3087/6281/6509 3086/6286/6509
f 3097/6297/6510 3082/6240/6511 3083/6293/6512
f 3066/6295/6513 3077/6266/6514 3067/6272/6515
f 3045/6271/6516 3064/6278/6516 3047/6252/6516
f 3078/6267/6517 3089/6229/6517 3079/6263/6517
f 3080/6264/6518 3091/6244/6518 3081/6273/6518
f 3081/6273/6519 3083/6293/6519 3073/6294/6519
f 3077/6266/6520 3068/6259/6521 3067/6272/6522
f 3070/6279/6523 3061/6237/6523 3059/6246/6523
f 3091/6244/6524 3097/6297/6525 3083/6293/6524
f 3047/6252/6526 3044/6261/6526 3045/6271/6526
f 3084/6239/6527 3075/6292/6502 3074/6277/6528
f 3079/6263/6529 3070/6279/6530 3069/6265/6531
f 3082/6240/6456 3074/6277/6532 3072/6276/6533
f 3078/6267/6534 3069/6265/6535 3068/6259/6536
f 3085/6285/6537 3076/6298/6537 3075/6292/6537
f 3065/6280/6538 3076/6298/6539 3066/6268/6538
f 3060/6291/6500 3042/6299/6500 3044/6289/6500
f 3044/6289/6500 3046/6300/6500 3048/6301/6500
f 3048/6301/6500 3050/6302/6500 3052/6303/6500
f 3052/6303/6500 3054/6304/6500 3056/6290/6500
f 3056/6290/6500 3058/6305/6500 3060/6291/6500
f 3048/6301/6500 3052/6303/6500 3056/6290/6500
f 3101/6234/6452 3092/6306/6540 3093/6232/6450
f 3093/6232/6450 3094/6307/6541 3095/6308/6542
f 3095/6308/6542 3096/6309/6543 3097/6310/6544
f 3097/6310/6544 3098/6311/6545 3099/6233/6451
f 3099/6233/6451 3100/6312/6546 3101/6234/6452
f 3095/6308/6542 3097/6310/6544 3099/6233/6451
f 3089/6229/6449 3100/6242/6547 3099/6230/6449
f 3093/6232/6450 3095/6308/6542 3099/6233/6451
f 3043/6235/6453 3042/6262/6453 3060/6236/6453
f 3096/6238/6454 3095/6288/6548 3084/6239/6455
f 3088/6241/6457 3101/6282/6458 3100/6242/6458
f 3090/6231/6460 3099/6230/6461 3098/6243/6461
f 3061/6237/6462 3060/6236/6462 3058/6245/6462
f 3051/6247/6463 3053/6251/6463 3052/6248/6463
f 3055/6250/6464 3054/6258/6464 3052/6248/6464
f 3047/6252/6465 3049/6255/6494 3048/6253/6466
f 3049/6255/6467 3051/6269/6467 3050/6256/6467
f 3057/6257/6468 3056/6260/6468 3054/6258/6468
f 3068/6259/6549 3069/6265/6549 3057/6257/6549
f 3059/6246/6470 3058/6245/6471 3056/6260/6471
f 3043/6235/6473 3045/6271/6473 3044/6261/6473
f 3079/6263/6550 3089/6229/6550 3090/6231/6550
f 3069/6265/6551 3070/6279/6551 3059/6246/6551
f 3077/6266/6552 3087/6281/6552 3088/6241/6552
f 3049/6255/6553 3065/6280/6553 3066/6268/6553
f 3043/6235/6554 3063/6274/6554 3062/6270/6554
f 3067/6272/6555 3068/6259/6555 3055/6250/6555
f 3081/6273/6480 3073/6294/6556 3063/6274/6481
f 3063/6274/6483 3073/6294/6557 3072/6276/6484
f 3061/6237/6558 3071/6275/6558 3063/6274/6558
f 3062/6270/6487 3072/6276/6559 3074/6277/6488
f 3080/6264/6490 3081/6273/6560 3071/6275/6491
f 3047/6252/6561 3064/6278/6561 3065/6280/6561
f 3087/6281/6495 3092/6313/6562 3101/6282/6495
f 3094/6283/6496 3093/6314/6496 3086/6284/6497
f 3086/6286/6563 3087/6281/6563 3077/6266/6563
f 3095/6288/6499 3094/6283/6499 3085/6285/6499
f 3044/6289/6500 3048/6301/6500 3056/6290/6500
f 3064/6278/6501 3074/6277/6528 3075/6292/6502
f 3083/6293/6504 3082/6240/6564 3072/6276/6505
f 3066/6295/6565 3067/6272/6565 3053/6251/6565
f 3093/6296/6508 3092/6313/6566 3087/6281/6509
f 3097/6297/6510 3096/6238/6567 3082/6240/6511
f 3066/6295/6513 3076/6287/6568 3077/6266/6514
f 3045/6271/6569 3062/6270/6569 3064/6278/6569
f 3078/6267/6570 3088/6241/6457 3089/6229/6459
f 3080/6264/6571 3090/6231/6571 3091/6244/6571
f 3081/6273/6572 3091/6244/6572 3083/6293/6572
f 3077/6266/6520 3078/6267/6573 3068/6259/6521
f 3070/6279/6574 3071/6275/6574 3061/6237/6574
f 3091/6244/6524 3098/6243/6575 3097/6297/6525
f 3047/6252/6576 3046/6254/6576 3044/6261/6576
f 3084/6239/6577 3085/6285/6577 3075/6292/6577
f 3079/6263/6529 3080/6264/6578 3070/6279/6530
f 3082/6240/6456 3084/6239/6455 3074/6277/6532
f 3078/6267/6534 3079/6263/6579 3069/6265/6535
f 3085/6285/6580 3086/6284/6580 3076/6298/6580
f 3065/6280/6538 3075/6292/6539 3076/6298/6539
o ThirdPine.007
v 31.840998 11.546294 -30.691795
v 31.838125 11.552279 -30.681484
v 31.858047 11.556809 -30.672897
v 31.815874 9.471740 -30.409914
v 31.045355 9.953945 -29.573248
v 31.473021 10.222149 -29.109098
v 32.158573 10.222417 -29.109613
v 32.585632 9.954818 -29.573956
v 32.433163 9.620856 -30.152433
v 32.483551 9.737670 -29.951876
v 32.542522 9.866852 -29.728125
v 32.474632 9.926680 -29.871735
v 32.465466 9.818253 -29.954796
v 32.070621 10.221737 -29.111868
v 31.702433 10.221737 -29.111868
v 31.870285 10.346862 -29.272814
v 31.171272 9.684414 -30.041780
v 31.346012 9.586617 -30.212019
v 31.284805 9.849367 -30.214066
v 31.840199 9.479974 -30.397776
v 31.967857 9.510713 -30.344534
v 31.880337 9.556019 -30.389542
v 31.815725 9.469062 -30.433224
v 31.024694 9.965024 -29.574192
v 31.463682 10.240261 -29.097467
v 32.167767 10.240261 -29.097467
v 32.606758 9.965024 -29.574192
v 32.450085 9.621808 -30.168661
v 32.505039 9.742192 -29.960148
v 32.564007 9.871374 -29.736399
v 32.496117 9.931202 -29.880009
v 32.486954 9.822775 -29.963070
v 32.070621 10.240261 -29.097467
v 31.702433 10.240261 -29.097467
v 31.870285 10.365385 -29.258413
v 31.150238 9.689999 -30.050550
v 31.336575 9.584436 -30.233389
v 31.268028 9.851325 -30.230350
v 31.849724 9.477249 -30.419043
v 31.977385 9.507988 -30.365803
v 31.889862 9.553293 -30.410810
v 31.851870 11.543525 -30.696394
v 31.845720 11.556945 -30.673059
v 31.865788 11.551914 -30.681231
v 31.862995 11.545982 -30.691723
v 31.857584 11.151779 -30.460117
v 31.859488 11.155781 -30.453007
v 31.854240 11.159098 -30.447365
v 31.845901 11.159195 -30.447502
v 31.840794 11.156057 -30.453207
v 31.842505 11.152070 -30.460398
v 31.850056 11.150147 -30.463266
v 33.279594 8.703855 -29.141466
v 32.788475 8.172637 -30.061563
v 31.651625 8.033413 -30.302706
v 30.725109 8.391022 -29.683310
v 30.706617 8.976176 -28.669792
v 31.610071 9.348244 -28.025352
v 32.755154 9.227049 -28.235268
v 31.840355 10.483754 -30.134741
v 31.821003 10.462821 -30.171000
v 31.776203 10.457335 -30.180502
v 31.739693 10.471427 -30.156094
v 31.738964 10.494486 -30.116154
v 31.774567 10.509147 -30.090761
v 31.819689 10.504371 -30.099031
v 32.593994 9.243535 -28.209347
v 31.777016 9.330004 -28.059580
v 31.962151 9.383348 -28.285616
v 32.963623 9.016479 -28.602619
v 32.871292 9.108590 -28.443079
v 32.728527 9.243073 -28.855467
v 33.072063 8.484509 -29.524019
v 33.110485 8.526068 -29.452038
v 32.882656 8.763973 -29.573061
v 32.886024 8.283283 -29.872553
v 32.956100 8.359077 -29.741274
v 32.862202 8.379279 -29.840305
v 31.962614 8.074363 -30.234413
v 32.516018 8.142135 -30.117029
v 32.309418 8.215395 -30.144516
v 32.125969 8.156798 -30.189415
v 30.713648 8.860837 -28.872200
v 30.722031 8.595567 -29.331661
v 30.810368 8.794023 -29.217112
v 33.302219 8.724808 -29.153151
v 32.802864 8.184677 -30.088684
v 31.646938 8.043118 -30.333874
v 30.704880 8.406726 -29.704084
v 30.686075 9.001698 -28.673563
v 31.604689 9.380007 -28.018311
v 32.768982 9.256779 -28.231749
v 31.869339 10.500673 -30.143980
v 31.839432 10.468323 -30.200012
v 31.770201 10.459845 -30.214697
v 31.713778 10.481623 -30.176977
v 31.712652 10.517257 -30.115257
v 31.767670 10.539914 -30.076012
v 31.837402 10.532534 -30.088797
v 32.598907 9.274780 -28.200571
v 31.781931 9.361248 -28.050804
v 31.967066 9.414594 -28.276840
v 32.984844 9.041430 -28.604744
v 32.892513 9.133541 -28.445204
v 32.749748 9.268023 -28.857590
v 33.093609 8.499163 -29.543980
v 33.132030 8.540721 -29.471998
v 32.904202 8.778625 -29.593021
v 32.907574 8.297935 -29.892513
v 32.977646 8.373731 -29.761234
v 32.883747 8.393933 -29.860266
v 31.968262 8.082468 -30.265715
v 32.521664 8.150240 -30.148331
v 32.315067 8.223500 -30.175819
v 32.131615 8.164903 -30.220718
v 30.689913 8.880282 -28.883860
v 30.698296 8.615012 -29.343323
v 30.786633 8.813468 -29.228771
v 32.251431 9.965543 -29.263458
v 31.745815 3.902853 -28.496037
v 30.454041 4.213895 -27.957294
v 30.134998 4.912803 -26.746752
v 31.028934 5.473283 -25.775970
v 32.462696 5.473283 -25.775970
v 33.356632 4.912803 -26.746752
v 33.037590 4.213895 -27.957294
v 31.770748 6.453967 -28.139303
v 31.660259 6.480571 -28.093224
v 31.632971 6.540350 -27.989681
v 31.709431 6.588289 -27.906649
v 31.832064 6.588289 -27.906649
v 31.908524 6.540350 -27.989681
v 31.881235 6.480571 -28.093224
v 33.078457 4.313752 -27.787481
v 33.305984 4.812182 -26.924173
v 33.095398 4.869321 -27.215107
v 32.514938 4.091625 -28.172216
v 32.742264 4.146362 -28.077408
v 32.390114 4.578701 -28.118723
v 31.209633 4.035536 -28.269365
v 31.310648 4.011213 -28.311493
v 31.332371 4.433177 -28.233356
v 30.720518 4.153309 -28.065376
v 30.904749 4.108948 -28.142212
v 30.813932 4.238217 -28.082413
v 30.226423 4.722861 -27.078882
v 30.381660 4.382792 -27.667902
v 30.401360 4.590984 -27.496325
v 30.321434 4.673935 -27.283358
v 32.177044 5.472647 -25.780216
v 31.527351 5.472647 -25.780216
v 31.768578 5.538167 -25.947355
v 31.745815 3.914134 -28.533718
v 30.432938 4.230258 -27.986176
v 30.108685 4.940583 -26.755856
v 31.017223 5.510220 -25.769215
v 32.474407 5.510220 -25.769215
v 33.382950 4.940583 -26.755856
v 33.058693 4.230258 -27.986176
v 31.770748 6.459805 -28.231668
v 31.600000 6.500918 -28.160460
v 31.557829 6.593300 -28.000448
v 31.675989 6.667384 -27.872129
v 31.865505 6.667384 -27.872129
v 31.983665 6.593300 -28.000448
v 31.941494 6.500918 -28.160460
v 33.106060 4.334018 -27.806458
v 33.333588 4.832449 -26.943150
v 33.123005 4.889588 -27.234081
v 32.527225 4.102287 -28.207827
v 32.754551 4.157024 -28.113020
v 32.402397 4.589363 -28.154333
v 31.197348 4.046198 -28.304976
v 31.298363 4.021874 -28.347105
v 31.320086 4.443839 -28.268969
v 30.708233 4.163971 -28.100988
v 30.892464 4.119610 -28.177822
v 30.801649 4.248878 -28.118025
v 30.198820 4.743128 -27.097858
v 30.354057 4.403058 -27.686878
v 30.373756 4.611251 -27.515301
v 30.293829 4.694201 -27.302332
v 32.177044 5.510220 -25.769215
v 31.527351 5.510220 -25.769215
v 31.768578 5.575741 -25.936354
v 32.448887 6.637611 -26.323700
v 33.333965 6.131624 -27.200096
v 33.094604 5.470155 -28.345795
v 31.911053 5.151305 -28.898060
v 30.674547 5.415174 -28.441023
v 30.316200 6.063065 -27.318846
v 31.105858 6.607100 -26.376549
v 31.817915 7.700624 -28.543121
v 31.886469 7.661432 -28.611002
v 31.867929 7.610198 -28.699741
v 31.776258 7.585502 -28.742517
v 31.680485 7.605940 -28.707117
v 31.652729 7.656122 -28.620201
v 31.713892 7.698260 -28.547215
v 30.997784 6.530810 -26.511505
v 30.435019 6.143092 -27.183054
v 30.698673 6.358827 -27.174744
v 31.647696 6.618836 -26.359041
v 31.411512 6.613470 -26.368336
v 31.648655 6.791574 -26.800251
v 32.814800 6.426922 -26.691446
v 32.745636 6.466463 -26.622959
v 32.624420 6.615228 -26.976925
v 33.149693 6.235467 -27.023056
v 33.023552 6.307580 -26.898151
v 33.058998 6.307296 -27.052416
v 33.156780 5.653273 -28.031445
v 33.273167 5.974906 -27.474360
v 33.163246 5.946341 -27.700962
v 33.149033 5.806176 -27.878803
v 30.922564 5.365419 -28.530024
v 31.482489 5.245932 -28.736980
v 31.315783 5.452417 -28.642294
v 32.458401 6.671001 -26.317242
v 33.357323 6.157099 -27.207346
v 33.114220 5.485283 -28.370966
v 31.912153 5.161447 -28.931868
v 30.656305 5.429443 -28.467684
v 30.292355 6.087467 -27.327951
v 31.094362 6.640013 -26.370914
v 31.843605 7.768399 -28.512749
v 31.949547 7.707834 -28.617649
v 31.920897 7.628658 -28.754786
v 31.779228 7.590493 -28.820890
v 31.631224 7.622077 -28.766186
v 31.588329 7.699627 -28.631865
v 31.682850 7.764747 -28.519073
v 30.977209 6.559300 -26.510714
v 30.414446 6.171582 -27.182261
v 30.678101 6.387317 -27.173952
v 31.646542 6.652557 -26.349188
v 31.410358 6.647192 -26.358480
v 31.647501 6.825296 -26.790396
v 32.833935 6.456314 -26.689091
v 32.764771 6.495854 -26.620605
v 32.643551 6.644619 -26.974569
v 33.168827 6.264858 -27.020700
v 33.042686 6.336972 -26.895796
v 33.078133 6.336687 -27.050062
v 33.181797 5.672034 -28.047504
v 33.298183 5.993668 -27.490417
v 33.188259 5.965101 -27.717020
v 33.174046 5.824937 -27.894861
v 30.912584 5.374753 -28.562408
v 31.472509 5.255266 -28.769367
v 31.305805 5.461752 -28.674681
v 30.654055 7.367062 -27.203848
v 31.798000 7.599553 -26.801161
v 32.874775 7.297323 -27.324640
v 33.073547 6.687957 -28.380093
v 32.244637 6.230320 -29.172743
v 31.012230 6.269023 -29.105707
v 30.304354 6.774921 -28.229467
v 31.694262 8.623674 -29.088776
v 31.777674 8.640627 -29.059414
v 31.856190 8.618588 -29.097584
v 31.870684 8.574155 -29.174545
v 31.810242 8.540786 -29.232342
v 31.720377 8.543608 -29.227455
v 31.668762 8.580497 -29.163561
v 30.406473 6.706140 -28.351324
v 30.911354 6.345316 -28.976290
v 30.890495 6.622542 -28.831959
v 30.448692 7.014390 -27.817419
v 30.387146 6.910174 -27.997925
v 30.705927 7.265141 -28.063694
v 31.131706 7.463449 -27.039627
v 31.042242 7.445267 -27.071119
v 31.207584 7.601224 -27.363214
v 31.564894 7.551488 -26.887136
v 31.401730 7.518327 -26.944574
v 31.528566 7.574866 -26.987993
v 32.577690 7.379903 -27.184332
v 32.053703 7.526976 -26.929594
v 32.203636 7.518137 -27.107719
v 32.394081 7.452496 -27.161726
v 32.407188 6.323825 -29.013514
v 32.782841 6.531219 -28.654295
v 32.571865 6.591256 -28.792025
v 30.636709 7.396399 -27.202646
v 31.799467 7.632713 -26.793339
v 32.893951 7.325512 -27.325426
v 33.095989 6.706125 -28.398235
v 32.253448 6.240963 -29.203920
v 31.000774 6.280302 -29.135784
v 30.281258 6.794519 -28.245132
v 31.652315 8.675248 -29.074690
v 31.781221 8.701447 -29.029312
v 31.902557 8.667390 -29.088301
v 31.924955 8.598722 -29.207235
v 31.831551 8.547154 -29.296555
v 31.692677 8.551516 -29.289000
v 31.612909 8.608522 -29.190260
v 30.386360 6.719406 -28.375233
v 30.891241 6.358582 -29.000196
v 30.870380 6.635808 -28.855867
v 30.425150 7.038168 -27.823120
v 30.363602 6.933953 -28.003628
v 30.682384 7.288920 -28.069397
v 31.122463 7.495122 -27.031652
v 31.032999 7.476939 -27.063147
v 31.198339 7.632898 -27.355242
v 31.555651 7.583161 -26.879166
v 31.392485 7.550000 -26.936602
v 31.519321 7.606539 -26.980022
v 32.589706 7.410908 -27.177515
v 32.065720 7.557981 -26.922777
v 32.215656 7.549143 -27.100901
v 32.406097 7.483502 -27.154911
v 32.425385 6.335888 -29.039505
v 32.801037 6.543283 -28.680288
v 32.590061 6.603319 -28.818016
v 31.880653 7.005690 -29.948378
v 30.709475 7.219013 -29.578892
v 30.312820 7.809849 -28.555532
v 30.989382 8.333288 -27.648911
v 32.229691 8.395168 -27.541731
v 33.099773 7.948894 -28.314701
v 32.944435 7.330518 -29.385759
v 31.778698 9.502566 -29.689978
v 31.709740 9.515127 -29.668222
v 31.686384 9.549914 -29.607967
v 31.726221 9.580734 -29.554586
v 31.799250 9.584377 -29.548275
v 31.850479 9.558102 -29.593788
v 31.841333 9.521692 -29.656851
v 32.962982 7.418770 -29.235508
v 33.073681 7.859443 -28.472240
v 32.910915 7.900478 -28.739882
v 32.513653 7.202046 -29.610884
v 32.700718 7.259167 -29.511950
v 32.392242 7.617167 -29.609346
v 31.394016 7.097219 -29.792452
v 31.485533 7.080550 -29.821323
v 31.480274 7.447459 -29.752857
v 30.950891 7.177931 -29.652655
v 31.117800 7.147530 -29.705311
v 31.029253 7.255661 -29.660580
v 30.424850 7.649309 -28.836203
v 30.617708 7.362036 -29.333775
v 30.612942 7.543206 -29.184189
v 30.524364 7.611335 -29.005989
v 31.982632 8.382306 -27.566614
v 31.421017 8.354287 -27.615145
v 31.639200 8.421850 -27.741907
v 31.882875 7.015101 -29.979528
v 30.693447 7.231748 -29.604284
v 30.290613 7.831791 -28.564980
v 30.977715 8.363386 -27.644230
v 32.237354 8.426230 -27.535379
v 33.120991 7.973001 -28.320395
v 32.963234 7.344989 -29.408144
v 31.783278 9.506173 -29.745058
v 31.676710 9.525584 -29.711437
v 31.640619 9.579345 -29.618320
v 31.702179 9.626973 -29.535828
v 31.815037 9.632604 -29.526075
v 31.894207 9.591996 -29.596407
v 31.880072 9.535729 -29.693865
v 32.986279 7.436726 -29.249252
v 33.096977 7.877398 -28.485985
v 32.934208 7.918433 -28.753626
v 32.525890 7.211447 -29.639448
v 32.712955 7.268567 -29.540512
v 32.404480 7.626566 -29.637909
v 31.385979 7.105608 -29.822767
v 31.477497 7.088938 -29.851639
v 31.472239 7.455847 -29.783173
v 30.942856 7.186319 -29.682970
v 31.109764 7.155918 -29.735626
v 31.021217 7.264050 -29.690895
v 30.402592 7.664991 -28.853886
v 30.595449 7.377718 -29.351456
v 30.590683 7.558888 -29.201870
v 30.502106 7.627017 -29.023670
v 31.980299 8.413406 -27.557592
v 31.418686 8.385386 -27.606125
v 31.636869 8.452949 -27.732885
v 31.770746 1.800712 -25.724182
v 31.770746 7.576313 -28.821167
v 31.992630 1.836760 -25.661747
v 31.885115 7.594893 -28.788984
v 32.129761 1.914464 -25.527161
v 31.955799 7.631138 -28.726206
v 32.129761 2.047782 -25.296246
v 31.955799 7.703663 -28.600588
v 31.992630 2.142155 -25.132788
v 31.885115 7.752307 -28.516335
v 31.770746 2.178202 -25.070353
v 31.770746 7.770888 -28.484152
v 31.548864 2.142155 -25.132788
v 31.656378 7.752307 -28.516335
v 31.411734 2.047782 -25.296246
v 31.585693 7.703663 -28.600588
v 31.411734 1.931131 -25.498291
v 31.585693 7.643537 -28.704731
v 31.548864 1.836760 -25.661747
v 31.656378 7.594893 -28.788984
v 31.847570 9.359509 -29.563368
v 31.774229 9.356672 -29.591703
v 31.891022 9.375026 -29.498850
v 31.887985 9.397299 -29.422794
v 31.839621 9.417818 -29.364250
v 31.764402 9.428745 -29.345579
v 31.691061 9.425909 -29.373913
v 31.647610 9.410391 -29.438431
v 31.650646 9.388119 -29.514486
v 31.699011 9.367599 -29.573032
v 31.852182 10.332733 -30.150520
v 31.806639 10.330176 -30.168047
v 31.879059 10.344010 -30.110958
v 31.877005 10.359701 -30.064470
v 31.846802 10.373813 -30.028814
v 31.799986 10.380953 -30.017611
v 31.754442 10.378396 -30.035137
v 31.727566 10.367118 -30.074699
v 31.729620 10.351427 -30.121187
v 31.759825 10.337317 -30.156843
v 31.864077 10.918738 -30.383888
v 31.842230 10.912247 -30.390318
v 31.876480 10.934227 -30.370295
v 31.874701 10.952796 -30.354731
v 31.859421 10.967353 -30.343140
v 31.836475 10.972339 -30.339951
v 31.814629 10.965846 -30.346382
v 31.802225 10.950358 -30.359974
v 31.804005 10.931788 -30.375540
v 31.819284 10.917233 -30.387129
v 31.851606 11.506172 -30.657671
v 31.852898 11.506012 -30.657923
v 31.853743 11.505553 -30.658770
v 31.853823 11.504978 -30.659864
v 31.853136 11.504505 -30.660788
v 31.851955 11.504309 -30.661207
v 31.850712 11.504457 -30.660980
v 31.849857 11.504900 -30.660181
v 31.849722 11.505474 -30.659092
v 31.850384 11.505963 -30.658125
vn 0.0091 -0.9909 0.1344
vn -0.1656 -0.9714 0.1704
vn -0.0005 -0.9935 0.1141
vn -0.9036 0.2067 -0.3751
vn -0.9076 0.2126 -0.3620
vn -0.9054 0.2056 -0.3716
vn -0.0023 0.7649 0.6442
vn 0.0039 0.7649 0.6441
vn -0.0115 0.7665 0.6421
vn 0.0052 -0.8223 -0.5690
vn -0.0036 -0.8223 -0.5690
vn -0.0003 -0.8185 -0.5745
vn 0.0211 -0.8167 -0.5767
vn 0.3964 -0.8869 -0.2372
vn 0.3646 -0.9191 -0.1494
vn 0.3637 -0.9199 -0.1469
vn 0.0022 0.7650 0.6440
vn 0.0128 0.7667 0.6419
vn 0.7720 -0.3902 0.5018
vn 0.7720 -0.3901 0.5018
vn -0.6621 0.7246 0.1913
vn 0.5199 -0.3990 0.7554
vn -0.7132 -0.4302 0.5534
vn -0.7132 -0.4302 0.5533
vn 0.7270 -0.6686 -0.1565
vn -0.4273 -0.9009 -0.0759
vn 0.3962 -0.5792 0.7124
vn 0.3701 -0.7594 0.5352
vn 0.3381 -0.8547 0.3940
vn 0.3724 -0.7578 0.5357
vn 0.3387 -0.9239 -0.1781
vn 0.4077 -0.8991 -0.1592
vn -0.6290 -0.7205 -0.2921
vn 0.4078 0.0639 -0.9108
vn -0.3932 0.0383 0.9187
vn -0.4187 0.0379 0.9074
vn -0.3917 0.0382 0.9193
vn 0.5356 -0.0700 0.8416
vn 0.3508 -0.1200 0.9287
vn 0.3581 -0.1414 0.9229
vn 0.3634 -0.1218 0.9236
vn 0.5717 -0.3139 0.7581
vn 0.5273 -0.3976 0.7509
vn 0.5735 -0.3101 0.7582
vn 0.0030 -0.8221 -0.5693
vn 0.0114 -0.8190 -0.5736
vn -0.8915 -0.2667 0.3661
vn -0.8880 -0.2555 0.3824
vn -0.8880 -0.2568 0.3816
vn -0.0000 0.7673 0.6412
vn 0.8297 -0.3259 0.4531
vn 0.8578 0.2492 0.4495
vn 0.3605 0.0248 0.9324
vn 0.2650 0.0691 0.9618
vn 0.3577 0.0346 0.9332
vn 0.8662 0.4858 -0.1173
vn -0.8369 -0.1865 0.5146
vn -0.8935 -0.2822 0.3494
vn 0.0554 0.0362 0.9978
vn -0.3476 0.0365 0.9370
vn -0.0084 -0.8181 -0.5751
vn -0.8905 0.1887 -0.4140
vn -0.9056 0.2050 -0.3713
vn 0.0139 0.8693 -0.4941
vn 0.0140 0.8710 -0.4911
vn 0.0155 0.8684 -0.4956
vn 0.0196 0.8671 -0.4978
vn 0.0162 0.8677 -0.4969
vn 0.0160 0.8685 -0.4954
vn 0.0148 0.8683 -0.4958
vn 0.8808 -0.2980 0.3680
vn 0.9017 -0.3342 0.2743
vn 0.8807 -0.2976 0.3686
vn -0.4112 -0.1059 -0.9054
vn -0.4282 -0.0998 -0.8981
vn -0.4111 -0.1059 -0.9054
vn 0.4069 -0.1219 -0.9053
vn 0.4053 -0.1221 -0.9060
vn -0.0010 0.8808 0.4735
vn -0.0056 0.8711 0.4910
vn 0.0056 0.8711 0.4910
vn 0.4098 -0.1219 -0.9040
vn 0.3925 0.0212 0.9195
vn 0.3598 0.0223 0.9327
vn 0.9195 0.1871 -0.3456
vn 0.9186 0.1854 -0.3491
vn 0.9188 0.1851 -0.3486
vn 0.9187 0.1847 -0.3492
vn 0.9179 0.1836 -0.3517
vn 0.9227 0.1930 -0.3337
vn -0.8901 -0.2594 0.3747
vn -0.8806 -0.2437 0.4064
vn -0.0266 -0.8681 0.4956
vn -0.0179 -0.8691 0.4943
vn -0.0182 -0.8692 0.4941
vn -0.0197 -0.8702 0.4924
vn -0.0130 -0.8744 0.4850
vn -0.0241 -0.8707 0.4912
vn -0.4121 0.0364 0.9104
vn -0.3891 0.0387 0.9204
vn 0.4088 -0.1218 -0.9044
vn 0.7381 -0.6375 0.2209
vn 0.6456 -0.7578 0.0945
vn -0.6215 -0.7803 0.0707
vn -0.5938 -0.8046 0.0045
vn 0.0115 -0.9101 -0.4143
vn 0.8042 -0.3958 0.4435
vn 0.8035 -0.4021 0.4390
vn 0.8055 -0.3979 0.4392
vn -0.6013 -0.6460 -0.4702
vn 0.7495 -0.6151 0.2445
vn 0.6912 -0.6709 0.2687
vn 0.7560 -0.6083 0.2416
vn 0.6912 -0.4002 0.6017
vn 0.5363 -0.3705 0.7584
vn 0.5311 -0.3731 0.7607
vn 0.7549 0.3347 -0.5639
vn 0.7653 0.2912 -0.5741
vn 0.7648 0.2874 -0.5766
vn -0.7056 0.1586 -0.6906
vn -0.7153 0.1722 -0.6773
vn -0.7170 0.1685 -0.6764
vn 0.2961 -0.9195 0.2587
vn 0.3402 -0.8474 0.4076
vn 0.3362 -0.8481 0.4095
vn -0.1204 0.8386 0.5313
vn -0.0879 0.8435 0.5298
vn -0.0879 0.8426 0.5314
vn -0.6532 -0.1157 0.7483
vn -0.6671 -0.0937 0.7390
vn -0.6806 -0.1412 0.7189
vn -0.7303 0.6008 0.3251
vn -0.7300 0.6010 0.3253
vn -0.7301 0.6010 0.3252
vn -0.6854 -0.5980 -0.4155
vn 0.1724 -0.6173 0.7676
vn -0.0131 -0.6061 0.7953
vn -0.0155 -0.6137 0.7894
vn -0.4036 -0.0806 0.9114
vn 0.8666 0.3728 -0.3317
vn 0.8564 0.3366 -0.3914
vn 0.8632 0.3860 -0.3255
vn -0.9463 -0.0111 0.3231
vn 0.6566 0.1069 -0.7466
vn 0.6717 0.0808 -0.7364
vn 0.6610 0.0747 -0.7467
vn 0.9177 0.1826 -0.3527
vn -0.4095 -0.1064 -0.9061
vn 0.7027 -0.6598 -0.2662
vn -0.8049 -0.3205 0.4993
vn 0.5714 -0.7109 -0.4100
vn 0.8780 -0.2938 0.3780
vn -0.7759 -0.6271 -0.0689
vn -0.7637 -0.6393 -0.0899
vn -0.7628 -0.6453 -0.0417
vn 0.1512 -0.9701 0.1901
vn 0.2977 -0.9196 0.2565
vn -0.8595 -0.4958 0.1244
vn 0.1730 -0.6136 0.7704
vn 0.5957 -0.3233 0.7352
vn 0.4208 0.8218 0.3842
vn 0.4177 0.8184 0.3946
vn 0.4235 0.8165 0.3924
vn 0.7594 0.6506 -0.0116
vn 0.6987 0.7153 -0.0086
vn 0.7615 0.6468 0.0424
vn 0.5666 -0.7368 -0.3690
vn -0.0558 -0.0503 -0.9972
vn 0.2839 -0.0823 0.9553
vn 0.2544 -0.1110 0.9607
vn 0.2886 -0.0807 0.9540
vn -0.8547 -0.3865 0.3465
vn -0.8608 -0.3939 0.3223
vn -0.8564 -0.3832 0.3461
vn -0.8821 0.4220 -0.2094
vn -0.7815 0.5341 -0.3226
vn -0.8863 0.3934 -0.2445
vn 0.7627 -0.4601 -0.4546
vn -0.3296 -0.9057 -0.2666
vn -0.3081 -0.9343 -0.1790
vn -0.3306 -0.9041 -0.2707
vn -0.7937 -0.6010 0.0939
vn 0.7365 -0.6509 0.1840
vn 0.7054 -0.6084 0.3637
vn 0.7010 -0.6122 0.3658
vn -0.0282 0.2066 0.9780
vn 0.4950 0.8452 -0.2016
vn 0.5025 0.6050 -0.6176
vn 0.4950 0.8452 -0.2015
vn 0.4167 0.9034 -0.1007
vn -0.0251 0.9977 0.0626
vn 0.1147 0.9920 0.0527
vn -0.3520 0.9349 -0.0463
vn -0.5310 0.7996 -0.2806
vn -0.2085 0.9776 0.0278
vn -0.5536 0.7168 -0.4239
vn -0.5536 0.7168 -0.4240
vn 0.1317 0.4523 -0.8821
vn -0.3383 0.5021 -0.7959
vn -0.2585 -0.9214 -0.2901
vn -0.2274 -0.9506 -0.2113
vn -0.2245 -0.9528 -0.2041
vn -0.7141 -0.5285 0.4591
vn -0.6527 -0.4804 0.5858
vn -0.7190 -0.6852 0.1164
vn -0.5916 -0.8059 0.0244
vn -0.5906 -0.8064 0.0282
vn -0.6446 0.3659 0.6712
vn 0.3703 -0.1237 0.9206
vn 0.3703 -0.1237 0.9207
vn -0.9328 -0.1962 -0.3023
vn -0.2364 -0.9508 -0.2004
vn 0.3280 -0.9067 -0.2651
vn 0.2920 -0.9377 -0.1883
vn 0.3306 -0.9041 -0.2707
vn -0.0010 -0.1873 0.9823
vn -0.2132 -0.2703 0.9389
vn -0.2097 -0.2747 0.9384
vn -0.6399 -0.3541 0.6820
vn 0.7007 -0.5865 0.4063
vn 0.7026 -0.5387 0.4650
vn -0.5930 -0.8052 0.0025
vn -0.6266 -0.7756 0.0767
vn -0.7188 -0.6851 0.1177
vn -0.7138 -0.6015 0.3587
vn -0.7223 -0.6821 0.1138
vn -0.4656 -0.8624 -0.1985
vn -0.7186 -0.6905 -0.0826
vn -0.6976 -0.7164 0.0066
vn -0.7035 -0.7105 0.0118
vn -0.7625 -0.6467 0.0160
vn -0.7739 -0.2850 0.5655
vn -0.7687 -0.3192 0.5542
vn -0.7575 -0.3359 0.5599
vn -0.7155 -0.3755 0.5891
vn -0.7094 -0.3763 0.5959
vn -0.7505 -0.3031 0.5873
vn -0.7095 -0.3763 0.5959
vn -0.7227 -0.2992 0.6230
vn -0.7667 -0.2752 0.5800
vn -0.7082 -0.3733 0.5993
vn -0.2040 -0.8454 -0.4937
vn -0.1738 -0.9171 -0.3588
vn -0.2433 -0.8616 -0.4454
vn -0.1815 -0.8487 -0.4967
vn 0.8807 -0.3736 0.2913
vn 0.7925 -0.5177 0.3225
vn 0.8872 -0.3917 0.2436
vn 0.7853 -0.5322 0.3164
vn 0.8823 -0.4237 0.2049
vn 0.9002 -0.3740 0.2229
vn -0.2069 -0.0336 0.9778
vn -0.2204 -0.0471 0.9743
vn -0.2225 -0.0447 0.9739
vn -0.1939 -0.1453 0.9702
vn -0.1743 -0.0448 0.9837
vn -0.2004 -0.0320 0.9792
vn -0.1968 -0.0394 0.9797
vn -0.1815 -0.1470 0.9723
vn 0.7204 0.6889 0.0805
vn 0.7639 0.6391 0.0896
vn 0.7758 0.6272 0.0693
vn 0.8176 0.5755 -0.0148
vn 0.7095 0.3763 -0.5959
vn 0.7649 0.3166 -0.5609
vn -0.2858 0.0741 -0.9554
vn -0.2573 0.1076 -0.9603
vn -0.2626 0.0884 -0.9608
vn 0.7250 0.3016 -0.6191
vn 0.7523 0.3049 -0.5841
vn 0.1606 0.8501 0.5015
vn 0.1806 0.8506 0.4938
vn 0.1906 0.8416 0.5053
vn 0.2343 0.8647 0.4442
vn 0.1992 0.8471 0.4927
vn 0.1619 0.9225 0.3503
vn -0.8794 0.3792 -0.2878
vn -0.6591 -0.7286 -0.1862
vn -0.9004 0.3735 -0.2233
vn 0.1859 0.1607 -0.9693
vn 0.2157 0.0479 -0.9753
vn 0.2197 0.0456 -0.9745
vn 0.2065 0.0334 -0.9779
vn 0.2009 0.0320 -0.9791
vn 0.1793 0.0478 -0.9826
vn 0.1996 0.0412 -0.9790
vn -0.0751 -0.1858 0.9797
vn -0.0618 -0.2778 0.9587
vn -0.0757 -0.1818 0.9804
vn 0.1741 0.8439 0.5075
vn -0.3516 -0.1065 0.9301
vn -0.3685 -0.1116 0.9229
vn -0.3418 -0.1255 0.9314
vn 0.8999 -0.3659 0.2374
vn -0.3386 0.0362 -0.9402
vn -0.3382 0.0111 -0.9410
vn -0.3504 0.0136 -0.9365
vn -0.1801 -0.8507 -0.4938
vn -0.1525 -0.8496 -0.5049
vn -0.8125 0.3874 -0.4356
vn -0.8151 0.3800 -0.4372
vn -0.8165 0.3820 -0.4329
vn 0.3128 0.1311 -0.9407
vn 0.3391 0.1881 -0.9217
vn 0.3440 0.1090 -0.9326
vn 0.6533 -0.7362 -0.1766
vn 0.6677 0.7167 0.2011
vn 0.3549 -0.7985 -0.4862
vn 0.0944 -0.7507 -0.6539
vn 0.3683 -0.7989 -0.4755
vn 0.0271 0.8833 0.4680
vn -0.0000 0.9310 0.3650
vn 0.8019 -0.3325 0.4964
vn 0.8024 -0.3233 0.5017
vn 0.7934 -0.3227 0.5162
vn -0.2601 -0.3064 0.9157
vn 0.5291 -0.8350 -0.1514
vn 0.6207 -0.7828 0.0446
vn 0.6199 -0.7831 0.0507
vn 0.5624 -0.8187 -0.1160
vn 0.5095 -0.8591 -0.0485
vn 0.5648 -0.8166 -0.1191
vn 0.5375 -0.1975 0.8198
vn -0.6199 -0.7833 -0.0459
vn -0.5822 -0.8127 0.0222
vn -0.6243 -0.7793 -0.0544
vn 0.4143 -0.8275 -0.3788
vn 0.6696 -0.6060 -0.4294
vn -0.5336 0.6474 -0.5442
vn -0.2173 0.4666 -0.8574
vn 0.2626 0.4775 -0.8385
vn 0.5448 0.6719 -0.5017
vn -0.4481 0.8838 -0.1348
vn -0.2402 0.4718 -0.8484
vn 0.2402 0.4718 -0.8484
vn 0.2710 0.9626 0.0017
vn 0.5464 0.7657 -0.3392
vn 0.4104 0.5354 -0.7382
vn 0.5464 0.7658 -0.3392
vn -0.7264 -0.4576 0.5128
vn -0.6644 -0.5178 0.5389
vn -0.7308 -0.4530 0.5107
vn 0.7006 -0.5738 0.4241
vn 0.6900 -0.4815 0.5404
vn 0.6965 -0.5777 0.4256
vn -0.6175 -0.7851 -0.0484
vn -0.4655 -0.8788 -0.1048
vn -0.4626 -0.8810 -0.0997
vn 0.9086 0.1921 0.3710
vn 0.9086 0.1921 0.3709
vn -0.4316 0.4344 0.7906
vn -0.7292 -0.4549 0.5112
vn -0.6657 -0.5286 0.5268
vn -0.6637 -0.5307 0.5272
vn 0.8161 -0.5464 0.1885
vn -0.2467 0.0832 0.9655
vn -0.2593 -0.6235 -0.7376
vn 0.3944 -0.8886 -0.2342
vn 0.3536 -0.9216 -0.1600
vn 0.3971 -0.8860 -0.2393
vn -0.2860 -0.2152 0.9338
vn -0.2737 -0.3008 0.9136
vn -0.2724 -0.3089 0.9113
vn 0.7520 -0.4995 0.4300
vn 0.7520 -0.4996 0.4300
vn -0.5857 -0.8103 0.0186
vn -0.5513 -0.8331 -0.0449
vn -0.5857 -0.8103 0.0187
vn -0.5503 -0.8337 -0.0467
vn 0.3708 -0.2337 0.8988
vn 0.1824 -0.2748 0.9441
vn 0.1836 -0.2784 0.9427
vn -0.5957 -0.3233 0.7352
vn -0.5957 -0.3234 0.7352
vn -0.2792 -0.2828 0.9176
vn -0.4619 -0.2789 0.8420
vn -0.2753 -0.2868 0.9176
vn 0.5618 -0.8196 -0.1127
vn 0.6413 -0.7613 0.0956
vn -0.3778 -0.1499 0.9137
vn -0.3414 -0.1886 0.9208
vn -0.3340 -0.1837 0.9245
vn -0.3137 -0.1413 0.9389
vn 0.3335 -0.1341 0.9332
vn 0.3321 -0.1463 0.9318
vn 0.3338 -0.1817 0.9250
vn 0.3391 -0.1881 0.9217
vn 0.3774 -0.1578 0.9125
vn 0.3434 -0.1881 0.9202
vn -0.8180 -0.3826 0.4296
vn -0.8160 -0.3907 0.4261
vn -0.8182 -0.3928 0.4199
vn -0.8105 -0.3753 0.4496
vn -0.7663 -0.4399 0.4683
vn -0.7918 -0.3815 0.4770
vn -0.8160 -0.3760 0.4391
vn 0.0291 -0.8902 -0.4547
vn 0.0077 -0.9244 -0.3813
vn 0.0009 -0.8885 -0.4590
vn -0.0043 -0.9289 -0.3704
vn -0.0269 -0.8909 -0.4534
vn -0.0052 -0.8814 -0.4723
vn 0.7984 -0.3960 0.4536
vn 0.7992 -0.3945 0.4535
vn 0.7703 -0.4386 0.4629
vn 0.8039 -0.4120 0.4289
vn 0.7711 -0.4468 0.4536
vn 0.3858 0.1374 -0.9123
vn 0.3761 0.0889 -0.9223
vn 0.3553 0.0827 -0.9311
vn -0.3391 0.1881 -0.9217
vn -0.3397 0.1203 -0.9328
vn -0.3347 0.1349 -0.9326
vn -0.3622 0.1076 -0.9259
vn -0.3842 0.1468 -0.9115
vn -0.3593 0.1243 -0.9249
vn 0.8268 0.3760 -0.4184
vn 0.8223 0.3715 -0.4312
vn 0.8293 0.3660 -0.4222
vn 0.8272 0.3585 -0.4328
vn 0.7976 0.3738 -0.4734
vn 0.8206 0.3617 -0.4424
vn 0.7620 0.4533 -0.4625
vn -0.0285 0.8839 0.4669
vn 0.6763 -0.7138 -0.1821
vn 0.6946 -0.6995 -0.1683
vn 0.7008 -0.6968 -0.1531
vn -0.7620 0.4533 -0.4625
vn -0.8080 0.3841 -0.4469
vn -0.8086 0.3809 -0.4485
vn -0.8119 0.3997 -0.4254
vn -0.2855 -0.2122 0.9346
vn -0.2543 -0.3001 0.9194
vn -0.2869 -0.2080 0.9351
vn 0.0267 -0.8877 -0.4597
vn 0.0494 -0.8875 -0.4581
vn 0.0201 -0.8995 -0.4364
vn -0.9000 0.3660 -0.2368
vn -0.1809 -0.5977 0.7810
vn 0.0079 -0.6095 0.7927
vn -0.1828 -0.5961 0.7818
vn -0.3213 0.8517 0.4140
vn -0.3358 0.8668 0.3686
vn -0.3389 0.8568 0.3885
vn 0.8277 0.3918 -0.4018
vn 0.8327 0.3883 -0.3948
vn 0.8320 0.3850 -0.3993
vn 0.0137 0.9079 0.4191
vn -0.0355 0.9306 0.3643
vn -0.0193 0.8937 0.4482
vn -0.8381 0.3117 -0.4476
vn 0.3281 -0.8508 -0.4106
vn 0.3041 -0.8692 -0.3899
vn 0.3103 -0.8537 -0.4183
vn 0.0053 -0.8814 -0.4723
vn -0.3689 0.0500 -0.9281
vn -0.3068 0.1808 -0.9344
vn -0.8043 0.3260 -0.4967
vn -0.8067 0.3164 -0.4991
vn -0.8089 0.3187 -0.4941
vn 0.4357 0.4337 0.7887
vn -0.7280 -0.4478 0.5192
vn -0.7107 -0.6063 0.3568
vn -0.2602 -0.9203 -0.2922
vn -0.2445 -0.9482 -0.2028
vn -0.2608 -0.9188 -0.2962
vn 0.5955 -0.2257 0.7710
vn 0.7497 -0.6137 0.2477
vn 0.7739 -0.2812 0.5675
vn -0.4536 0.5625 -0.6912
vn -0.0347 0.4449 -0.8949
vn -0.0000 0.9980 0.0631
vn -0.4328 0.8938 -0.1174
vn -0.4328 0.8938 -0.1175
vn 0.4328 0.8938 -0.1174
vn 0.5397 0.6596 -0.5231
vn -0.5397 0.6596 -0.5231
vn 0.3716 -0.2348 0.8982
vn 0.3730 -0.2287 0.8992
vn 0.4097 -0.8983 -0.1586
vn 0.3314 -0.9255 -0.1833
vn 0.7360 -0.6525 0.1806
vn 0.6778 -0.7050 0.2089
vn 0.7428 -0.6456 0.1770
vn 0.0003 -0.1842 0.9829
vn 0.0074 -0.2762 0.9611
vn -0.0000 -0.1799 0.9837
vn -0.3006 -0.4933 -0.8163
vn 0.3300 -0.9050 -0.2684
vn 0.3046 -0.9357 -0.1783
vn 0.3038 -0.9364 -0.1756
vn -0.7680 -0.6399 0.0265
vn -0.2997 -0.9374 -0.1773
vn -0.7390 -0.6490 0.1807
vn -0.7094 -0.5658 0.4202
vn -0.7428 -0.6456 0.1770
vn 0.6391 -0.6808 -0.3578
vn -0.0761 -0.1889 0.9790
vn -0.0478 -0.9411 -0.3347
vn 0.1734 -0.2751 0.9457
vn 0.1033 -0.2516 0.9623
vn 0.1012 -0.2509 0.9627
vn -0.7392 -0.6491 0.1793
vn -0.6252 -0.7763 0.0804
vn -0.4010 -0.2574 0.8792
vn 0.0743 -0.9057 -0.4174
vn 0.0379 -0.9305 -0.3642
vn 0.0292 -0.9296 -0.3673
vn -0.0119 -0.9112 -0.4119
vn -0.6215 -0.7566 -0.2033
vn -0.6009 -0.7745 -0.1976
vn -0.5953 -0.7818 -0.1852
vn -0.5859 -0.7978 -0.1419
vn -0.5883 -0.7975 -0.1337
vn -0.6215 -0.7635 -0.1755
vn -0.6353 -0.7586 -0.1447
vn -0.6327 -0.7498 -0.1938
vn -0.5916 -0.7954 -0.1317
vn 0.6939 -0.7023 -0.1587
vn 0.6320 -0.7685 -0.1001
vn 0.6435 -0.7435 -0.1819
vn 0.6867 -0.7045 -0.1791
vn 0.3017 -0.0485 0.9522
vn 0.3041 -0.1631 0.9386
vn 0.3361 -0.0491 0.9406
vn 0.3120 -0.1762 0.9336
vn 0.3667 -0.0634 0.9282
vn 0.3469 -0.0308 0.9374
vn -0.8239 -0.4012 0.4003
vn -0.8213 -0.4134 0.3932
vn -0.8226 -0.4123 0.3916
vn -0.7793 -0.4621 0.4233
vn -0.8134 -0.3978 0.4244
vn -0.8232 -0.3979 0.4050
vn -0.8197 -0.4015 0.4085
vn -0.7754 -0.4587 0.4340
vn -0.0782 0.9006 0.4276
vn -0.0515 0.8784 0.4751
vn -0.0255 0.8786 0.4769
vn 0.5883 0.7975 0.1337
vn 0.6084 0.7669 0.2043
vn 0.5997 0.7769 0.1919
vn -0.3583 0.1095 -0.9272
vn 0.6321 0.7476 0.2038
vn 0.6413 0.7524 0.1504
vn 0.6250 0.7576 0.1881
vn -0.6941 0.6973 0.1791
vn -0.6482 0.7383 0.1862
vn -0.6853 0.7029 0.1906
vn -0.6326 0.7698 0.0857
vn -0.3052 0.0382 -0.9515
vn 0.3349 -0.0284 0.9418
vn 0.7691 0.4707 -0.4324
vn 0.8281 0.4019 -0.3908
vn 0.8300 0.4015 -0.3871
vn 0.8203 0.3894 -0.4188
vn 0.7691 0.4706 -0.4324
vn -0.9689 -0.0588 0.2406
vn -0.3277 -0.9070 -0.2646
vn -0.2913 -0.9377 -0.1895
vn -0.2877 -0.9402 -0.1822
vn 0.3614 -0.8963 -0.2571
vn 0.8196 -0.5719 0.0335
vn 0.8273 -0.5589 0.0569
vn 0.8003 -0.5977 0.0469
vn 0.6322 0.7147 0.2990
vn -0.7309 0.6628 0.1628
vn -0.4175 -0.7349 0.5344
vn -0.4183 -0.7345 0.5343
vn -0.4844 -0.2668 0.8332
vn -0.7039 0.6901 0.1682
vn -0.6925 0.6995 0.1765
vn -0.7711 0.6360 -0.0291
vn -0.7496 0.6509 -0.1202
vn -0.8052 0.5915 -0.0415
vn -0.5670 0.7360 0.3700
vn -0.5360 0.0688 -0.8414
vn 0.6283 0.7507 0.2042
vn 0.6969 -0.1661 0.6977
vn 0.7099 -0.1834 0.6800
vn 0.7036 -0.1754 0.6886
vn 0.6235 0.0984 -0.7756
vn 0.5793 0.2779 -0.7663
vn 0.6796 -0.3922 0.6199
vn 0.6173 -0.4673 0.6329
vn 0.6153 -0.4695 0.6332
vn 0.6876 -0.7242 0.0524
vn 0.6377 -0.7616 0.1152
vn 0.6326 -0.7649 0.1213
vn 0.1809 -0.9328 -0.3118
vn 0.3285 -0.9271 -0.1808
vn -0.7568 -0.5725 0.3155
vn -0.6745 -0.7212 0.1577
vn -0.6719 -0.7226 0.1626
vn -0.7064 -0.1878 0.6824
vn -0.8801 -0.2033 0.4291
vn -0.8878 -0.2036 0.4128
vn 0.1543 -0.1986 0.9679
vn -0.0221 -0.2610 0.9651
vn -0.0220 -0.2672 0.9634
vn 0.2885 0.4850 -0.8256
vn 0.5493 0.6867 -0.4761
vn 0.4103 0.5354 -0.7382
vn -0.5248 0.6331 -0.5690
vn -0.1895 0.4611 -0.8669
vn 0.7092 -0.5163 0.4801
vn 0.1583 -0.1986 0.9672
vn 0.1613 -0.2787 0.9467
vn 0.1578 -0.1882 0.9694
vn 0.3386 -0.8463 -0.4113
vn 0.6776 -0.3960 0.6197
vn 0.6275 -0.4707 0.6202
vn 0.6812 -0.3902 0.6195
vn 0.8890 -0.1001 0.4468
vn 0.9332 -0.1957 -0.3015
vn 0.6888 -0.7233 0.0495
vn 0.6270 -0.7724 0.1013
vn 0.6916 -0.7207 0.0469
vn 0.8929 -0.2412 -0.3802
vn 0.7014 -0.0644 0.7099
vn 0.6269 -0.7712 0.1106
vn 0.1796 -0.9332 -0.3113
vn -0.0699 -0.9616 -0.2655
vn 0.1813 -0.9309 -0.3171
vn -0.7019 -0.4122 0.5808
vn -0.7066 -0.5709 0.4181
vn -0.3592 -0.9109 -0.2033
vn 0.1205 -0.9434 -0.3090
vn -0.0702 -0.9629 -0.2604
vn -0.7590 -0.5696 0.3154
vn -0.6943 -0.6249 0.3569
vn -0.7619 -0.5669 0.3134
vn -0.7655 -0.6414 0.0510
vn 0.8073 -0.5784 0.1173
vn 0.7503 -0.6497 0.1223
vn 0.7496 -0.6522 0.1130
vn 0.7678 -0.6399 0.0322
vn 0.3415 -0.8601 -0.3789
vn 0.3359 -0.8696 -0.3619
vn 0.3023 -0.8989 -0.3172
vn 0.2943 -0.9023 -0.3151
vn 0.2625 -0.8839 -0.3869
vn 0.2904 -0.9027 -0.3176
vn 0.7251 -0.1877 0.6626
vn 0.6520 -0.3110 0.6915
vn 0.7301 -0.2431 0.6386
vn 0.7120 -0.1805 0.6785
vn -0.5926 -0.2650 0.7606
vn -0.5791 -0.2711 0.7689
vn -0.6185 -0.1074 0.7784
vn -0.6564 -0.0876 0.7493
vn -0.4142 -0.8252 -0.3840
vn -0.3984 -0.8345 -0.3807
vn -0.3976 -0.8335 -0.3836
vn -0.3825 -0.8758 -0.2945
vn -0.4368 -0.8249 -0.3588
vn -0.4204 -0.8232 -0.3817
vn -0.4205 -0.8265 -0.3744
vn -0.3921 -0.8741 -0.2867
vn -0.8127 0.5715 -0.1137
vn -0.8349 0.5482 -0.0494
vn -0.8266 0.5623 -0.0243
vn -0.2943 0.9023 0.3151
vn -0.3177 0.8511 0.4180
vn -0.2637 0.8805 0.3940
vn -0.3105 0.8633 0.3978
vn -0.7304 0.2366 -0.6407
vn -0.7274 0.1757 -0.6634
vn -0.6404 0.3162 -0.6999
vn 0.6816 0.1331 -0.7195
vn 0.3826 0.8810 0.2783
vn 0.4039 0.8285 0.3879
vn 0.4011 0.8280 0.3919
vn 0.4365 0.8213 0.3675
vn -0.7344 -0.6624 0.1479
vn -0.4371 -0.1042 0.8934
vn -0.4422 -0.1058 0.8907
vn -0.4342 -0.1099 0.8941
vn 0.1243 -0.8427 -0.5238
vn 0.0880 -0.8480 -0.5226
vn 0.0967 -0.8470 -0.5227
vn -0.4650 0.8714 -0.1561
vn -0.3843 -0.8411 0.3807
vn -0.3824 -0.8416 0.3814
vn -0.0540 0.8377 0.5435
vn -0.9994 -0.0301 -0.0140
vn -0.5642 -0.2098 0.7986
vn -0.5642 -0.2098 0.7985
vn -0.2983 -0.9127 -0.2792
vn -0.2790 -0.9412 -0.1905
vn -0.2991 -0.9113 -0.2831
vn 0.2318 -0.8865 -0.4006
vn -0.6124 -0.3465 0.7106
vn -0.6487 -0.4847 0.5867
vn -0.9102 -0.3290 0.2516
vn 0.7370 0.5828 0.3422
vn 0.3964 0.9144 -0.0817
vn -0.0550 0.9966 0.0607
vn 0.5695 -0.3159 0.7589
vn 0.5165 -0.3878 0.7634
vn 0.5115 -0.3942 0.7636
vn 0.7025 -0.5373 0.4667
vn 0.7024 -0.5902 0.3979
vn 0.7465 -0.6316 0.2093
vn 0.7001 -0.5934 0.3972
vn -0.7126 -0.6405 -0.2863
vn -0.0055 -0.0318 0.9995
vn 0.7869 -0.4599 0.4114
vn -0.0337 -0.1865 0.9819
vn -0.0210 -0.2741 0.9615
vn -0.0346 -0.1803 0.9830
vn 0.8385 0.1104 0.5336
vn -0.2964 -0.9140 -0.2769
vn -0.0726 -0.9641 -0.2555
vn 0.2037 -0.9635 0.1739
vn 0.2137 -0.9523 0.2178
vn -0.6263 -0.7792 -0.0247
vn 0.7458 -0.6326 0.2087
vn 0.7498 -0.6287 0.2063
vn 0.5456 -0.2949 0.7844
vn -0.2857 -0.9139 -0.2882
vn -0.0656 -0.9631 -0.2612
vn -0.6105 -0.3447 0.7130
vn -0.5561 -0.4079 0.7241
vn -0.6167 -0.3371 0.7114
vn -0.4464 -0.1183 0.8870
vn -0.4346 -0.1304 0.8911
vn -0.4272 -0.1245 0.8955
vn -0.4223 -0.1118 0.8995
vn 0.2564 -0.0930 0.9621
vn 0.2620 -0.1672 0.9505
vn 0.2675 -0.1730 0.9479
vn 0.2899 -0.1006 0.9518
vn 0.3217 -0.1239 0.9387
vn 0.2717 -0.1728 0.9467
vn -0.8545 -0.3715 0.3631
vn -0.7807 -0.4791 0.4013
vn -0.8276 -0.3821 0.4111
vn -0.0346 -0.1827 0.9826
vn -0.0357 -0.2788 0.9597
vn -0.0357 -0.2814 0.9589
vn 0.0539 -0.8425 -0.5360
vn 0.0870 -0.8472 -0.5241
vn 0.7926 -0.3254 0.5156
vn 0.7481 -0.4015 0.5283
vn 0.8042 -0.3476 0.4822
vn 0.8047 -0.3258 0.4963
vn 0.7500 -0.4093 0.5196
vn 0.4407 0.1016 -0.8919
vn 0.4296 0.0971 -0.8978
vn 0.4410 0.1002 -0.8919
vn -0.2675 0.1730 -0.9479
vn -0.2900 0.0722 -0.9543
vn -0.3217 0.1188 -0.9394
vn -0.2883 0.0939 -0.9529
vn 0.8588 0.3798 -0.3438
vn 0.8648 0.3642 -0.3456
vn 0.8546 0.3525 -0.3813
vn -0.7410 0.4159 -0.5273
vn -0.7969 0.3219 -0.5111
vn -0.7971 0.3180 -0.5133
vn -0.8058 0.3418 -0.4836
vn -0.1689 -0.2418 0.9555
vn -0.0374 0.8429 0.5368
vn 0.0361 -0.8472 -0.5301
vn 0.0822 -0.8481 -0.5234
vn 0.4192 0.0953 -0.9029
vn 0.4484 0.1122 -0.8868
vn 0.4323 0.1297 -0.8923
vn 0.0388 -0.9158 -0.3998
vn 0.3370 0.1095 0.9351
vn -0.1650 -0.9712 0.1720
vn 0.3325 -0.8562 0.3955
vn -0.4564 0.0376 0.8890
vn 0.5249 -0.4018 0.7503
vn -0.8861 -0.2500 0.3904
vn 0.6830 -0.6780 0.2718
vn -0.4047 -0.1081 -0.9080
vn 0.8718 -0.2852 0.3984
vn 0.1504 -0.9699 0.1917
vn -0.8576 -0.3903 0.3351
vn -0.3069 -0.9357 -0.1743
vn 0.7428 -0.6457 0.1770
vn 0.2889 -0.9400 -0.1818
vn -0.0612 -0.2823 0.9574
vn -0.1672 -0.8504 -0.4989
vn 0.0781 -0.7453 -0.6621
vn 0.5066 -0.8610 -0.0450
vn -0.5765 -0.8165 0.0320
vn -0.6589 -0.5227 0.5409
vn 0.3502 -0.9239 -0.1540
vn -0.2869 -0.2079 0.9351
vn -0.2526 -0.3049 0.9183
vn 0.0084 -0.6137 0.7895
vn -0.2436 -0.9494 -0.1981
vn 0.7560 -0.6084 0.2416
vn 0.6691 -0.7121 0.2128
vn 0.0078 -0.2810 0.9597
vn -0.7428 -0.6457 0.1770
vn -0.6954 -0.1865 0.6940
vn 0.1578 -0.1881 0.9694
vn 0.1616 -0.2904 0.9432
vn 0.6229 -0.4770 0.6200
vn 0.6234 -0.7749 0.1041
vn -0.6907 -0.6277 0.3591
vn -0.2780 -0.9424 -0.1860
vn -0.0199 -0.2811 0.9595
vn -0.5485 -0.4162 0.7252
vn -0.9913 0.0145 -0.1305
vn 0.0198 0.8857 -0.4638
vn 0.0234 0.8844 -0.4662
vn 0.0237 0.8862 -0.4627
vn -0.3089 -0.4495 -0.8382
vn 0.8331 -0.2236 -0.5060
vn 0.8334 -0.2237 -0.5054
vn 0.8345 -0.2196 -0.5053
vn -0.8505 0.3033 0.4298
vn -0.8503 0.3042 0.4295
vn -0.8506 0.3047 0.4286
vn -0.7276 -0.2576 -0.6358
vn -0.7272 -0.2578 -0.6362
vn -0.8087 -0.2690 -0.5231
vn 0.3089 0.4955 0.8118
vn -0.3089 0.4955 0.8118
vn 0.9997 0.0228 -0.0132
vn 0.9996 0.0230 -0.0133
vn 0.8088 0.3150 0.4966
vn -0.8088 0.3150 0.4966
vn -0.8089 0.2813 0.5162
vn -0.9996 0.0229 -0.0133
vn -0.9996 0.0230 -0.0133
vn -0.9996 0.0257 -0.0148
vn 0.3089 -0.4495 -0.8382
vn -0.9927 0.0941 -0.0756
vn -0.9995 0.0283 -0.0163
vn -0.3403 0.4672 0.8160
vn 0.8090 0.2841 0.5146
vn 0.3071 -0.3769 -0.8738
vn -0.3087 0.4376 0.8445
vn -0.2754 -0.4831 -0.8312
vn -0.2738 -0.4833 -0.8315
vn -0.2764 -0.4829 -0.8309
vn 0.3354 -0.4881 -0.8058
vn 0.3326 -0.4885 -0.8067
vn 0.3308 -0.4886 -0.8073
vn -0.3071 -0.3775 -0.8736
vn 0.8265 -0.2936 -0.4802
vn 0.8249 -0.2947 -0.4824
vn 0.8238 -0.2954 -0.4838
vn -0.7853 -0.2825 -0.5509
vn -0.7847 -0.2829 -0.5516
vn -0.7859 -0.2822 -0.5503
vn 0.9993 0.0313 -0.0180
vn 0.9996 0.0231 -0.0133
vn -0.3761 0.4817 0.7915
vn 0.7516 0.3396 0.5655
vn 0.7520 0.3394 0.5651
vn 0.2721 0.4458 0.8528
vn 0.9973 0.0607 0.0416
vn -0.0000 -0.8660 0.5000
vn 0.9989 0.0327 0.0323
vn 0.9991 0.0314 0.0295
vn 0.9990 0.0318 0.0306
vn 0.3549 -0.3523 -0.8660
vn 0.3573 -0.3519 -0.8652
vn 0.3533 -0.3525 -0.8666
vn 0.3087 0.4382 0.8442
vn 0.2236 0.4938 0.8403
vn 0.2240 0.4937 0.8403
vn 0.3663 -0.3921 -0.8439
vn 0.3646 -0.3924 -0.8444
vn 0.3651 -0.3923 -0.8443
vn 0.2736 0.5477 0.7907
vn 0.2749 0.5475 0.7904
vn 0.2757 0.5474 0.7902
vn 0.7125 -0.2619 -0.6510
vn -0.8216 0.3319 0.4635
vn -0.7834 -0.1583 -0.6010
vn -0.2670 -0.3295 -0.9056
vn -0.3206 0.5542 0.7681
vn -0.3239 0.5539 0.7670
vn -0.3185 0.5545 0.7688
vn -0.8064 -0.2240 -0.5472
vn -0.2114 -0.4038 -0.8901
vn -0.2100 -0.4039 -0.8904
vn 0.7157 -0.3230 -0.6193
vn 0.9991 0.0207 0.0372
vn 0.9989 0.0325 0.0333
vn -0.9974 0.0467 -0.0553
vn -0.9973 0.0454 -0.0575
vn -0.9974 0.0476 -0.0538
vn 0.8331 -0.2194 -0.5077
vn 0.8350 -0.2181 -0.5051
vn -0.8109 0.3693 0.4539
vn -0.8132 0.3678 0.4510
vn -0.8093 0.3704 0.4559
vn 0.7845 0.2750 0.5557
vn 0.7781 0.3546 0.5185
vn 0.7780 0.3547 0.5186
vn 0.0196 0.8870 -0.4613
vn 0.0186 0.8852 -0.4648
vn 0.0191 0.8842 -0.4668
vn 0.0186 0.8849 -0.4655
vn 0.0191 0.8841 -0.4669
vn 0.0199 0.8849 -0.4654
vn 0.0260 0.8849 -0.4651
vn -0.9914 0.0144 -0.1301
vn 0.8330 -0.2237 -0.5061
vn -0.8273 0.2715 0.4919
vn -0.9851 0.0449 -0.1661
vn -0.9989 0.0164 -0.0447
vn -0.3740 0.4615 0.8044
vn 0.7848 0.2958 0.5446
vn 0.3469 -0.3731 -0.8605
vn -0.3391 0.4346 0.8344
vn -0.2728 -0.4834 -0.8318
vn 0.3372 -0.4879 -0.8051
vn -0.2746 -0.3834 -0.8818
vn 0.8277 -0.2928 -0.4788
vn -0.7842 -0.2832 -0.5522
vn 0.9985 0.0485 0.0257
vn -0.3763 0.4817 0.7915
vn 0.2190 0.4565 0.8623
vn 0.3590 -0.3516 -0.8646
vn 0.2761 0.4440 0.8524
vn 0.2237 0.4938 0.8403
vn 0.3662 -0.3921 -0.8439
vn 0.2728 0.5478 0.7909
vn 0.8338 -0.2069 -0.5118
vn -0.8514 0.3110 0.4224
vn -0.7081 -0.2053 -0.6756
vn -0.2021 -0.3435 -0.9172
vn -0.3260 0.5537 0.7663
vn -0.7883 -0.2329 -0.5695
vn -0.2099 -0.4039 -0.8904
vn 0.7495 -0.3058 -0.5871
vn 0.9969 0.0376 0.0690
vn -0.9973 0.0445 -0.0591
vn -0.8148 0.3667 0.4490
vn 0.7417 0.3015 0.5991
vt 0.956497 0.448875
vt 0.959598 0.402314
vt 0.959598 0.448875
vt 0.906141 0.059388
vt 0.916250 0.042369
vt 0.972597 0.089800
vt 0.973454 0.089312
vt 0.951171 0.028372
vt 0.955262 0.019217
vt 0.498409 0.446578
vt 0.480071 0.493221
vt 0.494573 0.437310
vt 0.491731 0.436102
vt 0.985614 0.236465
vt 0.983558 0.188977
vt 0.985614 0.188977
vt 0.972991 0.089491
vt 0.943153 0.023730
vt 0.959598 0.171054
vt 0.956497 0.205640
vt 0.956497 0.171054
vt 0.780771 0.100300
vt 0.764315 0.017569
vt 0.786308 0.097301
vt 0.989840 0.075992
vt 0.988611 0.094825
vt 0.988611 0.075992
vt 0.956497 0.133620
vt 0.575514 0.757526
vt 0.548471 0.837656
vt 0.546274 0.836311
vt 0.956497 0.463030
vt 0.959598 0.477219
vt 0.956497 0.477219
vt 0.956497 0.605793
vt 0.959598 0.587864
vt 0.959598 0.605793
vt 0.956497 0.642129
vt 0.959598 0.617587
vt 0.959598 0.642129
vt 0.998214 0.288646
vt 0.997042 0.297402
vt 0.997042 0.288646
vt 0.546438 0.846124
vt 0.534735 0.929167
vt 0.543877 0.846408
vt 0.429347 0.766068
vt 0.350638 0.783587
vt 0.426872 0.761442
vt 0.480671 0.494134
vt 0.537046 0.510338
vt 0.480539 0.494394
vt 0.459699 0.839741
vt 0.524121 0.822196
vt 0.526393 0.855078
vt 0.489348 0.675591
vt 0.559255 0.684700
vt 0.489213 0.679749
vt 0.989840 0.001503
vt 0.988611 0.028831
vt 0.988611 0.001503
vt 0.480387 0.493355
vt 0.506563 0.442174
vt 0.512493 0.541828
vt 0.480313 0.494582
vt 0.972925 0.089521
vt 0.935300 0.026644
vt 0.807678 0.528202
vt 0.887144 0.509076
vt 0.809381 0.531226
vt 0.985614 0.161540
vt 0.530642 0.486604
vt 0.538918 0.491203
vt 0.480118 0.493240
vt 0.888040 0.363623
vt 0.848012 0.437650
vt 0.883314 0.362388
vt 0.973394 0.089334
vt 0.517167 0.534619
vt 0.512529 0.535871
vt 0.847644 0.806542
vt 0.909974 0.861786
vt 0.846205 0.809356
vt 0.534086 0.510994
vt 0.514051 0.445132
vt 0.911886 0.066865
vt 0.972378 0.090170
vt 0.376333 0.001502
vt 0.384830 0.001502
vt 0.390022 0.008060
vt 0.388293 0.016343
vt 0.380712 0.020103
vt 0.373003 0.016505
vt 0.371031 0.008194
vt 0.537671 0.480560
vt 0.480688 0.493843
vt 0.902547 0.069363
vt 0.958453 0.018023
vt 0.973518 0.089268
vt 0.972347 0.091016
vt 0.902540 0.112120
vt 0.899884 0.093906
vt 0.789303 0.023449
vt 0.792606 0.097294
vt 0.901739 0.090588
vt 0.537577 0.509495
vt 0.906467 0.119843
vt 0.972540 0.091404
vt 0.913738 0.134139
vt 0.910682 0.128131
vt 0.909361 0.119663
vt 0.526259 0.530736
vt 0.519749 0.535940
vt 0.505651 0.021372
vt 0.498231 0.017967
vt 0.496286 0.009979
vt 0.501373 0.003509
vt 0.509558 0.003499
vt 0.514633 0.009839
vt 0.513033 0.017922
vt 0.534706 0.514745
vt 0.899166 0.088987
vt 0.994044 0.089058
vt 0.992847 0.113564
vt 0.992847 0.089058
vt 0.938436 0.321533
vt 0.940599 0.310611
vt 0.940599 0.321533
vt 0.992847 0.072542
vt 0.487331 0.671953
vt 0.561130 0.641100
vt 0.983558 0.130931
vt 0.985614 0.130931
vt 0.985614 0.044306
vt 0.983558 0.056223
vt 0.983558 0.044306
vt 0.994044 0.524533
vt 0.992847 0.509676
vt 0.994044 0.509676
vt 0.862965 0.701891
vt 0.906100 0.653872
vt 0.907683 0.655027
vt 0.795383 0.331812
vt 0.877488 0.349957
vt 0.877471 0.354842
vt 0.956497 0.545318
vt 0.959598 0.577042
vt 0.956497 0.577042
vt 0.898669 0.023991
vt 0.892710 0.105263
vt 0.888732 0.105441
vt 0.890021 0.870329
vt 0.938436 0.555160
vt 0.940599 0.585833
vt 0.938436 0.585833
vt 0.956497 0.121498
vt 0.959598 0.133620
vt 0.807975 0.537817
vt 0.888639 0.553912
vt 0.868992 0.594197
vt 0.884347 0.118254
vt 0.842344 0.180846
vt 0.819415 0.172704
vt 0.940599 0.453242
vt 0.938436 0.429671
vt 0.940599 0.429671
vt 0.833967 0.418986
vt 0.879569 0.359253
vt 0.913093 0.122686
vt 0.972292 0.090587
vt 0.480586 0.493566
vt 0.530928 0.462288
vt 0.992847 0.184784
vt 0.994044 0.204759
vt 0.992847 0.204759
vt 0.938436 0.378927
vt 0.940599 0.371939
vt 0.940599 0.378927
vt 0.898975 0.087676
vt 0.456879 0.841931
vt 0.458162 0.841732
vt 0.465708 0.897293
vt 0.959598 0.545318
vt 0.840606 0.811926
vt 0.875584 0.888283
vt 0.833133 0.897059
vt 0.956497 0.688298
vt 0.959598 0.688298
vt 0.938436 0.717279
vt 0.940599 0.673351
vt 0.940599 0.717279
vt 0.871074 0.263622
vt 0.888689 0.342482
vt 0.883824 0.342925
vt 0.913864 0.722183
vt 0.906332 0.721310
vt 0.902307 0.709415
vt 0.457927 0.836544
vt 0.507992 0.793385
vt 0.458975 0.837312
vt 0.814175 0.409330
vt 0.549777 0.839877
vt 0.631943 0.829355
vt 0.549826 0.842453
vt 0.548597 0.844717
vt 0.609752 0.903699
vt 0.842041 0.636420
vt 0.847237 0.626208
vt 0.853287 0.623207
vt 0.989840 0.052745
vt 0.988611 0.052745
vt 0.938436 0.480165
vt 0.940599 0.480165
vt 0.940599 0.388193
vt 0.938436 0.604031
vt 0.940599 0.615387
vt 0.938436 0.615387
vt 0.994044 0.290622
vt 0.992847 0.259911
vt 0.994044 0.259911
vt 0.833071 0.209618
vt 0.839154 0.203092
vt 0.839154 0.209618
vt 0.814541 0.219186
vt 0.820807 0.232016
vt 0.814541 0.232016
vt 0.833071 0.222072
vt 0.839154 0.224650
vt 0.833071 0.224650
vt 0.830078 0.203282
vt 0.823805 0.215095
vt 0.823805 0.203282
vt 0.833071 0.229953
vt 0.839154 0.229953
vt 0.833071 0.190638
vt 0.839154 0.183498
vt 0.839154 0.190638
vt 0.833071 0.231133
vt 0.839154 0.231133
vt 0.985614 0.361735
vt 0.983558 0.345203
vt 0.985614 0.345203
vt 0.989840 0.414729
vt 0.988611 0.440866
vt 0.988611 0.414729
vt 0.985614 0.440235
vt 0.983558 0.418220
vt 0.985614 0.418220
vt 0.992847 0.457794
vt 0.994044 0.467072
vt 0.992847 0.467072
vt 0.994044 0.416265
vt 0.992847 0.439208
vt 0.992847 0.416265
vt 0.985614 0.328874
vt 0.983558 0.310226
vt 0.985614 0.310226
vt 0.940599 0.604031
vt 0.938436 0.147499
vt 0.940599 0.163492
vt 0.938436 0.163492
vt 0.983558 0.483042
vt 0.985614 0.483042
vt 0.989840 0.162481
vt 0.988611 0.173154
vt 0.988611 0.162481
vt 0.938436 0.310611
vt 0.940599 0.297954
vt 0.983558 0.380963
vt 0.983558 0.361735
vt 0.998214 0.374825
vt 0.997042 0.332524
vt 0.998214 0.332524
vt 0.487295 0.905673
vt 0.467863 0.908720
vt 0.461946 0.909590
vt 0.454549 0.910756
vt 0.459187 0.840934
vt 0.513374 0.885370
vt 0.505211 0.888585
vt 0.508005 0.889464
vt 0.504308 0.892365
vt 0.492061 0.889773
vt 0.498188 0.897171
vt 0.496073 0.898803
vt 0.469570 0.777541
vt 0.476643 0.773078
vt 0.481395 0.773917
vt 0.511162 0.799132
vt 0.512223 0.809338
vt 0.518516 0.812205
vt 0.459610 0.838445
vt 0.519168 0.867262
vt 0.522756 0.863354
vt 0.516077 0.871895
vt 0.516421 0.878106
vt 0.900545 0.720634
vt 0.881229 0.718119
vt 0.909628 0.655270
vt 0.911510 0.685009
vt 0.860264 0.702834
vt 0.854729 0.698777
vt 0.883027 0.110661
vt 0.801744 0.095631
vt 0.799524 0.083884
vt 0.875835 0.702651
vt 0.872187 0.711586
vt 0.870079 0.710059
vt 0.863959 0.705552
vt 0.910142 0.580943
vt 0.914808 0.579903
vt 0.911966 0.617044
vt 0.907779 0.647183
vt 0.882795 0.587053
vt 0.894704 0.590043
vt 0.887649 0.585927
vt 0.853977 0.613210
vt 0.857077 0.607295
vt 0.483240 0.685114
vt 0.454347 0.765538
vt 0.479085 0.684913
vt 0.905340 0.650137
vt 0.844701 0.677371
vt 0.840853 0.669127
vt 0.848326 0.681072
vt 0.905268 0.652096
vt 0.851487 0.685498
vt 0.851341 0.691572
vt 0.983558 0.510847
vt 0.909692 0.646756
vt 0.486956 0.683243
vt 0.542379 0.720516
vt 0.839154 0.222072
vt 0.355628 0.760523
vt 0.426778 0.756197
vt 0.456650 0.836307
vt 0.453437 0.768798
vt 0.709825 0.066942
vt 0.777404 0.105622
vt 0.716613 0.172934
vt 0.711319 0.163044
vt 0.722380 0.148115
vt 0.509098 0.588915
vt 0.550845 0.613868
vt 0.805767 0.202381
vt 0.785403 0.120872
vt 0.791685 0.121308
vt 0.833071 0.203092
vt 0.956497 0.366601
vt 0.959598 0.331703
vt 0.959598 0.366601
vt 0.781267 0.017510
vt 0.622720 0.804629
vt 0.620196 0.797690
vt 0.994044 0.457794
vt 0.988611 0.147426
vt 0.989840 0.147426
vt 0.994044 0.044846
vt 0.992847 0.044846
vt 0.985614 0.527418
vt 0.985614 0.510847
vt 0.994044 0.172923
vt 0.992847 0.172923
vt 0.985614 0.076265
vt 0.985614 0.056223
vt 0.998214 0.051172
vt 0.997042 0.019990
vt 0.998214 0.019990
vt 0.814541 0.261258
vt 0.820807 0.271874
vt 0.814541 0.271874
vt 0.814541 0.181699
vt 0.820807 0.195634
vt 0.814541 0.195634
vt 0.820807 0.255568
vt 0.814541 0.255568
vt 0.344431 0.489332
vt 0.338824 0.475509
vt 0.344431 0.475509
vt 0.830078 0.215095
vt 0.823805 0.236875
vt 0.830078 0.249719
vt 0.823805 0.253391
vt 0.823805 0.249719
vt 0.814541 0.177502
vt 0.820807 0.181699
vt 0.994044 0.241692
vt 0.992847 0.241692
vt 0.983558 0.101212
vt 0.985614 0.101212
vt 0.992847 0.230324
vt 0.994044 0.230324
vt 0.940599 0.527421
vt 0.940599 0.555160
vt 0.997042 0.079372
vt 0.997042 0.051172
vt 0.994044 0.365709
vt 0.992847 0.318396
vt 0.994044 0.318396
vt 0.989840 0.104226
vt 0.988611 0.104226
vt 0.988611 0.111315
vt 0.997042 0.154766
vt 0.998214 0.178729
vt 0.997042 0.178729
vt 0.985614 0.112635
vt 0.983558 0.112635
vt 0.994044 0.490529
vt 0.992847 0.474069
vt 0.994044 0.474069
vt 0.992847 0.001498
vt 0.994044 0.001498
vt 0.985614 0.395871
vt 0.983558 0.405505
vt 0.983558 0.395871
vt 0.985614 0.405505
vt 0.994044 0.569434
vt 0.992847 0.547508
vt 0.994044 0.547508
vt 0.938436 0.232126
vt 0.940599 0.276054
vt 0.938436 0.276054
vt 0.983558 0.552006
vt 0.985614 0.552006
vt 0.994044 0.129574
vt 0.994044 0.113564
vt 0.572850 0.705069
vt 0.557045 0.729412
vt 0.552327 0.736665
vt 0.546402 0.745999
vt 0.574434 0.656408
vt 0.570360 0.668702
vt 0.573996 0.666367
vt 0.573780 0.673299
vt 0.573424 0.684773
vt 0.573292 0.688624
vt 0.540254 0.748962
vt 0.513493 0.753006
vt 0.509246 0.764588
vt 0.502926 0.767887
vt 0.460453 0.587573
vt 0.470138 0.587944
vt 0.483834 0.594384
vt 0.492194 0.588540
vt 0.483760 0.669819
vt 0.558526 0.633311
vt 0.557213 0.625595
vt 0.568694 0.646295
vt 0.707302 0.155531
vt 0.693906 0.130013
vt 0.777151 0.111915
vt 0.780095 0.117481
vt 0.695426 0.091701
vt 0.695846 0.081556
vt 0.698813 0.094240
vt 0.708507 0.110670
vt 0.694516 0.113521
vt 0.694660 0.109720
vt 0.695140 0.098485
vt 0.722573 0.176743
vt 0.757461 0.199025
vt 0.748243 0.183372
vt 0.751235 0.195080
vt 0.802884 0.017501
vt 0.812766 0.017514
vt 0.848389 0.468645
vt 0.804748 0.526339
vt 0.832541 0.449409
vt 0.714535 0.052001
vt 0.721737 0.040629
vt 0.712815 0.059472
vt 0.702135 0.071595
vt 0.992847 0.392664
vt 0.992847 0.365709
vt 0.801281 0.526159
vt 0.808734 0.460806
vt 0.906239 0.648396
vt 0.956497 0.236298
vt 0.959598 0.205640
vt 0.959598 0.236298
vt 0.845007 0.270604
vt 0.852777 0.261653
vt 0.395597 0.834283
vt 0.433722 0.768963
vt 0.404745 0.672131
vt 0.414941 0.670593
vt 0.424464 0.684772
vt 0.349840 0.739042
vt 0.429050 0.751469
vt 0.843604 0.798828
vt 0.888547 0.741754
vt 0.846240 0.800572
vt 0.479602 0.669704
vt 0.350303 0.768008
vt 0.812672 0.070785
vt 0.885238 0.107350
vt 0.997042 0.202024
vt 0.985614 0.380963
vt 0.983558 0.263526
vt 0.983558 0.236465
vt 0.940599 0.204463
vt 0.938436 0.187967
vt 0.940599 0.187967
vt 0.997042 0.515180
vt 0.998214 0.535461
vt 0.997042 0.535461
vt 0.820807 0.261258
vt 0.830078 0.268325
vt 0.823805 0.263148
vt 0.830078 0.263148
vt 0.830078 0.181503
vt 0.823805 0.181503
vt 0.344431 0.432586
vt 0.338824 0.427678
vt 0.344431 0.427678
vt 0.820807 0.219186
vt 0.344431 0.444066
vt 0.338824 0.450327
vt 0.338824 0.444066
vt 0.338824 0.412680
vt 0.344431 0.412680
vt 0.992847 0.490529
vt 0.998214 0.297402
vt 0.997042 0.310268
vt 0.938436 0.673351
vt 0.940599 0.661502
vt 0.940599 0.232126
vt 0.992847 0.290622
vt 0.938436 0.527421
vt 0.985614 0.338183
vt 0.983558 0.328874
vt 0.938436 0.406756
vt 0.940599 0.406756
vt 0.938436 0.355497
vt 0.940599 0.336372
vt 0.940599 0.355497
vt 0.985614 0.563010
vt 0.992847 0.129574
vt 0.992847 0.534836
vt 0.992847 0.524533
vt 0.994044 0.534836
vt 0.938436 0.297954
vt 0.782382 0.443599
vt 0.809089 0.445014
vt 0.817094 0.445470
vt 0.827279 0.445943
vt 0.805128 0.539803
vt 0.832230 0.619852
vt 0.820534 0.617448
vt 0.823059 0.620524
vt 0.816697 0.621070
vt 0.804710 0.609009
vt 0.806165 0.621977
vt 0.787495 0.623594
vt 0.801668 0.540093
vt 0.802601 0.622266
vt 0.859557 0.466558
vt 0.865152 0.470021
vt 0.887363 0.518013
vt 0.882230 0.530972
vt 0.888061 0.538336
vt 0.809496 0.534696
vt 0.851902 0.603091
vt 0.858845 0.601157
vt 0.845014 0.606217
vt 0.840968 0.613636
vt 0.422730 0.669424
vt 0.448968 0.665758
vt 0.438435 0.747569
vt 0.433243 0.748316
vt 0.418077 0.848082
vt 0.408769 0.847402
vt 0.420510 0.845044
vt 0.438955 0.769336
vt 0.453258 0.850573
vt 0.435890 0.836619
vt 0.438122 0.849554
vt 0.434609 0.849315
vt 0.424301 0.848544
vt 0.369114 0.698919
vt 0.385555 0.695992
vt 0.374509 0.694819
vt 0.349968 0.748125
vt 0.381956 0.829668
vt 0.371643 0.822831
vt 0.388790 0.831391
vt 0.399731 0.841437
vt 0.985614 0.287206
vt 0.985614 0.263526
vt 0.938436 0.371939
vt 0.989840 0.208226
vt 0.988611 0.252399
vt 0.988611 0.208226
vt 0.847689 0.803381
vt 0.908884 0.771437
vt 0.893222 0.204475
vt 0.887505 0.120678
vt 0.891411 0.121448
vt 0.863206 0.025615
vt 0.824207 0.046919
vt 0.956497 0.282477
vt 0.959598 0.282477
vt 0.997042 0.460841
vt 0.998214 0.503142
vt 0.997042 0.503142
vt 0.399546 0.676036
vt 0.795409 0.325376
vt 0.800062 0.316291
vt 0.816960 0.316827
vt 0.930138 0.785829
vt 0.930323 0.779751
vt 0.836127 0.427818
vt 0.998214 0.127404
vt 0.998214 0.079372
vt 0.998214 0.254126
vt 0.997042 0.237420
vt 0.998214 0.237420
vt 0.998214 0.310268
vt 0.998214 0.460841
vt 0.997042 0.444592
vt 0.998214 0.444592
vt 0.956497 0.402314
vt 0.998214 0.571249
vt 0.997042 0.559712
vt 0.998214 0.559712
vt 0.352772 0.401906
vt 0.347433 0.426827
vt 0.347433 0.401906
vt 0.830078 0.253391
vt 0.338824 0.432586
vt 0.830078 0.236875
vt 0.347433 0.461342
vt 0.352772 0.486262
vt 0.347433 0.486262
vt 0.938436 0.641552
vt 0.940599 0.641552
vt 0.998214 0.001498
vt 0.997042 0.001498
vt 0.989840 0.501996
vt 0.988611 0.470877
vt 0.989840 0.470877
vt 0.983558 0.287206
vt 0.997042 0.127404
vt 0.998214 0.230316
vt 0.997042 0.230316
vt 0.998214 0.220896
vt 0.997042 0.220896
vt 0.997042 0.273561
vt 0.997042 0.254126
vt 0.938436 0.336372
vt 0.989840 0.297212
vt 0.988611 0.322044
vt 0.988611 0.297212
vt 0.997042 0.402940
vt 0.997042 0.374825
vt 0.988611 0.280477
vt 0.910362 0.741023
vt 0.922244 0.764002
vt 0.925785 0.771006
vt 0.874118 0.717038
vt 0.881555 0.725865
vt 0.881477 0.722014
vt 0.886642 0.725405
vt 0.895199 0.731016
vt 0.898115 0.732964
vt 0.922376 0.808671
vt 0.929738 0.816838
vt 0.929710 0.823191
vt 0.903097 0.867010
vt 0.887505 0.879066
vt 0.843701 0.811285
vt 0.840453 0.798581
vt 0.830888 0.713658
vt 0.849121 0.717493
vt 0.842736 0.714681
vt 0.856195 0.719381
vt 0.863780 0.716321
vt 0.803660 0.309285
vt 0.815992 0.286140
vt 0.879758 0.345632
vt 0.845074 0.266753
vt 0.838042 0.286504
vt 0.828444 0.277747
vt 0.831372 0.275778
vt 0.839919 0.270152
vt 0.795253 0.369538
vt 0.802724 0.354793
vt 0.795221 0.362831
vt 0.821034 0.415143
vt 0.884470 0.258749
vt 0.896668 0.257651
vt 0.878123 0.261646
vt 0.863450 0.260659
vt 0.989840 0.338282
vt 0.988611 0.382455
vt 0.988611 0.338282
vt 0.609863 0.877780
vt 0.540493 0.754532
vt 0.543707 0.836087
vt 0.531806 0.753679
vt 0.352772 0.446818
vt 0.347433 0.446818
vt 0.956497 0.331703
vt 0.886420 0.029915
vt 0.988611 0.530137
vt 0.988611 0.501996
vt 0.998214 0.419709
vt 0.997042 0.419709
vt 0.989840 0.252399
vt 0.989840 0.452401
vt 0.989840 0.440866
vt 0.972851 0.091708
vt 0.344431 0.387498
vt 0.338824 0.387498
vt 0.352772 0.395500
vt 0.347433 0.395500
vt 0.352772 0.432435
vt 0.347433 0.443369
vt 0.347433 0.432435
vt 0.352772 0.426827
vt 0.344431 0.450327
vt 0.989840 0.128009
vt 0.989840 0.111315
vt 0.989840 0.173154
vt 0.988611 0.185994
vt 0.989840 0.185994
vt 0.480030 0.494664
vt 0.507556 0.545916
vt 0.484511 0.552790
vt 0.988611 0.394489
vt 0.959598 0.451717
vt 0.959598 0.463030
vt 0.988611 0.452401
vt 0.989840 0.322044
vt 0.956497 0.451717
vt 0.988611 0.128009
vt 0.985614 0.001499
vt 0.983558 0.001499
vt 0.998214 0.273561
vt 0.989840 0.382455
vt 0.635835 0.861955
vt 0.623297 0.884856
vt 0.619619 0.891626
vt 0.614958 0.900422
vt 0.635018 0.818110
vt 0.635098 0.827088
vt 0.635233 0.833319
vt 0.622738 0.844246
vt 0.635461 0.843636
vt 0.635514 0.847153
vt 0.586260 0.910035
vt 0.583575 0.920796
vt 0.578226 0.924356
vt 0.989840 0.578095
vt 0.989840 0.530137
vt 0.552476 0.760978
vt 0.612825 0.780386
vt 0.618835 0.790787
vt 0.629632 0.809132
vt 0.814268 0.168748
vt 0.810005 0.159378
vt 0.798739 0.093169
vt 0.882699 0.114629
vt 0.795861 0.128274
vt 0.809974 0.111084
vt 0.797039 0.113174
vt 0.797316 0.109657
vt 0.798207 0.099376
vt 0.844251 0.191771
vt 0.817338 0.057186
vt 0.815589 0.064001
vt 0.805514 0.074884
vt 0.878746 0.024894
vt 0.560349 0.756276
vt 0.849621 0.195885
vt 0.820700 0.146244
vt 0.806800 0.152355
vt 0.956497 0.617587
vt 0.956497 0.587864
vt 0.989840 0.094825
vt 0.989840 0.028831
vt 0.983558 0.161540
vt 0.890642 0.448789
vt 0.994044 0.072542
vt 0.907729 0.023586
vt 0.959598 0.121498
vt 0.938436 0.453242
vt 0.994044 0.184784
vt 0.938436 0.388193
vt 0.833071 0.183498
vt 0.983558 0.440235
vt 0.994044 0.439208
vt 0.940599 0.147499
vt 0.448909 0.767879
vt 0.983558 0.527418
vt 0.983558 0.076265
vt 0.338824 0.489332
vt 0.820807 0.177502
vt 0.998214 0.154766
vt 0.992847 0.569434
vt 0.994044 0.392664
vt 0.998214 0.202024
vt 0.938436 0.204463
vt 0.998214 0.515180
vt 0.823805 0.268325
vt 0.938436 0.661502
vt 0.983558 0.338183
vt 0.983558 0.563010
vt 0.997042 0.571249
vt 0.352772 0.461342
vt 0.998214 0.402940
vt 0.989840 0.280477
vt 0.931281 0.151530
vt 0.352772 0.443369
vt 0.989840 0.394489
vt 0.988611 0.578095
vt 0.189220 0.928127
vt 0.178403 0.985624
vt 0.178403 0.928127
vt 0.366955 0.001517
vt 0.365862 0.002909
vt 0.365872 0.001845
vt 0.156839 0.593586
vt 0.167611 0.001502
vt 0.167611 0.593586
vt 0.146053 0.985624
vt 0.136201 0.928127
vt 0.146053 0.928127
vt 0.200032 0.928127
vt 0.189220 0.985624
vt 0.167611 0.985624
vt 0.167611 0.928127
vt 0.178403 0.001502
vt 0.178403 0.593586
vt 0.221592 0.593586
vt 0.210818 0.001502
vt 0.221592 0.001502
vt 0.200032 0.593586
vt 0.210818 0.593586
vt 0.136201 0.593586
vt 0.124146 0.001502
vt 0.136201 0.001502
vt 0.124146 0.593586
vt 0.113353 0.001502
vt 0.189220 0.593586
vt 0.200032 0.001502
vt 0.200032 0.765657
vt 0.189220 0.001502
vt 0.146053 0.001502
vt 0.156839 0.001502
vt 0.189220 0.869469
vt 0.178403 0.869469
vt 0.189220 0.765657
vt 0.210818 0.869469
vt 0.200032 0.869469
vt 0.113353 0.765657
vt 0.113353 0.593586
vt 0.146053 0.765657
vt 0.146053 0.593586
vt 0.210818 0.765657
vt 0.167611 0.869469
vt 0.156839 0.765657
vt 0.167611 0.765657
vt 0.146053 0.869469
vt 0.136201 0.869469
vt 0.136201 0.765657
vt 0.178403 0.765657
vt 0.124146 0.765657
vt 0.210818 0.928127
vt 0.200032 0.985624
vt 0.124146 0.985624
vt 0.113353 0.928127
vt 0.124146 0.928127
vt 0.221592 0.928127
vt 0.221592 0.869469
vt 0.136201 0.985624
vt 0.362745 0.002303
vt 0.361212 0.001805
vt 0.362159 0.001498
vt 0.124146 0.869469
vt 0.156839 0.928127
vt 0.156839 0.869469
vt 0.221592 0.765657
vt 0.221592 0.985624
vt 0.156839 0.985624
vt 0.113353 0.869469
vt 0.362583 0.001805
vt 0.362643 0.002757
vt 0.362159 0.003109
vt 0.361636 0.003109
vt 0.361212 0.002801
vt 0.361050 0.002303
vt 0.361636 0.001498
vt 0.366360 0.001510
vt 0.367417 0.001859
vt 0.367570 0.002393
vt 0.367368 0.002913
vt 0.366895 0.003228
vt 0.366324 0.003228
vt 0.365685 0.002383
vt 0.210818 0.985624
vt 0.113353 0.985624
s 1
f 3105/6315/6581 3138/6316/6582 3124/6317/6583
f 3137/6318/6584 3125/6319/6585 3103/6320/6586
f 3104/6321/6587 3136/6322/6588 3134/6323/6589
f 3117/6324/6590 3149/6325/6591 3115/6326/6592
f 3149/6325/6591 3108/6327/6593 3115/6326/6592
f 3419/6328/6594 3469/6329/6595 3436/6330/6596
f 3144/6331/6597 3135/6332/6598 3136/6322/6588
f 3136/6333/6599 3116/6334/6600 3117/6335/6599
f 3263/6336/6601 3257/6337/6601 3264/6338/6601
f 3307/6339/6602 3344/6340/6602 3340/6341/6602
f 3115/6342/6603 3136/6333/6604 3117/6335/6604
f 3422/6343/6605 3428/6344/6605 3429/6345/6605
f 3123/6346/6606 3141/6347/6606 3122/6348/6606
f 3113/6349/6607 3133/6350/6607 3132/6351/6607
f 3109/6352/6608 3131/6353/6609 3128/6354/6610
f 3182/6355/6611 3216/6356/6612 3215/6357/6611
f 3431/6358/6613 3423/6359/6613 3430/6360/6613
f 3329/6361/6614 3323/6362/6614 3330/6363/6614
f 3153/6364/6615 3121/6365/6616 3147/6366/6617
f 3163/6367/6618 3157/6368/6618 3156/6369/6618
f 3229/6370/6619 3243/6371/6620 3228/6372/6621
f 3287/6373/6622 3341/6374/6623 3320/6375/6624
f 3150/6376/6625 3117/6324/6590 3116/6377/6626
f 3112/6378/6627 3148/6379/6628 3147/6366/6629
f 3135/6332/6598 3144/6380/6597 3126/6381/6630
f 3299/6382/6631 3291/6383/6631 3298/6384/6631
f 3469/6329/6632 3438/6385/6632 3436/6330/6632
f 3153/6364/6633 3120/6386/6634 3119/6387/6635
f 3150/6376/6625 3149/6388/6591 3117/6324/6590
f 3395/6389/6636 3389/6390/6636 3396/6391/6636
f 3104/6392/6587 3144/6331/6597 3136/6322/6588
f 3114/6393/6637 3113/6394/6638 3147/6366/6629
f 3365/6395/6639 3357/6396/6639 3364/6397/6639
f 3123/6398/6640 3147/6366/6617 3121/6365/6616
f 3107/6399/6641 3150/6376/6625 3116/6377/6626
f 3139/6400/6642 3137/6318/6584 3103/6320/6586
f 3102/6401/6643 3139/6400/6642 3103/6320/6586
f 3146/6402/6644 3143/6403/6645 3102/6404/6646
f 3102/6404/6646 3103/6405/6647 3144/6406/6648
f 3144/6406/6648 3104/6407/6649 3145/6408/6650
f 3118/6409/6651 3120/6386/6652 3152/6410/6653
f 3138/6411/6654 3139/6400/6655 3102/6401/6656
f 3134/6323/6589 3127/6412/6630 3104/6413/6587
f 3146/6414/6657 3129/6415/6657 3141/6416/6658
f 3286/6417/6659 3265/6418/6660 3264/6338/6661
f 3146/6414/6657 3141/6416/6658 3142/6419/6662
f 3119/6387/6635 3105/6420/6663 3153/6364/6633
f 3153/6364/6633 3152/6410/6664 3120/6386/6634
f 3130/6421/6665 3129/6415/6666 3146/6414/6667
f 3145/6422/6668 3128/6423/6666 3131/6424/6669
f 3133/6425/6670 3130/6421/6665 3146/6414/6667
f 3147/6366/6629 3110/6426/6671 3111/6427/6672
f 3147/6366/6629 3111/6427/6672 3114/6393/6637
f 3153/6428/6673 3147/6429/6674 3148/6430/6675
f 3149/6431/6676 3150/6432/6675 3151/6433/6677
f 3149/6431/6676 3151/6433/6677 3152/6434/6678
f 3122/6435/6679 3110/6426/6680 3147/6366/6617
f 3123/6398/6640 3122/6435/6679 3147/6366/6617
f 3146/6414/6657 3142/6419/6662 3140/6436/6681
f 3385/6437/6682 3416/6438/6683 3418/6439/6682
f 3249/6440/6684 3283/6441/6685 3282/6442/6684
f 3417/6443/6686 3385/6437/6686 3418/6439/6686
f 3230/6444/6687 3249/6445/6688 3229/6370/6689
f 3438/6385/6690 3470/6446/6690 3437/6447/6690
f 3424/6448/6691 3467/6449/6692 3457/6450/6693
f 3381/6451/6694 3413/6452/6695 3380/6453/6696
f 3212/6454/6697 3195/6455/6698 3194/6456/6699
f 3400/6457/6700 3399/6458/6701 3398/6459/6702
f 3110/6460/6703 3130/6461/6704 3111/6462/6705
f 3482/6463/6706 3463/6464/6707 3462/6465/6708
f 3385/6466/6709 3364/6397/6710 3357/6396/6711
f 3103/6320/6712 3126/6381/6713 3144/6380/6714
f 3240/6467/6715 3272/6468/6715 3239/6469/6715
f 3108/6470/6716 3134/6471/6717 3115/6342/6718
f 3296/6472/6719 3290/6473/6719 3289/6474/6719
f 3465/6475/6720 3468/6476/6721 3466/6477/6722
f 3275/6478/6723 3243/6479/6723 3276/6480/6723
f 3418/6481/6724 3397/6482/6725 3396/6391/6726
f 3132/6483/6727 3146/6414/6667 3145/6422/6668
f 3143/6484/6728 3138/6411/6654 3102/6401/6656
f 3151/6485/6729 3107/6399/6729 3106/6486/6729
f 3401/6487/6730 3369/6488/6730 3402/6489/6730
f 3246/6490/6731 3277/6491/6731 3279/6492/6731
f 3143/6484/6657 3140/6436/6681 3124/6493/6657
f 3151/6485/6732 3118/6409/6651 3152/6410/6653
f 3167/6494/6733 3161/6495/6734 3173/6496/6735
f 3110/6460/6703 3141/6347/6736 3129/6497/6737
f 3362/6498/6738 3356/6499/6738 3355/6500/6738
f 3108/6501/6716 3128/6354/6610 3127/6502/6739
f 3225/6503/6740 3259/6504/6740 3258/6505/6740
f 3414/6506/6741 3395/6507/6742 3394/6508/6743
f 3193/6509/6744 3205/6510/6745 3206/6511/6746
f 3166/6512/6747 3158/6513/6747 3165/6514/6747
f 3390/6515/6748 3398/6459/6748 3397/6482/6748
f 3427/6516/6749 3444/6517/6750 3426/6518/6751
f 3432/6519/6752 3433/6520/6753 3431/6358/6754
f 3190/6521/6755 3218/6522/6756 3219/6523/6757
f 3341/6374/6758 3309/6524/6758 3342/6525/6758
f 3221/6526/6759 3275/6478/6760 3254/6527/6761
f 3278/6528/6762 3246/6490/6762 3279/6492/6762
f 3227/6529/6763 3268/6530/6764 3235/6531/6765
f 3372/6532/6766 3404/6533/6766 3371/6534/6766
f 3197/6535/6767 3165/6536/6768 3164/6537/6769
f 3331/6538/6770 3297/6539/6771 3330/6540/6771
f 3196/6541/6772 3162/6542/6773 3195/6543/6773
f 3396/6544/6774 3364/6545/6775 3363/6546/6774
f 3194/6547/6776 3162/6542/6773 3161/6548/6777
f 3199/6549/6778 3167/6550/6779 3166/6551/6778
f 3200/6552/6779 3161/6548/6777 3167/6553/6779
f 3420/6554/6780 3475/6555/6781 3442/6556/6782
f 3303/6557/6783 3334/6558/6784 3336/6559/6783
f 3102/6404/6646 3145/6408/6650 3146/6402/6644
f 3421/6560/6785 3478/6561/6786 3445/6562/6787
f 3309/6524/6788 3340/6341/6788 3342/6525/6788
f 3410/6563/6789 3378/6564/6790 3411/6565/6790
f 3375/6566/6791 3406/6567/6791 3408/6568/6791
f 3443/6569/6792 3472/6570/6792 3439/6571/6792
f 3227/6529/6793 3272/6468/6794 3260/6572/6795
f 3225/6573/6796 3284/6574/6797 3251/6575/6798
f 3455/6576/6799 3421/6560/6799 3422/6577/6799
f 3315/6578/6800 3349/6579/6801 3348/6580/6800
f 3250/6581/6802 3280/6582/6803 3283/6441/6685
f 3420/6554/6804 3479/6583/6805 3453/6584/6806
f 3157/6585/6807 3189/6586/6807 3156/6587/6807
f 3161/6495/6734 3154/6588/6808 3173/6496/6735
f 3154/6588/6808 3171/6589/6809 3173/6496/6735
f 3173/6496/6735 3172/6590/6810 3160/6591/6811
f 3160/6591/6811 3167/6494/6733 3173/6496/6735
f 3162/6592/6812 3155/6593/6813 3179/6594/6814
f 3155/6593/6813 3177/6595/6815 3179/6594/6814
f 3179/6594/6814 3178/6596/6816 3176/6597/6817
f 3178/6596/6816 3174/6598/6818 3176/6597/6817
f 3154/6588/6819 3161/6495/6820 3176/6597/6817
f 3176/6597/6817 3175/6599/6821 3154/6588/6819
f 3170/6600/6822 3169/6601/6823 3159/6602/6824
f 3159/6602/6824 3166/6512/6825 3170/6600/6822
f 3158/6513/6826 3184/6603/6827 3186/6604/6828
f 3186/6604/6828 3185/6605/6829 3157/6368/6830
f 3157/6368/6830 3164/6606/6831 3186/6604/6828
f 3163/6367/6832 3156/6369/6833 3183/6607/6834
f 3156/6369/6833 3180/6608/6835 3183/6607/6834
f 3155/6593/6836 3162/6592/6837 3182/6609/6838
f 3182/6609/6838 3181/6610/6839 3155/6593/6836
f 3204/6611/6745 3187/6612/6840 3206/6511/6746
f 3187/6612/6840 3194/6456/6841 3206/6511/6746
f 3194/6456/6841 3200/6613/6842 3206/6511/6746
f 3220/6614/6843 3206/6511/6746 3200/6613/6842
f 3210/6615/6844 3188/6616/6845 3212/6454/6697
f 3460/6617/6846 3477/6618/6847 3453/6619/6848
f 3194/6456/6699 3187/6612/6849 3209/6620/6850
f 3187/6612/6849 3208/6621/6844 3209/6620/6850
f 3209/6620/6850 3207/6622/6844 3211/6623/6844
f 3209/6620/6850 3211/6623/6844 3212/6454/6697
f 3201/6624/6851 3193/6625/6852 3220/6626/6852
f 3199/6627/6853 3192/6628/6854 3203/6629/6855
f 3192/6628/6854 3202/6630/6856 3203/6629/6855
f 3217/6631/6756 3191/6632/6857 3219/6523/6757
f 3233/6633/6858 3225/6634/6858 3232/6635/6858
f 3197/6636/6859 3190/6521/6755 3219/6523/6757
f 3213/6637/6860 3189/6638/6861 3216/6639/6862
f 3189/6638/6861 3196/6640/6863 3216/6639/6862
f 3195/6455/6864 3188/6616/6865 3215/6641/6866
f 3188/6616/6865 3214/6642/6860 3215/6641/6866
f 3422/6577/6867 3483/6643/6868 3455/6576/6869
f 3201/6624/6851 3220/6626/6852 3200/6644/6870
f 3234/6645/6871 3228/6372/6872 3240/6646/6873
f 3186/6604/6828 3165/6514/6874 3158/6513/6826
f 3196/6541/6772 3164/6537/6769 3163/6647/6772
f 3352/6648/6875 3331/6649/6876 3330/6363/6877
f 3167/6650/6878 3168/6651/6879 3166/6512/6825
f 3282/6652/6880 3263/6336/6881 3262/6653/6882
f 3260/6654/6883 3272/6655/6884 3273/6656/6885
f 3230/6444/6886 3224/6657/6886 3223/6658/6886
f 3258/6659/6887 3266/6660/6887 3265/6661/6887
f 3198/6662/6768 3166/6551/6778 3165/6536/6768
f 3120/6663/6888 3137/6664/6889 3139/6665/6890
f 3257/6337/6891 3285/6666/6892 3286/6417/6659
f 3447/6667/6893 3428/6344/6894 3448/6668/6895
f 3406/6567/6896 3377/6669/6896 3410/6563/6896
f 3315/6578/6897 3347/6670/6898 3314/6671/6899
f 3356/6672/6900 3417/6443/6901 3389/6673/6902
f 3451/6674/6903 3483/6643/6903 3450/6675/6903
f 3358/6676/6904 3401/6487/6905 3391/6677/6906
f 3435/6678/6907 3467/6449/6907 3434/6679/6907
f 3173/6680/6908 3205/6681/6908 3172/6682/6908
f 3328/6683/6909 3294/6684/6910 3327/6685/6910
f 3333/6686/6911 3299/6687/6912 3332/6688/6912
f 3330/6540/6771 3296/6689/6913 3329/6690/6913
f 3265/6691/6914 3231/6692/6915 3264/6693/6915
f 3397/6694/6775 3365/6695/6916 3364/6545/6775
f 3399/6696/6917 3360/6697/6918 3366/6698/6919
f 3327/6699/6910 3300/6700/6911 3333/6686/6911
f 3359/6701/6920 3404/6533/6921 3392/6702/6922
f 3466/6703/6923 3435/6678/6924 3433/6704/6925
f 3359/6701/6926 3400/6705/6927 3367/6706/6928
f 3240/6467/6929 3271/6707/6930 3273/6708/6929
f 3173/6680/6931 3204/6709/6931 3206/6710/6931
f 3353/6711/6932 3403/6712/6933 3370/6713/6934
f 3344/6340/6935 3312/6714/6935 3345/6715/6935
f 3312/6714/6936 3343/6716/6936 3345/6715/6936
f 3208/6717/6937 3176/6718/6937 3209/6719/6937
f 3425/6720/6938 3470/6446/6939 3458/6721/6940
f 3354/6722/6941 3409/6723/6942 3376/6724/6943
f 3356/6672/6944 3388/6725/6945 3355/6726/6945
f 3447/6727/6946 3481/6728/6947 3480/6729/6948
f 3478/6561/6786 3448/6730/6949 3445/6562/6787
f 3355/6731/6950 3412/6732/6951 3379/6733/6952
f 3224/6734/6953 3256/6735/6954 3223/6736/6954
f 3482/6737/6955 3451/6674/6956 3449/6738/6957
f 3357/6739/6958 3416/6438/6683 3383/6740/6959
f 3228/6372/6872 3221/6741/6960 3240/6646/6873
f 3221/6741/6960 3238/6742/6961 3240/6646/6873
f 3240/6646/6873 3239/6743/6962 3227/6744/6963
f 3227/6744/6963 3234/6645/6871 3240/6646/6873
f 3229/6370/6619 3222/6745/6964 3246/6746/6965
f 3222/6745/6964 3244/6747/6966 3246/6746/6965
f 3246/6746/6965 3245/6748/6967 3243/6371/6620
f 3245/6748/6967 3241/6749/6967 3243/6371/6620
f 3221/6741/6968 3228/6372/6621 3243/6371/6620
f 3243/6371/6620 3242/6750/6969 3221/6741/6968
f 3234/6645/6970 3227/6744/6971 3235/6751/6972
f 3237/6752/6973 3236/6753/6974 3226/6754/6975
f 3226/6754/6975 3233/6633/6976 3237/6752/6973
f 3225/6755/6977 3251/6756/6978 3253/6757/6979
f 3253/6757/6979 3252/6758/6980 3224/6657/6981
f 3224/6657/6981 3231/6759/6982 3253/6757/6979
f 3230/6444/6687 3223/6658/6983 3250/6760/6984
f 3223/6658/6983 3247/6761/6985 3250/6760/6984
f 3222/6745/6986 3229/6370/6689 3249/6445/6688
f 3249/6445/6688 3248/6762/6987 3222/6745/6986
f 3271/6763/6884 3254/6764/6988 3273/6656/6885
f 3254/6764/6988 3261/6765/6989 3273/6656/6885
f 3261/6765/6989 3267/6766/6990 3273/6656/6885
f 3267/6766/6990 3260/6654/6883 3273/6656/6885
f 3277/6767/6991 3255/6768/6992 3279/6769/6993
f 3261/6765/6994 3254/6764/6995 3276/6770/6996
f 3254/6764/6995 3275/6771/6991 3276/6770/6996
f 3276/6770/6996 3274/6772/6991 3278/6773/6991
f 3276/6770/6996 3278/6773/6991 3279/6769/6993
f 3268/6774/6997 3260/6654/6998 3267/6766/6999
f 3266/6660/7000 3259/6775/7001 3270/6776/7002
f 3259/6775/7001 3269/6777/7003 3270/6776/7002
f 3284/6778/6892 3258/6779/7004 3286/6417/6659
f 3303/6780/7005 3300/6781/7006 3301/6782/7007
f 3264/6338/6661 3257/6337/6891 3286/6417/6659
f 3280/6783/7008 3256/6784/7009 3283/6785/7010
f 3256/6784/7009 3263/6336/6881 3283/6785/7010
f 3262/6653/6882 3255/6768/7011 3282/6652/6880
f 3255/6768/7011 3281/6786/7008 3282/6652/6880
f 3353/6711/7012 3407/6787/7013 3386/6788/7014
f 3300/6781/7015 3294/6789/7016 3306/6790/7017
f 3219/6523/6757 3198/6791/7018 3197/6636/6859
f 3107/6792/7019 3135/6793/7020 3126/6794/7021
f 3394/6508/7022 3411/6795/7023 3387/6796/7024
f 3203/6629/6855 3200/6644/6870 3199/6627/6853
f 3237/6752/6973 3234/6645/6970 3235/6751/6972
f 3348/6797/7025 3329/6361/7026 3328/6798/7027
f 3326/6799/7028 3338/6800/7029 3339/6801/7030
f 3324/6802/7031 3332/6803/7031 3331/6649/7031
f 3361/6804/7032 3375/6805/7033 3360/6806/7034
f 3253/6757/6979 3232/6807/7035 3225/6755/6977
f 3323/6362/7036 3351/6808/7037 3352/6648/6875
f 3480/6809/7038 3461/6810/7039 3460/6617/7040
f 3176/6718/7041 3207/6811/7041 3209/6719/7041
f 3447/6727/7042 3479/6583/6805 3446/6812/7043
f 3419/6328/7044 3473/6813/7045 3452/6814/7046
f 3285/6815/7047 3253/6816/7047 3286/6817/7047
f 3425/6720/7048 3466/6703/6923 3433/6704/6925
f 3202/6818/7049 3170/6819/7049 3203/6820/7049
f 3328/6683/6909 3296/6689/6913 3295/6821/6909
f 3395/6822/7050 3361/6823/7051 3394/6824/7051
f 3395/6825/7050 3363/6546/6774 3362/6826/7050
f 3261/6827/7052 3234/6828/7053 3267/6829/7054
f 3331/6538/6770 3299/6687/6912 3298/6830/6770
f 3262/6831/7055 3230/6832/7056 3229/6833/7055
f 3267/6829/7054 3233/6834/7057 3266/6835/7057
f 3354/6722/7058 3413/6452/6695 3387/6836/7059
f 3183/6837/7060 3213/6838/7061 3216/6356/6612
f 3226/6839/7062 3269/6840/7063 3259/6504/7064
f 3224/6734/7065 3285/6815/7066 3257/6841/7067
f 3372/6532/7068 3403/6712/7068 3405/6842/7068
f 3221/6526/7069 3271/6707/7070 3238/6843/7071
f 3444/6844/7072 3476/6845/7072 3443/6569/7072
f 3241/6846/7073 3278/6528/7073 3274/6847/7073
f 3222/6848/7074 3281/6849/7075 3255/6850/7076
f 3475/6555/7077 3444/6844/7077 3442/6556/7077
f 3423/6851/7078 3482/6737/6955 3449/6738/6957
f 3390/6852/7079 3358/6676/7079 3391/6677/7079
f 3381/6451/7080 3415/6853/7081 3414/6854/7080
f 3382/6855/7082 3412/6732/6951 3415/6853/7081
f 3223/6736/7083 3280/6582/6803 3247/6856/7084
f 3253/6816/7085 3284/6574/6797 3286/6817/7085
f 3294/6789/7016 3287/6857/7086 3306/6790/7017
f 3287/6857/7086 3304/6858/7087 3306/6790/7017
f 3306/6790/7017 3305/6859/7088 3293/6860/7089
f 3293/6860/7089 3300/6781/7015 3306/6790/7017
f 3295/6861/7090 3288/6862/7091 3312/6863/7092
f 3288/6862/7091 3310/6864/7093 3312/6863/7092
f 3312/6863/7092 3311/6865/7094 3309/6866/7095
f 3311/6865/7094 3307/6867/7094 3309/6866/7095
f 3287/6868/7096 3294/6869/7097 3309/6866/7095
f 3309/6866/7095 3308/6870/7098 3287/6868/7096
f 3300/6781/7006 3293/6860/7099 3301/6782/7007
f 3303/6780/7005 3302/6871/7100 3292/6872/7101
f 3292/6872/7101 3299/6382/7102 3303/6780/7005
f 3291/6383/7103 3317/6873/7104 3319/6874/7105
f 3319/6874/7105 3318/6875/7106 3290/6473/7107
f 3290/6473/7107 3297/6876/7108 3319/6874/7105
f 3296/6472/7109 3289/6474/7110 3316/6877/7111
f 3289/6474/7110 3313/6878/7112 3316/6877/7111
f 3288/6862/7113 3295/6861/7114 3315/6879/7115
f 3315/6879/7115 3314/6880/7116 3288/6862/7113
f 3337/6881/7029 3320/6882/7117 3339/6801/7030
f 3320/6882/7117 3327/6883/7118 3339/6801/7030
f 3327/6883/7118 3333/6884/7119 3339/6801/7030
f 3333/6884/7119 3326/6799/7028 3339/6801/7030
f 3343/6885/7120 3321/6886/7121 3345/6887/7122
f 3262/6653/7123 3279/6769/6993 3255/6768/6992
f 3327/6888/7124 3320/6889/7125 3342/6890/7126
f 3320/6889/7125 3341/6891/7120 3342/6890/7126
f 3342/6890/7126 3340/6892/7120 3344/6893/7120
f 3342/6890/7126 3344/6893/7120 3345/6887/7122
f 3332/6803/7127 3325/6894/7128 3336/6895/7129
f 3325/6894/7128 3335/6896/7130 3336/6895/7129
f 3350/6897/7037 3324/6802/7131 3352/6648/6875
f 3319/6874/7105 3298/6384/7132 3291/6383/7103
f 3330/6363/6877 3323/6362/7036 3352/6648/6875
f 3346/6898/7133 3322/6899/7134 3349/6900/7135
f 3322/6899/7134 3329/6361/7026 3349/6900/7135
f 3328/6798/7027 3321/6886/7136 3348/6797/7025
f 3321/6886/7136 3347/6901/7137 3348/6797/7025
f 3441/6902/7138 3473/6813/7138 3440/6903/7138
f 3222/6848/7139 3277/6491/7140 3244/6904/7141
f 3289/6905/7142 3323/6906/7142 3322/6907/7142
f 3366/6908/7143 3360/6806/7144 3372/6909/7145
f 3456/6910/7146 3464/6911/7146 3463/6912/7146
f 3455/6913/7147 3461/6810/7147 3454/6914/7147
f 3106/6915/7148 3126/6794/7021 3125/6916/7149
f 3191/6917/7150 3159/6918/7150 3192/6919/7150
f 3334/6920/7151 3333/6884/7152 3332/6803/7127
f 3215/6641/6866 3196/6640/6863 3195/6455/6864
f 3392/6921/7153 3404/6922/7154 3405/6923/7155
f 3191/6632/7156 3199/6627/7156 3198/6791/7156
f 3196/6640/7157 3190/6521/7157 3197/6636/7157
f 3345/6887/7122 3328/6798/7158 3327/6888/7124
f 3367/6924/7159 3366/6908/7160 3359/6925/7161
f 3389/6390/7162 3417/6926/7163 3418/6481/6724
f 3154/6927/7164 3204/6709/7165 3171/6928/7166
f 3155/6929/7167 3210/6930/7168 3177/6931/7169
f 3156/6587/7170 3213/6838/7061 3180/6932/7171
f 3158/6933/7172 3217/6934/7173 3184/6935/7174
f 3120/6663/7175 3138/6316/7176 3119/6936/7177
f 3160/6937/7178 3201/6938/7179 3168/6939/7180
f 3429/6940/7181 3461/6941/7182 3462/6942/7181
f 3393/6943/7183 3361/6823/7051 3360/6697/6918
f 3262/6831/7055 3228/6944/7052 3261/6827/7052
f 3295/6861/7090 3309/6866/7095 3294/6869/7097
f 3398/6945/6916 3366/6698/6919 3365/6695/6916
f 3464/6946/7184 3430/6947/7185 3463/6948/7185
f 3237/6949/7186 3268/6530/6764 3270/6950/7186
f 3159/6918/7187 3202/6818/7188 3192/6919/7189
f 3269/6840/7190 3237/6949/7190 3270/6950/7190
f 3160/6951/7191 3205/6681/7192 3193/6952/7193
f 3306/6953/7194 3338/6954/7194 3305/6955/7194
f 3441/6902/7195 3472/6570/7195 3474/6956/7195
f 3154/6927/7196 3208/6717/7197 3187/6957/7198
f 3243/6479/7199 3274/6847/7199 3276/6480/7199
f 3179/6958/7200 3210/6930/7200 3212/6959/7200
f 3207/6811/7201 3178/6960/7201 3211/6961/7201
f 3155/6929/7202 3214/6962/7203 3188/6963/7204
f 3249/6440/7205 3281/6849/7075 3248/6964/7206
f 3369/6488/7207 3400/6705/6927 3402/6489/7207
f 3319/6965/7208 3350/6966/7209 3352/6967/7208
f 3157/6585/7210 3218/6968/7211 3190/6969/7212
f 3351/6970/7213 3319/6965/7213 3352/6967/7213
f 3360/6806/7144 3353/6971/7214 3372/6909/7145
f 3353/6971/7214 3370/6972/7215 3372/6909/7145
f 3372/6909/7145 3371/6973/7216 3359/6925/7217
f 3359/6925/7217 3366/6908/7143 3372/6909/7145
f 3361/6804/7032 3354/6974/7218 3378/6975/7219
f 3354/6974/7218 3376/6976/7220 3378/6975/7219
f 3378/6975/7219 3377/6977/7221 3375/6805/7033
f 3377/6977/7221 3373/6978/7221 3375/6805/7033
f 3353/6971/7222 3360/6806/7034 3375/6805/7033
f 3375/6805/7033 3374/6979/7223 3353/6971/7222
f 3369/6980/7224 3368/6981/7225 3358/6982/7226
f 3358/6982/7226 3365/6395/7227 3369/6980/7224
f 3357/6396/6711 3383/6983/7228 3385/6466/6709
f 3385/6466/6709 3384/6984/7229 3356/6499/7230
f 3356/6499/7230 3363/6985/7231 3385/6466/6709
f 3362/6986/7232 3355/6987/7233 3382/6988/7234
f 3355/6987/7233 3379/6989/7235 3382/6988/7234
f 3354/6974/7236 3361/6804/7237 3381/6990/7238
f 3381/6990/7238 3380/6991/7239 3354/6974/7236
f 3403/6992/7154 3386/6993/7240 3405/6923/7155
f 3386/6993/7240 3393/6994/7241 3405/6923/7155
f 3393/6994/7241 3399/6458/7242 3405/6923/7155
f 3399/6458/7242 3392/6921/7153 3405/6923/7155
f 3409/6995/7243 3387/6796/7024 3411/6795/7023
f 3393/6994/7244 3386/6993/7245 3408/6996/7246
f 3386/6993/7245 3407/6997/7243 3408/6996/7246
f 3408/6996/7246 3406/6998/7243 3410/6999/7243
f 3408/6996/7246 3410/6999/7243 3411/6795/7023
f 3270/6776/7002 3267/6766/6999 3266/6660/7000
f 3398/6459/6702 3391/7000/7247 3402/7001/7248
f 3391/7000/7247 3401/7002/7249 3402/7001/7248
f 3416/7003/7163 3390/6515/7250 3418/6481/6724
f 3396/6391/6726 3389/6390/7162 3418/6481/6724
f 3412/7004/7251 3388/7005/7252 3415/7006/7253
f 3388/7005/7252 3395/6507/6742 3415/7006/7253
f 3394/6508/6743 3387/6796/7254 3414/6506/6741
f 3387/6796/7254 3413/7007/7251 3414/6506/6741
f 3291/7008/7255 3325/7009/7255 3324/7010/7255
f 3432/6519/7256 3426/6518/7257 3438/7011/7258
f 3449/7012/7259 3430/7013/7260 3423/7014/7261
f 3432/7015/7262 3464/6946/7184 3465/7016/7262
f 3163/6367/6832 3182/6609/6838 3162/6592/6837
f 3106/6915/7148 3137/6664/7263 3118/7017/7264
f 3162/6592/6812 3176/6597/6817 3161/6495/6820
f 3462/6465/6708 3484/7018/7265 3482/6463/6706
f 3153/6428/6673 3149/6431/6676 3152/6434/6678
f 3306/6953/7266 3337/7019/7266 3339/7020/7266
f 3218/6968/7267 3186/7021/7267 3219/7022/7268
f 3290/7023/7269 3351/6970/7270 3323/6906/7271
f 3211/6961/7272 3179/6958/7272 3212/6959/7272
f 3293/7024/7273 3334/6558/6784 3301/7025/7274
f 3378/6564/7275 3409/6723/7275 3411/6565/7275
f 3104/7026/7276 3128/6423/7276 3145/6422/7276
f 3265/7027/6914 3233/6834/7057 3232/7028/6914
f 3430/7029/7185 3462/6942/7181 3463/7030/7185
f 3427/7031/7277 3459/7032/7278 3460/7033/7277
f 3459/7032/7278 3432/7015/7262 3465/7016/7262
f 3428/7034/7182 3460/7033/7277 3461/6941/7182
f 3264/6693/6915 3230/6832/7056 3263/7035/7056
f 3288/7036/7279 3343/6716/7280 3310/7037/7281
f 3316/7038/7282 3346/7039/7283 3349/6579/6801
f 3289/6905/7284 3346/7039/7283 3313/7040/7285
f 3149/7041/7286 3109/7042/7286 3108/7043/7286
f 3335/7044/7287 3303/6557/7287 3336/6559/7287
f 3296/6472/7109 3315/6879/7115 3295/6861/7114
f 3123/6346/7288 3140/7045/7288 3142/7046/7288
f 3293/7024/7289 3338/6954/7290 3326/7047/7291
f 3407/6787/7292 3375/6566/7292 3408/6568/7292
f 3291/7008/7293 3350/6966/7209 3317/7048/7294
f 3105/6315/6581 3140/7045/7295 3121/7049/7296
f 3186/7021/7297 3217/6934/7173 3219/7022/7297
f 3288/7036/7298 3347/6670/6898 3321/7050/7299
f 3423/7051/7300 3457/6450/7300 3456/7052/7300
f 3182/6355/7301 3214/6962/7203 3181/7053/7302
f 3292/7054/7303 3335/7044/7304 3325/7009/7305
f 3426/6518/7257 3419/7055/7306 3438/7011/7258
f 3419/7055/7306 3436/7056/7307 3438/7011/7258
f 3438/7011/7258 3437/7057/7308 3425/7058/7309
f 3425/7058/7309 3432/6519/7256 3438/7011/7258
f 3420/7059/7310 3442/7060/7311 3444/6517/6750
f 3444/6517/6750 3443/7061/7312 3441/7062/7313
f 3443/7061/7312 3439/7063/7312 3441/7062/7313
f 3419/7055/7314 3426/6518/6751 3441/7062/7313
f 3441/7062/7313 3440/7064/7315 3419/7055/7314
f 3435/7065/7316 3434/7066/7317 3424/7067/7318
f 3424/7067/7318 3431/6358/6754 3435/7065/7316
f 3287/7068/7319 3337/7019/7320 3304/7069/7321
f 3449/7012/7259 3451/7070/7322 3429/6345/7323
f 3428/6344/6894 3421/7071/7324 3448/6668/6895
f 3421/7071/7324 3445/7072/7325 3448/6668/6895
f 3420/7059/7326 3427/6516/7327 3447/6667/6893
f 3447/6667/6893 3446/7073/7328 3420/7059/7326
f 3458/7074/7329 3470/7075/7330 3465/6475/7331
f 3475/7076/7332 3453/6619/6848 3477/6618/6847
f 3459/7077/7333 3452/7078/7334 3474/7079/7335
f 3452/7078/7334 3473/7080/7332 3474/7079/7335
f 3474/7079/7335 3472/7081/7332 3476/7082/7332
f 3474/7079/7335 3476/7082/7332 3477/6618/6847
f 3466/6477/6722 3458/7074/7336 3465/6475/6720
f 3468/6476/6721 3464/6911/7337 3467/7083/7338
f 3478/7084/7339 3454/6914/7340 3481/7085/7341
f 3454/6914/7340 3461/6810/7039 3481/7085/7341
f 3460/6617/7040 3453/6619/7342 3480/6809/7038
f 3453/6619/7342 3479/7086/7339 3480/6809/7038
f 3170/6819/7343 3201/6938/7179 3203/6820/7343
f 3362/6986/7232 3381/6990/7238 3361/6804/7237
f 3483/7087/7344 3484/7018/7265 3462/6465/6708
f 3455/6913/6707 3483/7087/7344 3462/6465/6708
f 3450/7088/7345 3422/6343/7346 3429/6345/7323
f 3451/7070/7322 3450/7088/7345 3429/6345/7323
f 3464/6911/7337 3457/7089/7336 3467/7083/7338
f 3470/7075/7330 3471/7090/7347 3465/6475/7331
f 3452/7078/7348 3465/6475/7331 3471/7090/7347
f 3471/7090/7347 3469/7091/7349 3452/7078/7348
f 3452/7078/7348 3459/7077/7329 3465/6475/7331
f 3113/6349/7350 3131/6353/7350 3112/7092/7350
f 3261/6765/6994 3276/6770/6996 3279/6769/6993
f 3145/6422/6668 3131/6424/6669 3132/6483/6727
f 3147/6366/6629 3113/6394/6638 3112/6378/6627
f 3393/6994/7244 3408/6996/7246 3411/6795/7023
f 3168/6651/6879 3170/6600/6822 3166/6512/6825
f 3220/6614/6843 3193/6509/6744 3206/6511/6746
f 3332/6803/7127 3336/6895/7129 3334/6920/7151
f 3459/7077/7333 3474/7079/7335 3477/6618/6847
f 3444/6517/6750 3441/7062/7313 3426/6518/6751
f 3433/6520/6753 3435/7065/7316 3431/6358/6754
f 3327/6888/7124 3342/6890/7126 3345/6887/7122
f 3398/6459/6702 3402/7001/7248 3400/6457/6700
f 3367/6924/7159 3369/6980/7224 3365/6395/7227
f 3194/6456/6699 3209/6620/6850 3212/6454/6697
f 3111/6462/7351 3133/6350/7351 3114/7093/7351
f 3105/6315/6581 3119/6936/7352 3138/6316/6582
f 3419/6328/6594 3452/6814/6940 3469/6329/6595
f 3136/6333/6599 3135/6793/6600 3116/6334/6600
f 3263/6336/6601 3256/6784/6601 3257/6337/6601
f 3307/6339/6602 3311/7094/6602 3344/6340/6602
f 3115/6342/6603 3134/6471/6603 3136/6333/6604
f 3422/6343/6605 3421/7071/6605 3428/6344/6605
f 3123/6346/6606 3142/7046/6606 3141/6347/6606
f 3113/6349/6607 3114/7093/6607 3133/6350/6607
f 3109/6352/6608 3112/7092/7353 3131/6353/6609
f 3182/6355/6611 3183/6837/7060 3216/6356/6612
f 3431/6358/6613 3424/7067/6613 3423/6359/6613
f 3329/6361/6614 3322/6899/6614 3323/6362/6614
f 3153/6364/6615 3105/6420/7354 3121/6365/6616
f 3163/6367/6618 3164/6606/6618 3157/6368/6618
f 3229/6370/6619 3246/6746/6965 3243/6371/6620
f 3287/6373/6622 3308/7095/7355 3341/6374/6623
f 3112/6378/6627 3109/7042/7356 3148/6379/6628
f 3299/6382/6631 3292/6872/6631 3291/6383/6631
f 3469/6329/6632 3471/7096/6632 3438/6385/6632
f 3395/6389/6636 3388/7097/6636 3389/6390/6636
f 3365/6395/6639 3358/6982/6639 3357/6396/6639
f 3286/6417/6659 3258/6779/7004 3265/6418/6660
f 3385/6437/6682 3383/6740/6959 3416/6438/6683
f 3249/6440/6684 3250/6581/6802 3283/6441/6685
f 3417/6443/6686 3384/7098/6686 3385/6437/6686
f 3230/6444/6687 3250/6760/6984 3249/6445/6688
f 3438/6385/6690 3471/7096/6690 3470/6446/6690
f 3424/6448/6691 3434/6679/7357 3467/6449/6692
f 3381/6451/6694 3414/6854/6694 3413/6452/6695
f 3212/6454/6697 3188/6616/6845 3195/6455/6698
f 3400/6457/6700 3392/6921/6701 3399/6458/6701
f 3110/6460/6703 3129/6497/6737 3130/6461/6704
f 3482/6463/6706 3456/7099/6707 3463/6464/6707
f 3385/6466/6709 3363/6985/7231 3364/6397/6710
f 3103/6320/6712 3125/6319/6713 3126/6381/6713
f 3240/6467/6715 3273/6708/6715 3272/6468/6715
f 3108/6470/6716 3127/7100/6739 3134/6471/6717
f 3296/6472/6719 3297/6876/6719 3290/6473/6719
f 3465/6475/6720 3464/6911/7337 3468/6476/6721
f 3275/6478/6723 3242/7101/6723 3243/6479/6723
f 3418/6481/6724 3390/6515/7250 3397/6482/6725
f 3132/6483/6727 3133/6425/6670 3146/6414/6667
f 3143/6484/6728 3124/6493/7358 3138/6411/6654
f 3151/6485/6729 3150/6376/6729 3107/6399/6729
f 3401/6487/6730 3368/7102/6730 3369/6488/6730
f 3246/6490/6731 3244/6904/6731 3277/6491/6731
f 3143/6484/6657 3146/6414/6657 3140/6436/6681
f 3151/6485/6732 3106/6486/7359 3118/6409/6651
f 3110/6460/6703 3122/6348/7360 3141/6347/6736
f 3362/6498/6738 3363/6985/6738 3356/6499/6738
f 3108/6501/6716 3109/6352/6608 3128/6354/6610
f 3225/6503/6740 3226/6839/6740 3259/6504/6740
f 3414/6506/6741 3415/7006/7253 3395/6507/6742
f 3166/6512/6747 3159/6602/6747 3158/6513/6747
f 3390/6515/6748 3391/7000/6748 3398/6459/6748
f 3427/6516/6749 3420/7059/7310 3444/6517/6750
f 3432/6519/6752 3425/7058/7361 3433/6520/6753
f 3341/6374/6758 3308/7095/6758 3309/6524/6758
f 3221/6526/6759 3242/7101/7362 3275/6478/6760
f 3278/6528/6762 3245/7103/6762 3246/6490/6762
f 3227/6529/6763 3260/6572/7363 3268/6530/6764
f 3372/6532/6766 3405/6842/6766 3404/6533/6766
f 3197/6535/6767 3198/6662/6768 3165/6536/6768
f 3331/6538/6770 3298/6830/6770 3297/6539/6771
f 3196/6541/6772 3163/6647/6772 3162/6542/6773
f 3396/6544/6774 3397/6694/6775 3364/6545/6775
f 3194/6547/6776 3195/6543/6773 3162/6542/6773
f 3199/6549/6778 3200/7104/6779 3167/6550/6779
f 3200/6552/6779 3194/6547/6776 3161/6548/6777
f 3420/6554/6780 3453/6584/7046 3475/6555/6781
f 3303/6557/6783 3301/7025/7274 3334/6558/6784
f 3102/6404/6646 3144/6406/6648 3145/6408/6650
f 3421/6560/6785 3454/7105/6806 3478/6561/6786
f 3309/6524/6788 3307/6339/6788 3340/6341/6788
f 3410/6563/6789 3377/6669/6789 3378/6564/6790
f 3375/6566/6791 3373/7106/6791 3406/6567/6791
f 3443/6569/6792 3476/6845/6792 3472/6570/6792
f 3227/6529/6793 3239/6469/7364 3272/6468/6794
f 3225/6573/6796 3258/7107/7067 3284/6574/6797
f 3455/6576/6799 3454/7105/6799 3421/6560/6799
f 3315/6578/6800 3316/7038/7282 3349/6579/6801
f 3250/6581/6802 3247/6856/7084 3280/6582/6803
f 3420/6554/6804 3446/6812/7043 3479/6583/6805
f 3157/6585/6807 3190/6969/6807 3189/6586/6807
f 3460/6617/6846 3459/7077/7333 3477/6618/6847
f 3233/6633/6858 3226/6754/6858 3225/6634/6858
f 3422/6577/6867 3450/6675/7365 3483/6643/6868
f 3186/6604/6828 3164/6606/6831 3165/6514/6874
f 3196/6541/6772 3197/6535/6767 3164/6537/6769
f 3352/6648/6875 3324/6802/7131 3331/6649/6876
f 3167/6650/6878 3160/7108/7366 3168/6651/6879
f 3282/6652/6880 3283/6785/7010 3263/6336/6881
f 3230/6444/6886 3231/6759/6886 3224/6657/6886
f 3258/6659/6887 3259/6775/6887 3266/6660/6887
f 3198/6662/6768 3199/6549/6778 3166/6551/6778
f 3120/6663/6888 3118/7017/7367 3137/6664/6889
f 3447/6667/6893 3427/6516/7327 3428/6344/6894
f 3406/6567/6896 3373/7106/6896 3377/6669/6896
f 3315/6578/6897 3348/6580/6897 3347/6670/6898
f 3356/6672/6900 3384/7098/7368 3417/6443/6901
f 3451/6674/6903 3484/7109/6903 3483/6643/6903
f 3358/6676/6904 3368/7102/7369 3401/6487/6905
f 3435/6678/6907 3468/7110/6907 3467/6449/6907
f 3173/6680/6908 3206/6710/6908 3205/6681/6908
f 3328/6683/6909 3295/6821/6909 3294/6684/6910
f 3333/6686/6911 3300/6700/6911 3299/6687/6912
f 3330/6540/6771 3297/6539/6771 3296/6689/6913
f 3265/6691/6914 3232/7111/6914 3231/6692/6915
f 3397/6694/6775 3398/6945/6916 3365/6695/6916
f 3399/6696/6917 3393/6943/7183 3360/6697/6918
f 3327/6699/6910 3294/7112/6910 3300/6700/6911
f 3359/6701/6920 3371/6534/7370 3404/6533/6921
f 3466/6703/6923 3468/7110/6924 3435/6678/6924
f 3359/6701/6926 3392/6702/6906 3400/6705/6927
f 3240/6467/6929 3238/6843/6930 3271/6707/6930
f 3173/6680/6931 3171/6928/6931 3204/6709/6931
f 3353/6711/6932 3386/6788/6922 3403/6712/6933
f 3344/6340/6935 3311/7094/6935 3312/6714/6935
f 3312/6714/6936 3310/7037/6936 3343/6716/6936
f 3208/6717/6937 3175/7113/6937 3176/6718/6937
f 3425/6720/6938 3437/6447/7371 3470/6446/6939
f 3354/6722/6941 3387/6836/7372 3409/6723/6942
f 3356/6672/6944 3389/6673/6944 3388/6725/6945
f 3447/6727/6946 3448/6730/6949 3481/6728/6947
f 3478/6561/6786 3481/6728/6947 3448/6730/6949
f 3355/6731/6950 3388/7114/7059 3412/6732/6951
f 3224/6734/6953 3257/6841/6953 3256/6735/6954
f 3482/6737/6955 3484/7109/6956 3451/6674/6956
f 3357/6739/6958 3390/6852/6902 3416/6438/6683
f 3303/6780/7005 3299/6382/7102 3300/6781/7006
f 3353/6711/7012 3374/7115/7373 3407/6787/7013
f 3219/6523/6757 3191/6632/6857 3198/6791/7018
f 3107/6792/7019 3116/6334/7374 3135/6793/7020
f 3394/6508/7022 3393/6994/7244 3411/6795/7023
f 3203/6629/6855 3201/6624/6851 3200/6644/6870
f 3237/6752/6973 3233/6633/6976 3234/6645/6970
f 3348/6797/7025 3349/6900/7135 3329/6361/7026
f 3324/6802/7031 3325/6894/7031 3332/6803/7031
f 3361/6804/7032 3378/6975/7219 3375/6805/7033
f 3253/6757/6979 3231/6759/6982 3232/6807/7035
f 3480/6809/7038 3481/7085/7341 3461/6810/7039
f 3176/6718/7041 3174/7116/7041 3207/6811/7041
f 3447/6727/7042 3480/6729/7042 3479/6583/6805
f 3419/6328/7044 3440/6903/7375 3473/6813/7045
f 3285/6815/7047 3252/7117/7047 3253/6816/7047
f 3425/6720/7048 3458/6721/7376 3466/6703/6923
f 3202/6818/7049 3169/7118/7049 3170/6819/7049
f 3328/6683/6909 3329/6690/6913 3296/6689/6913
f 3395/6822/7050 3362/7119/7050 3361/6823/7051
f 3395/6825/7050 3396/6544/6774 3363/6546/6774
f 3261/6827/7052 3228/6944/7052 3234/6828/7053
f 3331/6538/6770 3332/6688/6912 3299/6687/6912
f 3262/6831/7055 3263/7035/7056 3230/6832/7056
f 3267/6829/7054 3234/6828/7053 3233/6834/7057
f 3354/6722/7058 3380/6453/6696 3413/6452/6695
f 3183/6837/7060 3180/6932/7171 3213/6838/7061
f 3226/6839/7062 3236/7120/7377 3269/6840/7063
f 3224/6734/7065 3252/7117/7378 3285/6815/7066
f 3372/6532/7068 3370/6713/7068 3403/6712/7068
f 3221/6526/7069 3254/6527/6795 3271/6707/7070
f 3444/6844/7072 3477/7121/7072 3476/6845/7072
f 3241/6846/7073 3245/7103/7073 3278/6528/7073
f 3222/6848/7074 3248/6964/7206 3281/6849/7075
f 3475/6555/7077 3477/7121/7077 3444/6844/7077
f 3423/6851/7078 3456/7122/6869 3482/6737/6955
f 3390/6852/7079 3357/6739/7079 3358/6676/7079
f 3381/6451/7080 3382/6855/7082 3415/6853/7081
f 3382/6855/7082 3379/6733/6952 3412/6732/6951
f 3223/6736/7083 3256/6735/7379 3280/6582/6803
f 3253/6816/7085 3251/6575/6798 3284/6574/6797
f 3262/6653/7123 3261/6765/6994 3279/6769/6993
f 3319/6874/7105 3297/6876/7108 3298/6384/7132
f 3441/6902/7138 3474/6956/7138 3473/6813/7138
f 3222/6848/7139 3255/6850/6761 3277/6491/7140
f 3289/6905/7142 3290/7023/7142 3323/6906/7142
f 3456/6910/7146 3457/7089/7146 3464/6911/7146
f 3455/6913/7147 3462/6465/7147 3461/6810/7147
f 3106/6915/7148 3107/6792/7019 3126/6794/7021
f 3191/6917/7150 3158/6933/7150 3159/6918/7150
f 3334/6920/7151 3326/6799/7152 3333/6884/7152
f 3215/6641/6866 3216/6639/6862 3196/6640/6863
f 3191/6632/7156 3192/6628/7156 3199/6627/7156
f 3196/6640/7157 3189/6638/7157 3190/6521/7157
f 3345/6887/7122 3321/6886/7121 3328/6798/7158
f 3367/6924/7159 3365/6395/7227 3366/6908/7160
f 3154/6927/7164 3187/6957/7193 3204/6709/7165
f 3155/6929/7167 3188/6963/7198 3210/6930/7168
f 3156/6587/7170 3189/6586/7204 3213/6838/7061
f 3158/6933/7172 3191/6917/7212 3217/6934/7173
f 3120/6663/7175 3139/6665/7380 3138/6316/7176
f 3160/6937/7178 3193/7123/7381 3201/6938/7179
f 3429/6940/7181 3428/7034/7182 3461/6941/7182
f 3393/6943/7183 3394/6824/7051 3361/6823/7051
f 3262/6831/7055 3229/6833/7055 3228/6944/7052
f 3295/6861/7090 3312/6863/7092 3309/6866/7095
f 3398/6945/6916 3399/6696/6917 3366/6698/6919
f 3464/6946/7184 3431/7124/7184 3430/6947/7185
f 3237/6949/7186 3235/6531/6765 3268/6530/6764
f 3159/6918/7187 3169/7118/7382 3202/6818/7188
f 3269/6840/7190 3236/7120/7190 3237/6949/7190
f 3160/6951/7191 3172/6682/7383 3205/6681/7192
f 3306/6953/7194 3339/7020/7194 3338/6954/7194
f 3441/6902/7195 3439/6571/7195 3472/6570/7195
f 3154/6927/7196 3175/7113/7384 3208/6717/7197
f 3243/6479/7199 3241/6846/7199 3274/6847/7199
f 3179/6958/7200 3177/6931/7200 3210/6930/7200
f 3207/6811/7201 3174/7116/7201 3178/6960/7201
f 3155/6929/7202 3181/7053/7302 3214/6962/7203
f 3249/6440/7205 3282/6442/7205 3281/6849/7075
f 3369/6488/7207 3367/6706/6928 3400/6705/6927
f 3319/6965/7208 3317/7048/7294 3350/6966/7209
f 3157/6585/7210 3185/7125/7385 3218/6968/7211
f 3351/6970/7213 3318/7126/7213 3319/6965/7213
f 3270/6776/7002 3268/6774/6997 3267/6766/6999
f 3291/7008/7255 3292/7054/7255 3325/7009/7255
f 3449/7012/7259 3429/6345/7323 3430/7013/7260
f 3432/7015/7262 3431/7124/7184 3464/6946/7184
f 3163/6367/6832 3183/6607/6834 3182/6609/6838
f 3106/6915/7148 3125/6916/7149 3137/6664/7263
f 3162/6592/6812 3179/6594/6814 3176/6597/6817
f 3153/6428/6673 3148/6430/6675 3149/6431/6676
f 3306/6953/7266 3304/7069/7266 3337/7019/7266
f 3218/6968/7267 3185/7125/7267 3186/7021/7267
f 3290/7023/7269 3318/7126/7386 3351/6970/7270
f 3211/6961/7272 3178/6960/7272 3179/6958/7272
f 3293/7024/7273 3326/7047/7305 3334/6558/6784
f 3378/6564/7275 3376/6724/7275 3409/6723/7275
f 3104/7026/7276 3127/7127/7276 3128/6423/7276
f 3265/7027/6914 3266/6835/7057 3233/6834/7057
f 3430/7029/7185 3429/6940/7181 3462/6942/7181
f 3427/7031/7277 3426/7128/7278 3459/7032/7278
f 3459/7032/7278 3426/7128/7278 3432/7015/7262
f 3428/7034/7182 3427/7031/7277 3460/7033/7277
f 3264/6693/6915 3231/6692/6915 3230/6832/7056
f 3288/7036/7279 3321/7050/6624 3343/6716/7280
f 3316/7038/7282 3313/7040/7285 3346/7039/7283
f 3289/6905/7284 3322/6907/7299 3346/7039/7283
f 3149/7041/7286 3148/6379/7286 3109/7042/7286
f 3335/7044/7287 3302/7129/7287 3303/6557/7287
f 3296/6472/7109 3316/6877/7111 3315/6879/7115
f 3123/6346/7288 3121/7049/7288 3140/7045/7288
f 3293/7024/7289 3305/6955/7387 3338/6954/7290
f 3407/6787/7292 3374/7115/7292 3375/6566/7292
f 3291/7008/7293 3324/7010/7271 3350/6966/7209
f 3105/6315/6581 3124/6317/6583 3140/7045/7295
f 3186/7021/7297 3184/6935/7174 3217/6934/7173
f 3288/7036/7298 3314/6671/6899 3347/6670/6898
f 3423/7051/7300 3424/6448/7300 3457/6450/7300
f 3182/6355/7301 3215/6357/7301 3214/6962/7203
f 3292/7054/7303 3302/7129/7388 3335/7044/7304
f 3287/7068/7319 3320/7130/7291 3337/7019/7320
f 3170/6819/7343 3168/6939/7180 3201/6938/7179
f 3362/6986/7232 3382/6988/7234 3381/6990/7238
f 3113/6349/7350 3132/6351/7350 3131/6353/7350
f 3111/6462/7351 3130/6461/7351 3133/6350/7351
f 3532/7131/7389 3542/7132/7389 3533/7133/7389
f 3536/7134/7390 3542/7135/7391 3544/7136/7392
f 3486/7137/7393 3503/7138/7393 3504/7139/7393
f 3539/7140/7394 3527/7141/7395 3525/7142/7396
f 3531/7143/7397 3543/7144/7398 3532/7131/7399
f 3533/7133/7400 3541/7145/7401 3534/7146/7400
f 3504/7139/7402 3501/7147/7402 3502/7148/7402
f 3494/7149/7403 3495/7150/7403 3493/7151/7403
f 3498/7152/7404 3495/7150/7404 3496/7153/7404
f 3490/7154/7405 3491/7155/7406 3489/7156/7406
f 3492/7157/7407 3493/7158/7407 3491/7155/7407
f 3500/7159/7408 3497/7160/7408 3498/7152/7408
f 3511/7161/7409 3500/7159/7409 3498/7152/7409
f 3502/7148/7410 3499/7162/7411 3500/7159/7412
f 3486/7137/7413 3487/7163/7413 3485/7164/7413
f 3522/7165/7414 3533/7133/7414 3523/7166/7414
f 3512/7167/7415 3502/7148/7410 3500/7159/7412
f 3520/7168/7416 3531/7143/7416 3521/7169/7416
f 3492/7157/7417 3509/7170/7417 3494/7171/7417
f 3486/7137/7418 3505/7172/7418 3488/7173/7418
f 3510/7174/7419 3498/7152/7419 3496/7153/7419
f 3524/7175/7420 3506/7176/7421 3514/7177/7422
f 3506/7176/7423 3515/7178/7424 3505/7172/7425
f 3504/7139/7426 3506/7176/7426 3486/7137/7426
f 3505/7172/7427 3517/7179/7428 3507/7180/7429
f 3523/7166/7430 3514/7177/7431 3513/7181/7432
f 3490/7154/7405 3508/7182/7433 3492/7157/7434
f 3530/7183/7435 3544/7184/7435 3531/7143/7435
f 3537/7185/7436 3529/7186/7437 3528/7187/7437
f 3529/7188/7438 3520/7168/7438 3519/7189/7438
f 3538/7190/7439 3528/7187/7439 3527/7141/7439
f 3487/7191/7440 3499/7192/7440 3503/7193/7440
f 3507/7180/7441 3518/7194/7442 3508/7182/7443
f 3526/7195/7444 3515/7178/7445 3516/7196/7446
f 3509/7197/7447 3496/7153/7447 3494/7149/7447
f 3536/7198/7448 3530/7183/7449 3529/7188/7449
f 3540/7199/7450 3525/7142/7451 3526/7195/7452
f 3509/7197/7453 3520/7168/7454 3510/7174/7455
f 3488/7173/7456 3507/7180/7456 3490/7154/7456
f 3521/7169/7457 3532/7131/7457 3522/7165/7457
f 3523/7166/7458 3534/7146/7458 3524/7175/7458
f 3524/7175/7459 3526/7195/7459 3516/7196/7459
f 3520/7168/7460 3511/7161/7461 3510/7174/7462
f 3513/7181/7463 3504/7139/7463 3502/7148/7463
f 3534/7146/7464 3540/7199/7465 3526/7195/7464
f 3490/7154/7466 3487/7163/7466 3488/7173/7466
f 3527/7141/7467 3518/7194/7442 3517/7179/7468
f 3522/7165/7469 3513/7181/7470 3512/7167/7471
f 3525/7142/7396 3517/7179/7472 3515/7178/7473
f 3521/7169/7474 3512/7167/7475 3511/7161/7476
f 3528/7187/7477 3519/7200/7477 3518/7194/7477
f 3508/7182/7478 3519/7200/7479 3509/7170/7478
f 3503/7193/7440 3485/7201/7440 3487/7191/7440
f 3487/7191/7440 3489/7202/7440 3491/7203/7440
f 3491/7203/7440 3493/7204/7440 3495/7205/7440
f 3495/7205/7440 3497/7206/7440 3499/7192/7440
f 3499/7192/7440 3501/7207/7440 3503/7193/7440
f 3491/7203/7440 3495/7205/7440 3499/7192/7440
f 3544/7136/7392 3535/7208/7480 3536/7134/7390
f 3536/7134/7390 3537/7209/7481 3538/7210/7482
f 3538/7210/7482 3539/7211/7483 3540/7212/7484
f 3540/7212/7484 3541/7213/7485 3542/7135/7391
f 3542/7135/7391 3543/7214/7486 3544/7136/7392
f 3538/7210/7482 3540/7212/7484 3542/7135/7391
f 3532/7131/7389 3543/7144/7487 3542/7132/7389
f 3536/7134/7390 3538/7210/7482 3542/7135/7391
f 3486/7137/7393 3485/7164/7393 3503/7138/7393
f 3539/7140/7394 3538/7190/7488 3527/7141/7395
f 3531/7143/7397 3544/7184/7398 3543/7144/7398
f 3533/7133/7400 3542/7132/7401 3541/7145/7401
f 3504/7139/7402 3503/7138/7402 3501/7147/7402
f 3494/7149/7403 3496/7153/7403 3495/7150/7403
f 3498/7152/7404 3497/7160/7404 3495/7150/7404
f 3490/7154/7405 3492/7157/7434 3491/7155/7406
f 3492/7157/7407 3494/7171/7407 3493/7158/7407
f 3500/7159/7408 3499/7162/7408 3497/7160/7408
f 3511/7161/7489 3512/7167/7489 3500/7159/7489
f 3502/7148/7410 3501/7147/7411 3499/7162/7411
f 3486/7137/7413 3488/7173/7413 3487/7163/7413
f 3522/7165/7490 3532/7131/7490 3533/7133/7490
f 3512/7167/7491 3513/7181/7491 3502/7148/7491
f 3520/7168/7492 3530/7183/7492 3531/7143/7492
f 3492/7157/7493 3508/7182/7493 3509/7170/7493
f 3486/7137/7494 3506/7176/7494 3505/7172/7494
f 3510/7174/7495 3511/7161/7495 3498/7152/7495
f 3524/7175/7420 3516/7196/7496 3506/7176/7421
f 3506/7176/7423 3516/7196/7497 3515/7178/7424
f 3504/7139/7498 3514/7177/7498 3506/7176/7498
f 3505/7172/7427 3515/7178/7499 3517/7179/7428
f 3523/7166/7430 3524/7175/7500 3514/7177/7431
f 3490/7154/7501 3507/7180/7501 3508/7182/7501
f 3530/7183/7435 3535/7215/7502 3544/7184/7435
f 3537/7185/7436 3536/7216/7436 3529/7186/7437
f 3529/7188/7503 3530/7183/7503 3520/7168/7503
f 3538/7190/7439 3537/7185/7439 3528/7187/7439
f 3487/7191/7440 3491/7203/7440 3499/7192/7440
f 3507/7180/7441 3517/7179/7468 3518/7194/7442
f 3526/7195/7444 3525/7142/7504 3515/7178/7445
f 3509/7197/7505 3510/7174/7505 3496/7153/7505
f 3536/7198/7448 3535/7215/7506 3530/7183/7449
f 3540/7199/7450 3539/7140/7507 3525/7142/7451
f 3509/7197/7453 3519/7189/7508 3520/7168/7454
f 3488/7173/7509 3505/7172/7509 3507/7180/7509
f 3521/7169/7510 3531/7143/7397 3532/7131/7399
f 3523/7166/7511 3533/7133/7511 3534/7146/7511
f 3524/7175/7512 3534/7146/7512 3526/7195/7512
f 3520/7168/7460 3521/7169/7513 3511/7161/7461
f 3513/7181/7514 3514/7177/7514 3504/7139/7514
f 3534/7146/7464 3541/7145/7515 3540/7199/7465
f 3490/7154/7516 3489/7156/7516 3487/7163/7516
f 3527/7141/7517 3528/7187/7517 3518/7194/7517
f 3522/7165/7469 3523/7166/7518 3513/7181/7470
f 3525/7142/7396 3527/7141/7395 3517/7179/7472
f 3521/7169/7474 3522/7165/7519 3512/7167/7475
f 3528/7187/7520 3529/7186/7520 3519/7200/7520
f 3508/7182/7478 3518/7194/7479 3519/7200/7479
